21/04/2022,45.40,45.40,-5.00 (-9.92 %)," ","32,000","1,452,840,000",0,0,50.40,45.4,45.50,45.40
20/04/2022,50.40,50.40,0.80 (1.61 %)," ","227,000","11,310,450,000",0,0,49.60,49.60,51.20,49.00
19/04/2022,49.60,49.60,-5.50 (-9.98 %)," ","206,348","10,556,036,600",0,0,55.10,55.1,57.00,49.60
18/04/2022,55.10,55.10,-6.10 (-9.97 %)," ","245,119","13,767,997,100",0,0,61.20,61.00,61.00,55.10
14/04/2022,63.30,63.30,-2.80 (-4.24 %)," ","25,505","1,632,480,500",0,0,66.10,66.1,66.10,63.00
13/04/2022,66.10,66.10,6.00 (9.98 %)," ","75,000","4,651,640,000",0,0,60.10,60.50,66.10,59.40
12/04/2022,60.10,60.10,-3.90 (-6.09 %)," ","78,200","4,863,190,000",0,0,64.00,64.0,64.20,60.10
08/04/2022,64.00,64.00,-1.10 (-1.69 %)," ","71,000","4,621,960,000",0,0,65.10,65.60,66.50,64.00
07/04/2022,65.10,65.10,-1.90 (-2.84 %)," ","95,300","6,299,120,000",0,0,67.00,67.0,67.10,65.10
06/04/2022,67.00,67.00,-3.00 (-4.29 %)," ","175,321","11,861,209,500",0,0,70.00,69.50,69.50,67.00
05/04/2022,70.00,70.00,-1.00 (-1.41 %)," ","71,100","4,965,150,000",0,0,71.00,70.8,70.90,69.50
04/04/2022,71.00,71.00,-0.90 (-1.25 %)," ","105,500","7,468,510,000",0,0,71.90,72.20,73.00,70.40
01/04/2022,71.90,71.90,-0.50 (-0.69 %)," ","134,920","9,558,380,000",0,0,72.40,72.4,72.60,70.00
31/03/2022,72.40,72.40,1.80 (2.55 %)," ","360,090","25,653,425,000",0,0,70.60,70.50,72.60,69.50
30/03/2022,70.60,70.60,1.00 (1.44 %)," ","214,704","14,779,398,000",0,0,69.60,69.6,70.60,67.50
29/03/2022,69.60,69.60,-0.40 (-0.57 %)," ","192,520","13,479,270,000",0,0,70.00,70.00,71.00,69.60
28/03/2022,70.00,70.00,-1.10 (-1.55 %)," ","183,307","12,658,507,600",0,0,71.10,71.0,71.00,67.00
25/03/2022,71.10,71.10,1.10 (1.57 %)," ","136,837","9,644,103,100",0,0,70.00,70.30,71.70,70.00
24/03/2022,70.00,70.00,-1.00 (-1.41 %)," ","99,941","6,990,375,000",0,0,71.00,70.8,71.00,69.10
22/03/2022,69.80,69.80,-1.30 (-1.83 %)," ","127,700","9,052,740,000",0,0,71.10,72.0,72.70,69.70
21/03/2022,71.10,71.10,1.60 (2.30 %)," ","163,001","11,408,190,000",0,0,69.50,69.50,73.00,69.10
18/03/2022,69.50,69.50,0.50 (0.72 %)," ","86,900","6,012,020,000",0,0,69.00,68.3,69.70,68.30
17/03/2022,69.00,69.00,0.00 (0.00 %)," ","152,004","10,485,146,000",0,0,69.00,69.50,69.90,68.50
16/03/2022,69.00,69.00,1.30 (1.92 %)," ","92,719","6,395,181,000",0,0,67.70,67.8,69.90,67.80
15/03/2022,67.70,67.70,1.80 (2.73 %)," ","116,701","7,853,027,700",0,0,65.90,66.00,68.60,65.90
14/03/2022,65.90,65.90,-0.10 (-0.15 %)," ","144,304","9,498,464,400",0,0,66.00,66.0,66.90,65.10
11/03/2022,66.00,66.00,-2.90 (-4.21 %)," ","173,450","11,729,344,800",0,0,68.90,69.00,69.00,66.00
10/03/2022,68.90,68.90,0.20 (0.29 %)," ","101,900","7,052,470,000",0,0,68.70,68.7,71.00,68.70
09/03/2022,68.70,68.70,-1.70 (-2.41 %)," ","142,400","9,849,650,000",0,0,70.40,70.00,71.00,67.90
08/03/2022,70.40,70.40,-1.70 (-2.36 %)," ","160,300","11,411,620,000",0,0,72.10,72.6,72.60,70.10
07/03/2022,72.10,72.10,-1.50 (-2.04 %)," ","241,000","17,669,560,000",0,0,73.60,73.60,75.30,72.00
04/03/2022,73.60,73.60,0.60 (0.82 %)," ","240,551","17,701,013,100",0,0,73.00,73.5,74.80,72.80
03/03/2022,73.00,73.00,-0.60 (-0.82 %)," ","230,513","16,732,765,100",0,0,73.60,73.60,73.60,71.90
02/03/2022,73.60,73.60,-0.30 (-0.41 %)," ","164,601","12,091,045,000",0,0,73.90,73.9,74.60,72.80
01/03/2022,73.90,73.90,2.10 (2.92 %)," ","118,700","8,670,484,400",0,0,71.80,71.80,74.70,71.20
28/02/2022,71.80,71.80,0.00 (0.00 %)," ","202,658","14,350,649,600",0,0,71.80,71.0,73.00,68.20
25/02/2022,71.80,71.80,-4.20 (-5.53 %)," ","728,352","53,750,900,900",0,0,76.00,75.90,76.90,71.00
24/02/2022,76.00,76.00,-3.00 (-3.80 %)," ","235,103","18,007,950,400",0,0,79.00,79.0,79.00,71.50
22/02/2022,78.50,78.50,0.00 (0.00 %)," ","253,085","19,362,902,200",0,0,78.50,78.0,78.50,74.90
21/02/2022,78.50,78.50,0.60 (0.77 %)," ","262,444","20,765,578,800",0,0,77.90,77.50,80.00,77.50
18/02/2022,77.90,77.90,0.70 (0.91 %)," ","109,545","8,475,024,000",0,0,77.20,77.0,78.00,74.90
17/02/2022,77.20,77.20,-0.80 (-1.03 %)," ","189,338","14,763,374,000",0,0,78.00,78.50,79.70,76.50
16/02/2022,78.00,78.00,5.50 (7.59 %)," ","811,756","60,999,463,600",0,0,72.50,73.0,79.70,73.00
15/02/2022,72.50,72.50,2.50 (3.57 %)," ","106,165","7,517,275,000",0,0,70.00,69.70,72.50,68.00
14/02/2022,70.00,70.00,0.20 (0.29 %)," ","142,184","10,035,217,700",0,0,69.80,69.8,72.00,68.20
11/02/2022,69.80,69.80,3.30 (4.96 %)," ","203,129","13,957,965,400",0,0,66.50,67.00,70.00,67.00
10/02/2022,66.50,66.50,2.50 (3.91 %)," ","109,300","7,314,350,000",0,0,64.00,63.9,69.00,63.50
09/02/2022,64.00,64.00,0.30 (0.47 %)," ","45,133","2,869,619,000",0,0,63.70,63.60,64.00,62.90
08/02/2022,63.70,63.70,-1.60 (-2.45 %)," ","56,800","3,629,680,000",0,0,65.30,64.0,64.50,63.50
07/02/2022,65.30,65.30,2.00 (3.16 %)," ","35,500","2,304,010,000",0,0,63.30,67.80,67.80,63.50
28/01/2022,63.30,63.30,2.90 (4.80 %)," ","65,200","4,036,230,000",0,0,60.40,60.3,64.50,60.30
27/01/2022,60.40,60.40,-1.50 (-2.42 %)," ","91,505","5,490,839,500",0,0,61.90,63.00,63.00,58.80
26/01/2022,61.90,61.90,-0.90 (-1.43 %)," ","106,400","6,641,790,000",0,0,62.80,62.5,63.00,61.00
25/01/2022,62.80,62.80,1.60 (2.61 %)," ","67,338","4,152,735,600",0,0,61.20,57.10,63.60,55.50
24/01/2022,61.20,61.20,-6.80 (-10.00 %)," ","111,523","7,139,904,000",0,0,68.00,68.5,68.50,61.20
21/01/2022,68.00,68.00,2.40 (3.66 %)," ","253,518","17,518,487,500",0,0,65.60,65.70,70.80,65.70
20/01/2022,65.60,65.60,5.90 (9.88 %)," ","194,536","12,241,205,800",0,0,59.70,59.7,65.60,57.20
18/01/2022,61.00,61.00,-1.00 (-1.61 %)," ","153,307","9,343,089,300",0,0,62.00,62.0,62.50,59.10
17/01/2022,62.00,62.00,-2.90 (-4.47 %)," ","89,750","5,783,270,000",0,0,64.90,64.80,68.00,61.50
14/01/2022,64.90,64.90,4.80 (7.99 %)," ","116,600","7,231,080,000",0,0,60.10,58.0,66.10,56.50
13/01/2022,60.10,60.10,-3.50 (-5.50 %)," ","103,897","6,450,311,100",0,0,63.60,65.00,65.00,60.10
12/01/2022,63.60,63.60,-3.70 (-5.50 %)," ","178,600","11,510,160,000",0,0,67.30,67.2,67.30,61.00
11/01/2022,67.30,67.30,-1.50 (-2.18 %)," ","101,254","6,914,715,000",0,0,68.80,70.00,70.00,66.90
10/01/2022,68.80,68.80,0.70 (1.03 %)," ","125,131","8,711,583,000",0,0,68.10,68.1,71.50,68.00
07/01/2022,68.10,68.10,1.10 (1.64 %)," ","113,009","7,762,791,000",0,0,67.00,67.00,71.00,67.00
06/01/2022,67.00,67.00,-4.00 (-5.63 %)," ","227,719","15,345,110,000",0,0,71.00,71.0,71.00,65.00
05/01/2022,71.00,71.00,-5.00 (-6.58 %)," ","229,810","16,748,000,900",0,0,76.00,75.70,75.90,70.00
04/01/2022,76.00,76.00,0.00 (0.00 %)," ","136,520","10,391,872,000",0,0,76.00,77.6,77.60,75.60
31/12/2021,76.00,76.00,-0.80 (-1.04 %)," ","203,942","15,550,526,600",0,0,76.80,76.80,77.00,74.30
30/12/2021,76.80,76.80,-1.20 (-1.54 %)," ","115,858","9,017,853,800",0,0,78.00,78.0,79.20,76.50
29/12/2021,78.00,78.00,1.70 (2.23 %)," ","271,421","20,826,991,000",0,0,76.30,76.30,78.50,75.00
28/12/2021,76.30,76.30,2.60 (3.53 %)," ","374,862","29,092,156,300",0,0,73.70,77.3,80.90,75.00
27/12/2021,73.70,73.70,6.70 (10.00 %)," ","287,526","21,184,770,400",0,0,67.00,70.50,73.70,70.50
24/12/2021,67.00,67.00,4.90 (7.89 %)," ","524,837","31,858,993,200",0,0,62.10,62.0,67.00,55.90
23/12/2021,62.10,62.10,-6.80 (-9.87 %)," ","475,590","29,833,783,000",0,0,68.90,68.90,69.00,62.10
22/12/2021,68.90,68.90,-7.60 (-9.93 %)," ","580,841","41,164,312,200",0,0,76.50,76.5,77.00,68.90
20/12/2021,78.00,78.00,-0.90 (-1.14 %)," ","162,400","12,394,890,000",0,0,78.90,78.9,78.90,72.00
17/12/2021,78.90,78.90,-2.10 (-2.59 %)," ","287,040","23,107,000,000",0,0,81.00,79.90,82.20,78.70
16/12/2021,81.00,81.00,2.80 (3.58 %)," ","300,083","24,246,708,600",0,0,78.20,79.0,81.40,79.00
15/12/2021,78.20,78.20,1.10 (1.43 %)," ","203,605","15,917,130,000",0,0,77.10,77.00,80.00,77.00
14/12/2021,77.10,77.10,-4.70 (-5.75 %)," ","111,016","8,715,758,000",0,0,81.80,81.0,81.00,77.10
13/12/2021,81.80,81.80,-1.20 (-1.45 %)," ","241,000","19,441,290,000",0,0,83.00,82.50,83.00,79.40
10/12/2021,83.00,83.00,0.00 (0.00 %)," ","136,550","11,376,420,000",0,0,83.00,83.0,84.80,82.30
09/12/2021,83.00,83.00,5.60 (7.24 %)," ","199,100","16,174,390,000",0,0,77.40,77.40,84.50,76.00
08/12/2021,77.40,77.40,2.00 (2.65 %)," ","185,800","14,273,630,000",0,0,75.40,76.0,77.60,75.50
07/12/2021,75.40,75.40,1.60 (2.17 %)," ","257,300","19,127,470,000",0,0,73.80,73.80,78.00,70.30
06/12/2021,73.80,73.80,-8.20 (-10.00 %)," ","393,800","29,598,280,000",0,0,82.00,82.0,83.10,73.80
03/12/2021,82.00,82.00,-1.50 (-1.80 %)," ","152,800","12,759,400,000",0,0,83.50,83.50,85.50,82.00
02/12/2021,83.50,83.50,-8.00 (-8.74 %)," ","172,908","15,053,566,000",0,0,91.50,90.5,91.50,83.50
01/12/2021,91.50,91.50,4.50 (5.17 %)," ","170,503","15,048,903,100",0,0,87.00,87.00,91.50,83.80
30/11/2021,87.00,87.00,-0.50 (-0.57 %)," ","149,800","13,346,670,000",0,0,87.50,88.0,92.60,87.00
29/11/2021,87.50,87.50,7.50 (9.38 %)," ","515,758","42,650,544,000",0,0,80.00,83.00,88.00,76.50
26/11/2021,80.00,80.00,-7.10 (-8.15 %)," ","269,527","22,550,447,600",0,0,87.10,87.1,88.90,80.00
25/11/2021,87.10,87.10,-3.10 (-3.44 %)," ","244,850","21,399,500,000",0,0,90.20,90.00,91.00,86.00
24/11/2021,90.20,90.20,-2.80 (-3.01 %)," ","148,012","13,572,923,400",0,0,93.00,97.0,97.00,89.50
22/11/2021,92.00,92.00,-6.00 (-6.12 %)," ","480,600","45,708,735,000",0,0,98.00,98.0,101.00,90.00
19/11/2021,98.00,98.00,-0.30 (-0.31 %)," ","481,168","48,723,947,000","77,800","7,702,200,000",98.30,100.00,104.10,96.00
18/11/2021,98.30,98.30,-0.70 (-0.71 %)," ","340,226","33,546,230,000","100,000","10,000,000,000",99.00,99.0,100.00,97.50
17/11/2021,99.00,99.00,0.90 (0.92 %)," ","300,524","29,925,668,000","100,000","10,000,000,000",98.10,99.60,103.00,98.50
16/11/2021,98.10,98.10,-3.90 (-3.82 %)," ","255,960","25,533,529,000","100,000","10,000,000,000",102.00,102.0,102.00,98.10
15/11/2021,102.00,102.00,6.50 (6.81 %)," ","583,319","59,180,650,800","100,000","10,000,000,000",95.50,95.50,104.90,95.50
12/11/2021,95.50,95.50,-2.50 (-2.55 %)," ","292,110","28,114,722,800","100,000","10,000,000,000",98.00,98.0,98.00,95.00
11/11/2021,98.00,98.00,-1.80 (-1.80 %)," ","245,562","24,499,190,000","100,000","10,000,000,000",99.80,99.80,105.00,97.00
10/11/2021,99.80,99.80,-0.70 (-0.70 %)," ","454,500","44,360,461,600",0,0,100.50,100.5,100.90,94.00
09/11/2021,100.50,100.50,0.00 (0.00 %)," ","223,520","22,035,490,000","100,000","10,050,000,000",100.50,100.50,101.00,97.60
08/11/2021,100.50,100.50,0.20 (0.20 %)," ","470,700","48,149,072,400",0,0,100.30,108.0,109.00,97.00
05/11/2021,100.30,100.30,9.00 (9.86 %)," ","821,186","82,127,094,600",0,0,91.30,95.00,100.40,95.00
04/11/2021,91.30,91.30,8.30 (10.00 %)," ","497,220","43,898,460,000",0,0,83.00,83.0,91.30,82.90
03/11/2021,83.00,83.00,-7.00 (-7.78 %)," ","603,850","55,656,815,000",0,0,90.00,93.50,99.00,82.00
02/11/2021,90.00,90.00,8.10 (9.89 %)," ","406,668","35,119,525,200",0,0,81.90,81.9,90.00,78.10
01/11/2021,81.90,81.90,7.40 (9.93 %)," ","442,950","35,407,165,000",0,0,74.50,76.80,81.90,76.80
29/10/2021,74.50,74.50,4.60 (6.58 %)," ","443,690","32,690,134,000",0,0,69.90,70.2,75.00,70.20
28/10/2021,69.90,69.90,3.70 (5.59 %)," ","304,800","20,678,470,000",0,0,66.20,68.00,70.00,66.20
27/10/2021,66.20,66.20,0.20 (0.30 %)," ","184,600","12,257,030,000",0,0,66.00,66.0,68.00,65.50
25/10/2021,65.70,65.70,5.90 (9.87 %)," ","411,500","26,690,530,000",0,0,59.80,61.5,65.70,61.50
22/10/2021,59.80,59.80,3.80 (6.79 %)," ","288,720","16,801,022,000",0,0,56.00,56.00,60.00,56.00
21/10/2021,56.00,56.00,0.40 (0.72 %)," ","132,000","7,389,330,000",0,0,55.60,56.0,56.60,55.60
20/10/2021,55.60,55.60,0.60 (1.09 %)," ","201,700","11,204,190,000",0,0,55.00,55.00,56.10,55.00
19/10/2021,55.00,55.00,1.20 (2.23 %)," ","283,549","15,474,877,700",0,0,53.80,53.9,55.50,53.00
18/10/2021,53.80,53.80,4.40 (8.91 %)," ","473,300","24,759,370,000",0,0,49.40,49.70,54.30,49.50
15/10/2021,49.40,49.40,0.20 (0.41 %)," ","253,502","12,527,360,000","1,000,000","47,000,000,000",49.20,49.2,50.60,49.20
14/10/2021,49.20,49.20,1.20 (2.50 %)," ","241,149","11,817,452,200",0,0,48.00,48.00,49.50,47.80
13/10/2021,48.00,48.00,-1.80 (-3.61 %)," ","449,530","21,675,565,500","470,000","21,620,000,000",49.80,49.1,49.10,47.60
12/10/2021,49.80,49.80,0.30 (0.61 %)," ","260,100","12,923,150,000",0,0,49.50,51.20,51.20,48.80
11/10/2021,49.50,49.50,0.40 (0.81 %)," ","183,294","9,035,492,100",0,0,49.10,50.0,50.00,48.90
08/10/2021,49.10,49.10,1.10 (2.29 %)," ","267,020","13,171,810,000",0,0,48.00,48.10,50.00,48.10
07/10/2021,48.00,48.00,0.00 (0.00 %)," ","254,700","12,084,720,000",0,0,48.00,48.0,48.30,47.20
06/10/2021,48.00,48.00,0.00 (0.00 %)," ","190,849","9,063,802,200",0,0,48.00,48.00,48.10,47.10
05/10/2021,48.00,48.00,1.00 (2.13 %)," ","266,501","12,836,297,700",0,0,47.00,47.0,49.00,46.90
04/10/2021,47.00,47.30,1.00 (2.16 %)," ","357,370","16,741,491,000",0,0,46.30,46.40,47.50,46.30
01/10/2021,46.00,46.30,1.30 (2.89 %)," ","297,430","13,625,300,000","15,000","690,000,000",45.00,44.9,47.10,44.40
30/09/2021,44.71,45.00,-1.30 (-2.81 %)," ","339,400","15,455,040,000",0,0,46.30,46.00,47.00,44.50
29/09/2021,46.00,46.30,1.20 (2.66 %)," ","283,300","13,225,640,000",0,0,45.10,47.0,47.50,45.60
27/09/2021,40.74,41.00,0.50 (1.23 %)," ","601,000","24,770,320,000","500,000","18,500,000,000",40.50,40.0,41.90,40.00
24/09/2021,40.24,40.50,0.00 (0.00 %)," ","482,765","19,230,799,900","1,226,247","45,371,303,500",40.50,40.50,40.50,39.00
23/09/2021,40.24,40.50,-1.50 (-3.57 %)," ","562,205","23,291,085,500","440,000","16,720,000,000",42.00,41.5,42.50,40.30
22/09/2021,41.73,42.00,2.00 (5.00 %)," ","623,858","25,216,188,000","400,000","15,200,000,000",40.00,40.00,42.00,39.50
21/09/2021,39.74,40.00,1.70 (4.44 %)," ","629,700","24,640,910,000","40,000","1,520,000,000",38.30,37.8,40.20,37.10
20/09/2021,38.05,38.30,-2.20 (-5.43 %)," ","1,309,215","53,052,439,500",0,0,40.50,43.00,43.80,38.20
17/09/2021,40.24,40.50,3.60 (9.76 %)," ","630,545","25,331,980,300","630,200","23,947,600,000",36.90,40.5,40.50,38.00
16/09/2021,36.66,36.90,3.30 (9.82 %)," ","600,120","21,762,093,000",0,0,33.60,34.50,36.90,33.80
15/09/2021,33.39,33.60,-0.20 (-0.59 %)," ","467,600","15,711,700,000",0,0,33.80,35.0,35.00,32.60
14/09/2021,33.58,33.80,1.60 (4.97 %)," ","1,180,830","39,453,244,000",0,0,32.20,35.00,35.40,30.80
13/09/2021,31.99,32.20,2.90 (9.90 %)," ","688,510","22,170,022,000","50,000","1,320,000,000",29.30,32.2,32.20,32.20
10/09/2021,29.11,29.30,2.60 (9.74 %)," ","99,400","2,912,420,000",0,0,26.70,29.30,29.30,29.30
09/09/2021,26.53,26.70,2.40 (9.88 %)," ","266,020","7,081,784,000","12,744,000","286,740,000,000",24.30,25.0,26.70,25.00
08/09/2021,24.14,24.30,0.40 (1.67 %)," ","1,869,850","46,671,277,000",0,0,23.90,24.00,26.00,23.90
07/09/2021,23.75,23.90,0.20 (0.84 %)," ","506,600","12,119,520,000",0,0,23.70,23.8,24.30,23.60
06/09/2021,23.55,23.70,-0.50 (-2.07 %)," ","536,820","13,044,604,000",0,0,24.20,24.20,25.00,23.70
01/09/2021,24.05,24.20,1.70 (7.56 %)," ","537,000","12,451,630,000",0,0,22.50,22.5,24.50,22.40
31/08/2021,22.36,22.50,-0.10 (-0.44 %)," ","280,200","6,329,300,000",0,0,22.60,22.70,23.00,22.30
30/08/2021,22.46,22.60,2.00 (9.71 %)," ","427,200","9,405,660,000",0,0,20.60,21.0,22.60,21.00
26/08/2021,19.97,20.10,0.00 (0.00 %)," ","71,500","1,430,720,000",0,0,20.10,20.1,20.30,19.90
25/08/2021,19.97,20.10,0.00 (0.00 %)," ","40,900","823,380,000",0,0,20.10,20.10,20.40,20.10
24/08/2021,19.97,20.10,0.10 (0.50 %)," ","111,400","2,269,280,000",0,0,20.00,20.1,21.30,20.00
23/08/2021,19.87,20.00,0.50 (2.56 %)," ","125,500","2,476,080,000",0,0,19.50,19.50,20.60,19.10
20/08/2021,19.38,19.50,-1.70 (-8.02 %)," ","133,055","2,711,566,000",0,0,21.20,21.8,22.10,19.10
19/08/2021,21.06,21.20,0.00 (0.00 %)," ","52,000","1,097,690,000",0,0,21.20,21.00,21.40,20.80
18/08/2021,21.06,21.20,0.60 (2.91 %)," ","127,100","2,723,010,000",0,0,20.60,20.6,22.00,20.60
17/08/2021,20.47,20.60,-0.30 (-1.44 %)," ","122,500","2,488,870,000",0,0,20.90,20.90,20.90,20.00
16/08/2021,20.77,20.90,1.70 (8.85 %)," ","218,100","4,289,840,000",0,0,19.20,19.2,21.00,18.70
13/08/2021,19.08,19.20,0.20 (1.05 %)," ","54,100","1,030,170,000",0,0,19.00,18.70,19.20,18.70
12/08/2021,18.88,19.00,0.10 (0.53 %)," ","86,700","1,674,950,000",0,0,18.90,19.4,20.00,18.50
11/08/2021,18.78,18.90,-0.60 (-3.08 %)," ","106,700","2,003,060,000",0,0,19.50,19.50,19.50,18.50
10/08/2021,19.38,19.50,-0.10 (-0.51 %)," ","62,400","1,197,050,000",0,0,19.60,19.5,19.50,19.00
09/08/2021,19.47,19.60,0.90 (4.81 %)," ","122,000","2,440,370,000",0,0,18.70,20.50,20.50,19.00
06/08/2021,18.58,18.70,1.70 (10.00 %)," ","137,400","2,526,340,000",0,0,17.00,17.1,18.70,17.10
05/08/2021,16.89,17.00,0.00 (0.00 %)," ","107,700","1,816,110,000",0,0,17.00,16.50,17.00,16.50
04/08/2021,16.89,17.00,-0.10 (-0.58 %)," ","87,100","1,464,840,000",0,0,17.10,17.0,17.00,16.60
03/08/2021,16.99,17.10,0.10 (0.59 %)," ","66,500","1,121,440,000",0,0,17.00,17.00,17.10,16.50
02/08/2021,16.89,17.00,-0.10 (-0.58 %)," ","20,200","338,050,000",0,0,17.10,17.1,17.10,16.60
29/07/2021,16.89,17.00,0.00 (0.00 %)," ","14,010","239,880,000",0,0,17.00,17.4,17.40,17.00
28/07/2021,16.89,17.00,-0.40 (-2.30 %)," ","23,500","397,980,000",0,0,17.40,17.30,17.40,16.80
27/07/2021,17.29,17.40,0.30 (1.75 %)," ","13,200","225,850,000",0,0,17.10,17.3,17.40,16.80
26/07/2021,16.99,17.10,0.30 (1.79 %)," ","36,300","612,720,000",0,0,16.80,16.90,17.10,16.60
23/07/2021,16.69,16.80,-0.70 (-4.00 %)," ","36,000","616,600,000",0,0,17.50,17.4,17.50,16.80
22/07/2021,17.39,17.50,0.60 (3.55 %)," ","33,610","578,895,000",0,0,16.90,17.20,17.50,16.90
21/07/2021,16.79,16.90,-0.40 (-2.31 %)," ","28,200","478,940,000",0,0,17.30,17.2,17.30,16.90
20/07/2021,17.19,17.30,0.00 (0.00 %)," ","65,700","1,086,410,000",0,0,17.30,16.90,17.30,15.60
19/07/2021,17.19,17.30,-0.70 (-3.89 %)," ","44,510","769,211,000",0,0,18.00,18.0,18.10,16.70
16/07/2021,17.88,18.00,0.00 (0.00 %)," ","5,600","100,610,000",0,0,18.00,18.00,18.00,17.80
15/07/2021,17.88,18.00,0.00 (0.00 %)," ","14,900","267,450,000",0,0,18.00,17.9,18.00,17.60
14/07/2021,17.88,18.00,0.00 (0.00 %)," ","60,700","1,088,180,000",0,0,18.00,17.20,18.10,17.20
13/07/2021,17.88,18.00,0.20 (1.12 %)," ","52,600","936,580,000",0,0,17.80,17.6,18.20,16.90
12/07/2021,17.69,17.80,-1.70 (-8.72 %)," ","102,000","1,816,750,000",0,0,19.50,19.00,19.00,17.60
09/07/2021,19.38,19.50,0.00 (0.00 %)," ","33,500","644,570,000",0,0,19.50,19.5,19.80,18.80
08/07/2021,19.38,19.50,0.00 (0.00 %)," ","16,800","324,360,000",0,0,19.50,19.50,19.50,19.00
07/07/2021,19.38,19.50,0.00 (0.00 %)," ","249,500","4,768,240,000",0,0,19.50,19.5,19.60,18.50
06/07/2021,19.38,19.50,-0.50 (-2.50 %)," ","230,600","4,482,320,000",0,0,20.00,20.00,20.00,19.20
05/07/2021,19.87,20.00,0.00 (0.00 %)," ","239,910","4,695,930,000",0,0,20.00,20.0,20.00,19.40
01/07/2021,19.87,20.00,-0.70 (-3.38 %)," ","111,800","2,238,810,000",0,0,20.70,20.2,20.50,19.80
30/06/2021,20.57,20.70,0.30 (1.47 %)," ","57,800","1,174,060,000",0,0,20.40,20.40,20.70,20.00
29/06/2021,20.27,20.40,0.10 (0.49 %)," ","93,300","1,889,690,000",0,0,20.30,20.5,20.50,20.00
28/06/2021,20.17,20.30,-1.10 (-5.14 %)," ","93,600","1,900,520,000",0,0,21.40,20.30,20.70,20.00
25/06/2021,21.26,21.40,-0.40 (-1.83 %)," ","111,300","2,280,240,000",0,0,21.80,21.2,21.50,19.70
24/06/2021,21.66,21.80,0.00 (0.00 %)," ","48,300","1,035,490,000",0,0,21.80,21.80,21.80,21.10
23/06/2021,21.66,21.80,0.00 (0.00 %)," ","17,206","370,000,800",0,0,21.80,21.8,21.80,21.30
22/06/2021,21.66,21.80,-0.10 (-0.46 %)," ","70,510","1,519,598,000",0,0,21.90,21.90,22.20,20.20
21/06/2021,21.76,21.90,-0.40 (-1.79 %)," ","32,100","704,640,000",0,0,22.30,22.2,22.20,21.70
18/06/2021,22.16,22.30,0.00 (0.00 %)," ","73,500","1,623,970,000","12,000","241,200,000",22.30,22.20,22.30,21.80
17/06/2021,22.16,22.30,0.90 (4.21 %)," ","32,500","714,740,000",0,0,21.40,21.1,22.30,21.10
16/06/2021,21.26,21.40,-0.40 (-1.83 %)," ","72,900","1,565,460,000",0,0,21.80,21.60,21.80,21.40
15/06/2021,21.66,21.80,-0.20 (-0.91 %)," ","111,000","2,403,880,000",0,0,22.00,22.0,22.00,21.50
14/06/2021,21.86,22.00,-0.30 (-1.35 %)," ","79,200","1,751,970,000",0,0,22.30,22.30,22.30,21.90
11/06/2021,22.16,22.30,0.00 (0.00 %)," ","113,000","2,479,050,000",0,0,22.30,21.9,22.30,21.70
10/06/2021,22.16,22.30,0.00 (0.00 %)," ","101,800","2,226,820,000",0,0,22.30,22.30,22.30,21.60
09/06/2021,22.16,22.30,-0.20 (-0.89 %)," ","100,700","2,227,270,000",0,0,22.50,22.2,22.60,21.80
08/06/2021,22.36,22.50,-0.40 (-1.75 %)," ","216,700","4,982,340,000",0,0,22.90,23.00,23.90,22.00
07/06/2021,22.75,22.90,-0.60 (-2.55 %)," ","157,315","3,557,980,000",0,0,23.50,23.5,23.90,21.80
03/06/2021,22.55,22.70,0.40 (1.79 %)," ","109,000","2,492,390,000",0,0,22.30,22.3,23.50,22.30
02/06/2021,22.16,22.30,1.70 (8.25 %)," ","287,900","6,372,290,000",0,0,20.60,21.10,22.60,19.80
01/06/2021,20.47,20.60,1.80 (9.57 %)," ","299,200","5,502,940,000",0,0,18.80,18.8,20.60,17.50
31/05/2021,18.68,18.80,-1.60 (-7.84 %)," ","182,300","3,516,100,000",0,0,20.40,20.40,20.40,18.80
28/05/2021,20.27,20.40,-1.00 (-4.67 %)," ","216,900","4,439,080,000",0,0,21.40,21.4,21.80,19.50
27/05/2021,21.26,21.40,-0.90 (-4.04 %)," ","129,810","2,837,344,000",0,0,22.30,22.00,22.30,21.40
26/05/2021,22.16,22.30,-1.00 (-4.29 %)," ","160,000","3,527,290,000",0,0,23.30,22.3,23.10,22.00
25/05/2021,23.15,23.30,0.20 (0.87 %)," ","10,700","246,210,000",0,0,23.10,23.10,23.30,22.90
24/05/2021,22.95,23.10,0.70 (3.13 %)," ","147,700","3,327,410,000",0,0,22.40,22.4,23.20,22.00
21/05/2021,22.26,22.40,-0.50 (-2.18 %)," ","233,000","5,187,290,000",0,0,22.90,22.60,22.70,22.00
20/05/2021,22.75,22.90,-0.40 (-1.72 %)," ","42,900","986,110,000",0,0,23.30,23.6,23.60,22.60
19/05/2021,23.15,23.30,-0.70 (-2.92 %)," ","260,500","6,049,280,000",0,0,24.00,24.00,24.00,23.00
18/05/2021,23.85,24.00,-0.40 (-1.64 %)," ","7,600","181,410,000",0,0,24.40,24.4,24.40,23.40
17/05/2021,24.24,24.40,0.50 (2.09 %)," ","102,700","2,456,010,000",0,0,23.90,23.90,24.60,23.00
14/05/2021,23.75,23.90,-0.60 (-2.45 %)," ","182,415","4,349,530,500",0,0,24.50,24.1,24.60,23.00
13/05/2021,24.34,24.50,-0.90 (-3.54 %)," ","157,900","3,824,100,000",0,0,25.40,25.40,25.40,24.00
12/05/2021,25.24,25.40,0.40 (1.60 %)," ","35,405","870,293,500",0,0,25.00,25.0,25.90,24.20
11/05/2021,24.84,25.00,1.30 (5.49 %)," ","60,200","1,520,560,000",0,0,23.70,23.70,25.90,23.70
10/05/2021,23.55,23.70,-0.60 (-2.47 %)," ","87,900","2,098,920,000",0,0,24.30,24.0,24.20,23.20
06/05/2021,24.94,25.10,-0.60 (-2.33 %)," ","163,400","4,115,950,000",0,0,25.70,26.2,26.20,24.80
05/05/2021,25.54,25.70,-1.60 (-5.86 %)," ","429,600","10,976,380,000",0,0,27.30,26.50,26.50,25.00
04/05/2021,27.13,27.30,-0.10 (-0.36 %)," ","85,660","2,304,570,000",0,0,27.40,27.5,27.50,25.00
29/04/2021,27.22,27.40,-0.40 (-1.44 %)," ","79,410","2,170,831,000",0,0,27.80,27.70,27.70,26.70
28/04/2021,27.62,27.80,-0.40 (-1.42 %)," ","83,200","2,240,310,000",0,0,28.20,27.5,28.00,25.40
27/04/2021,28.02,28.20,0.00 (0.00 %)," ","65,300","1,805,430,000",0,0,28.20,28.20,28.20,27.50
26/04/2021,28.02,28.20,-1.10 (-3.75 %)," ","228,200","6,463,940,000",0,0,29.30,29.4,29.40,28.00
23/04/2021,29.11,29.30,0.00 (0.00 %)," ","54,610","1,600,281,000",0,0,29.30,29.30,30.00,29.00
22/04/2021,29.11,29.30,-0.10 (-0.34 %)," ","155,900","4,667,670,000",0,0,29.40,29.4,31.00,29.00
20/04/2021,29.21,29.40,0.80 (2.80 %)," ","74,620","2,150,654,000","53,300","1,375,140,000",28.60,28.60,29.40,28.60
19/04/2021,28.42,28.60,0.10 (0.35 %)," ","98,020","2,777,594,000",0,0,28.50,27.5,28.60,27.50
16/04/2021,28.32,28.50,-0.50 (-1.72 %)," ","128,100","3,588,530,000",0,0,29.00,28.90,28.90,27.10
15/04/2021,28.81,29.00,0.70 (2.47 %)," ","210,900","6,066,830,000",0,0,28.30,28.7,29.90,28.30
14/04/2021,28.12,28.30,0.70 (2.54 %)," ","77,830","2,143,708,000",0,0,27.60,26.60,28.40,26.60
13/04/2021,27.42,27.60,-0.20 (-0.72 %)," ","266,300","7,260,310,000",0,0,27.80,27.5,28.50,26.80
12/04/2021,27.62,27.80,0.10 (0.36 %)," ","80,810","2,211,360,000",0,0,27.70,27.60,27.80,27.00
09/04/2021,27.52,27.70,-0.10 (-0.36 %)," ","88,800","2,425,420,000",0,0,27.80,27.7,27.70,26.80
08/04/2021,27.62,27.80,0.30 (1.09 %)," ","51,720","1,440,300,000",0,0,27.50,28.00,28.30,27.50
07/04/2021,27.32,27.50,1.50 (5.77 %)," ","357,530","9,721,170,000",0,0,26.00,26.4,28.00,26.20
05/04/2021,24.44,24.60,-0.20 (-0.81 %)," ","44,600","1,101,880,000",0,0,24.80,24.8,24.90,24.50
02/04/2021,24.64,24.80,0.30 (1.22 %)," ","94,408","2,356,923,600",0,0,24.50,25.00,25.20,24.80
01/04/2021,24.34,24.50,0.50 (2.08 %)," ","66,200","1,600,030,000",0,0,24.00,24.0,24.50,23.70
31/03/2021,23.85,24.00,0.30 (1.27 %)," ","86,102","2,042,927,200",0,0,23.70,23.70,24.00,23.60
30/03/2021,23.55,23.70,0.00 (0.00 %)," ","54,400","1,291,990,000",0,0,23.70,23.7,23.80,23.70
29/03/2021,23.55,23.70,0.40 (1.72 %)," ","36,130","851,495,000",0,0,23.30,23.30,23.80,23.30
26/03/2021,23.15,23.30,0.30 (1.30 %)," ","135,210","3,068,950,000",0,0,23.00,23.4,23.40,22.50
25/03/2021,22.85,23.00,-0.70 (-2.95 %)," ","60,200","1,389,670,000",0,0,23.70,23.30,23.60,22.70
24/03/2021,23.55,23.70,0.00 (0.00 %)," ","171,800","4,000,500,000",0,0,23.70,23.4,23.70,22.90
23/03/2021,23.55,23.70,-0.80 (-3.27 %)," ","183,340","4,319,264,000",0,0,24.50,24.20,24.20,23.10
22/03/2021,24.34,24.50,-0.50 (-2.00 %)," ","54,500","1,331,730,000",0,0,25.00,24.9,24.90,24.10
19/03/2021,24.84,25.00,-0.10 (-0.40 %)," ","131,500","3,259,470,000",0,0,25.10,25.10,25.50,24.50
18/03/2021,24.94,25.10,0.20 (0.80 %)," ","69,900","1,745,600,000",0,0,24.90,24.8,25.50,24.80
17/03/2021,24.74,24.90,0.90 (3.75 %)," ","164,600","4,075,950,000",0,0,24.00,24.00,25.80,23.80
16/03/2021,23.85,24.00,-0.30 (-1.23 %)," ","141,700","3,422,740,000",0,0,24.30,24.3,24.60,23.80
15/03/2021,24.14,24.30,0.30 (1.25 %)," ","241,800","5,842,230,000",0,0,24.00,24.20,24.60,23.70
12/03/2021,23.85,24.00,0.00 (0.00 %)," ","90,810","2,169,136,000",0,0,24.00,23.6,24.10,23.60
11/03/2021,23.85,24.00,0.40 (1.69 %)," ","71,500","1,705,890,000",0,0,23.60,24.50,24.50,23.50
10/03/2021,23.45,23.60,0.40 (1.72 %)," ","241,190","5,693,718,000",0,0,23.20,23.2,24.10,23.20
08/03/2021,24.05,24.20,0.20 (0.83 %)," ","192,000","4,631,290,000",0,0,24.00,24.2,25.00,23.00
05/03/2021,23.85,24.00,1.60 (7.14 %)," ","318,740","7,428,590,000",0,0,22.40,21.50,24.60,21.40
04/03/2021,22.26,22.40,0.00 (0.00 %)," ","154,300","3,385,830,000",0,0,22.40,22.5,22.50,21.50
03/03/2021,22.26,22.40,0.40 (1.82 %)," ","198,100","4,480,620,000",0,0,22.00,23.30,23.60,22.00
02/03/2021,21.86,22.00,2.00 (10.00 %)," ","769,710","16,608,880,000",0,0,20.00,21.8,22.00,20.00
01/03/2021,19.87,20.00,0.10 (0.50 %)," ","155,400","3,065,910,000",0,0,19.90,19.60,20.10,19.20
26/02/2021,19.77,19.90,-0.40 (-1.97 %)," ","63,000","1,255,450,000",0,0,20.30,20.0,20.30,19.00
25/02/2021,20.17,20.30,0.40 (2.01 %)," ","50,700","1,017,620,000",0,0,19.90,19.90,20.90,19.40
24/02/2021,19.77,19.90,-0.60 (-2.93 %)," ","76,905","1,543,489,000",0,0,20.50,20.5,20.50,19.50
23/02/2021,20.37,20.50,0.10 (0.49 %)," ","87,100","1,782,380,000",0,0,20.40,20.40,20.80,19.80
22/02/2021,20.27,20.40,1.00 (5.15 %)," ","141,800","2,861,520,000",0,0,19.40,19.5,20.60,19.50
19/02/2021,19.28,19.40,0.20 (1.04 %)," ","56,500","1,076,160,000",0,0,19.20,18.80,19.40,18.70
18/02/2021,19.08,19.20,0.20 (1.05 %)," ","117,000","2,226,210,000",0,0,19.00,18.7,19.30,18.60
17/02/2021,18.88,19.00,0.10 (0.53 %)," ","46,700","881,740,000",0,0,18.90,18.90,19.20,18.00
09/02/2021,18.78,18.90,0.60 (3.28 %)," ","38,200","698,090,000",0,0,18.30,18.0,18.90,17.80
08/02/2021,18.18,18.30,-0.50 (-2.66 %)," ","81,835","1,465,648,000",0,0,18.80,19.00,19.00,17.00
05/02/2021,18.68,18.80,0.80 (4.44 %)," ","61,100","1,135,530,000",0,0,18.00,18.0,19.00,17.60
04/02/2021,17.88,18.00,-0.50 (-2.70 %)," ","47,500","878,560,000",0,0,18.50,18.50,19.40,18.00
03/02/2021,18.38,18.50,1.60 (9.47 %)," ","142,800","2,583,090,000",0,0,16.90,16.9,18.50,16.90
01/02/2021,15.30,15.40,-1.50 (-8.88 %)," ","235,600","3,701,930,000",0,0,16.90,17.8,17.80,15.30
29/01/2021,16.79,16.90,-0.20 (-1.17 %)," ","285,300","4,687,500,000",0,0,17.10,15.40,17.40,15.40
28/01/2021,16.99,17.10,-1.90 (-10.00 %)," ","147,700","2,528,530,000",0,0,19.00,17.8,17.80,17.10
27/01/2021,18.88,19.00,-0.30 (-1.55 %)," ","165,410","3,097,683,000",0,0,19.30,19.20,19.60,18.00
26/01/2021,19.18,19.30,-2.00 (-9.39 %)," ","298,100","6,137,170,000",0,0,21.30,21.3,21.40,19.30
25/01/2021,21.16,21.30,0.50 (2.40 %)," ","125,320","2,661,100,000",0,0,20.80,20.80,22.10,20.00
22/01/2021,20.67,20.80,0.40 (1.96 %)," ","303,300","6,199,070,000",0,0,20.40,20.4,21.80,19.50
21/01/2021,20.27,20.40,-0.50 (-2.39 %)," ","114,900","2,319,440,000",0,0,20.90,21.00,21.00,18.90
20/01/2021,20.77,20.90,1.40 (7.18 %)," ","251,500","5,204,340,000",0,0,19.50,18.5,21.40,18.50
19/01/2021,19.38,19.50,1.70 (9.55 %)," ","568,100","10,589,690,000",0,0,17.80,18.00,19.50,17.00
18/01/2021,17.69,17.80,1.60 (9.88 %)," ","236,910","4,122,122,000",0,0,16.20,16.2,17.80,16.10
15/01/2021,16.10,16.20,0.30 (1.89 %)," ","110,810","1,818,344,000",0,0,15.90,15.90,16.80,15.90
14/01/2021,15.80,15.90,0.90 (6.00 %)," ","302,130","4,594,639,000",0,0,15.00,14.6,16.00,14.50
13/01/2021,14.90,15.00,0.00 (0.00 %)," ","202,901","2,996,034,800",0,0,15.00,15.20,15.40,14.60
12/01/2021,14.90,15.00,0.30 (2.04 %)," ","218,200","3,270,390,000",0,0,14.70,15.6,15.60,14.70
11/01/2021,14.61,14.70,1.30 (9.70 %)," ","425,700","5,956,640,000",0,0,13.40,13.50,14.70,13.20
08/01/2021,13.31,13.40,-0.30 (-2.19 %)," ","290,760","3,849,047,000",0,0,13.70,13.8,13.90,12.70
07/01/2021,13.61,13.70,-0.10 (-0.72 %)," ","215,600","2,944,240,000",0,0,13.80,13.80,14.00,13.50
06/01/2021,13.71,13.80,0.00 (0.00 %)," ","319,700","4,440,690,000",0,0,13.80,13.8,14.20,13.50
04/01/2021,13.81,13.90,-0.10 (-0.71 %)," ","197,100","2,730,740,000",0,0,14.00,14.0,14.60,13.40
31/12/2020,13.91,14.00,0.50 (3.70 %)," ","196,800","2,715,180,000",0,0,13.50,13.60,14.40,13.00
30/12/2020,13.41,13.50,0.90 (7.14 %)," ","231,910","2,959,596,000",0,0,12.60,12.5,13.50,12.00
29/12/2020,12.52,12.60,0.00 (0.00 %)," ","473,500","6,185,080,000",0,0,12.60,13.00,13.70,12.50
28/12/2020,12.52,12.60,1.10 (9.57 %)," ","1,084,300","13,583,690,000",0,0,11.50,12.3,12.60,11.90
25/12/2020,11.43,11.50,1.00 (9.52 %)," ","1,025,876","11,793,239,200",0,0,10.50,11.50,11.50,11.40
24/12/2020,10.43,10.50,0.90 (9.38 %)," ","139,900","1,468,950,000",0,0,9.60,10.5,10.50,10.50
23/12/2020,9.54,9.60,0.80 (9.09 %)," ","545,600","4,951,820,000",0,0,8.80,9.10,9.60,8.80
22/12/2020,8.74,8.80,-0.70 (-7.37 %)," ","75,500","681,190,000",0,0,9.50,9.5,9.50,8.80
21/12/2020,9.44,9.50,0.00 (0.00 %)," ","4,600","43,700,000",0,0,9.50,9.50,9.50,9.50
18/12/2020,9.44,9.50,0.00 (0.00 %)," ",0,0,0,0,9.50,9.5,9.50,9.50
17/12/2020,9.44,9.50,0.10 (1.06 %)," ","2,400","22,800,000",0,0,9.40,9.50,9.50,9.50
16/12/2020,9.34,9.40,-0.10 (-1.05 %)," ","2,610","24,710,000",0,0,9.50,9.5,9.50,9.40
15/12/2020,9.44,9.50,0.00 (0.00 %)," ",0,0,0,0,9.50,9.50,9.50,9.50
14/12/2020,9.44,9.50,0.30 (3.26 %)," ",300,"2,850,000",0,0,9.20,9.5,9.50,9.50
11/12/2020,9.14,9.20,-0.20 (-2.13 %)," ","1,200","11,320,000",0,0,9.40,9.50,9.50,9.00
10/12/2020,9.34,9.40,0.00 (0.00 %)," ","1,000","9,400,000",0,0,9.40,9.4,9.40,9.40
09/12/2020,9.34,9.40,0.20 (2.17 %)," ","6,800","63,130,000",0,0,9.20,9.50,9.50,9.20
08/12/2020,9.14,9.20,-0.30 (-3.16 %)," ",907,"8,584,400",0,0,9.50,9.5,9.50,9.20
04/12/2020,8.74,8.80,-0.70 (-7.37 %)," ","1,100","10,380,000",0,0,9.50,9.5,9.50,8.80
03/12/2020,9.44,9.50,0.00 (0.00 %)," ","7,000","66,500,000",0,0,9.50,9.50,9.50,9.50
02/12/2020,9.44,9.50,0.00 (0.00 %)," ","8,100","76,950,000",0,0,9.50,9.5,9.50,9.50
01/12/2020,9.44,9.50,0.00 (0.00 %)," ","9,900","94,090,000",0,0,9.50,9.50,9.60,9.00
30/11/2020,9.44,9.50,0.10 (1.06 %)," ",300,"2,730,000",0,0,9.40,8.8,9.50,8.80
27/11/2020,9.34,9.40,0.30 (3.30 %)," ","6,300","60,150,000",0,0,9.10,9.50,9.70,9.40
26/11/2020,9.34,9.40,0.20 (2.17 %)," ","2,960","27,898,000",0,0,9.20,9.2,9.60,9.20
25/11/2020,9.14,9.20,0.00 (0.00 %)," ","1,200","10,820,000",0,0,9.20,9.00,9.20,9.00
24/11/2020,9.14,9.20,0.10 (1.10 %)," ","1,200","11,040,000",0,0,9.10,9.2,9.20,9.20
23/11/2020,9.04,9.10,-0.50 (-5.21 %)," ",410,"3,831,000",0,0,9.60,9.50,9.60,9.10
20/11/2020,9.54,9.60,0.00 (0.00 %)," ",400,"3,690,000",0,0,9.60,9.1,9.60,9.10
19/11/2020,9.54,9.60,0.50 (5.49 %)," ",100,"960,000",0,0,9.10,9.60,9.60,9.60
18/11/2020,9.04,9.10,-0.50 (-5.21 %)," ","1,100","10,010,000",0,0,9.60,9.1,9.10,9.10
17/11/2020,9.54,9.60,0.50 (5.49 %)," ","2,600","23,760,000",0,0,9.10,9.90,9.90,8.30
16/11/2020,9.04,9.10,-0.60 (-6.19 %)," ",110,"1,001,000",0,0,9.70,9.1,9.10,9.10
13/11/2020,9.64,9.70,0.40 (4.30 %)," ",700,"6,680,000",0,0,9.30,9.70,9.80,8.50
12/11/2020,9.24,9.30,0.00 (0.00 %)," ","1,000","9,300,000",0,0,9.30,9.3,9.30,9.30
11/11/2020,9.24,9.30,0.00 (0.00 %)," ",80,"672,000",0,0,9.30,9.30,9.30,9.30
10/11/2020,9.24,9.30,0.00 (0.00 %)," ",0,0,0,0,9.30,9.3,9.30,9.30
06/11/2020,9.74,9.80,0.70 (7.69 %)," ",100,"980,000",0,0,9.10,9.8,9.80,9.80
05/11/2020,9.04,9.10,0.10 (1.11 %)," ",100,"910,000",0,0,9.00,9.10,9.10,9.10
04/11/2020,8.94,9.00,-0.80 (-8.16 %)," ",200,"1,870,000",0,0,9.80,9.7,9.70,9.00
03/11/2020,9.74,9.80,0.00 (0.00 %)," ","1,100","10,690,000",0,0,9.80,8.90,9.80,8.90
02/11/2020,9.74,9.80,0.00 (0.00 %)," ",201,"1,889,700",0,0,9.80,9.0,9.80,9.00
30/10/2020,9.74,9.80,0.00 (0.00 %)," ",300,"2,860,000",0,0,9.80,9.70,9.80,9.10
29/10/2020,9.74,9.80,0.80 (8.89 %)," ",100,"980,000",0,0,9.00,9.8,9.80,9.80
28/10/2020,8.94,9.00,0.10 (1.12 %)," ",200,"1,860,000",0,0,8.90,9.60,9.60,9.00
27/10/2020,8.84,8.90,-0.70 (-7.29 %)," ",100,"890,000",0,0,9.60,8.9,8.90,8.90
26/10/2020,9.54,9.60,-0.10 (-1.03 %)," ","4,500","43,150,000",0,0,9.70,9.60,9.60,9.10
23/10/2020,9.64,9.70,0.00 (0.00 %)," ",501,"4,739,000",0,0,9.70,9.0,9.70,9.00
22/10/2020,9.64,9.70,0.00 (0.00 %)," ",0,0,0,0,9.70,9.70,9.70,9.70
21/10/2020,9.64,9.70,-0.10 (-1.02 %)," ","2,800","25,100,000",0,0,9.80,9.2,9.70,8.90
20/10/2020,9.74,9.80,0.30 (3.16 %)," ",100,"980,000",0,0,9.50,9.80,9.80,9.80
19/10/2020,9.44,9.50,0.00 (0.00 %)," ","52,300","502,120,000",0,0,9.50,9.6,10.00,9.50
16/10/2020,9.44,9.50,-0.60 (-5.94 %)," ",900,"8,550,000",0,0,10.10,9.50,9.50,9.50
15/10/2020,10.04,10.10,-0.10 (-0.98 %)," ","2,000","20,200,000",0,0,10.20,10.1,10.10,10.10
14/10/2020,10.13,10.20,-0.10 (-0.97 %)," ",200,"1,960,000",0,0,10.30,9.40,10.20,9.40
13/10/2020,10.23,10.30,-0.10 (-0.96 %)," ","3,000","28,340,000",0,0,10.40,9.7,10.30,9.40
09/10/2020,9.84,9.90,0.30 (3.13 %)," ","1,700","16,770,000",0,0,9.60,9.8,9.90,9.80
08/10/2020,9.54,9.60,-0.30 (-3.03 %)," ","4,900","46,760,000",0,0,9.90,9.50,9.70,9.50
07/10/2020,9.84,9.90,0.00 (0.00 %)," ",200,"1,940,000",0,0,9.90,9.5,9.90,9.50
06/10/2020,9.84,9.90,0.00 (0.00 %)," ",200,"1,920,000",0,0,9.90,9.30,9.90,9.30
05/10/2020,9.84,9.90,0.30 (3.13 %)," ","2,200","21,150,000",0,0,9.60,9.6,9.90,9.60
02/10/2020,9.54,9.60,-0.30 (-3.03 %)," ","1,700","16,340,000",0,0,9.90,9.60,9.80,9.60
01/10/2020,9.84,9.90,0.00 (0.00 %)," ","1,800","17,180,000",0,0,9.90,9.6,9.90,9.40
30/09/2020,9.84,9.90,0.10 (1.02 %)," ","1,000","9,690,000",0,0,9.80,9.30,9.90,9.30
29/09/2020,9.74,9.80,0.10 (1.03 %)," ",200,"1,920,000",0,0,9.70,9.4,9.80,9.40
28/09/2020,9.64,9.70,-0.20 (-2.02 %)," ",200,"1,900,000",0,0,9.90,9.30,9.70,9.30
25/09/2020,9.84,9.90,0.00 (0.00 %)," ",200,"1,950,000",0,0,9.90,9.6,9.90,9.60
24/09/2020,9.84,9.90,-0.10 (-1.00 %)," ",900,"8,810,000",0,0,10.00,10.10,10.10,9.40
23/09/2020,9.94,10.00,0.10 (1.01 %)," ",300,"2,950,000",0,0,9.90,10.3,10.30,9.20
22/09/2020,9.84,9.90,-0.10 (-1.00 %)," ","2,600","25,010,000",0,0,10.00,9.70,9.90,9.60
21/09/2020,9.94,10.00,0.50 (5.26 %)," ","3,300","32,170,000",0,0,9.50,10.2,10.20,9.40
18/09/2020,9.44,9.50,0.00 (0.00 %)," ","1,800","17,380,000",0,0,9.50,9.20,10.30,9.20
17/09/2020,9.44,9.50,-0.40 (-4.04 %)," ",300,"3,010,000",0,0,9.90,10.1,10.50,9.50
16/09/2020,9.84,9.90,-0.90 (-8.33 %)," ","3,500","35,250,000",0,0,10.80,11.00,11.00,9.80
15/09/2020,10.73,10.80,0.80 (8.00 %)," ",700,"7,120,000",0,0,10.00,11.0,11.00,9.40
11/09/2020,10.43,10.50,-0.40 (-3.67 %)," ","2,849","29,909,200",0,0,10.90,11.4,11.40,9.90
10/09/2020,10.83,10.90,0.40 (3.81 %)," ",700,"7,320,000",0,0,10.50,11.00,11.00,9.70
09/09/2020,10.43,10.50,-0.20 (-1.87 %)," ",300,"3,150,000",0,0,10.70,10.5,10.50,10.50
08/09/2020,10.63,10.70,0.00 (0.00 %)," ",0,0,0,0,10.70,10.70,10.70,10.70
07/09/2020,10.63,10.70,0.20 (1.90 %)," ",200,"2,140,000",0,0,10.50,10.7,10.70,10.70
04/09/2020,10.43,10.50,0.90 (9.38 %)," ","8,750","90,625,000",0,0,9.60,9.50,10.50,9.50
03/09/2020,9.54,9.60,0.00 (0.00 %)," ","3,900","37,440,000",0,0,9.60,9.6,9.60,9.60
01/09/2020,9.54,9.60,0.30 (3.23 %)," ",100,"960,000",0,0,9.30,9.60,9.60,9.60
31/08/2020,9.24,9.30,0.00 (0.00 %)," ",0,0,0,0,9.30,9.3,9.30,9.30
28/08/2020,9.24,9.30,0.00 (0.00 %)," ","5,200","47,906,200",0,0,9.30,9.30,9.30,8.70
27/08/2020,9.24,9.30,0.00 (0.00 %)," ",300,"2,790,000",0,0,9.30,9.3,9.30,9.30
26/08/2020,9.24,9.30,0.00 (0.00 %)," ",100,"930,000",0,0,9.30,9.30,9.30,9.30
25/08/2020,9.24,9.30,-0.10 (-1.06 %)," ",500,"4,710,000",0,0,9.40,9.9,9.90,9.30
24/08/2020,9.34,9.40,-0.20 (-2.08 %)," ","14,900","141,070,000",0,0,9.60,10.10,10.10,9.30
21/08/2020,9.54,9.60,-0.90 (-8.57 %)," ","1,400","14,200,000",0,0,10.50,9.7,10.40,9.60
20/08/2020,10.43,10.50,0.40 (3.96 %)," ","6,600","60,850,000",0,0,10.10,9.30,10.60,9.10
19/08/2020,10.04,10.10,-0.10 (-0.98 %)," ",700,"6,860,000",0,0,10.20,9.3,10.20,9.30
18/08/2020,10.13,10.20,0.10 (0.99 %)," ","1,300","12,830,000",0,0,10.10,10.80,10.80,9.60
17/08/2020,10.04,10.10,-1.00 (-9.01 %)," ",600,"6,970,000",0,0,11.10,12.1,12.10,10.10
13/08/2020,10.04,10.10,0.90 (9.78 %)," ","9,700","97,820,000",0,0,9.20,10.1,10.10,8.60
12/08/2020,9.14,9.20,0.80 (9.52 %)," ","3,500","32,200,000",0,0,8.40,9.20,9.20,9.20
11/08/2020,8.35,8.40,0.30 (3.70 %)," ",700,"5,930,000",0,0,8.10,8.4,8.90,8.40
10/08/2020,8.05,8.10,0.00 (0.00 %)," ",0,0,0,0,8.10,8.10,8.10,8.10
07/08/2020,8.05,8.10,0.00 (0.00 %)," ",0,0,0,0,8.10,8.1,8.10,8.10
06/08/2020,8.05,8.10,0.00 (0.00 %)," ",0,0,0,0,8.10,8.10,8.10,8.10
05/08/2020,8.05,8.10,0.00 (0.00 %)," ",0,0,0,0,8.10,8.1,8.10,8.10
04/08/2020,8.05,8.10,-0.20 (-2.41 %)," ",100,"810,000",0,0,8.30,8.10,8.10,8.10
03/08/2020,8.25,8.30,0.20 (2.47 %)," ",600,"4,990,000",0,0,8.10,8.4,8.40,8.30
31/07/2020,8.05,8.10,0.00 (0.00 %)," ",0,0,0,0,8.10,8.10,8.10,8.10
30/07/2020,8.05,8.10,0.00 (0.00 %)," ",0,0,0,0,8.10,8.1,8.10,8.10
29/07/2020,8.05,8.10,0.00 (0.00 %)," ",0,0,0,0,8.10,8.10,8.10,8.10
28/07/2020,8.05,8.10,-0.90 (-10.00 %)," ",100,"810,000",0,0,9.00,8.1,8.10,8.10
27/07/2020,8.94,9.00,0.00 (0.00 %)," ",500,"4,500,000",0,0,9.00,9.00,9.00,9.00
24/07/2020,8.94,9.00,0.00 (0.00 %)," ",0,0,0,0,9.00,9.0,9.00,9.00
23/07/2020,8.94,9.00,-0.80 (-8.16 %)," ",100,"900,000",0,0,9.80,9.00,9.00,9.00
22/07/2020,9.74,9.80,0.70 (7.69 %)," ",500,"4,900,000",0,0,9.10,9.8,9.80,9.80
21/07/2020,9.04,9.10,0.10 (1.11 %)," ",100,"910,000",0,0,9.00,9.10,9.10,9.10
20/07/2020,8.94,9.00,0.10 (1.12 %)," ",500,"4,610,000",0,0,8.90,9.7,9.70,9.00
16/07/2020,9.24,9.30,0.20 (2.20 %)," ",300,"2,860,000",0,0,9.10,10.0,10.00,9.30
15/07/2020,9.04,9.10,-0.70 (-7.14 %)," ","1,308","13,322,800",0,0,9.80,9.10,10.40,9.10
14/07/2020,9.74,9.80,0.00 (0.00 %)," ",500,"4,900,000",0,0,9.80,9.8,9.80,9.80
13/07/2020,9.74,9.80,0.60 (6.52 %)," ",500,"4,630,000",0,0,9.20,8.40,9.90,8.40
10/07/2020,9.14,9.20,-0.50 (-5.15 %)," ",200,"1,960,000",0,0,9.70,10.4,10.40,9.20
09/07/2020,9.64,9.70,0.80 (8.99 %)," ",300,"2,870,000",0,0,8.90,9.70,9.70,9.30
08/07/2020,8.84,8.90,-0.30 (-3.26 %)," ",102,"907,800",0,0,9.20,8.9,8.90,8.90
07/07/2020,9.14,9.20,-0.50 (-5.15 %)," ","1,200","11,590,000",0,0,9.70,9.70,9.70,9.20
06/07/2020,9.64,9.70,0.20 (2.11 %)," ","1,200","11,620,000",0,0,9.50,9.6,10.10,9.60
03/07/2020,9.44,9.50,0.00 (0.00 %)," ",0,0,0,0,9.50,9.50,9.50,9.50
02/07/2020,9.44,9.50,-0.70 (-6.86 %)," ",300,"2,830,000",0,0,10.20,9.3,9.50,9.30
01/07/2020,10.13,10.20,0.90 (9.68 %)," ",300,"3,060,000",0,0,9.30,10.20,10.20,10.20
30/06/2020,9.24,9.30,0.20 (2.20 %)," ",902,"8,740,000",0,0,9.10,8.6,10.00,8.60
29/06/2020,9.04,9.10,-1.00 (-9.90 %)," ",100,"910,000",0,0,10.10,9.10,9.10,9.10
26/06/2020,10.04,10.10,0.90 (9.78 %)," ",200,"2,010,000",0,0,9.20,10.0,10.10,10.00
25/06/2020,9.14,9.20,0.00 (0.00 %)," ",0,0,0,0,9.20,9.20,9.20,9.20
24/06/2020,9.14,9.20,-0.10 (-1.08 %)," ",100,"920,000",0,0,9.30,9.2,9.20,9.20
23/06/2020,9.24,9.30,0.10 (1.09 %)," ",200,"1,940,000",0,0,9.20,10.10,10.10,9.30
22/06/2020,9.14,9.20,0.30 (3.37 %)," ",200,"1,890,000",0,0,8.90,9.7,9.70,9.20
18/06/2020,8.84,8.90,-0.70 (-7.29 %)," ",300,"2,810,000",0,0,9.60,8.7,10.50,8.70
16/06/2020,9.54,9.60,0.00 (0.00 %)," ","2,100","20,330,000",0,0,9.60,9.60,9.70,9.60
15/06/2020,9.54,9.60,0.00 (0.00 %)," ",0,0,0,0,9.60,9.6,9.60,9.60
12/06/2020,9.54,9.60,-0.50 (-4.95 %)," ",300,"2,920,000",0,0,10.10,9.60,10.00,9.60
11/06/2020,10.04,10.10,0.20 (2.02 %)," ",300,"3,020,000",0,0,9.90,10.1,10.10,10.00
10/06/2020,9.84,9.90,-1.10 (-10.00 %)," ","1,200","12,300,000",0,0,11.00,10.60,10.60,9.90
09/06/2020,10.93,11.00,0.90 (8.91 %)," ",200,"2,020,000",0,0,10.10,9.2,11.00,9.20
08/06/2020,10.04,10.10,-0.60 (-5.61 %)," ",400,"4,240,000",0,0,10.70,10.70,10.80,10.10
05/06/2020,10.63,10.70,0.80 (8.08 %)," ",300,"3,090,000",0,0,9.90,9.6,10.70,9.60
04/06/2020,9.84,9.90,0.90 (10.00 %)," ","4,600","45,410,000",0,0,9.00,8.60,9.90,8.60
03/06/2020,8.94,9.00,0.00 (0.00 %)," ","2,200","19,750,000",0,0,9.00,8.9,9.00,8.60
02/06/2020,8.94,9.00,0.00 (0.00 %)," ",0,0,0,0,9.00,9.00,9.00,9.00
01/06/2020,8.94,9.00,-0.90 (-9.09 %)," ",100,"900,000",0,0,9.90,9.0,9.00,9.00
29/05/2020,9.84,9.90,-0.10 (-1.00 %)," ",100,"990,000",0,0,10.00,9.90,9.90,9.90
28/05/2020,9.94,10.00,0.60 (6.38 %)," ",100,"1,000,000",0,0,9.40,10.0,10.00,10.00
27/05/2020,9.34,9.40,0.30 (3.30 %)," ",300,"2,860,000",0,0,9.10,9.20,10.00,9.20
26/05/2020,9.04,9.10,-0.80 (-8.08 %)," ",100,"910,000",0,0,9.90,9.1,9.10,9.10
25/05/2020,9.84,9.90,-0.70 (-6.60 %)," ",200,"1,980,000",0,0,10.60,9.90,9.90,9.90
22/05/2020,10.53,10.60,0.70 (7.07 %)," ","2,200","21,640,000",0,0,9.90,9.8,10.60,9.80
20/05/2020,8.94,9.00,0.00 (0.00 %)," ",0,0,0,0,9.00,9.0,9.00,9.00
19/05/2020,8.94,9.00,-1.00 (-10.00 %)," ",100,"900,000",0,0,10.00,9.00,9.00,9.00
18/05/2020,9.94,10.00,0.30 (3.09 %)," ","2,700","26,880,000",0,0,9.70,8.8,10.00,8.80
15/05/2020,9.64,9.70,-0.60 (-5.83 %)," ",500,"4,970,000",0,0,10.30,9.40,11.20,9.40
14/05/2020,10.23,10.30,-1.10 (-9.65 %)," ",300,"3,090,000",0,0,11.40,10.3,10.30,10.30
13/05/2020,11.33,11.40,0.70 (6.54 %)," ","4,300","41,900,000",0,0,10.70,9.70,11.40,9.70
12/05/2020,10.63,10.70,-1.10 (-9.32 %)," ",200,"2,300,000",0,0,11.80,12.3,12.30,10.70
11/05/2020,11.72,11.80,0.00 (0.00 %)," ",0,0,0,0,11.80,11.80,11.80,11.80
08/05/2020,11.72,11.80,0.10 (0.85 %)," ","2,600","27,790,000",0,0,11.70,11.3,11.80,10.60
07/05/2020,11.63,11.70,0.40 (3.54 %)," ",500,"5,530,000",0,0,11.30,10.90,11.70,10.90
06/05/2020,11.23,11.30,0.90 (8.65 %)," ",100,"1,130,000",0,0,10.40,11.3,11.30,11.30
05/05/2020,10.33,10.40,-0.20 (-1.89 %)," ",300,"3,130,000",0,0,10.60,10.40,10.50,10.40
04/05/2020,10.53,10.60,0.00 (0.00 %)," ",0,0,0,0,10.60,10.6,10.60,10.60
29/04/2020,10.53,10.60,-0.40 (-3.64 %)," ",300,"3,180,000",0,0,11.00,10.60,10.60,10.60
28/04/2020,10.93,11.00,0.80 (7.84 %)," ",100,"1,100,000",0,0,10.20,11.0,11.00,11.00
27/04/2020,10.13,10.20,-1.00 (-8.93 %)," ",400,"4,140,000",0,0,11.20,10.80,10.80,10.20
24/04/2020,11.13,11.20,0.90 (8.74 %)," ",500,"5,240,000",0,0,10.30,10.3,11.20,10.30
23/04/2020,10.23,10.30,0.70 (7.29 %)," ",800,"7,470,000",0,0,9.60,8.70,10.30,8.70
22/04/2020,9.54,9.60,0.00 (0.00 %)," ",0,0,0,0,9.60,9.6,9.60,9.60
20/04/2020,9.54,9.60,0.10 (1.05 %)," ",300,"2,810,000",0,0,9.50,8.6,9.90,8.60
17/04/2020,9.44,9.50,-0.50 (-5.00 %)," ",200,"1,940,000",0,0,10.00,9.90,9.90,9.50
16/04/2020,9.94,10.00,0.00 (0.00 %)," ",0,0,0,0,10.00,10.0,10.00,10.00
15/04/2020,9.94,10.00,0.00 (0.00 %)," ",0,0,0,0,10.00,10.00,10.00,10.00
14/04/2020,9.94,10.00,0.30 (3.09 %)," ",600,"5,950,000",0,0,9.70,9.9,10.00,9.90
13/04/2020,9.64,9.70,0.00 (0.00 %)," ",0,0,0,0,9.70,9.70,9.70,9.70
10/04/2020,9.64,9.70,0.60 (6.59 %)," ",200,"1,970,000",0,0,9.10,10.0,10.00,9.70
09/04/2020,9.04,9.10,0.00 (0.00 %)," ",400,"3,750,000",0,0,9.10,9.10,10.00,9.10
08/04/2020,9.04,9.10,-0.90 (-9.00 %)," ",100,"910,000",0,0,10.00,9.1,9.10,9.10
07/04/2020,9.94,10.00,0.90 (9.89 %)," ","1,600","15,980,000",0,0,9.10,9.90,10.00,9.90
06/04/2020,9.04,9.10,0.80 (9.64 %)," ",600,"5,370,000",0,0,8.30,9.1,9.10,8.50
03/04/2020,8.25,8.30,0.70 (9.21 %)," ",100,"830,000",0,0,7.60,8.30,8.30,8.30
01/04/2020,7.55,7.60,-0.20 (-2.56 %)," ",800,"6,530,000",0,0,7.80,8.5,8.50,7.60
31/03/2020,7.75,7.80,-0.60 (-7.14 %)," ",700,"5,870,000",0,0,8.40,9.20,9.20,7.80
30/03/2020,8.35,8.40,-0.90 (-9.68 %)," ",700,"6,430,000",0,0,9.30,8.4,9.50,8.40
27/03/2020,9.24,9.30,0.20 (2.20 %)," ",300,"2,780,000",0,0,9.10,9.00,9.50,9.00
26/03/2020,9.04,9.10,-0.50 (-5.21 %)," ",100,"910,000",0,0,9.60,9.1,9.10,9.10
25/03/2020,9.54,9.60,-0.10 (-1.03 %)," ",300,"2,840,000",0,0,9.70,9.00,9.80,9.00
24/03/2020,9.64,9.70,0.00 (0.00 %)," ",400,"3,880,000",0,0,9.70,8.9,10.60,8.90
20/03/2020,10.63,10.70,-1.10 (-9.32 %)," ",300,"3,210,000",0,0,11.80,10.7,10.70,10.70
19/03/2020,11.72,11.80,0.80 (7.27 %)," ",100,"1,180,000",0,0,11.00,11.80,11.80,11.80
18/03/2020,10.93,11.00,0.80 (7.84 %)," ",100,"1,100,000",0,0,10.20,11.0,11.00,11.00
17/03/2020,10.13,10.20,0.00 (0.00 %)," ",0,0,0,0,10.20,10.20,10.20,10.20
16/03/2020,10.13,10.20,0.00 (0.00 %)," ",0,0,0,0,10.20,10.2,10.20,10.20
13/03/2020,10.13,10.20,-1.10 (-9.73 %)," ","6,300","64,260,000",0,0,11.30,10.20,10.20,10.20
12/03/2020,11.23,11.30,-1.20 (-9.60 %)," ","4,700","53,110,000",0,0,12.50,11.3,11.30,11.30
11/03/2020,12.42,12.50,1.00 (8.70 %)," ","1,100","13,200,000",0,0,11.50,10.40,12.60,10.40
10/03/2020,11.43,11.50,-1.20 (-9.45 %)," ",100,"1,150,000",0,0,12.70,11.5,11.50,11.50
09/03/2020,12.62,12.70,-1.40 (-9.93 %)," ",400,"5,210,000",0,0,14.10,14.00,14.00,12.70
06/03/2020,14.01,14.10,1.20 (9.30 %)," ",705,"9,700,000",0,0,12.90,11.8,14.10,11.80
05/03/2020,12.82,12.90,0.50 (4.03 %)," ",200,"2,410,000",0,0,12.40,11.20,12.90,11.20
04/03/2020,12.32,12.40,-1.30 (-9.49 %)," ",100,"1,240,000",0,0,13.70,12.4,12.40,12.40
03/03/2020,13.61,13.70,-1.50 (-9.87 %)," ",200,"2,940,000",0,0,15.20,15.70,15.70,13.70
02/03/2020,15.10,15.20,0.00 (0.00 %)," ",0,0,0,0,15.20,15.2,15.20,15.20
28/02/2020,15.10,15.20,0.00 (0.00 %)," ",0,0,0,0,15.20,15.20,15.20,15.20
27/02/2020,15.10,15.20,0.00 (0.00 %)," ",0,0,0,0,15.20,15.2,15.20,15.20
26/02/2020,15.10,15.20,0.00 (0.00 %)," ",0,0,0,0,15.20,15.20,15.20,15.20
25/02/2020,15.10,15.20,0.00 (0.00 %)," ",0,0,0,0,15.20,15.2,15.20,15.20
21/02/2020,16.69,16.80,0.00 (0.00 %)," ",10,"180,000",0,0,16.80,16.8,16.80,16.80
20/02/2020,16.69,16.80,0.00 (0.00 %)," ",0,0,0,0,16.80,16.80,16.80,16.80
19/02/2020,16.69,16.80,0.00 (0.00 %)," ",0,0,0,0,16.80,16.8,16.80,16.80
18/02/2020,16.69,16.80,0.00 (0.00 %)," ",0,0,0,0,16.80,16.80,16.80,16.80
17/02/2020,16.69,16.80,-1.80 (-9.68 %)," ",700,"11,760,000",0,0,18.60,16.8,16.80,16.80
14/02/2020,18.48,18.60,0.00 (0.00 %)," ",0,0,0,0,18.60,18.60,18.60,18.60
13/02/2020,18.48,18.60,-2.00 (-9.71 %)," ",900,"16,750,000",0,0,20.60,18.7,18.70,18.60
12/02/2020,20.47,20.60,1.50 (7.85 %)," ",400,"7,600,000",0,0,19.10,17.30,20.60,17.30
11/02/2020,18.98,19.10,0.90 (4.95 %)," ","11,000","180,680,000",0,0,18.20,16.4,19.10,16.40
10/02/2020,18.08,18.20,0.70 (4.00 %)," ",200,"3,410,000",0,0,17.50,15.90,18.20,15.90
07/02/2020,17.39,17.50,1.30 (8.02 %)," ",300,"4,960,000",0,0,16.20,14.6,17.50,14.60
06/02/2020,16.10,16.20,-1.70 (-9.50 %)," ",200,"3,240,000",0,0,17.90,16.20,16.20,16.20
05/02/2020,17.79,17.90,-0.40 (-2.19 %)," ",400,"7,010,000",0,0,18.30,16.5,17.90,16.50
04/02/2020,18.18,18.30,1.60 (9.58 %)," ",300,"5,010,000",0,0,16.70,15.10,18.30,15.10
03/02/2020,16.59,16.70,1.00 (6.37 %)," ",300,"4,536,000",0,0,15.70,14.2,16.70,14.20
31/01/2020,15.60,15.70,1.40 (9.79 %)," ","2,100","32,410,000",0,0,14.30,12.90,15.70,12.90
30/01/2020,14.21,14.30,1.30 (10.00 %)," ",400,"5,460,000",0,0,13.00,11.7,14.30,11.70
22/01/2020,12.92,13.00,0.50 (4.00 %)," ",200,"2,640,000",0,0,12.50,13.40,13.40,13.00
21/01/2020,12.42,12.50,0.80 (6.84 %)," ",650,"7,830,000",0,0,11.70,12.6,12.70,10.60
17/01/2020,11.63,11.70,0.00 (0.00 %)," ",0,0,0,0,11.70,11.7,11.70,11.70
16/01/2020,11.63,11.70,0.00 (0.00 %)," ",0,0,0,0,11.70,11.70,11.70,11.70
15/01/2020,11.63,11.70,0.00 (0.00 %)," ",0,0,0,0,11.70,11.7,11.70,11.70
14/01/2020,11.63,11.70,0.40 (3.54 %)," ",200,"2,360,000",0,0,11.30,11.90,11.90,11.70
13/01/2020,11.23,11.30,0.00 (0.00 %)," ",0,0,0,0,11.30,11.3,11.30,11.30
10/01/2020,11.23,11.30,1.00 (9.71 %)," ",100,"1,130,000",0,0,10.30,11.30,11.30,11.30
09/01/2020,10.23,10.30,0.90 (9.57 %)," ",350,"3,590,000",0,0,9.40,10.3,10.30,10.30
08/01/2020,9.34,9.40,0.70 (8.05 %)," ",400,"3,760,000",0,0,8.70,9.40,9.40,9.40
07/01/2020,8.64,8.70,0.00 (0.00 %)," ",0,0,0,0,8.70,8.7,8.70,8.70
06/01/2020,8.64,8.70,0.00 (0.00 %)," ",0,0,0,0,8.70,8.70,8.70,8.70
03/01/2020,8.64,8.70,-0.40 (-4.40 %)," ",300,"2,760,000",0,0,9.10,9.6,9.60,8.70
02/01/2020,9.04,9.10,0.00 (0.00 %)," ",0,0,0,0,9.10,9.10,9.10,9.10
31/12/2019,9.04,9.10,0.00 (0.00 %)," ",0,0,0,0,9.10,9.1,9.10,9.10
30/12/2019,9.04,9.10,0.70 (8.33 %)," ","1,500","13,530,000",0,0,8.40,9.20,9.20,8.50
27/12/2019,8.35,8.40,-0.60 (-6.67 %)," ",100,"840,000",0,0,9.00,8.4,8.40,8.40
26/12/2019,8.94,9.00,-0.90 (-9.09 %)," ",700,"6,340,000",0,0,9.90,9.40,9.40,9.00
25/12/2019,9.84,9.90,0.10 (1.02 %)," ","5,200","55,290,000",0,0,9.80,9.7,10.70,9.70
24/12/2019,9.74,9.80,-0.30 (-2.97 %)," ",200,"1,960,000",0,0,10.10,9.80,9.80,9.80
23/12/2019,10.04,10.10,-0.50 (-4.72 %)," ",100,"1,010,000",0,0,10.60,10.1,10.10,10.10
19/12/2019,11.03,11.10,1.00 (9.90 %)," ",100,"1,110,000",0,0,10.10,11.1,11.10,11.10
18/12/2019,10.04,10.10,-0.50 (-4.72 %)," ",100,"1,010,000",0,0,10.60,10.10,10.10,10.10
17/12/2019,10.53,10.60,0.00 (0.00 %)," ",0,0,0,0,10.60,10.6,10.60,10.60
16/12/2019,10.53,10.60,0.00 (0.00 %)," ",300,"3,380,000",0,0,10.60,11.60,11.60,10.60
13/12/2019,10.53,10.60,0.00 (0.00 %)," ",0,0,0,0,10.60,10.6,10.60,10.60
12/12/2019,10.53,10.60,0.00 (0.00 %)," ",0,0,0,0,10.60,10.60,10.60,10.60
11/12/2019,10.53,10.60,0.00 (0.00 %)," ",0,0,0,0,10.60,10.6,10.60,10.60
10/12/2019,10.53,10.60,-0.50 (-4.50 %)," ",200,"2,120,000",0,0,11.10,10.60,10.60,10.60
09/12/2019,11.03,11.10,-0.80 (-6.72 %)," ",100,"1,110,000",0,0,11.90,11.1,11.10,11.10
06/12/2019,11.82,11.90,0.90 (8.18 %)," ",800,"8,940,000",0,0,11.00,10.30,11.90,10.30
05/12/2019,10.93,11.00,-1.00 (-8.33 %)," ","3,000","39,350,000",0,0,12.00,13.0,13.20,11.00
04/12/2019,11.92,12.00,0.00 (0.00 %)," ",0,0,0,0,12.00,12.00,12.00,12.00
03/12/2019,11.92,12.00,0.00 (0.00 %)," ",0,0,0,0,12.00,12.0,12.00,12.00
02/12/2019,11.92,12.00,0.00 (0.00 %)," ",0,0,0,0,12.00,12.00,12.00,12.00
29/11/2019,11.92,12.00,0.00 (0.00 %)," ",0,0,0,0,12.00,12.0,12.00,12.00
28/11/2019,11.92,12.00,0.00 (0.00 %)," ",0,0,0,0,12.00,12.00,12.00,12.00
27/11/2019,11.92,12.00,0.00 (0.00 %)," ",0,0,0,0,12.00,12.0,12.00,12.00
26/11/2019,11.92,12.00,0.00 (0.00 %)," ",0,0,0,0,12.00,12.00,12.00,12.00
25/11/2019,11.92,12.00,0.00 (0.00 %)," ",50,"575,000",0,0,12.00,12.0,12.00,12.00
21/11/2019,11.92,12.00,0.00 (0.00 %)," ",0,0,0,0,12.00,12.0,12.00,12.00
20/11/2019,11.92,12.00,0.00 (0.00 %)," ",0,0,0,0,12.00,12.00,12.00,12.00
19/11/2019,11.92,12.00,0.00 (0.00 %)," ",300,"3,600,000",0,0,12.00,12.0,12.00,12.00
18/11/2019,11.92,12.00,0.00 (0.00 %)," ",10,"132,000",0,0,12.00,12.00,12.00,12.00
15/11/2019,11.92,12.00,-1.20 (-9.09 %)," ",100,"1,200,000",0,0,13.20,12.0,12.00,12.00
14/11/2019,13.12,13.20,1.20 (10.00 %)," ",500,"6,600,000",0,0,12.00,13.20,13.20,13.20
13/11/2019,11.92,12.00,0.00 (0.00 %)," ",0,0,0,0,12.00,12.0,12.00,12.00
12/11/2019,11.92,12.00,0.10 (0.84 %)," ","3,400","40,410,000",0,0,11.90,11.60,12.00,11.50
11/11/2019,11.82,11.90,0.80 (7.21 %)," ",100,"1,190,000",0,0,11.10,11.9,11.90,11.90
08/11/2019,11.03,11.10,-0.50 (-4.31 %)," ",100,"1,110,000",0,0,11.60,11.10,11.10,11.10
07/11/2019,11.53,11.60,0.30 (2.65 %)," ",300,"3,320,000",0,0,11.30,10.6,11.60,10.60
06/11/2019,11.23,11.30,-0.60 (-5.04 %)," ",100,"1,130,000",0,0,11.90,11.30,11.30,11.30
05/11/2019,11.82,11.90,-1.00 (-7.75 %)," ",100,"1,190,000",0,0,12.90,11.9,11.90,11.90
04/11/2019,12.82,12.90,1.10 (9.32 %)," ","2,200","27,790,000",0,0,11.80,11.70,12.90,11.70
01/11/2019,11.72,11.80,0.50 (4.42 %)," ",500,"5,730,000",0,0,11.30,10.9,11.80,10.90
31/10/2019,11.23,11.30,0.00 (0.00 %)," ",250,"2,785,000",0,0,11.30,10.90,11.30,10.90
30/10/2019,11.23,11.30,-1.00 (-8.13 %)," ",200,"2,330,000",0,0,12.30,12.0,12.00,11.30
29/10/2019,12.22,12.30,0.50 (4.24 %)," ",800,"9,610,000",0,0,11.80,11.10,12.30,11.10
28/10/2019,11.72,11.80,0.90 (8.26 %)," ","4,200","49,600,000",0,0,10.90,11.8,11.90,11.10
24/10/2019,11.03,11.10,0.30 (2.78 %)," ",200,"2,290,000",0,0,10.80,11.8,11.80,11.10
23/10/2019,10.73,10.80,0.00 (0.00 %)," ",0,0,0,0,10.80,10.80,10.80,10.80
22/10/2019,10.73,10.80,0.00 (0.00 %)," ",0,0,0,0,10.80,10.8,10.80,10.80
21/10/2019,10.73,10.80,0.00 (0.00 %)," ",0,0,0,0,10.80,10.80,10.80,10.80
18/10/2019,10.73,10.80,-0.30 (-2.70 %)," ",100,"1,080,000",0,0,11.10,10.8,10.80,10.80
17/10/2019,11.03,11.10,-0.50 (-4.31 %)," ",100,"1,110,000",0,0,11.60,11.10,11.10,11.10
16/10/2019,11.53,11.60,-0.60 (-4.92 %)," ",560,"6,680,000",0,0,12.20,12.0,12.00,11.60
15/10/2019,12.12,12.20,1.10 (9.91 %)," ",410,"4,940,000",0,0,11.10,12.00,12.20,12.00
14/10/2019,11.03,11.10,-0.40 (-3.48 %)," ",100,"1,110,000",0,0,11.50,11.1,11.10,11.10
11/10/2019,11.43,11.50,1.00 (9.52 %)," ",100,"1,150,000",0,0,10.50,11.50,11.50,11.50
10/10/2019,10.43,10.50,0.00 (0.00 %)," ","1,100","11,820,000",0,0,10.50,10.5,11.50,10.00
09/10/2019,10.43,10.50,-0.20 (-1.87 %)," ",100,"1,050,000",0,0,10.70,10.50,10.50,10.50
08/10/2019,10.63,10.70,-0.40 (-3.60 %)," ",100,"1,070,000",0,0,11.10,10.7,10.70,10.70
07/10/2019,11.03,11.10,-0.60 (-5.13 %)," ",100,"1,110,000",0,0,11.70,11.10,11.10,11.10
04/10/2019,11.63,11.70,-0.40 (-3.31 %)," ",300,"3,550,000",0,0,12.10,11.7,12.10,11.70
03/10/2019,12.02,12.10,-0.70 (-5.47 %)," ",300,"3,710,000",0,0,12.80,11.80,13.20,11.80
02/10/2019,12.72,12.80,0.80 (6.67 %)," ",200,"2,360,000",0,0,12.00,10.8,12.80,10.80
01/10/2019,11.92,12.00,1.00 (9.09 %)," ",100,"1,200,000",0,0,11.00,12.00,12.00,12.00
30/09/2019,10.93,11.00,-1.20 (-9.84 %)," ","2,600","29,730,000",0,0,12.20,11.5,11.70,11.00
26/09/2019,13.12,13.20,1.20 (10.00 %)," ",100,"1,320,000",0,0,12.00,13.2,13.20,13.20
25/09/2019,11.92,12.00,0.00 (0.00 %)," ",60,"771,000",0,0,12.00,12.00,12.00,12.00
24/09/2019,11.92,12.00,-0.80 (-6.25 %)," ",100,"1,200,000",0,0,12.80,12.0,12.00,12.00
23/09/2019,12.72,12.80,0.00 (0.00 %)," ",0,0,0,0,12.80,12.80,12.80,12.80
20/09/2019,12.72,12.80,0.00 (0.00 %)," ",0,0,0,0,12.80,12.8,12.80,12.80
19/09/2019,12.72,12.80,-0.50 (-3.76 %)," ",100,"1,280,000",0,0,13.30,12.80,12.80,12.80
18/09/2019,13.21,13.30,-1.30 (-8.90 %)," ",100,"1,330,000",0,0,14.60,13.3,13.30,13.30
17/09/2019,14.51,14.60,1.30 (9.77 %)," ",300,"4,200,000",0,0,13.30,12.80,14.60,12.80
16/09/2019,13.21,13.30,-0.70 (-5.00 %)," ",100,"1,330,000",0,0,14.00,13.3,13.30,13.30
13/09/2019,13.91,14.00,0.10 (0.72 %)," ",300,"4,130,000",0,0,13.90,13.30,14.00,13.30
12/09/2019,13.81,13.90,1.10 (8.59 %)," ",600,"7,900,000",0,0,12.80,13.0,13.90,12.60
11/09/2019,12.72,12.80,0.00 (0.00 %)," ",0,0,0,0,12.80,12.80,12.80,12.80
10/09/2019,12.72,12.80,0.00 (0.00 %)," ",0,0,0,0,12.80,12.8,12.80,12.80
09/09/2019,12.72,12.80,0.00 (0.00 %)," ",0,0,0,0,12.80,12.80,12.80,12.80
06/09/2019,12.72,12.80,-0.80 (-5.88 %)," ",100,"1,280,000",0,0,13.60,12.8,12.80,12.80
05/09/2019,13.51,13.60,-0.90 (-6.21 %)," ",100,"1,360,000",0,0,14.50,13.60,13.60,13.60
04/09/2019,14.41,14.50,-0.90 (-5.84 %)," ",100,"1,450,000",0,0,15.40,14.5,14.50,14.50
03/09/2019,15.30,15.40,-1.20 (-7.23 %)," ","5,200","81,150,000",0,0,16.60,15.80,15.80,15.40
30/08/2019,16.49,16.60,-0.10 (-0.60 %)," ",200,"3,350,000",0,0,16.70,16.9,16.90,16.60
28/08/2019,16.59,16.70,0.00 (0.00 %)," ",0,0,0,0,16.70,16.7,16.70,16.70
27/08/2019,16.59,16.70,0.40 (2.45 %)," ",200,"3,340,000",0,0,16.30,16.70,16.70,16.70
26/08/2019,16.20,16.30,0.00 (0.00 %)," ",0,0,0,0,16.30,16.3,16.30,16.30
23/08/2019,16.20,16.30,-0.50 (-2.98 %)," ",300,"4,950,000",0,0,16.80,16.70,16.70,16.30
22/08/2019,16.69,16.80,0.60 (3.70 %)," ",420,"6,916,000",0,0,16.20,15.1,17.00,15.10
21/08/2019,16.10,16.20,1.40 (9.46 %)," ",900,"14,350,000",0,0,14.80,13.90,16.20,13.90
20/08/2019,14.71,14.80,-1.40 (-8.64 %)," ",100,"1,480,000",0,0,16.20,14.8,14.80,14.80
19/08/2019,16.10,16.20,-1.70 (-9.50 %)," ","5,300","87,802,000",0,0,17.90,16.80,17.00,16.20
16/08/2019,17.79,17.90,-1.20 (-6.28 %)," ","1,000","17,880,000",0,0,19.10,17.7,17.90,17.70
15/08/2019,18.98,19.10,-1.40 (-6.83 %)," ",100,"1,910,000",0,0,20.50,19.10,19.10,19.10
14/08/2019,20.37,20.50,0.00 (0.00 %)," ",0,0,0,0,20.50,20.5,20.50,20.50
13/08/2019,20.37,20.50,-1.90 (-8.48 %)," ","1,400","30,730,000",0,0,22.40,22.30,22.30,20.50
12/08/2019,22.26,22.40,-0.20 (-0.88 %)," ","1,200","27,500,000",0,0,22.60,23.5,24.00,22.40
09/08/2019,22.46,22.60,0.00 (0.00 %)," ",300,"6,860,000",0,0,22.60,23.00,23.00,22.60
08/08/2019,22.46,22.60,-0.10 (-0.44 %)," ",200,"4,530,000",0,0,22.70,22.7,22.70,22.60
07/08/2019,22.55,22.70,-0.10 (-0.44 %)," ",300,"6,630,000",0,0,22.80,20.90,22.70,20.90
06/08/2019,22.65,22.80,0.00 (0.00 %)," ",200,"4,690,000",0,0,22.80,24.1,24.10,22.80
05/08/2019,22.65,22.80,0.00 (0.00 %)," ",200,"4,580,000",0,0,22.80,23.00,23.00,22.80
02/08/2019,22.65,22.80,-0.20 (-0.87 %)," ",200,"4,580,000",0,0,23.00,23.0,23.00,22.80
31/07/2019,23.65,23.80,1.20 (5.31 %)," ","1,200","28,450,000",0,0,22.60,24.0,24.00,22.50
30/07/2019,22.46,22.60,0.00 (0.00 %)," ",200,"4,300,000",0,0,22.60,20.40,22.60,20.40
29/07/2019,22.46,22.60,-0.90 (-3.83 %)," ",100,"2,260,000",0,0,23.50,22.6,22.60,22.60
26/07/2019,23.35,23.50,1.80 (8.29 %)," ",100,"2,350,000",0,0,21.70,23.50,23.50,23.50
25/07/2019,21.56,21.70,0.00 (0.00 %)," ",0,0,0,0,21.70,21.7,21.70,21.70
24/07/2019,21.56,21.70,-0.20 (-0.91 %)," ",200,"4,360,000",0,0,21.90,21.90,21.90,21.70
23/07/2019,21.76,21.90,0.00 (0.00 %)," ",0,0,0,0,21.90,21.9,21.90,21.90
22/07/2019,21.76,21.90,0.00 (0.00 %)," ",0,0,0,0,21.90,21.90,21.90,21.90
19/07/2019,21.76,21.90,-1.10 (-4.78 %)," ",700,"15,630,000",0,0,23.00,23.3,23.30,20.70
18/07/2019,22.85,23.00,0.00 (0.00 %)," ",400,"8,980,000",0,0,23.00,20.80,23.00,20.80
17/07/2019,22.85,23.00,0.00 (0.00 %)," ",10,"250,000",0,0,23.00,23.0,23.00,23.00
16/07/2019,22.85,23.00,0.00 (0.00 %)," ",0,0,0,0,23.00,23.00,23.00,23.00
15/07/2019,22.85,23.00,0.00 (0.00 %)," ",700,"16,280,000",0,0,23.00,23.3,23.30,23.00
12/07/2019,22.85,23.00,0.00 (0.00 %)," ",0,0,0,0,23.00,23.00,23.00,23.00
11/07/2019,22.85,23.00,0.00 (0.00 %)," ",0,0,0,0,23.00,23.0,23.00,23.00
10/07/2019,22.85,23.00,0.00 (0.00 %)," ",0,0,0,0,23.00,23.00,23.00,23.00
09/07/2019,22.85,23.00,0.00 (0.00 %)," ",0,0,0,0,23.00,23.0,23.00,23.00
08/07/2019,22.85,23.00,-1.80 (-7.26 %)," ",300,"6,890,000",0,0,24.80,22.40,23.50,22.40
05/07/2019,24.64,24.80,2.00 (8.77 %)," ",100,"2,480,000",0,0,22.80,24.8,24.80,24.80
03/07/2019,22.65,22.80,-0.10 (-0.44 %)," ",100,"2,280,000",0,0,22.90,22.8,22.80,22.80
02/07/2019,22.75,22.90,0.00 (0.00 %)," ",0,0,0,0,22.90,22.90,22.90,22.90
01/07/2019,22.75,22.90,-1.10 (-4.58 %)," ",100,"2,290,000",0,0,24.00,22.9,22.90,22.90
28/06/2019,23.85,24.00,1.40 (6.19 %)," ",300,"7,200,000",0,0,22.60,24.00,24.00,24.00
27/06/2019,22.46,22.60,-0.20 (-0.88 %)," ",500,"11,220,000",0,0,22.80,20.6,23.50,20.60
26/06/2019,22.65,22.80,-0.10 (-0.44 %)," ",200,"4,660,000",0,0,22.90,23.80,23.80,22.80
25/06/2019,22.75,22.90,0.00 (0.00 %)," ",200,"4,580,000",0,0,22.90,22.9,22.90,22.90
24/06/2019,22.75,22.90,0.00 (0.00 %)," ",0,0,0,0,22.90,22.90,22.90,22.90
21/06/2019,22.75,22.90,-0.30 (-1.29 %)," ",400,"9,170,000",0,0,23.20,23.1,23.10,22.80
20/06/2019,23.05,23.20,-0.70 (-2.93 %)," ",300,"6,950,000",0,0,23.90,23.10,23.20,23.10
19/06/2019,23.75,23.90,0.00 (0.00 %)," ",100,"2,390,000",0,0,23.90,23.9,23.90,23.90
18/06/2019,23.75,23.90,1.00 (4.37 %)," ",300,"7,060,000",0,0,22.90,22.80,23.90,22.80
17/06/2019,22.75,22.90,-1.70 (-6.91 %)," ",300,"6,980,000",0,0,24.60,24.0,24.00,22.90
14/06/2019,24.44,24.60,1.80 (7.89 %)," ",200,"4,730,000",0,0,22.80,22.70,24.60,22.70
13/06/2019,22.65,22.80,-0.10 (-0.44 %)," ",600,"13,680,000",0,0,22.90,22.8,22.80,22.80
12/06/2019,22.75,22.90,-1.10 (-4.58 %)," ",500,"11,570,000",0,0,24.00,23.20,23.20,22.90
11/06/2019,23.85,24.00,0.90 (3.90 %)," ",400,"9,500,000",0,0,23.10,23.0,24.00,23.00
10/06/2019,22.95,23.10,-1.30 (-5.33 %)," ",200,"4,610,000",0,0,24.40,23.00,23.10,23.00
07/06/2019,24.24,24.40,1.90 (8.44 %)," ",200,"4,720,000",0,0,22.50,22.8,24.40,22.80
05/06/2019,21.96,22.10,-0.10 (-0.45 %)," ",200,"4,210,000",0,0,22.20,20.0,22.10,20.00
04/06/2019,22.06,22.20,-0.40 (-1.77 %)," ",400,"8,880,000",0,0,22.60,22.20,22.20,22.20
03/06/2019,22.46,22.60,-1.40 (-5.83 %)," ",400,"9,040,000",0,0,24.00,22.6,22.60,22.60
31/05/2019,23.85,24.00,1.10 (4.80 %)," ","1,700","39,290,000",0,0,22.90,22.90,24.00,22.30
30/05/2019,22.75,22.90,1.40 (6.51 %)," ","15,000","341,710,000",0,0,21.50,19.4,23.40,19.40
29/05/2019,21.36,21.50,-0.60 (-2.71 %)," ",700,"15,050,000",0,0,22.10,21.50,21.50,21.50
28/05/2019,21.96,22.10,0.70 (3.27 %)," ",500,"10,680,000",0,0,21.40,22.3,22.30,19.30
27/05/2019,21.26,21.40,-2.20 (-9.32 %)," ","1,100","23,690,000",0,0,23.60,21.40,22.50,21.30
24/05/2019,23.45,23.60,1.90 (8.76 %)," ","1,700","38,380,000",0,0,21.70,20.1,23.60,20.10
23/05/2019,21.56,21.70,1.30 (6.37 %)," ","5,500","111,720,000",0,0,20.40,22.00,22.00,20.00
22/05/2019,20.27,20.40,-1.50 (-6.85 %)," ","1,400","29,630,000",0,0,21.90,22.4,22.40,20.40
21/05/2019,21.76,21.90,-0.50 (-2.23 %)," ","2,400","53,420,000",0,0,22.40,24.50,24.50,20.80
20/05/2019,22.26,22.40,-2.40 (-9.68 %)," ","2,700","61,340,000",0,0,24.80,23.9,23.90,22.40
17/05/2019,24.64,24.80,1.10 (4.64 %)," ",400,"9,670,000",0,0,23.70,23.60,24.80,23.50
16/05/2019,23.55,23.70,-0.10 (-0.42 %)," ",600,"14,140,000",0,0,23.80,23.8,23.80,22.90
15/05/2019,23.65,23.80,-1.60 (-6.30 %)," ",610,"14,850,000",0,0,25.40,25.40,25.40,23.80
14/05/2019,25.24,25.40,0.50 (2.01 %)," ",400,"9,850,000",0,0,24.90,23.8,25.40,23.80
13/05/2019,24.74,24.90,-0.10 (-0.40 %)," ",500,"12,180,000",0,0,25.00,24.00,24.90,24.00
10/05/2019,24.84,25.00,1.10 (4.60 %)," ",400,"9,610,000",0,0,23.90,24.3,25.00,23.30
08/05/2019,24.54,24.70,1.80 (7.86 %)," ",100,"2,470,000",0,0,22.90,24.7,24.70,24.70
07/05/2019,22.75,22.90,-1.00 (-4.18 %)," ","1,800","42,040,000",0,0,23.90,26.00,26.00,22.80
06/05/2019,23.75,23.90,-0.60 (-2.45 %)," ",900,"21,360,000",0,0,24.50,24.0,24.00,23.00
03/05/2019,24.34,24.50,0.70 (2.94 %)," ",900,"21,490,000",0,0,23.80,23.60,24.50,23.40
02/05/2019,23.65,23.80,0.20 (0.85 %)," ",500,"11,820,000",0,0,23.60,23.8,23.80,23.40
26/04/2019,23.45,23.60,-0.80 (-3.28 %)," ","2,200","53,030,000",0,0,24.40,23.70,25.00,23.60
25/04/2019,24.24,24.40,-0.30 (-1.21 %)," ",200,"4,800,000",0,0,24.70,23.6,24.40,23.60
24/04/2019,24.54,24.70,1.60 (6.93 %)," ",200,"4,780,000",0,0,23.10,23.10,24.70,23.10
23/04/2019,22.95,23.10,-0.40 (-1.70 %)," ",500,"11,600,000",0,0,23.50,23.5,23.50,23.10
22/04/2019,23.35,23.50,-0.30 (-1.26 %)," ",800,"18,690,000",0,0,23.80,23.40,23.50,23.20
19/04/2019,23.65,23.80,0.40 (1.71 %)," ",400,"9,470,000",0,0,23.40,23.7,23.80,23.40
18/04/2019,23.25,23.40,0.00 (0.00 %)," ",300,"6,990,000",0,0,23.40,23.10,23.40,23.10
17/04/2019,23.25,23.40,-0.20 (-0.85 %)," ",200,"4,650,000",0,0,23.60,23.1,23.40,23.10
16/04/2019,23.45,23.60,0.70 (3.06 %)," ",300,"7,000,000",0,0,22.90,22.80,23.60,22.80
12/04/2019,22.75,22.90,0.00 (0.00 %)," ",200,"4,570,000",0,0,22.90,22.8,22.90,22.80
11/04/2019,22.75,22.90,0.00 (0.00 %)," ",200,"4,570,000",0,0,22.90,22.80,22.90,22.80
10/04/2019,22.75,22.90,0.00 (0.00 %)," ",400,"9,140,000",0,0,22.90,22.8,22.90,22.80
09/04/2019,22.75,22.90,-0.40 (-1.72 %)," ",300,"6,860,000",0,0,23.30,22.80,22.90,22.80
08/04/2019,23.15,23.30,0.50 (2.19 %)," ",200,"4,600,000",0,0,22.80,22.7,23.30,22.70
04/04/2019,22.85,23.00,-0.20 (-0.86 %)," ",200,"4,570,000",0,0,23.20,22.7,23.00,22.70
03/04/2019,23.05,23.20,0.40 (1.75 %)," ",300,"6,910,000",0,0,22.80,22.70,23.20,22.70
02/04/2019,22.65,22.80,-0.10 (-0.44 %)," ",200,"4,540,000",0,0,22.90,22.6,22.80,22.60
01/04/2019,22.75,22.90,-0.40 (-1.72 %)," ",400,"9,050,000",0,0,23.30,22.50,22.90,22.20
29/03/2019,23.15,23.30,0.40 (1.75 %)," ",500,"11,650,000",0,0,22.90,23.3,23.30,23.30
28/03/2019,22.75,22.90,0.00 (0.00 %)," ",300,"6,840,000",0,0,22.90,22.60,22.90,22.60
27/03/2019,22.75,22.90,0.10 (0.44 %)," ",300,"6,870,000",0,0,22.80,22.9,22.90,22.90
26/03/2019,22.65,22.80,0.10 (0.44 %)," ","15,400","343,530,000",0,0,22.70,22.50,22.80,22.20
25/03/2019,22.55,22.70,-0.20 (-0.87 %)," ",200,"4,530,000",0,0,22.90,22.6,22.70,22.60
22/03/2019,22.75,22.90,0.30 (1.33 %)," ",500,"11,370,000",0,0,22.60,22.70,22.90,22.60
21/03/2019,22.46,22.60,-0.10 (-0.44 %)," ","2,700","61,090,000",0,0,22.70,23.5,23.50,22.50
20/03/2019,22.55,22.70,-0.70 (-2.99 %)," ",800,"18,160,000",0,0,23.40,22.70,22.70,22.70
19/03/2019,23.25,23.40,-0.10 (-0.43 %)," ","1,100","25,280,000",0,0,23.50,23.0,23.50,22.10
18/03/2019,23.35,23.50,0.00 (0.00 %)," ",300,"6,930,000",0,0,23.50,22.90,23.50,22.90
15/03/2019,23.35,23.50,0.10 (0.43 %)," ",300,"7,000,000",0,0,23.40,23.0,23.50,23.00
14/03/2019,23.25,23.40,0.20 (0.86 %)," ","1,310","28,887,000",0,0,23.20,21.80,23.40,21.80
13/03/2019,23.05,23.20,0.40 (1.75 %)," ",600,"14,220,000",0,0,22.80,22.6,24.60,22.60
12/03/2019,22.65,22.80,-0.20 (-0.87 %)," ",200,"4,560,000",0,0,23.00,22.80,22.80,22.80
11/03/2019,22.85,23.00,0.50 (2.22 %)," ","3,502","78,934,000",0,0,22.50,24.1,24.10,21.90
07/03/2019,22.55,22.70,0.40 (1.79 %)," ",300,"6,700,000",0,0,22.30,21.6,22.70,21.60
06/03/2019,22.16,22.30,-0.20 (-0.89 %)," ","1,315","28,482,500",0,0,22.50,21.60,22.30,21.60
05/03/2019,22.36,22.50,0.40 (1.81 %)," ","1,900","42,220,000",0,0,22.10,21.6,22.90,21.60
04/03/2019,21.96,22.10,0.80 (3.76 %)," ","14,004","314,076,400",0,0,21.30,23.00,23.30,21.20
01/03/2019,21.16,21.30,-0.20 (-0.93 %)," ",100,"2,130,000",0,0,21.50,21.3,21.30,21.30
28/02/2019,21.36,21.50,0.00 (0.00 %)," ","3,700","80,890,000",0,0,21.50,23.00,23.20,21.20
27/02/2019,21.36,21.50,0.10 (0.47 %)," ","7,100","163,120,000",0,0,21.40,23.4,23.50,21.00
26/02/2019,21.26,21.40,-0.10 (-0.47 %)," ",200,"4,250,000",0,0,21.50,21.10,21.40,21.10
25/02/2019,21.36,21.50,0.00 (0.00 %)," ",400,"8,450,000",0,0,21.50,21.0,21.50,21.00
22/02/2019,21.36,21.50,0.70 (3.37 %)," ",731,"15,581,400",0,0,20.80,22.60,22.60,20.90
21/02/2019,20.67,20.80,-0.20 (-0.95 %)," ",600,"12,570,000",0,0,21.00,20.9,21.30,20.80
20/02/2019,20.87,21.00,-0.50 (-2.33 %)," ",400,"8,400,000",0,0,21.50,21.00,21.00,21.00
19/02/2019,21.36,21.50,0.80 (3.86 %)," ",700,"14,970,000",0,0,20.70,19.8,22.50,19.80
18/02/2019,20.57,20.70,-0.60 (-2.82 %)," ",200,"4,170,000",0,0,21.30,21.00,21.00,20.70
15/02/2019,21.16,21.30,0.20 (0.95 %)," ",410,"8,992,000",0,0,21.10,22.0,23.20,21.10
14/02/2019,20.97,21.10,-0.30 (-1.40 %)," ",200,"4,210,000",0,0,21.40,21.00,21.10,21.00
13/02/2019,21.26,21.40,0.10 (0.47 %)," ",431,"9,171,000",0,0,21.30,21.0,21.40,21.00
12/02/2019,21.16,21.30,0.50 (2.40 %)," ",400,"8,390,000",0,0,20.80,20.70,21.30,20.60
11/02/2019,20.67,20.80,-0.30 (-1.42 %)," ",309,"6,459,000",0,0,21.10,21.0,21.00,20.80
31/01/2019,20.97,21.10,-0.80 (-3.65 %)," ","6,900","149,920,000",0,0,21.90,21.9,22.00,21.10
30/01/2019,21.76,21.90,1.40 (6.83 %)," ","1,300","27,720,000",0,0,20.50,20.80,21.90,20.50
29/01/2019,20.37,20.50,-0.80 (-3.76 %)," ",200,"4,160,000",0,0,21.30,21.1,21.10,20.50
28/01/2019,21.16,21.30,-0.10 (-0.47 %)," ",500,"10,420,000",0,0,21.40,20.20,21.70,19.90
25/01/2019,21.26,21.40,0.20 (0.94 %)," ",100,"2,140,000",0,0,21.20,21.4,21.40,21.40
24/01/2019,21.06,21.20,-0.40 (-1.85 %)," ",200,"4,240,000",0,0,21.60,21.20,21.20,21.20
23/01/2019,21.46,21.60,0.00 (0.00 %)," ","1,000","20,550,000",0,0,21.60,21.0,21.60,20.10
22/01/2019,21.46,21.60,0.00 (0.00 %)," ",300,"6,430,000",0,0,21.60,21.60,21.60,21.10
21/01/2019,21.46,21.60,-0.10 (-0.46 %)," ",400,"8,860,000",0,0,21.70,23.7,23.70,21.60
18/01/2019,21.56,21.70,0.10 (0.46 %)," ",500,"10,820,000",0,0,21.60,21.10,22.10,21.10
17/01/2019,21.46,21.60,0.00 (0.00 %)," ",300,"6,430,000",0,0,21.60,21.1,21.60,21.10
16/01/2019,21.46,21.60,0.50 (2.37 %)," ",500,"10,740,000",0,0,21.10,21.00,21.60,21.00
15/01/2019,20.97,21.10,-0.10 (-0.47 %)," ",400,"8,460,000",0,0,21.20,21.0,21.40,21.00
14/01/2019,21.06,21.20,0.10 (0.47 %)," ",200,"4,210,000",0,0,21.10,20.90,21.20,20.90
11/01/2019,20.97,21.10,-0.30 (-1.40 %)," ",600,"13,000,000",0,0,21.40,21.8,21.80,21.10
10/01/2019,21.26,21.40,1.20 (5.94 %)," ",500,"10,000,000",0,0,20.20,20.40,21.40,18.80
09/01/2019,20.07,20.20,-1.10 (-5.16 %)," ",400,"8,000,000",0,0,21.30,21.1,21.40,20.00
08/01/2019,21.16,21.30,0.40 (1.91 %)," ",500,"10,510,000",0,0,20.90,20.90,21.30,20.80
07/01/2019,20.77,20.90,-0.90 (-4.13 %)," ","1,100","23,020,000",0,0,21.80,21.1,21.10,20.70
03/01/2019,21.26,21.40,-0.60 (-2.73 %)," ",600,"12,740,000",0,0,22.00,20.9,21.40,20.90
02/01/2019,21.86,22.00,-0.50 (-2.22 %)," ",700,"14,700,000",0,0,22.50,20.70,22.00,20.70
28/12/2018,22.36,22.50,-0.30 (-1.32 %)," ","17,200","390,790,000",0,0,22.80,24.5,24.50,21.30
27/12/2018,22.65,22.80,0.00 (0.00 %)," ","3,000","69,120,000",0,0,22.80,24.00,25.00,21.10
26/12/2018,22.65,22.80,1.10 (5.07 %)," ","4,230","93,750,000",0,0,21.70,23.0,23.00,21.00
25/12/2018,21.56,21.70,0.00 (0.00 %)," ",800,"17,380,000",0,0,21.70,22.40,22.40,21.20
24/12/2018,21.56,21.70,-0.70 (-3.13 %)," ",400,"8,710,000",0,0,22.40,22.0,22.00,21.70
21/12/2018,22.26,22.40,0.60 (2.75 %)," ","5,940","131,528,000",0,0,21.80,21.80,22.50,21.60
20/12/2018,21.66,21.80,-0.10 (-0.46 %)," ",200,"4,340,000",0,0,21.90,21.6,21.80,21.60
19/12/2018,21.76,21.90,-0.20 (-0.90 %)," ",300,"6,540,000",0,0,22.10,21.60,21.90,21.60
18/12/2018,21.96,22.10,0.50 (2.31 %)," ","8,600","198,890,000",0,0,21.60,21.6,23.60,21.20
17/12/2018,21.46,21.60,-1.20 (-5.26 %)," ","1,700","37,110,000",0,0,22.80,22.20,22.50,21.60
14/12/2018,22.65,22.80,0.90 (4.11 %)," ","9,800","220,240,000",0,0,21.90,21.9,23.00,21.00
13/12/2018,21.76,21.90,-0.10 (-0.45 %)," ",800,"17,550,000",0,0,22.00,22.00,22.00,21.80
12/12/2018,21.86,22.00,0.30 (1.38 %)," ",400,"8,730,000",0,0,21.70,21.7,22.00,21.60
11/12/2018,21.56,21.70,-0.40 (-1.81 %)," ",810,"18,015,000",0,0,22.10,24.00,24.00,21.60
10/12/2018,21.96,22.10,1.10 (5.24 %)," ","2,500","52,690,000",0,0,21.00,22.5,22.50,20.30
07/12/2018,20.87,21.00,1.50 (7.69 %)," ","10,000","207,930,000",0,0,19.50,19.30,21.00,19.10
06/12/2018,19.38,19.50,0.70 (3.72 %)," ",700,"13,550,000",0,0,18.80,18.9,19.80,18.80
04/12/2018,18.68,18.80,0.10 (0.53 %)," ","1,400","26,330,000",0,0,18.70,20.0,20.00,18.60
03/12/2018,18.58,18.70,-1.30 (-6.50 %)," ","1,000","18,980,000",0,0,20.00,20.00,20.00,18.70
30/11/2018,19.87,20.00,1.40 (7.53 %)," ","10,600","210,350,000",0,0,18.60,18.5,20.00,18.50
29/11/2018,18.48,18.60,0.20 (1.09 %)," ",800,"14,920,000",0,0,18.40,18.80,18.80,18.60
28/11/2018,18.28,18.40,-0.50 (-2.65 %)," ","1,100","20,450,000",0,0,18.90,18.7,18.70,18.40
27/11/2018,18.78,18.90,0.40 (2.16 %)," ","6,400","120,500,000",0,0,18.50,18.50,19.40,18.50
26/11/2018,18.38,18.50,0.00 (0.00 %)," ",500,"9,200,000",0,0,18.50,18.0,18.50,18.00
23/11/2018,18.38,18.50,-0.50 (-2.63 %)," ","8,000","150,160,000",0,0,19.00,19.40,19.50,18.40
22/11/2018,18.88,19.00,0.60 (3.26 %)," ","4,400","82,770,000",0,0,18.40,17.1,19.90,17.10
21/11/2018,18.28,18.40,-0.10 (-0.54 %)," ","1,550","28,055,000",0,0,18.50,17.10,18.40,17.10
20/11/2018,18.38,18.50,0.10 (0.54 %)," ","2,000","36,950,000",0,0,18.40,18.0,18.50,18.00
19/11/2018,18.28,18.40,0.10 (0.55 %)," ","7,700","138,680,000",0,0,18.30,18.00,18.40,18.00
16/11/2018,18.18,18.30,-0.10 (-0.54 %)," ","1,600","29,350,000",0,0,18.40,18.4,18.40,18.00
15/11/2018,18.28,18.40,0.60 (3.37 %)," ","5,900","108,820,000",0,0,17.80,16.20,19.40,16.20
14/11/2018,17.69,17.80,0.20 (1.14 %)," ",300,"5,290,000",0,0,17.60,17.3,17.80,17.30
13/11/2018,17.49,17.60,0.10 (0.57 %)," ","3,200","55,820,000",0,0,17.50,17.00,17.60,17.00
12/11/2018,17.39,17.50,-0.30 (-1.69 %)," ",400,"6,970,000",0,0,17.80,17.1,17.60,17.10
09/11/2018,17.69,17.80,0.90 (5.33 %)," ","6,100","107,180,000",0,0,16.90,17.30,17.90,16.80
08/11/2018,16.79,16.90,-0.60 (-3.43 %)," ",200,"3,370,000",0,0,17.50,16.8,16.90,16.80
06/11/2018,17.29,17.40,0.00 (0.00 %)," ",400,"6,860,000",0,0,17.40,16.9,17.40,16.90
05/11/2018,17.29,17.40,-0.30 (-1.69 %)," ",700,"12,010,000",0,0,17.70,17.00,17.40,16.90
02/11/2018,17.59,17.70,1.10 (6.63 %)," ",400,"7,080,000",0,0,16.60,17.7,17.70,17.70
01/11/2018,16.49,16.60,-0.40 (-2.35 %)," ","3,600","59,720,000",0,0,17.00,16.10,16.80,16.10
31/10/2018,16.89,17.00,-0.30 (-1.73 %)," ","43,300","708,160,000",0,0,17.30,18.4,18.60,15.80
30/10/2018,17.19,17.30,0.50 (2.98 %)," ","1,900","32,970,000",0,0,16.80,15.40,17.80,15.40
29/10/2018,16.69,16.80,-0.70 (-4.00 %)," ","1,300","22,470,000",0,0,17.50,18.1,18.10,16.80
26/10/2018,17.39,17.50,0.70 (4.17 %)," ","1,500","26,140,000",0,0,16.80,17.90,17.90,16.70
25/10/2018,16.69,16.80,-0.60 (-3.45 %)," ","4,000","67,200,000",0,0,17.40,17.4,19.10,16.60
24/10/2018,17.29,17.40,0.80 (4.82 %)," ",300,"5,160,000",0,0,16.60,16.80,17.40,16.80
23/10/2018,16.49,16.60,-0.40 (-2.35 %)," ",900,"15,390,000",0,0,17.00,18.7,18.70,16.60
22/10/2018,16.89,17.00,-0.20 (-1.16 %)," ","1,400","23,550,000",0,0,17.20,15.90,17.40,15.90
19/10/2018,17.09,17.20,0.10 (0.58 %)," ",900,"15,470,000",0,0,17.10,17.8,17.80,16.90
18/10/2018,16.99,17.10,-0.10 (-0.58 %)," ",900,"15,280,000",0,0,17.20,17.00,17.10,16.90
17/10/2018,17.09,17.20,0.10 (0.58 %)," ","2,700","46,220,000",0,0,17.10,17.0,17.20,16.90
16/10/2018,16.99,17.10,-0.10 (-0.58 %)," ","1,000","17,240,000",0,0,17.20,18.00,18.00,17.10
15/10/2018,17.09,17.20,-0.40 (-2.27 %)," ","1,700","29,280,000",0,0,17.60,18.0,18.00,15.90
12/10/2018,17.49,17.60,1.00 (6.02 %)," ","15,800","277,370,000",0,0,16.60,17.20,18.10,15.20
11/10/2018,16.49,16.60,-0.60 (-3.49 %)," ","12,500","207,450,000",0,0,17.20,16.9,17.20,16.00
09/10/2018,17.09,17.20,-0.10 (-0.58 %)," ","1,000","17,130,000",0,0,17.30,17.3,17.30,16.00
08/10/2018,17.19,17.30,-0.10 (-0.57 %)," ","2,000","34,260,000",0,0,17.40,17.10,17.30,17.10
05/10/2018,17.29,17.40,1.00 (6.10 %)," ","16,600","283,660,000","155,000","2,681,500,000",16.40,16.4,17.80,16.40
04/10/2018,16.30,16.40,0.10 (0.61 %)," ","2,200","35,930,000",0,0,16.30,16.50,16.50,16.30
03/10/2018,16.20,16.30,0.00 (0.00 %)," ","6,300","101,470,000",0,0,16.30,16.0,16.30,16.00
02/10/2018,16.20,16.30,-0.90 (-5.23 %)," ","6,700","110,170,000",0,0,17.20,17.20,17.20,15.60
01/10/2018,17.09,17.20,-1.90 (-9.95 %)," ","274,800","4,745,740,000",0,0,19.10,20.4,20.70,17.20
28/09/2018,18.98,19.10,-0.50 (-2.55 %)," ",100,"1,910,000",0,0,19.60,19.10,19.10,19.10
27/09/2018,19.47,19.60,0.00 (0.00 %)," ",0,0,0,0,19.60,19.6,19.60,19.60
26/09/2018,19.47,19.60,0.90 (4.81 %)," ","15,600","281,280,000",0,0,18.70,20.50,20.50,17.00
25/09/2018,18.58,18.70,-1.70 (-8.33 %)," ",100,"1,870,000",0,0,20.40,18.7,18.70,18.70
24/09/2018,20.27,20.40,0.30 (1.49 %)," ",300,"6,120,000",0,0,20.10,20.40,20.40,20.40
21/09/2018,19.97,20.10,0.00 (0.00 %)," ",300,"6,120,000",0,0,20.10,20.6,20.60,20.10
20/09/2018,19.97,20.10,-0.70 (-3.37 %)," ",130,"2,640,000",0,0,20.80,20.10,20.10,20.10
19/09/2018,20.67,20.80,0.20 (0.97 %)," ",250,"5,370,000",0,0,20.60,22.5,22.50,20.80
18/09/2018,20.47,20.60,0.00 (0.00 %)," ",0,0,0,0,20.60,20.60,20.60,20.60
17/09/2018,20.47,20.60,0.00 (0.00 %)," ",900,"18,940,000",0,0,20.60,21.4,21.40,20.20
14/09/2018,20.47,20.60,-0.80 (-3.74 %)," ",100,"2,060,000",0,0,21.40,20.60,20.60,20.60
13/09/2018,21.26,21.40,0.10 (0.47 %)," ",110,"2,354,000",0,0,21.30,21.4,21.40,21.40
11/09/2018,22.55,22.70,-0.30 (-1.30 %)," ",400,"9,060,000",0,0,23.00,22.9,22.90,22.30
10/09/2018,22.85,23.00,-1.00 (-4.17 %)," ","1,700","39,750,000",0,0,24.00,23.50,23.50,23.00
07/09/2018,23.85,24.00,-0.70 (-2.83 %)," ",100,"2,400,000",0,0,24.70,24.0,24.00,24.00
06/09/2018,24.54,24.70,0.00 (0.00 %)," ",300,"7,230,000",0,0,24.70,22.90,24.70,22.90
05/09/2018,24.54,24.70,0.30 (1.23 %)," ",400,"9,640,000",0,0,24.40,22.6,24.70,22.60
04/09/2018,24.24,24.40,-0.90 (-3.56 %)," ",200,"4,730,000",0,0,25.30,22.90,24.40,22.90
31/08/2018,25.14,25.30,0.00 (0.00 %)," ",610,"15,014,000",0,0,25.30,23.2,25.30,23.20
30/08/2018,25.14,25.30,0.40 (1.61 %)," ",200,"4,800,000",0,0,24.90,22.70,25.30,22.70
29/08/2018,24.74,24.90,-2.70 (-9.78 %)," ","2,800","69,740,000",0,0,27.60,25.1,25.10,24.90
28/08/2018,27.42,27.60,1.90 (7.39 %)," ",300,"7,410,000",0,0,25.70,23.20,27.60,23.20
27/08/2018,25.54,25.70,-2.80 (-9.82 %)," ","1,710","43,947,000",0,0,28.50,25.7,25.70,25.70
24/08/2018,28.32,28.50,-0.40 (-1.38 %)," ","3,600","95,250,000",0,0,28.90,26.40,28.50,26.40
23/08/2018,28.72,28.90,0.30 (1.05 %)," ",500,"13,580,000",0,0,28.60,25.9,28.90,25.90
22/08/2018,28.42,28.60,0.80 (2.88 %)," ",200,"5,400,000",0,0,27.80,25.40,28.60,25.40
21/08/2018,27.62,27.80,-0.40 (-1.42 %)," ",800,"21,390,000",0,0,28.20,25.5,27.80,25.50
20/08/2018,28.02,28.20,-0.30 (-1.05 %)," ","1,200","31,390,000",0,0,28.50,26.00,28.20,25.70
17/08/2018,28.32,28.50,1.70 (6.34 %)," ",500,"13,830,000",0,0,26.80,24.3,28.50,24.30
16/08/2018,26.63,26.80,2.20 (8.94 %)," ",300,"7,590,000",0,0,24.60,22.30,26.80,22.30
15/08/2018,24.44,24.60,-2.50 (-9.23 %)," ",300,"7,380,000",0,0,27.10,24.6,24.60,24.60
11/09/2018,22.55,22.70,-0.30 (-1.30 %)," ",400,"9,060,000",0,0,23.00,22.9,22.90,22.30
10/09/2018,22.85,23.00,-1.00 (-4.17 %)," ","1,700","39,750,000",0,0,24.00,23.50,23.50,23.00
07/09/2018,23.85,24.00,-0.70 (-2.83 %)," ",100,"2,400,000",0,0,24.70,24.0,24.00,24.00
06/09/2018,24.54,24.70,0.00 (0.00 %)," ",300,"7,230,000",0,0,24.70,22.90,24.70,22.90
05/09/2018,24.54,24.70,0.30 (1.23 %)," ",400,"9,640,000",0,0,24.40,22.6,24.70,22.60
04/09/2018,24.24,24.40,-0.90 (-3.56 %)," ",200,"4,730,000",0,0,25.30,22.90,24.40,22.90
31/08/2018,25.14,25.30,0.00 (0.00 %)," ",610,"15,014,000",0,0,25.30,23.2,25.30,23.20
30/08/2018,25.14,25.30,0.40 (1.61 %)," ",200,"4,800,000",0,0,24.90,22.70,25.30,22.70
29/08/2018,24.74,24.90,-2.70 (-9.78 %)," ","2,800","69,740,000",0,0,27.60,25.1,25.10,24.90
28/08/2018,27.42,27.60,1.90 (7.39 %)," ",300,"7,410,000",0,0,25.70,23.20,27.60,23.20
27/08/2018,25.54,25.70,-2.80 (-9.82 %)," ","1,710","43,947,000",0,0,28.50,25.7,25.70,25.70
24/08/2018,28.32,28.50,-0.40 (-1.38 %)," ","3,600","95,250,000",0,0,28.90,26.40,28.50,26.40
23/08/2018,28.72,28.90,0.30 (1.05 %)," ",500,"13,580,000",0,0,28.60,25.9,28.90,25.90
22/08/2018,28.42,28.60,0.80 (2.88 %)," ",200,"5,400,000",0,0,27.80,25.40,28.60,25.40
21/08/2018,27.62,27.80,-0.40 (-1.42 %)," ",800,"21,390,000",0,0,28.20,25.5,27.80,25.50
20/08/2018,28.02,28.20,-0.30 (-1.05 %)," ","1,200","31,390,000",0,0,28.50,26.00,28.20,25.70
17/08/2018,28.32,28.50,1.70 (6.34 %)," ",500,"13,830,000",0,0,26.80,24.3,28.50,24.30
16/08/2018,26.63,26.80,2.20 (8.94 %)," ",300,"7,590,000",0,0,24.60,22.30,26.80,22.30
15/08/2018,24.44,24.60,-2.50 (-9.23 %)," ",300,"7,380,000",0,0,27.10,24.6,24.60,24.60
