21/04/2022,39.50,39.50,0.00 (0.00 %)," ",0,0,0,0,39.50,39.5,39.50,39.50
20/04/2022,39.50,39.50,0.30 (0.77 %)," ","3,900","154,550,000",0,0,39.20,39.50,40.00,39.50
19/04/2022,39.20,39.20,-0.30 (-0.76 %)," ",200,"7,840,000",0,0,39.50,39.2,39.20,39.20
18/04/2022,39.50,39.50,0.00 (0.00 %)," ",0,0,0,0,39.50,39.50,39.50,39.50
14/04/2022,39.50,39.50,0.00 (0.00 %)," ",0,0,0,0,39.50,39.5,39.50,39.50
13/04/2022,39.50,39.50,0.00 (0.00 %)," ",0,0,0,0,39.50,39.50,39.50,39.50
12/04/2022,39.50,39.50,0.00 (0.00 %)," ",0,0,0,0,39.50,39.5,39.50,39.50
08/04/2022,39.50,39.50,0.00 (0.00 %)," ",0,0,0,0,39.50,39.50,39.50,39.50
07/04/2022,39.50,39.50,0.00 (0.00 %)," ",0,0,0,0,39.50,39.5,39.50,39.50
06/04/2022,39.50,39.50,0.00 (0.00 %)," ",0,0,0,0,39.50,39.50,39.50,39.50
05/04/2022,39.50,39.50,0.00 (0.00 %)," ",0,0,0,0,39.50,39.5,39.50,39.50
04/04/2022,39.50,39.50,0.00 (0.00 %)," ",0,0,0,0,39.50,39.50,39.50,39.50
01/04/2022,39.50,39.50,-0.10 (-0.25 %)," ","3,200","125,780,000",0,0,39.60,39.3,39.50,39.30
31/03/2022,39.60,39.60,0.00 (0.00 %)," ","3,000","118,800,000",0,0,39.60,39.60,39.60,39.60
30/03/2022,39.60,39.60,0.00 (0.00 %)," ",0,0,0,0,39.60,39.6,39.60,39.60
29/03/2022,39.60,39.60,0.10 (0.25 %)," ","6,207","245,695,400",0,0,39.50,39.50,39.60,39.50
28/03/2022,39.50,39.50,0.00 (0.00 %)," ",0,0,0,0,39.50,39.5,39.50,39.50
25/03/2022,39.50,39.50,0.10 (0.25 %)," ","5,400","213,160,000",0,0,39.40,39.40,39.50,39.40
24/03/2022,39.40,39.40,0.00 (0.00 %)," ",300,"11,820,000",0,0,39.40,39.4,39.40,39.40
22/03/2022,39.40,39.40,0.00 (0.00 %)," ",0,0,0,0,39.40,39.4,39.40,39.40
21/03/2022,39.40,39.40,0.00 (0.00 %)," ",0,0,0,0,39.40,39.40,39.40,39.40
18/03/2022,39.40,39.40,0.00 (0.00 %)," ",0,0,0,0,39.40,39.4,39.40,39.40
17/03/2022,39.40,39.40,0.00 (0.00 %)," ",0,0,"450,000","15,975,000,000",39.40,39.40,39.40,39.40
16/03/2022,39.40,39.40,0.00 (0.00 %)," ",0,0,0,0,39.40,39.4,39.40,39.40
15/03/2022,39.40,39.40,0.00 (0.00 %)," ",0,0,0,0,39.40,39.40,39.40,39.40
14/03/2022,39.40,39.40,0.00 (0.00 %)," ",0,0,0,0,39.40,39.4,39.40,39.40
11/03/2022,39.40,39.40,0.00 (0.00 %)," ",0,0,0,0,39.40,39.40,39.40,39.40
10/03/2022,39.40,39.40,0.00 (0.00 %)," ",400,"15,760,000",0,0,39.40,39.4,39.40,39.40
09/03/2022,39.40,39.40,0.30 (0.77 %)," ",500,"19,700,000",0,0,39.10,39.40,39.40,39.40
08/03/2022,39.10,39.10,0.00 (0.00 %)," ",0,0,0,0,39.10,39.1,39.10,39.10
07/03/2022,39.10,39.10,0.00 (0.00 %)," ",0,0,0,0,39.10,39.10,39.10,39.10
04/03/2022,39.10,39.10,0.00 (0.00 %)," ",0,0,0,0,39.10,39.1,39.10,39.10
03/03/2022,39.10,39.10,0.00 (0.00 %)," ",0,0,0,0,39.10,39.10,39.10,39.10
02/03/2022,39.10,39.10,0.10 (0.26 %)," ",300,"11,730,000",0,0,39.00,39.1,39.10,39.10
01/03/2022,39.00,39.00,0.00 (0.00 %)," ",20,"760,000",0,0,39.00,39.00,39.00,39.00
28/02/2022,39.00,39.00,-0.80 (-2.01 %)," ","1,300","50,700,000",0,0,39.80,39.0,39.00,39.00
25/02/2022,39.80,39.80,0.10 (0.25 %)," ",200,"7,960,000",0,0,39.70,39.80,39.80,39.80
24/02/2022,39.70,39.70,0.00 (0.00 %)," ",0,0,0,0,39.70,39.7,39.70,39.70
22/02/2022,39.70,39.70,0.00 (0.00 %)," ",0,0,0,0,39.70,39.7,39.70,39.70
21/02/2022,39.70,39.70,-0.30 (-0.75 %)," ",400,"15,910,000",0,0,40.00,39.80,39.80,39.70
18/02/2022,40.00,40.00,0.00 (0.00 %)," ",0,0,0,0,40.00,40.0,40.00,40.00
17/02/2022,40.00,40.00,0.00 (0.00 %)," ",0,0,0,0,40.00,40.00,40.00,40.00
16/02/2022,40.00,40.00,0.00 (0.00 %)," ",0,0,0,0,40.00,40.0,40.00,40.00
15/02/2022,40.00,40.00,0.00 (0.00 %)," ",40,"1,500,000",0,0,40.00,40.00,40.00,40.00
14/02/2022,40.00,40.00,0.00 (0.00 %)," ",0,0,0,0,40.00,40.0,40.00,40.00
11/02/2022,40.00,40.00,0.00 (0.00 %)," ",0,0,0,0,40.00,40.00,40.00,40.00
10/02/2022,40.00,40.00,0.00 (0.00 %)," ",0,0,0,0,40.00,40.0,40.00,40.00
09/02/2022,40.00,40.00,0.00 (0.00 %)," ",0,0,0,0,40.00,40.00,40.00,40.00
08/02/2022,40.00,40.00,0.00 (0.00 %)," ",0,0,0,0,40.00,40.0,40.00,40.00
07/02/2022,40.00,40.00,0.00 (0.00 %)," ",0,0,0,0,40.00,40.00,40.00,40.00
28/01/2022,40.00,40.00,0.00 (0.00 %)," ",1,"42,500",0,0,40.00,40.0,40.00,40.00
27/01/2022,40.00,40.00,0.00 (0.00 %)," ",0,0,0,0,40.00,40.00,40.00,40.00
26/01/2022,40.00,40.00,0.00 (0.00 %)," ",0,0,0,0,40.00,40.0,40.00,40.00
25/01/2022,40.00,40.00,0.40 (1.01 %)," ",600,"23,990,000",0,0,39.60,39.90,40.00,39.90
24/01/2022,39.60,39.60,3.60 (10.00 %)," ",900,"35,640,000",0,0,36.00,39.6,39.60,39.60
21/01/2022,36.00,36.00,0.50 (1.41 %)," ",100,"3,600,000",0,0,35.50,36.00,36.00,36.00
20/01/2022,35.50,35.50,0.00 (0.00 %)," ",0,0,0,0,35.50,35.5,35.50,35.50
18/01/2022,35.50,35.50,-0.50 (-1.39 %)," ",100,"3,550,000",0,0,36.00,35.5,35.50,35.50
17/01/2022,36.00,36.00,-2.70 (-6.98 %)," ",100,"3,600,000",0,0,38.70,36.00,36.00,36.00
14/01/2022,38.70,38.70,0.00 (0.00 %)," ",0,0,0,0,38.70,38.7,38.70,38.70
13/01/2022,38.70,38.70,0.00 (0.00 %)," ",13,"494,000",0,0,38.70,38.70,38.70,38.70
12/01/2022,38.70,38.70,0.00 (0.00 %)," ",0,0,0,0,38.70,38.7,38.70,38.70
11/01/2022,38.70,38.70,0.00 (0.00 %)," ",14,"498,400",0,0,38.70,38.70,38.70,38.70
10/01/2022,38.70,38.70,0.00 (0.00 %)," ",0,0,0,0,38.70,38.7,38.70,38.70
07/01/2022,38.70,38.70,0.00 (0.00 %)," ",0,0,0,0,38.70,38.70,38.70,38.70
06/01/2022,38.70,38.70,0.00 (0.00 %)," ",0,0,0,0,38.70,38.7,38.70,38.70
05/01/2022,38.70,38.70,0.00 (0.00 %)," ",14,"504,500",0,0,38.70,38.70,38.70,38.70
04/01/2022,38.70,38.70,0.00 (0.00 %)," ",0,0,0,0,38.70,38.7,38.70,38.70
31/12/2021,38.70,38.70,0.00 (0.00 %)," ",0,0,0,0,38.70,38.70,38.70,38.70
30/12/2021,38.70,39.20,0.00 (0.00 %)," ",0,0,0,0,39.20,39.2,39.20,39.20
29/12/2021,38.70,39.20,0.00 (0.00 %)," ",0,0,0,0,39.20,39.20,39.20,39.20
28/12/2021,38.70,39.20,0.00 (0.00 %)," ","1,200","47,040,000",0,0,39.20,39.2,39.20,39.20
27/12/2021,38.70,39.20,0.00 (0.00 %)," ","3,100","121,520,000",0,0,39.20,39.20,39.20,39.20
24/12/2021,38.70,39.20,0.00 (0.00 %)," ",0,0,0,0,39.20,39.2,39.20,39.20
23/12/2021,38.70,39.20,0.00 (0.00 %)," ","1,000","39,200,000",0,0,39.20,39.20,39.20,39.20
22/12/2021,38.70,39.20,0.00 (0.00 %)," ",500,"19,600,000",0,0,39.20,39.2,39.20,39.20
20/12/2021,38.70,39.20,0.00 (0.00 %)," ",0,0,0,0,39.20,39.2,39.20,39.20
17/12/2021,38.70,39.20,0.00 (0.00 %)," ","1,000","39,200,000",0,0,39.20,39.20,39.20,39.20
16/12/2021,38.70,39.20,0.00 (0.00 %)," ",0,0,0,0,39.20,39.2,39.20,39.20
15/12/2021,38.70,39.20,0.00 (0.00 %)," ",200,"7,840,000",0,0,39.20,39.20,39.20,39.20
14/12/2021,38.70,39.20,0.20 (0.51 %)," ","3,800","149,040,000",0,0,39.00,39.2,39.30,39.20
13/12/2021,38.50,39.00,0.00 (0.00 %)," ",0,0,0,0,39.00,39.00,39.00,39.00
10/12/2021,38.50,39.00,0.00 (0.00 %)," ",0,0,0,0,39.00,39.0,39.00,39.00
09/12/2021,38.50,39.00,-0.40 (-1.02 %)," ",172,"6,729,600",0,0,39.40,39.00,39.00,39.00
08/12/2021,38.90,39.40,0.00 (0.00 %)," ",0,0,0,0,39.40,39.4,39.40,39.40
07/12/2021,38.90,39.40,0.20 (0.51 %)," ",700,"27,520,000",0,0,39.20,39.20,39.40,39.20
06/12/2021,38.70,39.20,0.00 (0.00 %)," ","2,272","88,731,600",0,0,39.20,39.1,39.20,39.10
03/12/2021,38.70,39.20,-0.10 (-0.25 %)," ",100,"3,920,000",0,0,39.30,39.20,39.20,39.20
02/12/2021,38.80,39.30,0.00 (0.00 %)," ",0,0,0,0,39.30,39.3,39.30,39.30
01/12/2021,38.80,39.30,0.00 (0.00 %)," ",0,0,0,0,39.30,39.30,39.30,39.30
30/11/2021,38.80,39.30,0.00 (0.00 %)," ",0,0,0,0,39.30,39.3,39.30,39.30
29/11/2021,38.80,39.30,0.00 (0.00 %)," ",0,0,0,0,39.30,39.30,39.30,39.30
26/11/2021,38.80,39.30,0.00 (0.00 %)," ",0,0,0,0,39.30,39.3,39.30,39.30
25/11/2021,38.80,39.30,0.00 (0.00 %)," ",0,0,0,0,39.30,39.30,39.30,39.30
24/11/2021,38.80,39.30,0.00 (0.00 %)," ",300,"11,520,000",0,0,39.30,38.9,39.30,37.00
22/11/2021,38.50,39.00,0.00 (0.00 %)," ",54,"2,106,000",0,0,39.00,39.0,39.00,39.00
19/11/2021,38.50,39.00,-0.90 (-2.26 %)," ","2,000","78,000,000",0,0,39.90,39.00,39.00,39.00
18/11/2021,39.39,39.90,0.00 (0.00 %)," ",800,"31,920,000",0,0,39.90,39.9,39.90,39.90
17/11/2021,39.39,39.90,0.30 (0.76 %)," ","1,600","63,990,000",0,0,39.60,40.00,40.00,39.90
16/11/2021,39.09,39.60,0.00 (0.00 %)," ",0,0,0,0,39.60,39.6,39.60,39.60
15/11/2021,39.09,39.60,0.00 (0.00 %)," ",109,"4,351,500",0,0,39.60,39.60,39.60,39.60
12/11/2021,39.09,39.60,0.00 (0.00 %)," ",0,0,0,0,39.60,39.6,39.60,39.60
11/11/2021,39.09,39.60,0.10 (0.25 %)," ",100,"3,960,000",0,0,39.50,39.60,39.60,39.60
10/11/2021,38.99,39.50,0.00 (0.00 %)," ",0,0,0,0,39.50,39.5,39.50,39.50
09/11/2021,38.99,39.50,0.00 (0.00 %)," ",0,0,0,0,39.50,39.50,39.50,39.50
08/11/2021,38.99,39.50,0.10 (0.25 %)," ","5,200","205,380,000",0,0,39.40,39.4,39.50,39.40
05/11/2021,38.90,39.40,-0.10 (-0.25 %)," ","4,720","184,820,000",0,0,39.50,39.50,39.50,39.00
04/11/2021,38.99,39.50,0.00 (0.00 %)," ",600,"23,700,000",0,0,39.50,39.5,39.50,39.50
03/11/2021,38.99,39.50,0.50 (1.28 %)," ",200,"7,900,000",0,0,39.00,39.50,39.50,39.50
02/11/2021,38.50,39.00,0.00 (0.00 %)," ",300,"11,700,000",0,0,39.00,39.0,39.00,39.00
01/11/2021,38.50,39.00,0.00 (0.00 %)," ",100,"3,900,000",0,0,39.00,39.00,39.00,39.00
29/10/2021,38.50,39.00,0.00 (0.00 %)," ",200,"7,800,000",0,0,39.00,39.0,39.00,39.00
28/10/2021,38.50,39.00,0.20 (0.52 %)," ",100,"3,900,000",0,0,38.80,39.00,39.00,39.00
27/10/2021,38.30,38.80,0.00 (0.00 %)," ",0,0,0,0,38.80,38.8,38.80,38.80
25/10/2021,37.71,38.20,0.00 (0.00 %)," ",0,0,0,0,38.20,38.2,38.20,38.20
22/10/2021,37.71,38.20,-0.80 (-2.05 %)," ","1,000","38,200,000",0,0,39.00,38.20,38.20,38.20
21/10/2021,38.50,39.00,0.00 (0.00 %)," ",0,0,0,0,39.00,39.0,39.00,39.00
20/10/2021,38.50,39.00,0.00 (0.00 %)," ",0,0,0,0,39.00,39.00,39.00,39.00
19/10/2021,38.50,39.00,0.00 (0.00 %)," ",200,"7,800,000",0,0,39.00,39.0,39.00,39.00
18/10/2021,38.50,39.00,0.00 (0.00 %)," ",0,0,0,0,39.00,39.00,39.00,39.00
15/10/2021,38.50,39.00,0.00 (0.00 %)," ",300,"11,700,000",0,0,39.00,39.0,39.00,39.00
14/10/2021,38.50,39.00,0.00 (0.00 %)," ",0,0,0,0,39.00,39.00,39.00,39.00
13/10/2021,38.50,39.00,0.00 (0.00 %)," ",0,0,0,0,39.00,39.0,39.00,39.00
12/10/2021,38.50,39.00,0.00 (0.00 %)," ",0,0,0,0,39.00,39.00,39.00,39.00
11/10/2021,38.50,39.00,0.00 (0.00 %)," ","2,000","78,000,000",0,0,39.00,39.0,39.00,39.00
08/10/2021,38.50,39.00,-1.00 (-2.50 %)," ",600,"23,400,000",0,0,40.00,39.00,39.00,39.00
07/10/2021,39.49,40.00,0.00 (0.00 %)," ","21,000","840,000,000",0,0,40.00,40.0,40.00,40.00
06/10/2021,39.49,40.00,0.00 (0.00 %)," ",0,0,0,0,40.00,40.00,40.00,40.00
05/10/2021,39.49,40.00,0.00 (0.00 %)," ","18,500","739,590,000",0,0,40.00,39.0,40.00,39.00
04/10/2021,39.49,40.00,0.00 (0.00 %)," ",0,0,0,0,40.00,40.00,40.00,40.00
01/10/2021,39.49,40.00,0.00 (0.00 %)," ",6,"234,000",0,0,40.00,40.0,40.00,40.00
30/09/2021,39.49,40.00,0.00 (0.00 %)," ","10,530","421,170,000",0,0,40.00,40.00,40.00,40.00
29/09/2021,39.49,40.00,0.00 (0.00 %)," ",600,"24,000,000",0,0,40.00,40.0,40.00,40.00
27/09/2021,39.49,40.00,0.00 (0.00 %)," ",300,"12,000,000",0,0,40.00,40.0,40.00,40.00
24/09/2021,39.49,40.00,0.00 (0.00 %)," ","14,620","584,400,000",0,0,40.00,39.90,40.00,39.90
23/09/2021,39.49,40.00,1.00 (2.56 %)," ","10,032","401,258,000",0,0,39.00,40.0,40.00,40.00
22/09/2021,38.50,39.50,0.00 (0.00 %)," ",200,"7,900,000",0,0,39.50,39.50,39.50,39.50
21/09/2021,38.50,39.50,0.00 (0.00 %)," ",100,"3,950,000",0,0,39.50,39.5,39.50,39.50
20/09/2021,38.50,39.50,0.00 (0.00 %)," ",500,"19,750,000",0,0,39.50,39.50,39.50,39.50
17/09/2021,38.50,39.50,0.00 (0.00 %)," ",0,0,0,0,39.50,39.5,39.50,39.50
16/09/2021,38.50,39.50,0.00 (0.00 %)," ",0,0,0,0,39.50,39.50,39.50,39.50
15/09/2021,38.50,39.50,0.40 (1.02 %)," ",300,"11,850,000",0,0,39.10,39.5,39.50,39.50
14/09/2021,38.11,39.10,0.00 (0.00 %)," ",600,"23,460,000",0,0,39.10,39.10,39.10,39.10
13/09/2021,38.11,39.10,-0.90 (-2.25 %)," ",248,"9,830,000",0,0,40.00,40.0,40.00,39.10
10/09/2021,38.99,40.00,-0.70 (-1.72 %)," ",200,"8,000,000",20,"734,000",40.70,40.00,40.00,40.00
09/09/2021,39.67,40.70,0.00 (0.00 %)," ",0,0,0,0,40.70,40.7,40.70,40.70
08/09/2021,39.67,40.70,0.00 (0.00 %)," ",0,0,0,0,40.70,40.70,40.70,40.70
07/09/2021,39.67,40.70,0.00 (0.00 %)," ",0,0,0,0,40.70,40.7,40.70,40.70
06/09/2021,39.67,40.70,0.00 (0.00 %)," ",0,0,0,0,40.70,40.70,40.70,40.70
01/09/2021,39.67,40.70,-0.90 (-2.16 %)," ","2,100","86,370,000",0,0,41.60,41.3,41.30,40.70
31/08/2021,40.55,41.60,0.10 (0.24 %)," ","3,916","162,554,000",0,0,41.50,41.50,41.60,41.50
30/08/2021,40.45,41.50,0.00 (0.00 %)," ","5,000","207,400,000",0,0,41.50,41.4,41.50,41.40
26/08/2021,37.52,38.50,0.00 (0.00 %)," ",0,0,0,0,38.50,38.5,38.50,38.50
25/08/2021,37.52,38.50,0.00 (0.00 %)," ",0,0,0,0,38.50,38.50,38.50,38.50
24/08/2021,37.52,38.50,-2.00 (-4.94 %)," ","1,000","38,500,000",0,0,40.50,38.5,38.50,38.50
23/08/2021,39.47,40.50,-1.20 (-2.88 %)," ",200,"8,050,000",0,0,41.70,40.00,40.50,40.00
20/08/2021,40.64,41.70,0.00 (0.00 %)," ",0,0,0,0,41.70,41.7,41.70,41.70
19/08/2021,40.64,41.70,0.00 (0.00 %)," ",0,0,0,0,41.70,41.70,41.70,41.70
18/08/2021,40.64,41.70,-0.10 (-0.24 %)," ","1,200","50,040,000",0,0,41.80,41.7,41.70,41.70
17/08/2021,40.74,41.80,1.80 (4.50 %)," ","2,400","100,320,000",0,0,40.00,41.80,41.80,41.80
16/08/2021,38.99,40.00,0.00 (0.00 %)," ",0,0,0,0,40.00,40.0,40.00,40.00
13/08/2021,38.99,40.00,-1.70 (-4.08 %)," ",300,"12,000,000",0,0,41.70,40.00,40.00,40.00
12/08/2021,40.64,41.70,0.00 (0.00 %)," ",0,0,0,0,41.70,41.7,41.70,41.70
11/08/2021,40.64,41.70,0.00 (0.00 %)," ",0,0,0,0,41.70,41.70,41.70,41.70
10/08/2021,40.64,41.70,-0.20 (-0.48 %)," ","4,000","166,900,000",0,0,41.90,41.5,41.90,41.50
09/08/2021,40.84,41.90,0.00 (0.00 %)," ",0,0,0,0,41.90,41.90,41.90,41.90
06/08/2021,40.84,41.90,0.00 (0.00 %)," ",0,0,0,0,41.90,41.9,41.90,41.90
05/08/2021,40.84,41.90,0.00 (0.00 %)," ",0,0,0,0,41.90,41.90,41.90,41.90
04/08/2021,40.84,41.90,0.00 (0.00 %)," ",0,0,0,0,41.90,41.9,41.90,41.90
03/08/2021,40.84,41.90,0.00 (0.00 %)," ",0,0,0,0,41.90,41.90,41.90,41.90
02/08/2021,40.84,41.90,0.00 (0.00 %)," ",0,0,0,0,41.90,41.9,41.90,41.90
29/07/2021,40.94,42.00,0.00 (0.00 %)," ","3,400","142,800,000",0,0,42.00,42.0,42.00,42.00
28/07/2021,40.94,42.00,-0.90 (-2.10 %)," ","5,300","222,600,000",0,0,42.90,42.00,42.00,42.00
27/07/2021,41.81,42.90,0.00 (0.00 %)," ",0,0,0,0,42.90,42.9,42.90,42.90
26/07/2021,41.81,42.90,0.10 (0.23 %)," ","1,200","51,410,000",0,0,42.80,42.80,42.90,42.80
23/07/2021,41.72,42.80,-0.20 (-0.47 %)," ","1,000","42,800,000",0,0,43.00,42.8,42.80,42.80
22/07/2021,41.91,43.00,0.20 (0.47 %)," ","11,100","472,200,000",0,0,42.80,42.00,43.00,42.00
21/07/2021,41.72,42.80,3.70 (9.46 %)," ",100,"4,280,000",0,0,39.10,42.8,42.80,42.80
20/07/2021,38.11,39.10,0.00 (0.00 %)," ",0,0,0,0,39.10,39.10,39.10,39.10
19/07/2021,38.11,39.10,-3.90 (-9.07 %)," ",500,"20,410,000",0,0,43.00,42.0,42.00,39.10
16/07/2021,41.91,43.00,0.00 (0.00 %)," ",200,"8,310,000",0,0,43.00,40.10,43.00,40.10
15/07/2021,41.91,43.00,-0.50 (-1.15 %)," ","2,000","86,000,000",0,0,43.50,43.0,43.00,43.00
14/07/2021,42.40,43.50,3.50 (8.75 %)," ","1,500","65,720,000",0,0,40.00,43.70,44.00,43.50
13/07/2021,38.98,48.00,-1.00 (-2.04 %)," ",220,"10,558,000",0,0,49.00,48.0,48.00,48.00
12/07/2021,39.80,49.00,3.00 (6.52 %)," ",900,"43,750,000",0,0,46.00,46.50,49.00,46.50
09/07/2021,37.36,46.00,1.00 (2.22 %)," ","4,100","188,690,000",0,0,45.00,46.0,46.10,46.00
08/07/2021,36.55,45.00,2.00 (4.65 %)," ","5,700","250,650,000",0,0,43.00,44.00,45.00,43.50
07/07/2021,34.92,43.00,0.50 (1.18 %)," ",300,"12,900,000",0,0,42.50,43.0,43.00,43.00
06/07/2021,34.52,42.50,-1.00 (-2.30 %)," ",200,"8,600,000",0,0,43.50,43.50,43.50,42.50
05/07/2021,35.33,43.50,0.00 (0.00 %)," ","1,100","48,090,000",0,0,43.50,43.6,44.00,43.50
01/07/2021,35.33,43.50,0.00 (0.00 %)," ",0,0,0,0,43.50,43.5,43.50,43.50
30/06/2021,35.33,43.50,0.00 (0.00 %)," ","5,200","226,170,000",0,0,43.50,43.40,43.50,43.40
29/06/2021,35.33,43.50,0.00 (0.00 %)," ",0,0,0,0,43.50,43.5,43.50,43.50
28/06/2021,35.33,43.50,0.40 (0.93 %)," ","1,300","55,500,000",0,0,43.10,42.50,43.50,42.50
25/06/2021,35.01,43.10,0.00 (0.00 %)," ","1,100","47,410,000",0,0,43.10,43.1,43.10,43.10
24/06/2021,35.01,43.10,-0.50 (-1.15 %)," ",800,"34,820,000",0,0,43.60,43.60,43.60,43.10
23/06/2021,35.41,43.60,0.10 (0.23 %)," ","3,300","143,840,000",0,0,43.50,43.5,43.60,43.50
22/06/2021,35.33,43.50,-0.40 (-0.91 %)," ",400,"17,480,000",0,0,43.90,43.90,43.90,43.50
21/06/2021,35.66,43.90,1.40 (3.29 %)," ","10,100","443,200,000",0,0,42.50,42.0,43.90,42.00
18/06/2021,34.52,42.50,0.00 (0.00 %)," ",100,"4,250,000",0,0,42.50,42.50,42.50,42.50
17/06/2021,34.52,42.50,0.00 (0.00 %)," ",800,"34,000,000",0,0,42.50,42.5,42.50,42.50
16/06/2021,34.52,42.50,-1.00 (-2.30 %)," ",300,"12,850,000",0,0,43.50,43.50,43.50,42.50
15/06/2021,35.33,43.50,0.60 (1.40 %)," ","2,700","116,000,000",0,0,42.90,42.9,43.50,42.90
14/06/2021,34.84,42.90,-0.10 (-0.23 %)," ","1,200","51,590,000",0,0,43.00,43.00,43.40,42.90
11/06/2021,34.92,43.00,1.70 (4.12 %)," ","2,100","92,300,000",0,0,41.30,44.0,44.00,43.00
10/06/2021,33.54,41.30,0.00 (0.00 %)," ",0,0,0,0,41.30,41.30,41.30,41.30
09/06/2021,33.54,41.30,0.00 (0.00 %)," ",0,0,0,0,41.30,41.3,41.30,41.30
08/06/2021,33.54,41.30,0.00 (0.00 %)," ","2,300","94,990,000",0,0,41.30,41.30,41.30,41.30
07/06/2021,33.54,41.30,-0.20 (-0.48 %)," ","3,600","162,810,000",0,0,41.50,41.0,45.60,41.00
03/06/2021,33.71,41.50,0.00 (0.00 %)," ",0,0,0,0,41.50,41.5,41.50,41.50
02/06/2021,33.71,41.50,0.00 (0.00 %)," ",200,"8,300,000",0,0,41.50,41.50,41.50,41.50
01/06/2021,33.71,41.50,0.00 (0.00 %)," ","5,300","223,880,000",0,0,41.50,41.0,42.30,41.00
31/05/2021,33.71,41.50,0.90 (2.22 %)," ","5,000","207,500,000",0,0,40.60,41.50,41.50,41.50
28/05/2021,32.97,40.60,0.00 (0.00 %)," ",0,0,0,0,40.60,40.6,40.60,40.60
27/05/2021,32.97,40.60,-0.40 (-0.98 %)," ","1,300","52,860,000",0,0,41.00,41.00,41.00,40.30
26/05/2021,33.30,41.00,0.00 (0.00 %)," ",400,"16,400,000",0,0,41.00,41.0,41.00,41.00
25/05/2021,33.30,41.00,-0.10 (-0.24 %)," ",500,"20,500,000",0,0,41.10,41.00,41.00,41.00
24/05/2021,33.38,41.10,-0.10 (-0.24 %)," ",500,"20,560,000",0,0,41.20,41.2,41.20,41.10
21/05/2021,33.46,41.20,0.20 (0.49 %)," ","7,600","318,510,000",0,0,41.00,42.00,42.00,41.20
20/05/2021,33.30,41.00,-1.00 (-2.38 %)," ",100,"4,100,000",0,0,42.00,41.0,41.00,41.00
19/05/2021,34.11,42.00,1.00 (2.44 %)," ",100,"4,200,000",0,0,41.00,42.00,42.00,42.00
18/05/2021,33.30,41.00,0.00 (0.00 %)," ",600,"24,600,000",0,0,41.00,41.0,41.00,41.00
17/05/2021,33.30,41.00,0.00 (0.00 %)," ",0,0,0,0,41.00,41.00,41.00,41.00
14/05/2021,33.30,41.00,0.00 (0.00 %)," ",0,0,0,0,41.00,41.0,41.00,41.00
13/05/2021,33.30,41.00,0.00 (0.00 %)," ","4,000","171,350,000",0,0,41.00,42.50,43.80,41.00
12/05/2021,33.30,41.00,0.00 (0.00 %)," ",100,"4,100,000",0,0,41.00,41.0,41.00,41.00
11/05/2021,33.30,41.00,-2.00 (-4.65 %)," ","3,600","151,740,000",0,0,43.00,42.40,42.40,40.80
10/05/2021,34.92,43.00,0.00 (0.00 %)," ",0,0,0,0,43.00,43.0,43.00,43.00
06/05/2021,34.92,43.00,3.50 (8.86 %)," ",600,"25,630,000",0,0,39.50,42.0,43.40,42.00
05/05/2021,32.08,39.50,0.00 (0.00 %)," ",0,0,0,0,39.50,39.50,39.50,39.50
04/05/2021,32.08,39.50,-1.50 (-3.66 %)," ",400,"15,800,000",0,0,41.00,39.5,39.50,39.50
29/04/2021,33.30,41.00,-0.70 (-1.68 %)," ","2,400","99,730,000",0,0,41.70,41.70,41.70,41.00
28/04/2021,33.87,41.70,-0.10 (-0.24 %)," ","2,020","84,216,000",0,0,41.80,41.7,41.70,41.70
27/04/2021,33.95,41.80,-0.10 (-0.24 %)," ","3,500","136,020,000",0,0,41.90,40.70,41.80,37.90
26/04/2021,34.03,41.90,1.20 (2.95 %)," ","1,000","41,450,000",0,0,40.70,41.0,41.90,41.00
23/04/2021,33.06,40.70,-0.10 (-0.25 %)," ","1,500","61,010,000",0,0,40.80,40.70,40.70,40.60
22/04/2021,33.14,40.80,-0.30 (-0.73 %)," ","5,300","216,700,000",0,0,41.10,41.0,41.00,40.80
20/04/2021,33.38,41.10,0.20 (0.49 %)," ","4,700","193,050,000",0,0,40.90,41.80,41.80,41.00
19/04/2021,33.22,40.90,0.00 (0.00 %)," ",0,0,0,0,40.90,40.9,40.90,40.90
16/04/2021,33.22,40.90,-0.60 (-1.45 %)," ",700,"28,730,000",0,0,41.50,40.80,41.40,40.80
15/04/2021,33.71,41.50,0.00 (0.00 %)," ",0,0,0,0,41.50,41.5,41.50,41.50
14/04/2021,33.71,41.50,0.90 (2.22 %)," ",100,"4,150,000",0,0,40.60,41.50,41.50,41.50
13/04/2021,32.97,40.60,-1.20 (-2.87 %)," ",700,"28,530,000",24,"904,800",41.80,41.0,41.00,40.60
12/04/2021,33.95,41.80,0.00 (0.00 %)," ","9,600","393,980,000",0,0,41.80,41.00,41.80,40.70
09/04/2021,33.95,41.80,-2.60 (-5.86 %)," ","4,800","199,920,000",0,0,44.40,41.6,41.80,41.60
08/04/2021,36.06,44.40,3.30 (8.03 %)," ","1,200","53,280,000",0,0,41.10,44.40,44.40,44.40
07/04/2021,33.38,41.10,-2.40 (-5.52 %)," ","4,400","181,190,000",0,0,43.50,42.4,42.50,41.00
05/04/2021,33.30,41.00,-0.50 (-1.20 %)," ","5,400","220,060,000",0,0,41.50,41.6,41.60,40.20
02/04/2021,33.71,41.50,0.80 (1.97 %)," ","1,500","61,550,000",0,0,40.70,41.00,41.50,41.00
01/04/2021,33.06,40.70,0.00 (0.00 %)," ",0,0,0,0,40.70,40.7,40.70,40.70
31/03/2021,33.06,40.70,0.10 (0.25 %)," ",200,"8,140,000",0,0,40.60,40.70,40.70,40.70
30/03/2021,32.97,40.60,0.10 (0.25 %)," ",100,"4,060,000",0,0,40.50,40.6,40.60,40.60
29/03/2021,32.89,40.50,0.00 (0.00 %)," ",0,0,0,0,40.50,40.50,40.50,40.50
26/03/2021,32.89,40.50,0.00 (0.00 %)," ",200,"8,100,000",0,0,40.50,40.5,40.50,40.50
25/03/2021,32.89,40.50,0.00 (0.00 %)," ",0,0,0,0,40.50,40.50,40.50,40.50
24/03/2021,32.89,40.50,-1.50 (-3.57 %)," ",500,"20,400,000",0,0,42.00,41.5,41.50,40.50
23/03/2021,34.11,42.00,0.50 (1.20 %)," ","1,300","52,710,000",0,0,41.50,40.10,42.20,40.10
22/03/2021,33.71,41.50,0.00 (0.00 %)," ",205,"8,505,000",0,0,41.50,41.5,41.50,41.50
19/03/2021,33.71,41.50,0.00 (0.00 %)," ",0,0,"7,000","266,000,000",41.50,41.50,41.50,41.50
18/03/2021,33.71,41.50,0.70 (1.72 %)," ",500,"20,750,000",0,0,40.80,41.5,41.50,41.50
17/03/2021,33.14,40.80,0.30 (0.74 %)," ",450,"18,030,000",0,0,40.50,40.00,40.80,40.00
16/03/2021,32.89,40.50,0.50 (1.25 %)," ",400,"16,200,000",0,0,40.00,40.5,40.50,40.50
15/03/2021,32.49,40.00,-0.90 (-2.20 %)," ","2,400","96,020,000",0,0,40.90,40.00,40.20,40.00
12/03/2021,33.22,40.90,0.00 (0.00 %)," ",700,"28,610,000",0,0,40.90,40.9,40.90,40.80
11/03/2021,33.22,40.90,1.00 (2.51 %)," ","7,100","284,090,000",0,0,39.90,40.00,40.90,40.00
10/03/2021,32.41,39.90,-0.10 (-0.25 %)," ","2,400","95,970,000",0,0,40.00,40.0,40.00,39.90
08/03/2021,32.49,40.00,1.00 (2.56 %)," ",800,"32,000,000",0,0,39.00,40.0,40.00,40.00
05/03/2021,31.68,39.00,0.00 (0.00 %)," ",79,"3,041,500",0,0,39.00,39.00,39.00,39.00
04/03/2021,31.68,39.00,-0.50 (-1.27 %)," ",100,"3,900,000",0,0,39.50,39.0,39.00,39.00
03/03/2021,32.08,39.50,-0.50 (-1.25 %)," ","2,100","83,020,000",0,0,40.00,40.00,40.00,39.50
02/03/2021,32.49,40.00,0.40 (1.01 %)," ",100,"4,000,000",0,0,39.60,40.0,40.00,40.00
01/03/2021,32.16,39.60,0.10 (0.25 %)," ","4,400","173,040,000",0,0,39.50,39.60,39.60,39.00
26/02/2021,32.08,39.50,-0.30 (-0.75 %)," ","5,000","197,780,000",0,0,39.80,39.6,39.60,39.50
25/02/2021,32.33,39.80,-0.30 (-0.75 %)," ","5,000","200,090,000",0,0,40.10,40.10,40.10,39.80
24/02/2021,32.57,40.10,-0.30 (-0.74 %)," ","3,000","120,530,000",0,0,40.40,40.3,40.30,40.10
23/02/2021,32.81,40.40,-0.10 (-0.25 %)," ",100,"4,040,000",0,0,40.50,40.40,40.40,40.40
22/02/2021,32.89,40.50,-1.40 (-3.34 %)," ","2,600","105,400,000",0,0,41.90,41.5,41.50,40.50
19/02/2021,34.03,41.90,1.70 (4.23 %)," ",200,"8,380,000",0,0,40.20,41.90,41.90,41.90
18/02/2021,32.65,40.20,0.50 (1.26 %)," ","3,900","156,780,000",0,0,39.70,40.2,40.20,40.20
17/02/2021,32.24,39.70,0.00 (0.00 %)," ",0,0,0,0,39.70,39.70,39.70,39.70
09/02/2021,32.24,39.70,0.20 (0.51 %)," ",401,"15,859,700",0,0,39.50,39.5,39.70,39.50
08/02/2021,32.08,39.50,0.00 (0.00 %)," ",0,0,0,0,39.50,39.50,39.50,39.50
05/02/2021,32.08,39.50,-0.40 (-1.00 %)," ",400,"15,800,000",0,0,39.90,39.5,39.50,39.50
04/02/2021,32.41,39.90,0.00 (0.00 %)," ",0,0,0,0,39.90,39.90,39.90,39.90
03/02/2021,32.41,39.90,2.40 (6.40 %)," ",100,"3,990,000",0,0,37.50,39.9,39.90,39.90
01/02/2021,32.49,40.00,-0.20 (-0.50 %)," ",600,"24,000,000",0,0,40.20,40.0,40.00,40.00
29/01/2021,32.65,40.20,-2.60 (-6.07 %)," ","5,600","224,120,000",0,0,42.80,40.00,40.30,40.00
28/01/2021,34.76,42.80,0.00 (0.00 %)," ",0,0,0,0,42.80,42.8,42.80,42.80
27/01/2021,34.76,42.80,3.80 (9.74 %)," ","5,100","217,960,000",0,0,39.00,42.70,42.80,42.70
26/01/2021,31.68,39.00,-4.00 (-9.30 %)," ",400,"15,650,000",0,0,43.00,39.5,39.50,39.00
25/01/2021,34.92,43.00,0.00 (0.00 %)," ",0,0,0,0,43.00,43.00,43.00,43.00
22/01/2021,34.92,43.00,2.10 (5.13 %)," ","1,800","76,800,000",0,0,40.90,41.0,43.00,41.00
21/01/2021,33.22,40.90,0.40 (0.99 %)," ","5,000","187,530,000",0,0,40.50,38.00,40.90,36.60
20/01/2021,32.89,40.50,0.00 (0.00 %)," ",80,"3,016,000",0,0,40.50,40.5,40.50,40.50
19/01/2021,32.89,40.50,0.00 (0.00 %)," ",900,"36,450,000",0,0,40.50,40.50,40.50,40.50
18/01/2021,32.89,40.50,0.00 (0.00 %)," ","5,000","202,510,000",0,0,40.50,40.5,40.60,40.50
15/01/2021,32.89,40.50,0.50 (1.25 %)," ","1,900","77,390,000",0,0,40.00,40.90,41.00,40.50
14/01/2021,32.49,40.00,0.90 (2.30 %)," ",620,"24,800,000",0,0,39.10,40.0,40.00,40.00
13/01/2021,31.76,39.10,-0.90 (-2.25 %)," ","1,100","44,410,000",0,0,40.00,41.00,41.00,39.10
12/01/2021,32.49,40.00,-2.00 (-4.76 %)," ",200,"8,000,000",0,0,42.00,40.0,40.00,40.00
11/01/2021,34.11,42.00,-0.80 (-1.87 %)," ","5,500","220,730,000",0,0,42.80,42.00,42.00,38.60
08/01/2021,34.76,42.80,0.00 (0.00 %)," ",0,0,0,0,42.80,42.8,42.80,42.80
07/01/2021,34.76,42.80,-1.20 (-2.73 %)," ","2,500","107,200,000",0,0,44.00,43.00,43.00,42.80
06/01/2021,35.74,44.00,0.00 (0.00 %)," ",0,0,0,0,44.00,44.0,44.00,44.00
04/01/2021,34.11,42.00,0.00 (0.00 %)," ",0,0,0,0,42.00,42.0,42.00,42.00
31/12/2020,34.11,42.00,0.00 (0.00 %)," ",0,0,"76,135","3,296,417,095",42.00,42.00,42.00,42.00
30/12/2020,34.11,42.00,-1.10 (-2.55 %)," ",300,"12,860,000",0,0,43.10,44.6,44.60,42.00
29/12/2020,35.01,44.60,-0.30 (-0.67 %)," ","5,300","236,220,000",0,0,44.90,44.60,44.60,44.50
28/12/2020,35.25,44.90,-1.50 (-3.23 %)," ",400,"17,030,000","76,135","3,418,461,500",46.40,41.8,44.90,41.80
25/12/2020,36.43,46.40,0.00 (0.00 %)," ",0,0,0,0,46.40,46.40,46.40,46.40
24/12/2020,36.43,46.40,0.00 (0.00 %)," ",0,0,0,0,46.40,46.4,46.40,46.40
23/12/2020,36.43,46.40,0.00 (0.00 %)," ",0,0,0,0,46.40,46.40,46.40,46.40
22/12/2020,36.43,46.40,-0.10 (-0.22 %)," ",200,"9,280,000",0,0,46.50,46.4,46.40,46.40
21/12/2020,36.51,46.50,0.00 (0.00 %)," ",100,"4,650,000",0,0,46.50,46.50,46.50,46.50
18/12/2020,36.51,46.50,-0.50 (-1.06 %)," ",605,"28,211,500",0,0,47.00,47.0,47.00,46.50
17/12/2020,36.90,47.00,0.50 (1.08 %)," ",400,"18,750,000",0,0,46.50,46.50,47.00,46.50
16/12/2020,36.51,46.50,0.50 (1.09 %)," ",400,"18,420,000",0,0,46.00,45.0,46.60,45.00
15/12/2020,36.11,46.00,3.90 (9.26 %)," ",100,"4,600,000",0,0,42.10,46.00,46.00,46.00
14/12/2020,33.05,42.10,0.80 (1.94 %)," ","1,400","58,450,000",0,0,41.30,41.2,42.10,41.20
11/12/2020,32.42,41.30,-0.30 (-0.72 %)," ",300,"12,410,000",0,0,41.60,41.50,41.50,41.30
10/12/2020,32.66,41.60,0.00 (0.00 %)," ",0,0,0,0,41.60,41.6,41.60,41.60
09/12/2020,32.66,41.60,2.40 (6.12 %)," ","1,400","55,230,000",0,0,39.20,39.20,41.60,39.20
08/12/2020,30.77,39.20,0.00 (0.00 %)," ",0,0,0,0,39.20,39.2,39.20,39.20
04/12/2020,30.77,39.20,1.30 (3.43 %)," ","3,200","124,240,000",0,0,37.90,38.0,39.20,38.00
03/12/2020,29.75,37.90,1.10 (2.99 %)," ",800,"30,320,000",0,0,36.80,37.90,37.90,37.90
02/12/2020,28.89,36.80,0.00 (0.00 %)," ",0,0,0,0,36.80,36.8,36.80,36.80
01/12/2020,28.89,36.80,0.00 (0.00 %)," ",200,"7,360,000",0,0,36.80,36.80,36.80,36.80
30/11/2020,28.89,36.80,-0.20 (-0.54 %)," ",600,"22,180,000",0,0,37.00,37.0,37.00,36.80
27/11/2020,29.05,37.00,0.00 (0.00 %)," ",920,"34,040,000",0,0,37.00,37.00,37.00,37.00
26/11/2020,29.05,37.00,0.00 (0.00 %)," ",0,0,0,0,37.00,37.0,37.00,37.00
25/11/2020,29.05,37.00,0.00 (0.00 %)," ",0,0,0,0,37.00,37.00,37.00,37.00
24/11/2020,29.05,37.00,0.00 (0.00 %)," ",225,"8,275,000",0,0,37.00,37.0,37.00,37.00
23/11/2020,29.05,37.00,0.00 (0.00 %)," ",0,0,0,0,37.00,37.00,37.00,37.00
20/11/2020,29.05,37.00,0.00 (0.00 %)," ",0,0,0,0,37.00,37.0,37.00,37.00
19/11/2020,29.05,37.00,0.00 (0.00 %)," ","1,400","51,800,000",0,0,37.00,37.00,37.00,37.00
18/11/2020,29.05,37.00,0.00 (0.00 %)," ",200,"7,400,000","50,000","1,700,000,000",37.00,37.0,37.00,37.00
17/11/2020,29.05,37.00,0.00 (0.00 %)," ",300,"11,090,000",0,0,37.00,36.90,37.00,36.90
16/11/2020,29.05,37.00,-0.50 (-1.33 %)," ","1,200","43,500,000",0,0,37.50,36.1,37.00,36.10
13/11/2020,29.44,37.50,0.00 (0.00 %)," ",100,"3,750,000",0,0,37.50,37.50,37.50,37.50
12/11/2020,29.44,37.50,0.00 (0.00 %)," ",0,0,0,0,37.50,37.5,37.50,37.50
11/11/2020,29.44,37.50,0.10 (0.27 %)," ",200,"7,480,000","91,953","3,098,816,100",37.40,37.30,37.50,37.30
10/11/2020,29.36,37.40,0.00 (0.00 %)," ",600,"22,430,000",0,0,37.40,37.3,37.40,37.30
06/11/2020,27.56,35.10,0.00 (0.00 %)," ",0,0,0,0,35.10,35.1,35.10,35.10
05/11/2020,27.56,35.10,-2.70 (-7.14 %)," ",100,"3,510,000",0,0,37.80,35.10,35.10,35.10
04/11/2020,29.68,37.80,0.00 (0.00 %)," ",0,0,0,0,37.80,37.8,37.80,37.80
03/11/2020,29.68,37.80,0.00 (0.00 %)," ",25,"940,000",0,0,37.80,37.80,37.80,37.80
02/11/2020,29.68,37.80,-0.10 (-0.26 %)," ",600,"22,680,000",0,0,37.90,37.8,37.80,37.80
30/10/2020,29.75,37.90,0.00 (0.00 %)," ",0,0,0,0,37.90,37.90,37.90,37.90
29/10/2020,29.75,37.90,0.00 (0.00 %)," ",0,0,0,0,37.90,37.9,37.90,37.90
28/10/2020,29.75,37.90,1.10 (2.99 %)," ",100,"3,790,000",0,0,36.80,37.90,37.90,37.90
27/10/2020,28.89,36.80,0.50 (1.38 %)," ","2,000","73,200,000",0,0,36.30,36.4,36.80,36.40
26/10/2020,28.50,36.30,0.30 (0.83 %)," ",400,"14,510,000",0,0,36.00,36.20,36.30,36.20
23/10/2020,28.26,36.00,-0.50 (-1.37 %)," ","1,200","43,200,000",0,0,36.50,36.0,36.00,36.00
22/10/2020,28.65,36.50,0.00 (0.00 %)," ","2,200","79,500,000",0,0,36.50,36.00,36.50,36.00
21/10/2020,28.65,36.50,-1.00 (-2.67 %)," ","6,600","241,100,000",0,0,37.50,37.5,37.50,36.50
20/10/2020,29.44,37.50,-0.60 (-1.57 %)," ",825,"31,160,000",0,0,38.10,38.00,38.00,37.50
19/10/2020,29.91,38.10,2.10 (5.83 %)," ","4,800","177,120,000",0,0,36.00,36.1,38.10,36.00
16/10/2020,28.26,36.00,-1.90 (-5.01 %)," ",200,"7,210,000",0,0,37.90,36.10,36.10,36.00
15/10/2020,29.75,37.90,0.00 (0.00 %)," ",325,"12,232,500",0,0,37.90,37.9,37.90,37.90
14/10/2020,29.75,37.90,0.00 (0.00 %)," ",0,0,0,0,37.90,37.90,37.90,37.90
13/10/2020,29.75,37.90,-0.10 (-0.26 %)," ",200,"7,300,000",0,0,38.00,35.1,37.90,35.10
09/10/2020,29.83,38.00,0.00 (0.00 %)," ","1,400","53,200,000",0,0,38.00,38.0,38.00,38.00
08/10/2020,29.83,38.00,2.00 (5.56 %)," ",100,"3,800,000",0,0,36.00,38.00,38.00,38.00
07/10/2020,28.26,36.00,0.00 (0.00 %)," ",10,"360,000",0,0,36.00,36.0,36.00,36.00
06/10/2020,28.26,36.00,0.00 (0.00 %)," ","1,000","36,000,000",0,0,36.00,36.00,36.00,36.00
05/10/2020,28.26,36.00,-2.80 (-7.22 %)," ","2,205","79,543,500",0,0,38.80,36.0,36.20,36.00
02/10/2020,30.46,38.80,0.00 (0.00 %)," ",0,0,0,0,38.80,38.80,38.80,38.80
01/10/2020,30.46,38.80,0.00 (0.00 %)," ",0,0,0,0,38.80,38.8,38.80,38.80
30/09/2020,30.46,38.80,0.00 (0.00 %)," ",0,0,0,0,38.80,38.80,38.80,38.80
29/09/2020,30.46,38.80,-0.10 (-0.26 %)," ",300,"11,640,000",0,0,38.90,38.8,38.80,38.80
28/09/2020,30.54,38.90,0.00 (0.00 %)," ",0,0,0,0,38.90,38.90,38.90,38.90
25/09/2020,30.54,38.90,-0.10 (-0.26 %)," ","1,429","55,689,000",0,0,39.00,39.0,39.00,38.90
24/09/2020,30.62,39.00,0.50 (1.30 %)," ",301,"11,640,000",0,0,38.50,38.50,39.00,38.50
23/09/2020,30.22,38.50,-1.00 (-2.53 %)," ","2,817","108,206,200",0,0,39.50,39.5,39.50,38.00
22/09/2020,31.01,39.50,0.00 (0.00 %)," ",0,0,0,0,39.50,39.50,39.50,39.50
21/09/2020,31.01,39.50,-0.50 (-1.25 %)," ",100,"3,950,000",0,0,40.00,39.5,39.50,39.50
18/09/2020,31.40,40.00,0.00 (0.00 %)," ",0,0,0,0,40.00,40.00,40.00,40.00
17/09/2020,31.40,40.00,0.10 (0.25 %)," ","1,200","47,990,000",0,0,39.90,39.9,40.00,39.90
16/09/2020,31.32,39.90,-0.10 (-0.25 %)," ","2,100","83,990,000",0,0,40.00,40.00,40.00,39.90
15/09/2020,31.40,40.00,0.00 (0.00 %)," ",0,0,0,0,40.00,40.0,40.00,40.00
11/09/2020,31.40,40.00,0.00 (0.00 %)," ",0,0,0,0,40.00,40.0,40.00,40.00
10/09/2020,31.40,40.00,0.00 (0.00 %)," ",0,0,0,0,40.00,40.00,40.00,40.00
09/09/2020,31.40,40.00,0.00 (0.00 %)," ",0,0,0,0,40.00,40.0,40.00,40.00
08/09/2020,31.40,40.00,-2.00 (-4.76 %)," ",400,"15,400,000",0,0,42.00,38.00,40.00,38.00
07/09/2020,32.97,42.00,2.00 (5.00 %)," ",100,"4,200,000",0,0,40.00,42.0,42.00,42.00
04/09/2020,31.40,40.00,0.00 (0.00 %)," ",0,0,0,0,40.00,40.00,40.00,40.00
03/09/2020,31.40,40.00,0.00 (0.00 %)," ",0,0,0,0,40.00,40.0,40.00,40.00
01/09/2020,31.40,40.00,0.00 (0.00 %)," ",0,0,0,0,40.00,40.00,40.00,40.00
31/08/2020,31.40,40.00,-0.50 (-1.23 %)," ",200,"7,890,000",0,0,40.50,38.9,40.00,38.90
28/08/2020,31.79,40.50,0.00 (0.00 %)," ",0,0,0,0,40.50,40.50,40.50,40.50
27/08/2020,31.79,40.50,-3.50 (-7.95 %)," ",200,"8,100,000",0,0,44.00,40.5,40.50,40.50
26/08/2020,34.54,44.00,0.00 (0.00 %)," ",0,0,0,0,44.00,44.00,44.00,44.00
25/08/2020,34.54,44.00,0.00 (0.00 %)," ",0,0,0,0,44.00,44.0,44.00,44.00
24/08/2020,34.54,44.00,0.00 (0.00 %)," ",0,0,0,0,44.00,44.00,44.00,44.00
21/08/2020,34.54,44.00,0.00 (0.00 %)," ",0,0,0,0,44.00,44.0,44.00,44.00
20/08/2020,34.54,44.00,1.00 (2.33 %)," ",500,"21,850,000",0,0,43.00,43.50,44.00,43.00
19/08/2020,33.76,43.00,0.00 (0.00 %)," ",0,0,0,0,43.00,43.0,43.00,43.00
18/08/2020,33.76,43.00,0.00 (0.00 %)," ",100,"4,300,000",0,0,43.00,43.00,43.00,43.00
17/08/2020,33.76,43.00,1.00 (2.38 %)," ",100,"4,300,000",0,0,42.00,43.0,43.00,43.00
13/08/2020,32.97,42.00,-2.80 (-6.25 %)," ",200,"8,670,000",0,0,44.80,44.7,44.70,42.00
12/08/2020,35.17,44.80,0.00 (0.00 %)," ",0,0,0,0,44.80,44.80,44.80,44.80
11/08/2020,35.17,44.80,-0.20 (-0.44 %)," ","2,500","112,000,000",0,0,45.00,44.8,44.80,44.80
10/08/2020,35.33,45.00,3.00 (7.14 %)," ",100,"4,500,000",0,0,42.00,45.00,45.00,45.00
07/08/2020,32.97,42.00,2.90 (7.42 %)," ",200,"8,400,000",0,0,39.10,42.0,42.00,42.00
06/08/2020,30.72,45.00,-5.00 (-10.00 %)," ",900,"40,900,000",0,0,50.00,47.00,47.00,45.00
05/08/2020,34.13,50.00,0.00 (0.00 %)," ","1,800","83,400,000",0,0,50.00,49.5,50.00,45.00
04/08/2020,34.13,50.00,-1.00 (-1.96 %)," ","1,900","87,850,000",0,0,51.00,46.50,50.00,45.90
03/08/2020,34.82,51.00,0.00 (0.00 %)," ",0,0,0,0,51.00,51.0,51.00,51.00
31/07/2020,34.82,51.00,0.00 (0.00 %)," ",0,0,0,0,51.00,51.00,51.00,51.00
30/07/2020,34.82,51.00,0.00 (0.00 %)," ",0,0,0,0,51.00,51.0,51.00,51.00
29/07/2020,34.82,51.00,0.00 (0.00 %)," ",0,0,0,0,51.00,51.00,51.00,51.00
28/07/2020,34.82,51.00,0.00 (0.00 %)," ",0,0,0,0,51.00,51.0,51.00,51.00
27/07/2020,34.82,51.00,-0.50 (-0.97 %)," ",300,"15,300,000",0,0,51.50,51.00,51.00,51.00
24/07/2020,35.16,51.50,0.00 (0.00 %)," ",0,0,0,0,51.50,51.5,51.50,51.50
23/07/2020,35.16,51.50,0.60 (1.18 %)," ",200,"9,950,000",0,0,50.90,48.00,51.50,48.00
22/07/2020,34.75,50.90,0.00 (0.00 %)," ",0,0,0,0,50.90,50.9,50.90,50.90
21/07/2020,34.75,50.90,0.00 (0.00 %)," ",0,0,0,0,50.90,50.90,50.90,50.90
20/07/2020,34.75,50.90,0.00 (0.00 %)," ",0,0,0,0,50.90,50.9,50.90,50.90
16/07/2020,35.16,51.50,0.00 (0.00 %)," ",0,0,0,0,51.50,51.5,51.50,51.50
15/07/2020,35.16,51.50,0.00 (0.00 %)," ",0,0,0,0,51.50,51.50,51.50,51.50
14/07/2020,35.16,51.50,0.00 (0.00 %)," ",0,0,0,0,51.50,51.5,51.50,51.50
13/07/2020,35.16,51.50,0.00 (0.00 %)," ",0,0,0,0,51.50,51.50,51.50,51.50
10/07/2020,35.16,52.00,0.00 (0.00 %)," ",0,0,0,0,52.00,52.0,52.00,52.00
09/07/2020,35.16,52.00,0.00 (0.00 %)," ",500,"26,000,000",0,0,52.00,52.00,52.00,52.00
08/07/2020,35.16,52.00,0.00 (0.00 %)," ",0,0,0,0,52.00,52.0,52.00,52.00
07/07/2020,35.16,52.00,0.00 (0.00 %)," ",0,0,0,0,52.00,52.00,52.00,52.00
06/07/2020,35.16,52.00,0.00 (0.00 %)," ",0,0,0,0,52.00,52.0,52.00,52.00
03/07/2020,35.16,52.00,0.00 (0.00 %)," ",0,0,0,0,52.00,52.00,52.00,52.00
02/07/2020,35.16,52.00,0.00 (0.00 %)," ",0,0,0,0,52.00,52.0,52.00,52.00
01/07/2020,35.16,52.00,-1.00 (-1.89 %)," ",700,"36,400,000",0,0,53.00,52.00,52.00,52.00
30/06/2020,35.84,53.00,0.00 (0.00 %)," ",0,0,0,0,53.00,53.0,53.00,53.00
29/06/2020,35.84,53.00,0.00 (0.00 %)," ","2,800","148,400,000",0,0,53.00,53.00,53.00,53.00
26/06/2020,35.84,53.00,0.00 (0.00 %)," ",0,0,0,0,53.00,53.0,53.00,53.00
25/06/2020,35.84,53.00,0.00 (0.00 %)," ",200,"10,600,000",0,0,53.00,53.00,53.00,53.00
24/06/2020,35.84,53.00,0.00 (0.00 %)," ",0,0,0,0,53.00,53.0,53.00,53.00
23/06/2020,35.84,53.00,0.00 (0.00 %)," ",0,0,0,0,53.00,53.00,53.00,53.00
22/06/2020,35.84,53.00,0.00 (0.00 %)," ",0,0,0,0,53.00,53.0,53.00,53.00
18/06/2020,35.84,53.00,0.00 (0.00 %)," ",0,0,0,0,53.00,53.0,53.00,53.00
17/06/2020,35.84,53.00,0.00 (0.00 %)," ",0,0,0,0,53.00,53.00,53.00,53.00
16/06/2020,35.84,53.00,0.00 (0.00 %)," ",0,0,0,0,53.00,53.0,53.00,53.00
15/06/2020,35.84,53.00,0.00 (0.00 %)," ",0,0,0,0,53.00,53.00,53.00,53.00
12/06/2020,35.84,53.00,0.00 (0.00 %)," ",0,0,0,0,53.00,53.0,53.00,53.00
11/06/2020,35.84,53.00,0.00 (0.00 %)," ",0,0,0,0,53.00,53.00,53.00,53.00
10/06/2020,35.84,53.00,0.00 (0.00 %)," ",100,"5,300,000",0,0,53.00,53.0,53.00,53.00
09/06/2020,35.84,53.00,0.00 (0.00 %)," ",0,0,0,0,53.00,53.00,53.00,53.00
08/06/2020,35.84,53.00,0.00 (0.00 %)," ",0,0,0,0,53.00,53.0,53.00,53.00
05/06/2020,35.84,53.00,0.00 (0.00 %)," ",0,0,0,0,53.00,53.00,53.00,53.00
04/06/2020,35.84,53.00,0.00 (0.00 %)," ",0,0,0,0,53.00,53.0,53.00,53.00
03/06/2020,35.84,53.00,0.00 (0.00 %)," ",0,0,0,0,53.00,53.00,53.00,53.00
02/06/2020,35.84,53.00,0.00 (0.00 %)," ",0,0,0,0,53.00,53.0,53.00,53.00
01/06/2020,35.84,53.00,0.00 (0.00 %)," ",0,0,0,0,53.00,53.00,53.00,53.00
29/05/2020,35.84,53.00,0.00 (0.00 %)," ",0,0,0,0,53.00,53.0,53.00,53.00
28/05/2020,35.84,53.00,-1.00 (-1.85 %)," ","2,000","106,000,000",0,0,54.00,53.00,53.00,53.00
27/05/2020,36.51,54.00,0.00 (0.00 %)," ",0,0,0,0,54.00,54.0,54.00,54.00
26/05/2020,36.51,54.00,0.00 (0.00 %)," ",0,0,0,0,54.00,54.00,54.00,54.00
25/05/2020,36.51,54.00,0.00 (0.00 %)," ",0,0,0,0,54.00,54.0,54.00,54.00
21/05/2020,36.51,54.00,0.00 (0.00 %)," ",0,0,0,0,54.00,54.0,54.00,54.00
20/05/2020,36.51,54.00,0.00 (0.00 %)," ",0,0,0,0,54.00,54.00,54.00,54.00
19/05/2020,36.51,54.00,0.00 (0.00 %)," ",0,0,0,0,54.00,54.0,54.00,54.00
18/05/2020,36.51,54.00,-1.00 (-1.82 %)," ",700,"37,800,000",0,0,55.00,54.00,54.00,54.00
15/05/2020,37.19,55.00,0.00 (0.00 %)," ",0,0,0,0,55.00,55.0,55.00,55.00
14/05/2020,37.19,55.00,0.00 (0.00 %)," ",0,0,0,0,55.00,55.00,55.00,55.00
13/05/2020,37.19,55.00,0.00 (0.00 %)," ",0,0,0,0,55.00,55.0,55.00,55.00
12/05/2020,37.19,55.00,0.00 (0.00 %)," ",0,0,0,0,55.00,55.00,55.00,55.00
11/05/2020,37.19,55.00,0.00 (0.00 %)," ",0,0,0,0,55.00,55.0,55.00,55.00
08/05/2020,37.19,55.00,0.00 (0.00 %)," ",0,0,0,0,55.00,55.00,55.00,55.00
07/05/2020,37.19,55.00,0.00 (0.00 %)," ",0,0,0,0,55.00,55.0,55.00,55.00
06/05/2020,37.19,55.00,0.00 (0.00 %)," ",0,0,0,0,55.00,55.00,55.00,55.00
05/05/2020,37.19,55.00,0.00 (0.00 %)," ",0,0,0,0,55.00,55.0,55.00,55.00
04/05/2020,37.19,55.00,0.00 (0.00 %)," ",0,0,0,0,55.00,55.00,55.00,55.00
29/04/2020,37.19,55.00,0.00 (0.00 %)," ",0,0,0,0,55.00,55.0,55.00,55.00
28/04/2020,37.19,55.00,0.00 (0.00 %)," ",0,0,0,0,55.00,55.00,55.00,55.00
27/04/2020,37.19,55.00,0.00 (0.00 %)," ",0,0,0,0,55.00,55.0,55.00,55.00
24/04/2020,37.19,55.00,0.00 (0.00 %)," ",0,0,0,0,55.00,55.00,55.00,55.00
23/04/2020,37.19,55.00,0.00 (0.00 %)," ",500,"27,500,000",0,0,55.00,55.0,55.00,55.00
21/04/2020,37.19,55.00,0.00 (0.00 %)," ",0,0,0,0,55.00,55.0,55.00,55.00
20/04/2020,37.19,55.00,0.00 (0.00 %)," ","1,500","83,200,000",0,0,55.00,55.00,56.00,55.00
17/04/2020,37.19,55.00,0.00 (0.00 %)," ",0,0,0,0,55.00,55.0,55.00,55.00
16/04/2020,37.19,55.00,0.00 (0.00 %)," ",200,"11,000,000",0,0,55.00,55.00,55.00,55.00
15/04/2020,37.19,55.00,0.00 (0.00 %)," ",0,0,0,0,55.00,55.0,55.00,55.00
14/04/2020,37.19,55.00,0.00 (0.00 %)," ",0,0,0,0,55.00,55.00,55.00,55.00
13/04/2020,37.19,55.00,0.00 (0.00 %)," ",0,0,0,0,55.00,55.0,55.00,55.00
10/04/2020,37.19,55.00,0.00 (0.00 %)," ",0,0,0,0,55.00,55.00,55.00,55.00
09/04/2020,37.19,55.00,-3.00 (-5.17 %)," ","2,800","155,600,000",0,0,58.00,57.0,58.00,55.00
08/04/2020,39.22,58.00,0.00 (0.00 %)," ",100,"5,800,000",0,0,58.00,58.00,58.00,58.00
07/04/2020,39.22,58.00,3.00 (5.45 %)," ",100,"5,800,000",0,0,55.00,58.0,58.00,58.00
06/04/2020,37.19,55.00,0.00 (0.00 %)," ",0,0,0,0,55.00,55.00,55.00,55.00
03/04/2020,37.19,55.00,0.00 (0.00 %)," ",0,0,0,0,55.00,55.0,55.00,55.00
01/04/2020,37.19,55.00,0.00 (0.00 %)," ",0,0,0,0,55.00,55.00,55.00,55.00
31/03/2020,37.19,55.00,0.00 (0.00 %)," ",0,0,0,0,55.00,55.0,55.00,55.00
30/03/2020,37.19,55.00,0.00 (0.00 %)," ",0,0,0,0,55.00,55.00,55.00,55.00
27/03/2020,37.19,55.00,0.00 (0.00 %)," ",0,0,0,0,55.00,55.0,55.00,55.00
26/03/2020,37.19,55.00,2.00 (3.77 %)," ",100,"5,500,000",0,0,53.00,55.00,55.00,55.00
25/03/2020,35.84,53.00,0.00 (0.00 %)," ",0,0,0,0,53.00,53.0,53.00,53.00
23/03/2020,35.84,53.00,4.80 (9.96 %)," ",100,"5,300,000",0,0,48.20,53.0,53.00,53.00
20/03/2020,32.59,48.20,4.30 (9.79 %)," ",100,"4,820,000",0,0,43.90,48.20,48.20,48.20
19/03/2020,29.68,43.90,0.00 (0.00 %)," ",0,0,0,0,43.90,43.9,43.90,43.90
18/03/2020,29.68,43.90,10.10 (29.88 %)," ",100,"4,390,000",0,0,33.80,43.90,43.90,43.90
17/03/2020,22.85,33.80,0.00 (0.00 %)," ",0,0,0,0,33.80,33.8,33.80,33.80
16/03/2020,22.85,33.80,0.00 (0.00 %)," ",0,0,0,0,33.80,33.80,33.80,33.80
