22/04/2022,13.00,13.00,13.00,0.00 (0.00 %)," ",0,0,0,0,13.00,13.00,13.00,13.00
21/04/2022,13.00,13.00,13.00,0.00 (0.00 %)," ",0,0,0,0,13.00,13.0,13.00,13.00
20/04/2022,13.00,13.00,13.00,0.00 (0.00 %)," ",0,0,0,0,13.00,13.00,13.00,13.00
19/04/2022,13.00,13.00,13.00,0.00 (0.00 %)," ",0,0,0,0,13.00,13.0,13.00,13.00
18/04/2022,13.00,13.00,13.00,0.00 (0.00 %)," ",0,0,0,0,13.00,13.00,13.00,13.00
14/04/2022,13.00,13.00,13.00,0.00 (0.00 %)," ",0,0,0,0,13.00,13.0,13.00,13.00
13/04/2022,13.00,13.00,13.00,0.00 (0.00 %)," ",0,0,0,0,13.00,13.00,13.00,13.00
12/04/2022,13.00,13.00,13.00,0.00 (0.00 %)," ",0,0,0,0,13.00,13.0,13.00,13.00
08/04/2022,13.00,13.00,13.00,0.00 (0.00 %)," ",0,0,0,0,13.00,13.00,13.00,13.00
07/04/2022,13.00,13.00,13.00,0.00 (0.00 %)," ",0,0,0,0,13.00,13.0,13.00,13.00
06/04/2022,13.00,13.00,13.00,0.00 (0.00 %)," ",0,0,0,0,13.00,13.00,13.00,13.00
05/04/2022,13.00,13.00,13.00,0.00 (0.00 %)," ",0,0,0,0,13.00,13.0,13.00,13.00
04/04/2022,13.00,13.00,13.00,0.00 (0.00 %)," ",0,0,0,0,13.00,13.00,13.00,13.00
01/04/2022,13.00,13.00,13.00,0.00 (0.00 %)," ",0,0,0,0,13.00,13.0,13.00,13.00
31/03/2022,13.00,13.00,13.00,0.00 (0.00 %)," ",0,0,0,0,13.00,13.00,13.00,13.00
30/03/2022,13.00,13.00,13.00,0.00 (0.00 %)," ",0,0,0,0,13.00,13.0,13.00,13.00
29/03/2022,13.00,13.00,13.00,0.00 (0.00 %)," ",0,0,0,0,13.00,13.00,13.00,13.00
28/03/2022,13.00,13.00,13.00,0.00 (0.00 %)," ",0,0,0,0,13.00,13.0,13.00,13.00
25/03/2022,13.00,13.00,13.00,0.00 (0.00 %)," ",0,0,0,0,13.00,13.00,13.00,13.00
24/03/2022,13.00,13.00,13.00,0.00 (0.00 %)," ",0,0,0,0,13.00,13.0,13.00,13.00
23/03/2022,13.00,13.00,13.00,0.00 (0.00 %)," ",0,0,0,0,13.00,13.00,13.00,13.00
22/03/2022,13.00,13.00,13.00,0.00 (0.00 %)," ",0,0,0,0,13.00,13.0,13.00,13.00
21/03/2022,13.00,13.00,13.00,0.00 (0.00 %)," ",0,0,0,0,13.00,13.00,13.00,13.00
18/03/2022,13.00,13.00,13.00,0.00 (0.00 %)," ",0,0,0,0,13.00,13.0,13.00,13.00
17/03/2022,13.00,13.00,13.00,0.00 (0.00 %)," ",0,0,0,0,13.00,13.00,13.00,13.00
16/03/2022,13.00,13.00,13.00,0.00 (0.00 %)," ",0,0,0,0,13.00,13.0,13.00,13.00
15/03/2022,13.00,13.00,13.00,0.00 (0.00 %)," ",0,0,0,0,13.00,13.00,13.00,13.00
14/03/2022,13.00,13.00,13.00,0.00 (0.00 %)," ",0,0,0,0,13.00,13.0,13.00,13.00
11/03/2022,13.00,13.00,13.00,0.00 (0.00 %)," ",0,0,0,0,13.00,13.00,13.00,13.00
10/03/2022,13.00,13.00,13.00,-0.80 (-5.80 %)," ","3,000","39,000,000",0,0,13.80,13.0,13.00,13.00
09/03/2022,13.80,13.80,13.80,0.00 (0.00 %)," ",0,0,0,0,13.80,13.80,13.80,13.80
08/03/2022,13.80,13.80,13.80,0.00 (0.00 %)," ",0,0,0,0,13.80,13.8,13.80,13.80
07/03/2022,13.80,13.80,13.80,0.00 (0.00 %)," ",0,0,0,0,13.80,13.80,13.80,13.80
04/03/2022,13.80,13.80,13.80,0.00 (0.00 %)," ",0,0,0,0,13.80,13.8,13.80,13.80
03/03/2022,13.80,13.80,13.80,0.00 (0.00 %)," ",0,0,0,0,13.80,13.80,13.80,13.80
02/03/2022,13.80,13.80,13.80,0.00 (0.00 %)," ",0,0,0,0,13.80,13.8,13.80,13.80
01/03/2022,13.80,13.80,13.80,0.00 (0.00 %)," ",0,0,0,0,13.80,13.80,13.80,13.80
28/02/2022,13.80,13.80,13.80,0.00 (0.00 %)," ",0,0,0,0,13.80,13.8,13.80,13.80
25/02/2022,13.80,13.80,13.80,0.00 (0.00 %)," ",0,0,0,0,13.80,13.80,13.80,13.80
24/02/2022,13.80,13.80,13.80,0.00 (0.00 %)," ",0,0,0,0,13.80,13.8,13.80,13.80
23/02/2022,13.80,13.80,13.80,0.00 (0.00 %)," ",0,0,0,0,13.80,13.80,13.80,13.80
22/02/2022,13.80,13.80,13.80,0.00 (0.00 %)," ",0,0,0,0,13.80,13.8,13.80,13.80
21/02/2022,13.80,13.80,13.80,0.00 (0.00 %)," ",0,0,0,0,13.80,13.80,13.80,13.80
18/02/2022,13.80,13.80,13.80,0.00 (0.00 %)," ",0,0,0,0,13.80,13.8,13.80,13.80
17/02/2022,13.80,13.80,13.80,0.00 (0.00 %)," ",0,0,0,0,13.80,13.80,13.80,13.80
16/02/2022,13.80,13.80,13.80,0.00 (0.00 %)," ",0,0,0,0,13.80,13.8,13.80,13.80
15/02/2022,13.80,13.80,13.80,0.00 (0.00 %)," ",0,0,0,0,13.80,13.80,13.80,13.80
14/02/2022,13.80,13.80,13.80,0.00 (0.00 %)," ",0,0,0,0,13.80,13.8,13.80,13.80
11/02/2022,13.80,13.80,13.80,0.00 (0.00 %)," ",0,0,0,0,13.80,13.80,13.80,13.80
10/02/2022,13.80,13.80,13.80,0.00 (0.00 %)," ",0,0,0,0,13.80,13.8,13.80,13.80
09/02/2022,13.80,13.80,13.80,0.00 (0.00 %)," ",0,0,0,0,13.80,13.80,13.80,13.80
08/02/2022,13.80,13.80,13.80,0.00 (0.00 %)," ",0,0,0,0,13.80,13.8,13.80,13.80
07/02/2022,13.80,13.80,13.80,0.00 (0.00 %)," ",0,0,0,0,13.80,13.80,13.80,13.80
28/01/2022,13.80,13.80,13.80,0.00 (0.00 %)," ",0,0,0,0,13.80,13.8,13.80,13.80
27/01/2022,13.80,13.80,13.80,0.00 (0.00 %)," ",0,0,0,0,13.80,13.80,13.80,13.80
26/01/2022,13.80,13.80,13.80,0.00 (0.00 %)," ",0,0,0,0,13.80,13.8,13.80,13.80
25/01/2022,13.80,13.80,13.80,0.00 (0.00 %)," ",0,0,0,0,13.80,13.80,13.80,13.80
24/01/2022,13.80,13.80,13.80,0.80 (6.15 %)," ",300,"4,140,000",0,0,13.00,13.8,13.80,13.80
21/01/2022,13.00,13.00,13.00,0.00 (0.00 %)," ",0,0,0,0,13.00,13.00,13.00,13.00
20/01/2022,13.00,13.00,13.00,0.00 (0.00 %)," ",0,0,0,0,13.00,13.0,13.00,13.00
19/01/2022,13.00,13.00,13.00,0.00 (0.00 %)," ",0,0,0,0,13.00,13.00,13.00,13.00
18/01/2022,13.00,13.00,13.00,-2.00 (-13.33 %)," ",200,"2,600,000",0,0,15.00,13.0,13.00,13.00
17/01/2022,15.00,15.00,15.00,0.00 (0.00 %)," ",0,0,0,0,15.00,15.00,15.00,15.00
14/01/2022,15.00,15.00,15.00,0.00 (0.00 %)," ",0,0,0,0,15.00,15.0,15.00,15.00
13/01/2022,15.00,15.00,15.00,-0.70 (-4.46 %)," ",200,"3,000,000",0,0,15.70,15.00,15.00,15.00
12/01/2022,15.70,15.70,15.70,0.00 (0.00 %)," ",0,0,0,0,15.70,15.7,15.70,15.70
11/01/2022,15.70,15.70,15.70,0.00 (0.00 %)," ",0,0,0,0,15.70,15.70,15.70,15.70
10/01/2022,15.70,15.70,15.70,0.00 (0.00 %)," ",0,0,0,0,15.70,15.7,15.70,15.70
07/01/2022,15.70,15.70,15.70,0.00 (0.00 %)," ",0,0,0,0,15.70,15.70,15.70,15.70
06/01/2022,15.70,15.70,15.70,-2.60 (-14.21 %)," ",100,"1,570,000",0,0,18.30,15.7,15.70,15.70
05/01/2022,18.30,18.30,18.30,0.00 (0.00 %)," ",0,0,0,0,18.30,18.30,18.30,18.30
04/01/2022,18.30,18.30,18.30,-3.20 (-14.88 %)," ",100,"1,830,000",0,0,21.50,18.3,18.30,18.30
31/12/2021,23.20,23.20,23.20,3.00 (14.85 %)," ",700,"15,060,000",0,0,20.20,17.30,23.20,17.30
30/12/2021,20.20,20.20,20.20,0.00 (0.00 %)," ",0,0,0,0,20.20,20.2,20.20,20.20
29/12/2021,20.20,20.20,20.20,2.60 (14.77 %)," ","2,000","40,400,000",0,0,17.60,20.20,20.20,20.20
28/12/2021,17.60,17.60,17.60,0.00 (0.00 %)," ",0,0,0,0,17.60,17.6,17.60,17.60
27/12/2021,17.60,17.60,17.60,-3.10 (-14.98 %)," ",210,"3,696,000",0,0,20.70,17.60,17.60,17.60
24/12/2021,20.70,20.70,20.70,-3.50 (-14.46 %)," ",200,"4,140,000",0,0,24.20,20.7,20.70,20.70
23/12/2021,22.00,22.00,22.00,-3.80 (-14.73 %)," ","1,100","26,600,000",0,0,25.80,22.00,25.00,22.00
21/12/2021,25.80,25.80,25.80,0.00 (0.00 %)," ",10,"263,000",0,0,25.80,25.8,25.80,25.80
20/12/2021,25.80,25.80,25.80,3.30 (14.67 %)," ","3,700","95,460,000",0,0,22.50,25.80,25.80,25.80
17/12/2021,22.50,22.50,22.50,0.50 (2.27 %)," ",400,"9,000,000",0,0,22.00,22.5,22.50,22.50
16/12/2021,22.00,22.00,22.00,0.00 (0.00 %)," ",10,"253,000",0,0,22.00,22.00,22.00,22.00
15/12/2021,22.00,22.00,22.00,2.80 (14.58 %)," ","2,111","46,442,000",0,0,19.20,22.0,22.00,22.00
14/12/2021,19.20,19.20,19.20,2.50 (14.97 %)," ",100,"1,920,000",0,0,16.70,19.20,19.20,19.20
13/12/2021,16.70,16.70,16.70,2.10 (14.38 %)," ",100,"1,670,000",0,0,14.60,16.7,16.70,16.70
10/12/2021,14.60,14.60,14.60,1.90 (14.96 %)," ",100,"1,460,000",0,0,12.70,14.60,14.60,14.60
09/12/2021,12.70,12.70,12.70,1.60 (14.41 %)," ",400,"5,080,000",0,0,11.10,12.7,12.70,12.70
08/12/2021,11.10,11.10,11.10,1.40 (14.43 %)," ",100,"1,110,000",0,0,9.70,11.10,11.10,11.10
07/12/2021,9.70,9.70,9.70,1.20 (14.12 %)," ",100,"970,000",0,0,8.50,9.7,9.70,9.70
06/12/2021,8.50,8.50,8.50,1.10 (14.86 %)," ",100,"850,000",0,0,7.40,8.50,8.50,8.50
03/12/2021,7.40,7.40,7.40,0.90 (13.85 %)," ",100,"740,000",0,0,6.50,7.4,7.40,7.40
02/12/2021,6.50,6.50,6.50,0.80 (14.04 %)," ",100,"650,000",0,0,5.70,6.50,6.50,6.50
01/12/2021,5.70,5.70,5.70,0.70 (14.00 %)," ",100,"570,000",0,0,5.00,5.7,5.70,5.70
30/11/2021,5.00,5.00,5.00,1.40 (38.89 %)," ",600,"3,000,000",0,0,3.60,5.00,5.00,5.00
29/11/2021,3.60,3.60,3.60,0.00 (0.00 %)," ",0,0,0,0,3.60,3.6,3.60,3.60
26/11/2021,3.60,3.60,3.60,0.00 (0.00 %)," ",0,0,0,0,3.60,3.60,3.60,3.60
25/11/2021,3.60,3.60,3.60,0.00 (0.00 %)," ",0,0,0,0,3.60,3.6,3.60,3.60
24/11/2021,3.60,3.60,3.60,0.00 (0.00 %)," ",0,0,0,0,3.60,3.60,3.60,3.60
23/11/2021,3.80,3.80,3.60,0.00 (0.00 %)," ",0,0,0,0,3.80,3.8,3.80,3.80
22/11/2021,3.80,3.80,3.60,0.00 (0.00 %)," ",0,0,0,0,3.80,3.80,3.80,3.80
19/11/2021,3.80,3.80,3.60,0.00 (0.00 %)," ",0,0,0,0,3.80,3.8,3.80,3.80
18/11/2021,3.80,3.80,3.60,0.00 (0.00 %)," ",0,0,0,0,3.80,3.80,3.80,3.80
17/11/2021,3.80,3.80,3.60,0.00 (0.00 %)," ",0,0,0,0,3.80,3.8,3.80,3.80
16/11/2021,3.80,3.80,3.60,0.00 (0.00 %)," ",0,0,0,0,3.80,3.80,3.80,3.80
15/11/2021,3.80,3.80,3.60,0.00 (0.00 %)," ",0,0,0,0,3.80,3.8,3.80,3.80
12/11/2021,3.80,3.80,3.60,0.00 (0.00 %)," ",0,0,0,0,3.80,3.80,3.80,3.80
11/11/2021,3.60,3.80,3.60,0.00 (0.00 %)," ",0,0,0,0,3.80,3.8,3.80,3.80
10/11/2021,3.60,3.80,3.60,0.00 (0.00 %)," ",0,0,0,0,3.80,3.80,3.80,3.80
09/11/2021,3.80,3.80,3.60,0.00 (0.00 %)," ",0,0,0,0,3.80,3.8,3.80,3.80
08/11/2021,3.80,3.80,3.60,0.00 (0.00 %)," ",0,0,0,0,3.80,3.80,3.80,3.80
05/11/2021,3.80,3.80,3.60,0.00 (0.00 %)," ",0,0,0,0,3.80,3.8,3.80,3.80
04/11/2021,3.80,3.80,3.60,0.00 (0.00 %)," ",0,0,0,0,3.80,3.80,3.80,3.80
03/11/2021,3.80,3.80,3.60,0.00 (0.00 %)," ",0,0,0,0,3.80,3.8,3.80,3.80
02/11/2021,3.80,3.80,3.60,0.00 (0.00 %)," ",0,0,0,0,3.80,3.80,3.80,3.80
01/11/2021,3.80,3.80,3.60,0.00 (0.00 %)," ",0,0,0,0,3.80,3.8,3.80,3.80
29/10/2021,3.80,3.80,3.60,0.00 (0.00 %)," ",0,0,0,0,3.80,3.80,3.80,3.80
28/10/2021,3.80,3.80,3.60,0.00 (0.00 %)," ",0,0,0,0,3.80,3.8,3.80,3.80
27/10/2021,3.80,3.80,3.60,0.00 (0.00 %)," ",0,0,0,0,3.80,3.80,3.80,3.80
26/10/2021,3.80,3.80,3.60,0.00 (0.00 %)," ",0,0,0,0,3.80,3.8,3.80,3.80
25/10/2021,3.80,3.80,3.60,0.00 (0.00 %)," ",0,0,0,0,3.80,3.80,3.80,3.80
22/10/2021,3.80,3.80,3.60,0.00 (0.00 %)," ",0,0,0,0,3.80,3.8,3.80,3.80
21/10/2021,3.80,3.80,3.60,0.00 (0.00 %)," ",0,0,0,0,3.80,3.80,3.80,3.80
20/10/2021,3.80,3.80,3.60,0.00 (0.00 %)," ",0,0,0,0,3.80,3.8,3.80,3.80
19/10/2021,3.80,3.80,3.60,0.00 (0.00 %)," ",0,0,0,0,3.80,3.80,3.80,3.80
18/10/2021,3.80,3.80,3.60,0.00 (0.00 %)," ",0,0,0,0,3.80,3.8,3.80,3.80
15/10/2021,3.80,3.80,3.60,0.00 (0.00 %)," ",0,0,0,0,3.80,3.80,3.80,3.80
14/10/2021,3.80,3.80,3.60,0.00 (0.00 %)," ",0,0,0,0,3.80,3.8,3.80,3.80
13/10/2021,3.60,3.80,3.60,0.00 (0.00 %)," ",0,0,0,0,3.80,3.80,3.80,3.80
12/10/2021,3.80,3.80,3.60,0.00 (0.00 %)," ",0,0,0,0,3.80,3.8,3.80,3.80
11/10/2021,3.80,3.80,3.60,0.00 (0.00 %)," ",0,0,0,0,3.80,3.80,3.80,3.80
08/10/2021,3.80,3.80,3.60,0.00 (0.00 %)," ",0,0,0,0,3.80,3.8,3.80,3.80
07/10/2021,3.80,3.80,3.60,0.00 (0.00 %)," ",0,0,0,0,3.80,3.80,3.80,3.80
06/10/2021,3.80,3.80,3.60,0.00 (0.00 %)," ",0,0,0,0,3.80,3.8,3.80,3.80
05/10/2021,3.80,3.80,3.60,0.00 (0.00 %)," ",0,0,0,0,3.80,3.80,3.80,3.80
04/10/2021,3.80,3.80,3.60,0.00 (0.00 %)," ",0,0,0,0,3.80,3.8,3.80,3.80
01/10/2021,3.80,3.80,3.60,0.00 (0.00 %)," ",0,0,0,0,3.80,3.80,3.80,3.80
30/09/2021,3.80,3.80,3.60,0.00 (0.00 %)," ",0,0,0,0,3.80,3.8,3.80,3.80
29/09/2021,3.80,3.80,3.60,0.00 (0.00 %)," ",0,0,0,0,3.80,3.80,3.80,3.80
28/09/2021,3.80,3.80,3.60,0.00 (0.00 %)," ",0,0,0,0,3.80,3.8,3.80,3.80
27/09/2021,3.80,3.80,3.60,0.00 (0.00 %)," ",0,0,0,0,3.80,3.80,3.80,3.80
24/09/2021,3.80,3.80,3.60,0.00 (0.00 %)," ",0,0,0,0,3.80,3.8,3.80,3.80
23/09/2021,3.80,3.80,3.60,0.00 (0.00 %)," ",0,0,0,0,3.80,3.80,3.80,3.80
22/09/2021,3.80,3.80,3.60,0.00 (0.00 %)," ",0,0,0,0,3.80,3.8,3.80,3.80
21/09/2021,3.80,3.80,3.60,0.00 (0.00 %)," ",0,0,0,0,3.80,3.80,3.80,3.80
20/09/2021,3.80,3.80,3.60,0.00 (0.00 %)," ",0,0,0,0,3.80,3.8,3.80,3.80
17/09/2021,3.80,3.80,3.60,0.00 (0.00 %)," ",0,0,0,0,3.80,3.80,3.80,3.80
16/09/2021,3.80,3.80,3.60,0.00 (0.00 %)," ",0,0,0,0,3.80,3.8,3.80,3.80
15/09/2021,3.60,3.80,3.60,0.00 (0.00 %)," ",0,0,0,0,3.80,3.80,3.80,3.80
14/09/2021,3.80,3.80,3.60,0.00 (0.00 %)," ",0,0,0,0,3.80,3.8,3.80,3.80
13/09/2021,3.80,3.80,3.60,0.00 (0.00 %)," ",0,0,0,0,3.80,3.80,3.80,3.80
10/09/2021,3.80,3.80,3.60,0.00 (0.00 %)," ",0,0,0,0,3.80,3.8,3.80,3.80
09/09/2021,3.80,3.80,3.60,0.00 (0.00 %)," ",0,0,0,0,3.80,3.80,3.80,3.80
08/09/2021,3.80,3.80,3.60,0.00 (0.00 %)," ",0,0,0,0,3.80,3.8,3.80,3.80
07/09/2021,3.80,3.80,3.60,0.00 (0.00 %)," ",0,0,0,0,3.80,3.80,3.80,3.80
06/09/2021,3.80,3.80,3.60,0.00 (0.00 %)," ",0,0,0,0,3.80,3.8,3.80,3.80
01/09/2021,3.80,3.80,3.60,0.00 (0.00 %)," ",0,0,0,0,3.80,3.80,3.80,3.80
31/08/2021,3.80,3.80,3.60,0.00 (0.00 %)," ",0,0,0,0,3.80,3.8,3.80,3.80
30/08/2021,3.80,3.80,3.60,0.00 (0.00 %)," ",0,0,0,0,3.80,3.80,3.80,3.80
27/08/2021,3.80,3.80,3.60,0.00 (0.00 %)," ",0,0,0,0,3.80,3.8,3.80,3.80
26/08/2021,3.80,3.80,3.60,0.00 (0.00 %)," ",0,0,0,0,3.80,3.80,3.80,3.80
25/08/2021,3.80,3.80,3.60,0.00 (0.00 %)," ",0,0,0,0,3.80,3.8,3.80,3.80
24/08/2021,3.80,3.80,3.60,0.00 (0.00 %)," ",0,0,0,0,3.80,3.80,3.80,3.80
23/08/2021,3.80,3.80,3.60,0.00 (0.00 %)," ",0,0,0,0,3.80,3.8,3.80,3.80
20/08/2021,3.80,3.80,3.60,0.00 (0.00 %)," ",0,0,0,0,3.80,3.80,3.80,3.80
19/08/2021,3.80,3.80,3.60,0.00 (0.00 %)," ",0,0,0,0,3.80,3.8,3.80,3.80
18/08/2021,3.80,3.80,3.60,0.00 (0.00 %)," ",0,0,0,0,3.80,3.80,3.80,3.80
17/08/2021,3.80,3.80,3.60,0.00 (0.00 %)," ",0,0,0,0,3.80,3.8,3.80,3.80
16/08/2021,3.80,3.80,3.60,0.00 (0.00 %)," ",0,0,0,0,3.80,3.80,3.80,3.80
13/08/2021,3.80,3.80,3.60,0.00 (0.00 %)," ",0,0,0,0,3.80,3.8,3.80,3.80
12/08/2021,3.80,3.80,3.60,0.00 (0.00 %)," ",0,0,0,0,3.80,3.80,3.80,3.80
11/08/2021,3.80,3.80,3.60,0.00 (0.00 %)," ",0,0,0,0,3.80,3.8,3.80,3.80
10/08/2021,3.80,3.80,3.60,0.00 (0.00 %)," ",0,0,0,0,3.80,3.80,3.80,3.80
09/08/2021,3.80,3.80,3.60,0.00 (0.00 %)," ",0,0,0,0,3.80,3.8,3.80,3.80
06/08/2021,3.80,3.80,3.60,0.00 (0.00 %)," ",0,0,0,0,3.80,3.80,3.80,3.80
05/08/2021,3.60,3.80,3.60,-0.40 (-9.52 %)," ",200,"760,000",0,0,4.20,3.8,3.80,3.80
04/08/2021,4.20,4.20,3.98,0.00 (0.00 %)," ",0,0,0,0,4.20,4.20,4.20,4.20
03/08/2021,3.98,4.20,3.98,-0.40 (-8.70 %)," ",200,"840,000",0,0,4.60,4.2,4.20,4.20
02/08/2021,4.36,4.60,4.36,-0.40 (-8.00 %)," ",200,"920,000",0,0,5.00,4.60,4.60,4.60
30/07/2021,5.00,5.00,4.74,0.00 (0.00 %)," ",0,0,0,0,5.00,5.0,5.00,5.00
29/07/2021,4.74,5.00,4.74,-0.50 (-9.09 %)," ",300,"1,500,000",0,0,5.50,5.00,5.00,5.00
28/07/2021,5.21,5.50,5.21,-0.50 (-8.33 %)," ",500,"2,750,000",0,0,6.00,5.5,5.50,5.50
27/07/2021,6.00,6.00,5.68,0.00 (0.00 %)," ",0,0,0,0,6.00,6.00,6.00,6.00
26/07/2021,6.00,6.00,5.68,0.00 (0.00 %)," ",0,0,0,0,6.00,6.0,6.00,6.00
23/07/2021,5.68,6.00,5.68,-2.60 (-30.23 %)," ",300,"1,800,000",0,0,8.60,6.00,6.00,6.00
22/07/2021,8.60,8.60,8.15,0.00 (0.00 %)," ",0,0,0,0,8.60,8.6,8.60,8.60
21/07/2021,8.60,8.60,8.15,0.00 (0.00 %)," ",0,0,0,0,8.60,8.60,8.60,8.60
20/07/2021,8.60,8.60,8.15,0.00 (0.00 %)," ",0,0,0,0,8.60,8.6,8.60,8.60
19/07/2021,8.60,8.60,8.15,0.00 (0.00 %)," ",0,0,0,0,8.60,8.60,8.60,8.60
16/07/2021,8.60,8.60,8.15,0.00 (0.00 %)," ",0,0,0,0,8.60,8.6,8.60,8.60
15/07/2021,8.60,8.60,8.15,0.00 (0.00 %)," ",0,0,0,0,8.60,8.60,8.60,8.60
14/07/2021,8.60,8.60,8.15,0.00 (0.00 %)," ",0,0,0,0,8.60,8.6,8.60,8.60
13/07/2021,8.60,8.60,8.15,0.00 (0.00 %)," ",0,0,0,0,8.60,8.60,8.60,8.60
12/07/2021,8.60,8.60,8.15,0.00 (0.00 %)," ",0,0,0,0,8.60,8.6,8.60,8.60
09/07/2021,8.60,8.60,8.15,0.00 (0.00 %)," ",0,0,0,0,8.60,8.60,8.60,8.60
08/07/2021,8.15,8.60,8.15,0.00 (0.00 %)," ",0,0,0,0,8.60,8.6,8.60,8.60
07/07/2021,8.60,8.60,8.15,0.00 (0.00 %)," ",0,0,0,0,8.60,8.60,8.60,8.60
06/07/2021,8.60,8.60,8.15,0.00 (0.00 %)," ",0,0,0,0,8.60,8.6,8.60,8.60
05/07/2021,8.60,8.60,8.15,0.00 (0.00 %)," ",0,0,0,0,8.60,8.60,8.60,8.60
02/07/2021,8.60,8.60,8.15,0.00 (0.00 %)," ",0,0,0,0,8.60,8.6,8.60,8.60
01/07/2021,8.60,8.60,8.15,0.00 (0.00 %)," ",0,0,0,0,8.60,8.60,8.60,8.60
30/06/2021,8.60,8.60,8.15,0.00 (0.00 %)," ",0,0,0,0,8.60,8.6,8.60,8.60
29/06/2021,8.60,8.60,8.15,0.00 (0.00 %)," ",0,0,0,0,8.60,8.60,8.60,8.60
28/06/2021,8.60,8.60,8.15,0.00 (0.00 %)," ",0,0,0,0,8.60,8.6,8.60,8.60
25/06/2021,8.60,8.60,8.15,0.00 (0.00 %)," ",0,0,0,0,8.60,8.60,8.60,8.60
24/06/2021,8.60,8.60,8.15,0.00 (0.00 %)," ",0,0,0,0,8.60,8.6,8.60,8.60
23/06/2021,8.60,8.60,8.15,0.00 (0.00 %)," ",0,0,0,0,8.60,8.60,8.60,8.60
22/06/2021,8.60,8.60,8.15,0.00 (0.00 %)," ",0,0,0,0,8.60,8.6,8.60,8.60
18/06/2021,8.60,8.60,8.15,0.00 (0.00 %)," ",0,0,0,0,8.60,8.60,8.60,8.60
17/06/2021,8.60,8.60,8.15,0.00 (0.00 %)," ",0,0,0,0,8.60,8.6,8.60,8.60
16/06/2021,8.60,8.60,8.15,0.00 (0.00 %)," ",0,0,0,0,8.60,8.60,8.60,8.60
15/06/2021,8.60,8.60,8.15,0.00 (0.00 %)," ",0,0,0,0,8.60,8.6,8.60,8.60
14/06/2021,8.60,8.60,8.15,0.00 (0.00 %)," ",0,0,0,0,8.60,8.60,8.60,8.60
11/06/2021,8.60,8.60,8.15,0.00 (0.00 %)," ",0,0,0,0,8.60,8.6,8.60,8.60
10/06/2021,8.15,8.60,8.15,1.10 (14.67 %)," ",700,"6,020,000",0,0,7.50,8.60,8.60,8.60
09/06/2021,7.50,7.50,7.11,0.00 (0.00 %)," ",0,0,0,0,7.50,7.5,7.50,7.50
08/06/2021,7.50,7.50,7.11,0.00 (0.00 %)," ",0,0,0,0,7.50,7.50,7.50,7.50
07/06/2021,7.50,7.50,7.11,0.00 (0.00 %)," ",0,0,0,0,7.50,7.5,7.50,7.50
04/06/2021,7.11,7.50,7.11,-1.70 (-18.48 %)," ",300,"2,250,000",0,0,9.20,7.50,7.50,7.50
03/06/2021,9.20,9.20,8.72,0.00 (0.00 %)," ",0,0,0,0,9.20,9.2,9.20,9.20
02/06/2021,9.20,9.20,8.72,0.00 (0.00 %)," ",0,0,0,0,9.20,9.20,9.20,9.20
01/06/2021,9.20,9.20,8.72,0.00 (0.00 %)," ",0,0,0,0,9.20,9.2,9.20,9.20
31/05/2021,9.20,9.20,8.72,0.00 (0.00 %)," ",0,0,0,0,9.20,9.20,9.20,9.20
28/05/2021,9.20,9.20,8.72,0.00 (0.00 %)," ",0,0,0,0,9.20,9.2,9.20,9.20
27/05/2021,9.20,9.20,8.72,0.00 (0.00 %)," ",0,0,0,0,9.20,9.20,9.20,9.20
26/05/2021,9.20,9.20,8.72,0.00 (0.00 %)," ",0,0,0,0,9.20,9.2,9.20,9.20
25/05/2021,9.20,9.20,8.72,0.00 (0.00 %)," ",0,0,0,0,9.20,9.20,9.20,9.20
24/05/2021,9.20,9.20,8.72,0.00 (0.00 %)," ",0,0,0,0,9.20,9.2,9.20,9.20
21/05/2021,9.20,9.20,8.72,0.00 (0.00 %)," ",0,0,0,0,9.20,9.20,9.20,9.20
20/05/2021,9.20,9.20,8.72,0.00 (0.00 %)," ",0,0,0,0,9.20,9.2,9.20,9.20
19/05/2021,9.20,9.20,8.72,0.00 (0.00 %)," ",0,0,0,0,9.20,9.20,9.20,9.20
18/05/2021,9.20,9.20,8.72,0.00 (0.00 %)," ",0,0,0,0,9.20,9.2,9.20,9.20
17/05/2021,9.20,9.20,8.72,0.00 (0.00 %)," ",0,0,0,0,9.20,9.20,9.20,9.20
14/05/2021,9.20,9.20,8.72,0.00 (0.00 %)," ",0,0,0,0,9.20,9.2,9.20,9.20
13/05/2021,9.20,9.20,8.72,0.00 (0.00 %)," ",0,0,0,0,9.20,9.20,9.20,9.20
12/05/2021,9.20,9.20,8.72,0.00 (0.00 %)," ",0,0,0,0,9.20,9.2,9.20,9.20
11/05/2021,9.20,9.20,8.72,0.00 (0.00 %)," ",0,0,0,0,9.20,9.20,9.20,9.20
10/05/2021,9.20,9.20,8.72,0.00 (0.00 %)," ",0,0,0,0,9.20,9.2,9.20,9.20
07/05/2021,9.20,9.20,8.72,0.00 (0.00 %)," ",0,0,0,0,9.20,9.20,9.20,9.20
06/05/2021,9.20,9.20,8.72,0.00 (0.00 %)," ",0,0,0,0,9.20,9.2,9.20,9.20
05/05/2021,9.20,9.20,8.72,0.00 (0.00 %)," ",0,0,0,0,9.20,9.20,9.20,9.20
04/05/2021,9.20,9.20,8.72,0.00 (0.00 %)," ",0,0,0,0,9.20,9.2,9.20,9.20
29/04/2021,9.20,9.20,8.72,0.00 (0.00 %)," ",0,0,0,0,9.20,9.20,9.20,9.20
28/04/2021,9.20,9.20,8.72,0.00 (0.00 %)," ",0,0,0,0,9.20,9.2,9.20,9.20
27/04/2021,9.20,9.20,8.72,0.00 (0.00 %)," ",0,0,0,0,9.20,9.20,9.20,9.20
26/04/2021,9.20,9.20,8.72,0.00 (0.00 %)," ",0,0,0,0,9.20,9.2,9.20,9.20
23/04/2021,9.20,9.20,8.72,0.00 (0.00 %)," ",0,0,0,0,9.20,9.20,9.20,9.20
22/04/2021,9.20,9.20,8.72,0.00 (0.00 %)," ",0,0,0,0,9.20,9.2,9.20,9.20
20/04/2021,9.20,9.20,8.72,0.00 (0.00 %)," ",0,0,0,0,9.20,9.20,9.20,9.20
19/04/2021,9.20,9.20,8.72,0.00 (0.00 %)," ",0,0,0,0,9.20,9.2,9.20,9.20
16/04/2021,9.20,9.20,8.72,0.00 (0.00 %)," ",0,0,0,0,9.20,9.20,9.20,9.20
15/04/2021,8.72,9.20,8.72,0.00 (0.00 %)," ",0,0,0,0,9.20,9.2,9.20,9.20
14/04/2021,9.20,9.20,8.72,0.00 (0.00 %)," ",0,0,0,0,9.20,9.20,9.20,9.20
13/04/2021,9.20,9.20,8.72,0.00 (0.00 %)," ",0,0,0,0,9.20,9.2,9.20,9.20
12/04/2021,9.20,9.20,8.72,0.00 (0.00 %)," ",0,0,0,0,9.20,9.20,9.20,9.20
09/04/2021,9.20,9.20,8.72,0.00 (0.00 %)," ",0,0,0,0,9.20,9.2,9.20,9.20
08/04/2021,9.20,9.20,8.72,0.00 (0.00 %)," ",0,0,0,0,9.20,9.20,9.20,9.20
07/04/2021,9.20,9.20,8.72,0.00 (0.00 %)," ",0,0,0,0,9.20,9.2,9.20,9.20
06/04/2021,9.20,9.20,8.72,0.00 (0.00 %)," ",0,0,0,0,9.20,9.20,9.20,9.20
05/04/2021,9.20,9.20,8.72,0.00 (0.00 %)," ",0,0,0,0,9.20,9.2,9.20,9.20
02/04/2021,9.20,9.20,8.72,0.00 (0.00 %)," ",0,0,0,0,9.20,9.20,9.20,9.20
01/04/2021,9.20,9.20,8.72,0.00 (0.00 %)," ",0,0,0,0,9.20,9.2,9.20,9.20
31/03/2021,9.20,9.20,8.72,0.00 (0.00 %)," ",0,0,0,0,9.20,9.20,9.20,9.20
30/03/2021,9.20,9.20,8.72,0.00 (0.00 %)," ",0,0,0,0,9.20,9.2,9.20,9.20
29/03/2021,9.20,9.20,8.72,0.00 (0.00 %)," ",0,0,0,0,9.20,9.20,9.20,9.20
26/03/2021,9.20,9.20,8.72,0.00 (0.00 %)," ",0,0,0,0,9.20,9.2,9.20,9.20
25/03/2021,9.20,9.20,8.72,0.00 (0.00 %)," ",0,0,0,0,9.20,9.20,9.20,9.20
24/03/2021,9.20,9.20,8.72,0.00 (0.00 %)," ",0,0,0,0,9.20,9.2,9.20,9.20
23/03/2021,9.20,9.20,8.72,0.00 (0.00 %)," ",0,0,0,0,9.20,9.20,9.20,9.20
22/03/2021,9.20,9.20,8.72,0.00 (0.00 %)," ",0,0,0,0,9.20,9.2,9.20,9.20
19/03/2021,9.20,9.20,8.72,0.00 (0.00 %)," ",0,0,0,0,9.20,9.20,9.20,9.20
18/03/2021,9.20,9.20,8.72,0.00 (0.00 %)," ",0,0,0,0,9.20,9.2,9.20,9.20
17/03/2021,9.20,9.20,8.72,0.00 (0.00 %)," ",0,0,0,0,9.20,9.20,9.20,9.20
16/03/2021,9.20,9.20,8.72,0.00 (0.00 %)," ",0,0,0,0,9.20,9.2,9.20,9.20
15/03/2021,9.20,9.20,8.72,0.00 (0.00 %)," ",0,0,0,0,9.20,9.20,9.20,9.20
12/03/2021,9.20,9.20,8.72,0.00 (0.00 %)," ",0,0,0,0,9.20,9.2,9.20,9.20
11/03/2021,9.20,9.20,8.72,0.00 (0.00 %)," ",0,0,0,0,9.20,9.20,9.20,9.20
10/03/2021,9.20,9.20,8.72,0.00 (0.00 %)," ",0,0,0,0,9.20,9.2,9.20,9.20
09/03/2021,9.20,9.20,8.72,0.00 (0.00 %)," ",0,0,0,0,9.20,9.20,9.20,9.20
05/03/2021,9.20,9.20,8.72,0.00 (0.00 %)," ",0,0,0,0,9.20,9.2,9.20,9.20
04/03/2021,9.20,9.20,8.72,0.00 (0.00 %)," ",0,0,0,0,9.20,9.20,9.20,9.20
03/03/2021,9.20,9.20,8.72,0.00 (0.00 %)," ",0,0,0,0,9.20,9.2,9.20,9.20
02/03/2021,9.20,9.20,8.72,0.00 (0.00 %)," ",0,0,0,0,9.20,9.20,9.20,9.20
01/03/2021,9.20,9.20,8.72,0.00 (0.00 %)," ",0,0,0,0,9.20,9.2,9.20,9.20
26/02/2021,9.20,9.20,8.72,0.00 (0.00 %)," ",0,0,0,0,9.20,9.20,9.20,9.20
25/02/2021,9.20,9.20,8.72,0.00 (0.00 %)," ",0,0,0,0,9.20,9.2,9.20,9.20
24/02/2021,9.20,9.20,8.72,0.00 (0.00 %)," ",0,0,0,0,9.20,9.20,9.20,9.20
23/02/2021,9.20,9.20,8.72,0.00 (0.00 %)," ",0,0,0,0,9.20,9.2,9.20,9.20
22/02/2021,9.20,9.20,8.72,0.00 (0.00 %)," ",0,0,0,0,9.20,9.20,9.20,9.20
19/02/2021,9.20,9.20,8.72,0.00 (0.00 %)," ",0,0,0,0,9.20,9.2,9.20,9.20
18/02/2021,9.20,9.20,8.72,0.00 (0.00 %)," ",0,0,0,0,9.20,9.20,9.20,9.20
17/02/2021,9.20,9.20,8.72,0.00 (0.00 %)," ",0,0,0,0,9.20,9.2,9.20,9.20
05/02/2021,9.20,9.20,8.72,0.00 (0.00 %)," ",0,0,0,0,9.20,9.20,9.20,9.20
04/02/2021,9.20,9.20,8.72,0.00 (0.00 %)," ",0,0,0,0,9.20,9.2,9.20,9.20
03/02/2021,9.20,9.20,8.72,0.00 (0.00 %)," ",0,0,0,0,9.20,9.20,9.20,9.20
02/02/2021,9.20,9.20,8.72,0.00 (0.00 %)," ",0,0,0,0,9.20,9.2,9.20,9.20
01/02/2021,9.20,9.20,8.72,0.00 (0.00 %)," ",0,0,0,0,9.20,9.20,9.20,9.20
29/01/2021,9.20,9.20,8.72,0.00 (0.00 %)," ",0,0,0,0,9.20,9.2,9.20,9.20
28/01/2021,9.20,9.20,8.72,0.00 (0.00 %)," ",0,0,0,0,9.20,9.20,9.20,9.20
27/01/2021,9.20,9.20,8.72,0.00 (0.00 %)," ",0,0,0,0,9.20,9.2,9.20,9.20
26/01/2021,9.20,9.20,8.72,0.00 (0.00 %)," ",0,0,0,0,9.20,9.20,9.20,9.20
25/01/2021,9.20,9.20,8.72,0.00 (0.00 %)," ",0,0,0,0,9.20,9.2,9.20,9.20
22/01/2021,9.20,9.20,8.72,0.00 (0.00 %)," ",0,0,0,0,9.20,9.20,9.20,9.20
21/01/2021,9.20,9.20,8.72,0.00 (0.00 %)," ",0,0,0,0,9.20,9.2,9.20,9.20
20/01/2021,9.20,9.20,8.72,0.00 (0.00 %)," ",0,0,0,0,9.20,9.20,9.20,9.20
19/01/2021,9.20,9.20,8.72,0.00 (0.00 %)," ",0,0,0,0,9.20,9.2,9.20,9.20
18/01/2021,9.20,9.20,8.72,0.00 (0.00 %)," ",0,0,0,0,9.20,9.20,9.20,9.20
15/01/2021,9.20,9.20,8.72,0.00 (0.00 %)," ",0,0,0,0,9.20,9.2,9.20,9.20
14/01/2021,9.20,9.20,8.72,0.00 (0.00 %)," ",0,0,0,0,9.20,9.20,9.20,9.20
13/01/2021,9.20,9.20,8.72,0.00 (0.00 %)," ",0,0,0,0,9.20,9.2,9.20,9.20
12/01/2021,9.20,9.20,8.72,0.00 (0.00 %)," ",0,0,0,0,9.20,9.20,9.20,9.20
11/01/2021,9.20,9.20,8.72,0.00 (0.00 %)," ",0,0,0,0,9.20,9.2,9.20,9.20
08/01/2021,9.20,9.20,8.72,0.00 (0.00 %)," ",0,0,0,0,9.20,9.20,9.20,9.20
07/01/2021,9.20,9.20,8.72,0.00 (0.00 %)," ",0,0,0,0,9.20,9.2,9.20,9.20
06/01/2021,9.20,9.20,8.72,0.00 (0.00 %)," ",0,0,0,0,9.20,9.20,9.20,9.20
05/01/2021,9.20,9.20,8.72,0.00 (0.00 %)," ",0,0,0,0,9.20,9.2,9.20,9.20
04/01/2021,9.20,9.20,8.72,0.00 (0.00 %)," ",0,0,0,0,9.20,9.20,9.20,9.20
31/12/2020,9.20,9.20,8.72,0.00 (0.00 %)," ",0,0,0,0,9.20,9.2,9.20,9.20
30/12/2020,8.72,9.20,8.72,0.00 (0.00 %)," ",0,0,0,0,9.20,9.20,9.20,9.20
29/12/2020,9.20,9.20,8.72,0.00 (0.00 %)," ",0,0,0,0,9.20,9.2,9.20,9.20
28/12/2020,9.20,9.20,8.72,0.00 (0.00 %)," ",0,0,0,0,9.20,9.20,9.20,9.20
25/12/2020,9.20,9.20,8.72,0.00 (0.00 %)," ",0,0,0,0,9.20,9.2,9.20,9.20
24/12/2020,9.20,9.20,8.72,0.00 (0.00 %)," ",0,0,0,0,9.20,9.20,9.20,9.20
23/12/2020,9.20,9.20,8.72,0.00 (0.00 %)," ",0,0,0,0,9.20,9.2,9.20,9.20
22/12/2020,9.20,9.20,8.72,0.00 (0.00 %)," ",0,0,0,0,9.20,9.20,9.20,9.20
21/12/2020,9.20,9.20,8.72,0.00 (0.00 %)," ",0,0,0,0,9.20,9.2,9.20,9.20
18/12/2020,9.20,9.20,8.72,0.00 (0.00 %)," ",0,0,0,0,9.20,9.20,9.20,9.20
17/12/2020,9.20,9.20,8.72,0.00 (0.00 %)," ",0,0,0,0,9.20,9.2,9.20,9.20
16/12/2020,9.20,9.20,8.72,0.00 (0.00 %)," ",0,0,0,0,9.20,9.20,9.20,9.20
15/12/2020,9.20,9.20,8.72,0.00 (0.00 %)," ",0,0,0,0,9.20,9.2,9.20,9.20
14/12/2020,9.20,9.20,8.72,0.00 (0.00 %)," ",0,0,0,0,9.20,9.20,9.20,9.20
11/12/2020,9.20,9.20,8.72,0.00 (0.00 %)," ",0,0,0,0,9.20,9.2,9.20,9.20
10/12/2020,8.72,9.20,8.72,-1.60 (-14.81 %)," ",100,"920,000",0,0,10.80,9.20,9.20,9.20
09/12/2020,10.80,10.80,10.23,0.00 (0.00 %)," ",0,0,0,0,10.80,10.8,10.80,10.80
08/12/2020,10.23,10.80,10.23,-1.70 (-13.60 %)," ",100,"1,080,000",0,0,12.50,10.80,10.80,10.80
07/12/2020,11.84,12.50,11.84,-2.10 (-14.38 %)," ",201,"2,514,800",0,0,14.60,12.5,12.50,12.50
04/12/2020,14.60,14.60,13.83,0.00 (0.00 %)," ",0,0,0,0,14.60,14.60,14.60,14.60
03/12/2020,14.60,14.60,13.83,0.00 (0.00 %)," ",0,0,0,0,14.60,14.6,14.60,14.60
02/12/2020,14.60,14.60,13.83,0.00 (0.00 %)," ",0,0,0,0,14.60,14.60,14.60,14.60
01/12/2020,13.83,14.60,13.83,0.00 (0.00 %)," ",100,"1,460,000",0,0,14.60,14.6,14.60,14.60
30/11/2020,13.83,14.60,13.83,1.90 (14.96 %)," ",200,"2,920,000",0,0,12.70,14.60,14.60,14.60
27/11/2020,12.03,12.70,12.03,1.60 (14.41 %)," ",200,"2,540,000",0,0,11.10,12.7,12.70,12.70
26/11/2020,10.52,11.10,10.52,1.40 (14.43 %)," ",301,"3,341,100",0,0,9.70,11.10,11.10,11.10
25/11/2020,9.70,9.70,9.19,0.00 (0.00 %)," ",0,0,0,0,9.70,9.7,9.70,9.70
24/11/2020,9.19,9.70,9.19,1.20 (14.12 %)," ",100,"970,000",0,0,8.50,9.70,9.70,9.70
23/11/2020,8.50,8.50,8.05,0.00 (0.00 %)," ",0,0,0,0,8.50,8.5,8.50,8.50
20/11/2020,8.50,8.50,8.05,0.00 (0.00 %)," ",0,0,0,0,8.50,8.50,8.50,8.50
19/11/2020,8.50,8.50,8.05,0.00 (0.00 %)," ",1,"8,500",0,0,8.50,8.5,8.50,8.50
18/11/2020,8.50,8.50,8.05,0.00 (0.00 %)," ",0,0,0,0,8.50,8.50,8.50,8.50
17/11/2020,8.50,8.50,8.05,0.00 (0.00 %)," ",0,0,0,0,8.50,8.5,8.50,8.50
16/11/2020,8.50,8.50,8.05,0.00 (0.00 %)," ",0,0,0,0,8.50,8.50,8.50,8.50
13/11/2020,8.50,8.50,8.05,0.00 (0.00 %)," ",0,0,0,0,8.50,8.5,8.50,8.50
12/11/2020,8.50,8.50,8.05,0.00 (0.00 %)," ",0,0,0,0,8.50,8.50,8.50,8.50
11/11/2020,8.50,8.50,8.05,0.00 (0.00 %)," ",0,0,0,0,8.50,8.5,8.50,8.50
10/11/2020,8.50,8.50,8.05,0.00 (0.00 %)," ",0,0,0,0,8.50,8.50,8.50,8.50
09/11/2020,8.50,8.50,8.05,0.00 (0.00 %)," ",0,0,0,0,8.50,8.5,8.50,8.50
06/11/2020,8.50,8.50,8.05,0.00 (0.00 %)," ",0,0,0,0,8.50,8.50,8.50,8.50
05/11/2020,8.50,8.50,8.05,0.00 (0.00 %)," ",0,0,0,0,8.50,8.5,8.50,8.50
04/11/2020,8.50,8.50,8.05,0.00 (0.00 %)," ",0,0,0,0,8.50,8.50,8.50,8.50
03/11/2020,8.50,8.50,8.05,0.00 (0.00 %)," ",0,0,0,0,8.50,8.5,8.50,8.50
02/11/2020,8.50,8.50,8.05,0.00 (0.00 %)," ",0,0,0,0,8.50,8.50,8.50,8.50
30/10/2020,8.50,8.50,8.05,0.00 (0.00 %)," ",0,0,0,0,8.50,8.5,8.50,8.50
29/10/2020,8.05,8.50,8.05,-1.20 (-12.37 %)," ",200,"1,700,000",0,0,9.70,8.50,8.50,8.50
28/10/2020,9.19,9.70,9.19,-1.60 (-14.16 %)," ",300,"2,910,000",0,0,11.30,9.7,9.70,9.70
27/10/2020,12.40,12.40,10.72,0.00 (0.00 %)," ",0,0,0,0,12.40,12.40,12.40,12.40
26/10/2020,10.72,12.40,10.72,1.60 (14.81 %)," ","1,700","21,080,000",0,0,10.80,12.4,12.40,12.40
23/10/2020,10.80,10.80,9.34,0.00 (0.00 %)," ",2,"20,000",0,0,10.80,10.80,10.80,10.80
22/10/2020,9.34,10.80,9.34,-1.80 (-14.29 %)," ",200,"2,160,000",0,0,12.60,10.8,10.80,10.80
21/10/2020,12.60,12.60,10.90,0.00 (0.00 %)," ",0,0,0,0,12.60,12.60,12.60,12.60
20/10/2020,12.60,12.60,10.90,0.00 (0.00 %)," ",0,0,0,0,12.60,12.6,12.60,12.60
19/10/2020,12.60,12.60,10.90,0.00 (0.00 %)," ",0,0,0,0,12.60,12.60,12.60,12.60
16/10/2020,12.60,12.60,10.90,0.00 (0.00 %)," ",0,0,0,0,12.60,12.6,12.60,12.60
15/10/2020,12.60,12.60,10.90,0.00 (0.00 %)," ",0,0,0,0,12.60,12.60,12.60,12.60
14/10/2020,10.90,12.60,10.90,-1.80 (-12.50 %)," ",200,"2,520,000",0,0,14.40,12.6,12.60,12.60
13/10/2020,12.45,14.40,12.45,1.80 (14.29 %)," ","1,300","18,720,000",0,0,12.60,14.40,14.40,14.40
12/10/2020,10.90,12.60,10.90,-2.10 (-14.29 %)," ",200,"2,520,000",0,0,14.70,12.6,12.60,12.60
09/10/2020,12.71,14.70,12.71,-2.50 (-14.53 %)," ",200,"2,940,000",0,0,17.20,14.70,14.70,14.70
08/10/2020,14.88,17.20,14.88,2.20 (14.67 %)," ","15,400","264,880,000",0,0,15.00,17.2,17.20,17.20
07/10/2020,12.99,15.10,13.06,1.90 (14.39 %)," ","4,800","72,120,000",0,0,13.20,11.50,15.10,11.50
06/10/2020,11.37,13.10,11.33,-2.30 (-14.94 %)," ",200,"2,630,000",0,0,15.40,13.2,13.20,13.10
05/10/2020,13.32,15.40,13.32,-2.70 (-14.92 %)," ",100,"1,540,000",0,0,18.10,15.40,15.40,15.40
02/10/2020,15.65,18.10,15.65,2.30 (14.56 %)," ","2,109","38,131,500",0,0,15.80,18.1,18.10,18.10
01/10/2020,13.64,13.60,11.76,-2.30 (-14.47 %)," ","7,200","113,560,000",0,0,15.90,18.20,18.20,13.60
30/09/2020,15.90,15.90,13.75,0.00 (0.00 %)," ",0,0,0,0,15.90,15.9,15.90,15.90
29/09/2020,13.75,15.90,13.75,2.00 (14.39 %)," ","1,600","25,440,000",0,0,13.90,15.90,15.90,15.90
28/09/2020,12.02,13.90,12.02,1.80 (14.88 %)," ",300,"4,170,000",0,0,12.10,13.9,13.90,13.90
25/09/2020,10.47,12.10,10.47,1.50 (14.15 %)," ",200,"2,420,000",0,0,10.60,12.10,12.10,12.10
24/09/2020,10.60,10.60,9.17,0.00 (0.00 %)," ",0,0,0,0,10.60,10.6,10.60,10.60
23/09/2020,10.60,10.60,9.17,0.00 (0.00 %)," ",0,0,0,0,10.60,10.60,10.60,10.60
22/09/2020,9.17,10.60,9.17,1.30 (13.98 %)," ","1,800","19,080,000",0,0,9.30,10.6,10.60,10.60
21/09/2020,8.04,9.30,8.04,-1.40 (-13.08 %)," ",100,"930,000",0,0,10.70,9.30,9.30,9.30
18/09/2020,9.25,10.70,9.25,-1.80 (-14.40 %)," ",200,"2,140,000",0,0,12.50,10.7,10.70,10.70
17/09/2020,10.81,12.50,10.81,1.60 (14.68 %)," ","1,300","16,250,000",0,0,10.90,12.50,12.50,12.50
16/09/2020,9.43,10.90,9.43,1.40 (14.74 %)," ","2,200","23,980,000",0,0,9.50,10.9,10.90,10.90
15/09/2020,9.50,9.50,8.22,0.00 (0.00 %)," ",0,0,0,0,9.50,9.50,9.50,9.50
14/09/2020,9.50,9.50,8.22,0.00 (0.00 %)," ",0,0,0,0,9.50,9.5,9.50,9.50
11/09/2020,9.50,9.50,8.22,0.00 (0.00 %)," ",0,0,0,0,9.50,9.50,9.50,9.50
10/09/2020,9.50,9.50,8.22,0.00 (0.00 %)," ",0,0,0,0,9.50,9.5,9.50,9.50
09/09/2020,9.50,9.50,8.22,0.00 (0.00 %)," ",0,0,0,0,9.50,9.50,9.50,9.50
08/09/2020,8.22,9.50,8.22,1.20 (14.46 %)," ",500,"4,750,000",0,0,8.30,9.5,9.50,9.50
07/09/2020,7.18,8.30,7.18,0.30 (3.75 %)," ",600,"4,980,000",0,0,8.00,8.30,8.30,8.30
04/09/2020,8.00,8.00,6.92,0.00 (0.00 %)," ",0,0,0,0,8.00,8.0,8.00,8.00
03/09/2020,8.00,8.00,6.92,0.00 (0.00 %)," ",0,0,0,0,8.00,8.00,8.00,8.00
01/09/2020,8.00,8.00,6.92,0.00 (0.00 %)," ",0,0,0,0,8.00,8.0,8.00,8.00
31/08/2020,8.00,8.00,6.92,0.00 (0.00 %)," ",0,0,0,0,8.00,8.00,8.00,8.00
28/08/2020,6.92,8.00,6.92,-0.50 (-5.88 %)," ","1,500","12,000,000",0,0,8.50,8.0,8.00,8.00
27/08/2020,8.50,8.50,7.35,0.00 (0.00 %)," ",0,0,0,0,8.50,8.50,8.50,8.50
26/08/2020,8.50,8.50,7.35,0.00 (0.00 %)," ",0,0,0,0,8.50,8.5,8.50,8.50
25/08/2020,8.50,8.50,7.35,0.00 (0.00 %)," ",0,0,0,0,8.50,8.50,8.50,8.50
24/08/2020,8.50,8.50,7.35,0.00 (0.00 %)," ",0,0,0,0,8.50,8.5,8.50,8.50
21/08/2020,7.35,8.50,7.35,1.10 (14.86 %)," ","1,900","16,150,000",0,0,7.40,8.50,8.50,8.50
20/08/2020,7.40,7.40,6.40,0.00 (0.00 %)," ",0,0,0,0,7.40,7.4,7.40,7.40
19/08/2020,7.40,7.40,6.40,0.00 (0.00 %)," ",0,0,0,0,7.40,7.40,7.40,7.40
18/08/2020,6.40,7.40,6.40,-1.30 (-14.94 %)," ",100,"740,000",0,0,8.70,7.4,7.40,7.40
17/08/2020,8.70,8.70,7.52,0.00 (0.00 %)," ",0,0,0,0,8.70,8.70,8.70,8.70
14/08/2020,7.52,10.00,8.65,1.30 (14.94 %)," ",200,"1,740,000",0,0,8.70,7.4,10.00,7.40
13/08/2020,8.70,8.70,7.52,0.00 (0.00 %)," ",0,0,0,0,8.70,8.70,8.70,8.70
12/08/2020,8.70,8.70,7.52,0.00 (0.00 %)," ",0,0,0,0,8.70,8.7,8.70,8.70
11/08/2020,7.52,8.70,7.52,1.10 (14.47 %)," ","6,400","55,680,000",0,0,7.60,8.70,8.70,8.70
10/08/2020,7.60,7.60,6.57,0.00 (0.00 %)," ",0,0,0,0,7.60,7.6,7.60,7.60
07/08/2020,7.60,7.60,6.57,0.00 (0.00 %)," ",0,0,0,0,7.60,7.60,7.60,7.60
06/08/2020,6.57,7.60,6.57,-1.00 (-11.63 %)," ",100,"760,000",0,0,8.60,7.6,7.60,7.60
05/08/2020,7.44,8.60,7.44,0.20 (2.38 %)," ",100,"860,000",0,0,8.40,8.60,8.60,8.60
04/08/2020,7.27,8.40,7.27,0.20 (2.44 %)," ",100,"840,000",0,0,8.20,8.4,8.40,8.40
03/08/2020,7.09,8.20,7.09,-1.40 (-14.58 %)," ",100,"820,000",0,0,9.60,8.20,8.20,8.20
31/07/2020,8.30,9.60,8.30,-1.60 (-14.29 %)," ",100,"960,000",0,0,11.20,9.6,9.60,9.60
30/07/2020,11.20,11.20,9.69,0.00 (0.00 %)," ",0,0,0,0,11.20,11.20,11.20,11.20
29/07/2020,11.20,11.20,9.69,0.00 (0.00 %)," ",0,0,0,0,11.20,11.2,11.20,11.20
28/07/2020,11.20,11.20,9.69,0.00 (0.00 %)," ",0,0,0,0,11.20,11.20,11.20,11.20
27/07/2020,9.69,10.10,8.74,-1.70 (-14.41 %)," ",200,"2,240,000",0,0,11.80,12.3,12.30,10.10
24/07/2020,11.80,11.80,10.21,0.00 (0.00 %)," ",0,0,0,0,11.80,11.80,11.80,11.80
23/07/2020,10.21,11.80,10.21,0.30 (2.61 %)," ",100,"1,180,000",0,0,11.50,11.8,11.80,11.80
22/07/2020,11.50,11.50,9.95,0.00 (0.00 %)," ",0,0,0,0,11.50,11.50,11.50,11.50
21/07/2020,11.50,11.50,9.95,0.00 (0.00 %)," ",0,0,0,0,11.50,11.5,11.50,11.50
20/07/2020,11.50,11.50,9.95,0.00 (0.00 %)," ",0,0,0,0,11.50,11.50,11.50,11.50
17/07/2020,11.50,11.50,9.95,0.00 (0.00 %)," ",0,0,0,0,11.50,11.5,11.50,11.50
16/07/2020,11.50,11.50,9.95,0.00 (0.00 %)," ",0,0,0,0,11.50,11.50,11.50,11.50
15/07/2020,11.50,11.50,9.95,0.00 (0.00 %)," ",0,0,0,0,11.50,11.5,11.50,11.50
14/07/2020,11.50,11.50,9.95,0.00 (0.00 %)," ",0,0,0,0,11.50,11.50,11.50,11.50
13/07/2020,11.50,11.50,9.95,0.00 (0.00 %)," ",0,0,0,0,11.50,11.5,11.50,11.50
10/07/2020,11.50,11.50,9.95,0.00 (0.00 %)," ",0,0,0,0,11.50,11.50,11.50,11.50
09/07/2020,9.95,11.50,9.95,1.50 (15.00 %)," ",100,"1,150,000",0,0,10.00,11.5,11.50,11.50
08/07/2020,10.00,10.00,8.65,0.00 (0.00 %)," ",0,0,0,0,10.00,10.00,10.00,10.00
07/07/2020,10.00,10.00,8.65,0.00 (0.00 %)," ",0,0,0,0,10.00,10.0,10.00,10.00
06/07/2020,10.00,10.00,8.65,0.00 (0.00 %)," ",0,0,0,0,10.00,10.00,10.00,10.00
03/07/2020,10.00,10.00,8.65,0.00 (0.00 %)," ",0,0,0,0,10.00,10.0,10.00,10.00
02/07/2020,10.00,10.00,8.65,0.00 (0.00 %)," ",0,0,0,0,10.00,10.00,10.00,10.00
01/07/2020,10.00,10.00,8.65,0.00 (0.00 %)," ",0,0,0,0,10.00,10.0,10.00,10.00
30/06/2020,10.00,10.00,8.65,0.00 (0.00 %)," ",0,0,0,0,10.00,10.00,10.00,10.00
29/06/2020,10.00,10.00,8.65,0.00 (0.00 %)," ",0,0,0,0,10.00,10.0,10.00,10.00
26/06/2020,8.65,10.00,8.65,0.00 (0.00 %)," ",0,0,0,0,10.00,10.00,10.00,10.00
25/06/2020,8.65,10.00,8.65,1.30 (14.94 %)," ",300,"3,000,000",0,0,8.70,10.0,10.00,10.00
24/06/2020,7.54,8.30,7.18,-1.40 (-14.43 %)," ",500,"4,360,000",0,0,9.70,9.00,9.00,8.30
23/06/2020,8.39,9.70,8.39,-1.60 (-14.16 %)," ",500,"4,850,000",0,0,11.30,9.7,9.70,9.70
22/06/2020,9.77,11.30,9.77,-1.90 (-14.39 %)," ","1,500","16,950,000",0,0,13.20,11.30,11.30,11.30
19/06/2020,13.20,13.20,11.42,0.00 (0.00 %)," ",0,0,0,0,13.20,13.2,13.20,13.20
18/06/2020,11.42,13.20,11.42,0.40 (3.12 %)," ",200,"2,640,000",0,0,12.80,13.20,13.20,13.20
17/06/2020,11.07,12.80,11.07,1.60 (14.29 %)," ",100,"1,280,000",0,0,11.20,12.8,12.80,12.80
16/06/2020,9.69,11.20,9.69,1.40 (14.29 %)," ",100,"1,120,000",0,0,9.80,11.20,11.20,11.20
15/06/2020,9.80,9.80,8.48,0.00 (0.00 %)," ",0,0,0,0,9.80,9.8,9.80,9.80
12/06/2020,9.80,9.80,8.48,0.00 (0.00 %)," ",0,0,0,0,9.80,9.80,9.80,9.80
11/06/2020,9.80,9.80,8.48,0.00 (0.00 %)," ",0,0,0,0,9.80,9.8,9.80,9.80
10/06/2020,9.80,9.80,8.48,0.00 (0.00 %)," ",0,0,0,0,9.80,9.80,9.80,9.80
09/06/2020,9.80,9.80,8.48,0.00 (0.00 %)," ",0,0,0,0,9.80,9.8,9.80,9.80
08/06/2020,9.80,9.80,8.48,0.00 (0.00 %)," ",0,0,0,0,9.80,9.80,9.80,9.80
05/06/2020,9.80,9.80,8.48,0.00 (0.00 %)," ",0,0,0,0,9.80,9.8,9.80,9.80
04/06/2020,9.80,9.80,8.48,0.00 (0.00 %)," ",0,0,0,0,9.80,9.80,9.80,9.80
03/06/2020,8.51,9.10,7.87,-1.60 (-14.95 %)," ","2,400","23,610,000",0,0,10.70,11.0,11.60,9.10
02/06/2020,9.29,10.50,9.08,-1.20 (-10.26 %)," ","6,900","74,090,000",0,0,11.70,11.80,11.80,10.50
01/06/2020,11.70,11.70,10.12,0.00 (0.00 %)," ",0,0,0,0,11.70,11.7,11.70,11.70
29/05/2020,10.08,10.30,8.91,-1.60 (-13.45 %)," ","5,100","59,460,000",0,0,11.90,13.60,13.60,10.30
28/05/2020,10.29,11.90,10.29,-1.90 (-13.77 %)," ","2,000","23,800,000",0,0,13.80,11.9,11.90,11.90
27/05/2020,11.89,13.80,11.94,0.00 (0.00 %)," ","7,800","107,250,000",0,0,13.80,12.50,13.80,12.50
26/05/2020,11.94,13.80,11.94,0.30 (2.22 %)," ","4,600","63,480,000",0,0,13.50,13.8,13.80,13.80
25/05/2020,11.68,13.50,11.68,1.70 (14.41 %)," ","2,500","33,750,000",0,0,11.80,13.50,13.50,13.50
22/05/2020,10.21,11.80,10.21,-2.00 (-14.49 %)," ","2,000","23,600,000",0,0,13.80,11.8,11.80,11.80
21/05/2020,13.80,13.80,11.94,0.00 (0.00 %)," ",0,0,0,0,13.80,13.80,13.80,13.80
20/05/2020,11.94,13.80,11.94,0.00 (0.00 %)," ","18,600","256,880,000",0,0,13.80,13.8,15.70,13.80
19/05/2020,11.94,13.80,11.94,1.80 (15.00 %)," ","31,700","437,460,000",0,0,12.00,13.80,13.80,13.80
18/05/2020,12.00,12.00,10.38,0.00 (0.00 %)," ",0,0,0,0,12.00,12.0,12.00,12.00
15/05/2020,12.00,12.00,10.38,0.00 (0.00 %)," ",0,0,0,0,12.00,12.00,12.00,12.00
14/05/2020,10.38,12.00,10.38,1.50 (14.29 %)," ",100,"1,200,000",0,0,10.50,12.0,12.00,12.00
13/05/2020,9.08,10.50,9.08,1.30 (14.13 %)," ",200,"2,100,000",0,0,9.20,10.50,10.50,10.50
12/05/2020,9.20,9.20,7.96,0.00 (0.00 %)," ",0,0,0,0,9.20,9.2,9.20,9.20
11/05/2020,7.96,9.20,7.96,1.20 (15.00 %)," ","29,400","270,480,000",0,0,8.00,9.20,9.20,9.20
08/05/2020,6.92,8.00,6.92,-1.30 (-13.98 %)," ",100,"800,000",0,0,9.30,8.0,8.00,8.00
07/05/2020,8.04,9.30,8.04,1.20 (14.81 %)," ","4,500","41,850,000",0,0,8.10,9.30,9.30,9.30
06/05/2020,8.10,8.10,7.01,0.00 (0.00 %)," ",0,0,0,0,8.10,8.1,8.10,8.10
05/05/2020,7.01,8.10,7.01,1.00 (14.08 %)," ","73,000","591,300,000",0,0,7.10,8.10,8.10,8.10
04/05/2020,6.14,7.10,6.14,0.90 (14.52 %)," ","45,500","323,050,000",0,0,6.20,7.1,7.10,7.10
29/04/2020,6.20,6.20,5.36,0.00 (0.00 %)," ",0,0,0,0,6.20,6.20,6.20,6.20
28/04/2020,6.20,6.20,5.36,0.00 (0.00 %)," ",0,0,0,0,6.20,6.2,6.20,6.20
27/04/2020,5.36,6.00,5.19,-1.00 (-14.29 %)," ","1,000","6,200,000",0,0,7.00,8.00,8.00,6.00
24/04/2020,7.00,7.00,6.05,0.00 (0.00 %)," ",0,0,0,0,7.00,7.0,7.00,7.00
23/04/2020,7.00,7.00,6.05,0.00 (0.00 %)," ",0,0,0,0,7.00,7.00,7.00,7.00
22/04/2020,7.00,7.00,6.05,0.00 (0.00 %)," ",0,0,0,0,7.00,7.0,7.00,7.00
21/04/2020,7.00,7.00,6.05,0.00 (0.00 %)," ",0,0,0,0,7.00,7.00,7.00,7.00
20/04/2020,7.00,7.00,6.05,0.00 (0.00 %)," ",0,0,0,0,7.00,7.0,7.00,7.00
17/04/2020,7.00,7.00,6.05,0.00 (0.00 %)," ",0,0,0,0,7.00,7.00,7.00,7.00
16/04/2020,7.00,7.00,6.05,0.00 (0.00 %)," ",0,0,0,0,7.00,7.0,7.00,7.00
15/04/2020,7.00,7.00,6.05,0.00 (0.00 %)," ",0,0,0,0,7.00,7.00,7.00,7.00
14/04/2020,7.00,7.00,6.05,0.00 (0.00 %)," ",0,0,0,0,7.00,7.0,7.00,7.00
13/04/2020,7.00,7.00,6.05,0.00 (0.00 %)," ",0,0,0,0,7.00,7.00,7.00,7.00
10/04/2020,7.00,7.00,6.05,0.00 (0.00 %)," ",0,0,0,0,7.00,7.0,7.00,7.00
09/04/2020,7.00,7.00,6.05,0.00 (0.00 %)," ",0,0,0,0,7.00,7.00,7.00,7.00
08/04/2020,7.00,7.00,6.05,0.00 (0.00 %)," ",0,0,0,0,7.00,7.0,7.00,7.00
07/04/2020,7.00,7.00,6.05,0.00 (0.00 %)," ",0,0,0,0,7.00,7.00,7.00,7.00
06/04/2020,7.00,7.00,6.05,0.00 (0.00 %)," ",0,0,0,0,7.00,7.0,7.00,7.00
03/04/2020,7.00,7.00,6.05,0.00 (0.00 %)," ",0,0,0,0,7.00,7.00,7.00,7.00
01/04/2020,6.05,7.00,6.05,-1.20 (-14.63 %)," ",500,"3,500,000",0,0,8.20,7.0,7.00,7.00
31/03/2020,7.09,8.20,7.09,-1.40 (-14.58 %)," ","1,500","12,300,000",0,0,9.60,8.20,8.20,8.20
30/03/2020,9.60,9.60,8.30,0.00 (0.00 %)," ",0,0,0,0,9.60,9.6,9.60,9.60
27/03/2020,9.60,9.60,8.30,0.00 (0.00 %)," ",0,0,0,0,9.60,9.60,9.60,9.60
26/03/2020,8.30,9.60,8.30,-1.60 (-14.29 %)," ",500,"4,800,000",0,0,11.20,9.6,9.60,9.60
25/03/2020,9.69,10.00,8.65,-0.30 (-2.91 %)," ","1,500","16,800,000",0,0,10.30,11.80,11.80,10.00
24/03/2020,8.91,10.30,8.91,1.30 (14.44 %)," ",200,"2,060,000",0,0,9.00,10.3,10.30,10.30
23/03/2020,9.00,9.00,7.78,0.00 (0.00 %)," ",0,0,0,0,9.00,9.00,9.00,9.00
20/03/2020,7.78,9.00,7.78,1.10 (13.92 %)," ",600,"5,400,000",0,0,7.90,9.0,9.00,9.00
19/03/2020,6.83,7.90,6.83,1.00 (14.49 %)," ",500,"3,950,000",0,0,6.90,7.90,7.90,7.90
18/03/2020,5.97,6.90,5.97,0.90 (15.00 %)," ",200,"1,380,000",0,0,6.00,6.9,6.90,6.90
17/03/2020,6.00,6.00,5.19,0.00 (0.00 %)," ",0,0,0,0,6.00,6.00,6.00,6.00
16/03/2020,6.00,6.00,5.19,0.00 (0.00 %)," ",0,0,0,0,6.00,6.0,6.00,6.00
13/03/2020,6.00,6.00,5.19,0.00 (0.00 %)," ",0,0,0,0,6.00,6.00,6.00,6.00
12/03/2020,5.19,6.00,5.19,0.00 (0.00 %)," ",0,0,0,0,6.00,6.0,6.00,6.00
11/03/2020,5.19,6.00,5.19,0.00 (0.00 %)," ",0,0,0,0,6.00,6.00,6.00,6.00
10/03/2020,6.00,6.00,5.19,0.00 (0.00 %)," ",0,0,0,0,6.00,6.0,6.00,6.00
09/03/2020,6.00,6.00,5.19,0.00 (0.00 %)," ",0,0,0,0,6.00,6.00,6.00,6.00
06/03/2020,6.00,6.00,5.19,0.00 (0.00 %)," ",0,0,0,0,6.00,6.0,6.00,6.00
05/03/2020,6.00,6.00,5.19,0.00 (0.00 %)," ",0,0,0,0,6.00,6.00,6.00,6.00
04/03/2020,6.00,6.00,5.19,0.00 (0.00 %)," ",0,0,0,0,6.00,6.0,6.00,6.00
03/03/2020,6.00,6.00,5.19,0.00 (0.00 %)," ",0,0,0,0,6.00,6.00,6.00,6.00
02/03/2020,6.00,6.00,5.19,0.00 (0.00 %)," ",0,0,0,0,6.00,6.0,6.00,6.00
28/02/2020,6.00,6.00,5.19,0.00 (0.00 %)," ",0,0,0,0,6.00,6.00,6.00,6.00
27/02/2020,6.00,6.00,5.19,0.00 (0.00 %)," ",0,0,0,0,6.00,6.0,6.00,6.00
26/02/2020,6.00,6.00,5.19,0.00 (0.00 %)," ",0,0,0,0,6.00,6.00,6.00,6.00
25/02/2020,6.00,6.00,5.19,0.00 (0.00 %)," ",0,0,0,0,6.00,6.0,6.00,6.00
24/02/2020,6.00,6.00,5.19,0.00 (0.00 %)," ",10,"68,000",0,0,6.00,6.00,6.00,6.00
21/02/2020,6.00,6.00,5.19,0.00 (0.00 %)," ",0,0,0,0,6.00,6.0,6.00,6.00
20/02/2020,6.00,6.00,5.19,0.00 (0.00 %)," ",0,0,0,0,6.00,6.00,6.00,6.00
19/02/2020,6.00,6.00,5.19,0.00 (0.00 %)," ",0,0,0,0,6.00,6.0,6.00,6.00
18/02/2020,6.00,6.00,5.19,0.00 (0.00 %)," ",0,0,0,0,6.00,6.00,6.00,6.00
17/02/2020,6.00,6.00,5.19,0.00 (0.00 %)," ",0,0,0,0,6.00,6.0,6.00,6.00
14/02/2020,6.00,6.00,5.19,0.00 (0.00 %)," ",0,0,0,0,6.00,6.00,6.00,6.00
13/02/2020,5.19,6.00,5.19,0.00 (0.00 %)," ","20,000","120,000,000",0,0,6.00,6.0,6.00,6.00
12/02/2020,6.00,6.00,5.19,0.00 (0.00 %)," ",0,0,0,0,6.00,6.00,6.00,6.00
11/02/2020,6.00,6.00,5.19,0.00 (0.00 %)," ",0,0,0,0,6.00,6.0,6.00,6.00
10/02/2020,6.00,6.00,5.19,0.00 (0.00 %)," ",0,0,0,0,6.00,6.00,6.00,6.00
07/02/2020,6.00,6.00,5.19,0.00 (0.00 %)," ",0,0,0,0,6.00,6.0,6.00,6.00
06/02/2020,6.00,6.00,5.19,0.00 (0.00 %)," ",0,0,0,0,6.00,6.00,6.00,6.00
05/02/2020,6.00,6.00,5.19,0.00 (0.00 %)," ",0,0,0,0,6.00,6.0,6.00,6.00
04/02/2020,6.00,6.00,5.19,0.00 (0.00 %)," ",0,0,0,0,6.00,6.00,6.00,6.00
03/02/2020,6.00,6.00,5.19,0.00 (0.00 %)," ",0,0,0,0,6.00,6.0,6.00,6.00
31/01/2020,6.00,6.00,5.19,0.00 (0.00 %)," ",0,0,0,0,6.00,6.00,6.00,6.00
30/01/2020,6.00,6.00,5.19,0.00 (0.00 %)," ",0,0,0,0,6.00,6.0,6.00,6.00
22/01/2020,6.00,6.00,5.19,0.00 (0.00 %)," ",0,0,0,0,6.00,6.00,6.00,6.00
21/01/2020,5.19,6.00,5.19,0.00 (0.00 %)," ",0,0,0,0,6.00,6.0,6.00,6.00
20/01/2020,5.19,6.00,5.19,0.00 (0.00 %)," ",0,0,0,0,6.00,6.00,6.00,6.00
17/01/2020,5.19,6.00,5.19,0.00 (0.00 %)," ",0,0,0,0,6.00,6.0,6.00,6.00
16/01/2020,5.19,6.00,5.19,0.00 (0.00 %)," ",0,0,0,0,6.00,6.00,6.00,6.00
15/01/2020,6.00,6.00,5.19,0.00 (0.00 %)," ",0,0,0,0,6.00,6.0,6.00,6.00
14/01/2020,6.00,6.00,5.19,0.00 (0.00 %)," ",0,0,0,0,6.00,6.00,6.00,6.00
13/01/2020,6.00,6.00,5.19,0.00 (0.00 %)," ",0,0,0,0,6.00,6.0,6.00,6.00
10/01/2020,6.00,6.00,5.19,0.00 (0.00 %)," ",0,0,0,0,6.00,6.00,6.00,6.00
09/01/2020,6.00,6.00,5.19,0.00 (0.00 %)," ",0,0,0,0,6.00,6.0,6.00,6.00
08/01/2020,5.19,6.00,5.19,0.00 (0.00 %)," ","28,000","168,000,000",0,0,6.00,6.00,6.00,6.00
07/01/2020,6.00,6.00,5.19,0.00 (0.00 %)," ",0,0,0,0,6.00,6.0,6.00,6.00
06/01/2020,6.00,6.00,5.19,0.00 (0.00 %)," ",0,0,0,0,6.00,6.00,6.00,6.00
03/01/2020,6.00,6.00,5.19,0.00 (0.00 %)," ",0,0,0,0,6.00,6.0,6.00,6.00
02/01/2020,6.00,6.00,5.19,0.00 (0.00 %)," ",0,0,0,0,6.00,6.00,6.00,6.00
31/12/2019,6.00,6.00,5.19,0.00 (0.00 %)," ",0,0,0,0,6.00,6.0,6.00,6.00
30/12/2019,6.00,6.00,5.19,0.00 (0.00 %)," ",0,0,0,0,6.00,6.00,6.00,6.00
27/12/2019,6.00,6.00,5.19,0.00 (0.00 %)," ",0,0,0,0,6.00,6.0,6.00,6.00
26/12/2019,6.00,6.00,5.19,0.00 (0.00 %)," ",0,0,0,0,6.00,6.00,6.00,6.00
25/12/2019,6.00,6.00,5.19,0.00 (0.00 %)," ",0,0,0,0,6.00,6.0,6.00,6.00
24/12/2019,6.00,6.00,5.19,0.00 (0.00 %)," ",0,0,0,0,6.00,6.00,6.00,6.00
23/12/2019,6.00,6.00,5.19,0.00 (0.00 %)," ",0,0,0,0,6.00,6.0,6.00,6.00
20/12/2019,6.00,6.00,5.19,0.00 (0.00 %)," ",0,0,0,0,6.00,6.00,6.00,6.00
19/12/2019,6.00,6.00,5.19,0.00 (0.00 %)," ",0,0,0,0,6.00,6.0,6.00,6.00
18/12/2019,6.00,6.00,5.19,0.00 (0.00 %)," ",0,0,0,0,6.00,6.00,6.00,6.00
17/12/2019,6.00,6.00,5.19,0.00 (0.00 %)," ",0,0,0,0,6.00,6.0,6.00,6.00
16/12/2019,6.00,6.00,5.19,0.00 (0.00 %)," ",0,0,0,0,6.00,6.00,6.00,6.00
13/12/2019,6.00,6.00,5.19,0.00 (0.00 %)," ",0,0,0,0,6.00,6.0,6.00,6.00
12/12/2019,6.00,6.00,5.19,0.00 (0.00 %)," ",0,0,0,0,6.00,6.00,6.00,6.00
11/12/2019,6.00,6.00,5.19,0.00 (0.00 %)," ",0,0,0,0,6.00,6.0,6.00,6.00
10/12/2019,6.00,6.00,5.19,0.00 (0.00 %)," ",0,0,0,0,6.00,6.00,6.00,6.00
09/12/2019,6.00,6.00,5.19,0.00 (0.00 %)," ",0,0,0,0,6.00,6.0,6.00,6.00
06/12/2019,6.00,6.00,5.19,0.00 (0.00 %)," ",0,0,0,0,6.00,6.00,6.00,6.00
05/12/2019,6.00,6.00,5.19,0.00 (0.00 %)," ",0,0,0,0,6.00,6.0,6.00,6.00
04/12/2019,6.00,6.00,5.19,0.00 (0.00 %)," ",0,0,0,0,6.00,6.00,6.00,6.00
03/12/2019,6.00,6.00,5.19,0.00 (0.00 %)," ",0,0,0,0,6.00,6.0,6.00,6.00
02/12/2019,6.00,6.00,5.19,0.00 (0.00 %)," ",0,0,0,0,6.00,6.00,6.00,6.00
29/11/2019,6.00,6.00,5.19,0.00 (0.00 %)," ",0,0,0,0,6.00,6.0,6.00,6.00
28/11/2019,6.00,6.00,5.19,0.00 (0.00 %)," ",0,0,0,0,6.00,6.00,6.00,6.00
27/11/2019,6.00,6.00,5.19,0.00 (0.00 %)," ",0,0,0,0,6.00,6.0,6.00,6.00
26/11/2019,6.00,6.00,5.19,0.00 (0.00 %)," ",0,0,0,0,6.00,6.00,6.00,6.00
25/11/2019,6.00,6.00,5.19,0.00 (0.00 %)," ",0,0,0,0,6.00,6.0,6.00,6.00
22/11/2019,6.00,6.00,5.19,0.00 (0.00 %)," ",0,0,0,0,6.00,6.00,6.00,6.00
21/11/2019,6.00,6.00,5.19,0.00 (0.00 %)," ",0,0,0,0,6.00,6.0,6.00,6.00
20/11/2019,6.00,6.00,5.19,0.00 (0.00 %)," ",0,0,0,0,6.00,6.00,6.00,6.00
19/11/2019,6.00,6.00,5.19,0.00 (0.00 %)," ",0,0,0,0,6.00,6.0,6.00,6.00
18/11/2019,6.00,6.00,5.19,0.00 (0.00 %)," ",0,0,0,0,6.00,6.00,6.00,6.00
15/11/2019,6.00,6.00,5.19,0.00 (0.00 %)," ",0,0,0,0,6.00,6.0,6.00,6.00
14/11/2019,6.00,6.00,5.19,0.00 (0.00 %)," ",0,0,0,0,6.00,6.00,6.00,6.00
13/11/2019,6.00,6.00,5.19,0.00 (0.00 %)," ",0,0,0,0,6.00,6.0,6.00,6.00
12/11/2019,6.00,6.00,5.19,0.00 (0.00 %)," ",0,0,0,0,6.00,6.00,6.00,6.00
11/11/2019,6.00,6.00,5.19,0.00 (0.00 %)," ",0,0,0,0,6.00,6.0,6.00,6.00
08/11/2019,6.00,6.00,5.19,0.00 (0.00 %)," ",0,0,0,0,6.00,6.00,6.00,6.00
07/11/2019,6.00,6.00,5.19,0.00 (0.00 %)," ",0,0,0,0,6.00,6.0,6.00,6.00
06/11/2019,6.00,6.00,5.19,0.00 (0.00 %)," ",0,0,0,0,6.00,6.00,6.00,6.00
05/11/2019,6.00,6.00,5.19,0.00 (0.00 %)," ",0,0,0,0,6.00,6.0,6.00,6.00
04/11/2019,6.00,6.00,5.19,0.00 (0.00 %)," ",0,0,0,0,6.00,6.00,6.00,6.00
01/11/2019,6.00,6.00,5.19,0.00 (0.00 %)," ",0,0,0,0,6.00,6.0,6.00,6.00
31/10/2019,6.00,6.00,5.19,0.00 (0.00 %)," ",0,0,0,0,6.00,6.00,6.00,6.00
30/10/2019,6.00,6.00,5.19,0.00 (0.00 %)," ",0,0,0,0,6.00,6.0,6.00,6.00
29/10/2019,6.00,6.00,5.19,0.00 (0.00 %)," ",0,0,0,0,6.00,6.00,6.00,6.00
28/10/2019,6.00,6.00,5.19,0.00 (0.00 %)," ",0,0,0,0,6.00,6.0,6.00,6.00
25/10/2019,6.00,6.00,5.19,0.00 (0.00 %)," ",0,0,0,0,6.00,6.00,6.00,6.00
24/10/2019,6.00,6.00,5.19,0.00 (0.00 %)," ",0,0,0,0,6.00,6.0,6.00,6.00
23/10/2019,6.00,6.00,5.19,0.00 (0.00 %)," ",0,0,0,0,6.00,6.00,6.00,6.00
22/10/2019,6.00,6.00,5.19,0.00 (0.00 %)," ",0,0,0,0,6.00,6.0,6.00,6.00
21/10/2019,6.00,6.00,5.19,0.00 (0.00 %)," ",0,0,0,0,6.00,6.00,6.00,6.00
18/10/2019,6.00,6.00,5.19,0.00 (0.00 %)," ",0,0,0,0,6.00,6.0,6.00,6.00
17/10/2019,6.00,6.00,5.19,0.00 (0.00 %)," ",0,0,0,0,6.00,6.00,6.00,6.00
16/10/2019,6.00,6.00,5.19,0.00 (0.00 %)," ",0,0,0,0,6.00,6.0,6.00,6.00
15/10/2019,6.00,6.00,5.19,0.00 (0.00 %)," ",0,0,0,0,6.00,6.00,6.00,6.00
14/10/2019,6.00,6.00,5.19,0.00 (0.00 %)," ",0,0,0,0,6.00,6.0,6.00,6.00
11/10/2019,6.00,6.00,5.19,0.00 (0.00 %)," ",0,0,0,0,6.00,6.00,6.00,6.00
10/10/2019,6.00,6.00,5.19,0.00 (0.00 %)," ",0,0,0,0,6.00,6.0,6.00,6.00
09/10/2019,6.00,6.00,5.19,0.00 (0.00 %)," ",0,0,0,0,6.00,6.00,6.00,6.00
08/10/2019,6.00,6.00,5.19,0.00 (0.00 %)," ",0,0,0,0,6.00,6.0,6.00,6.00
07/10/2019,6.00,6.00,5.19,0.00 (0.00 %)," ",0,0,0,0,6.00,6.00,6.00,6.00
04/10/2019,6.00,6.00,5.19,0.00 (0.00 %)," ",0,0,0,0,6.00,6.0,6.00,6.00
03/10/2019,6.00,6.00,5.19,0.00 (0.00 %)," ",0,0,0,0,6.00,6.00,6.00,6.00
02/10/2019,6.00,6.00,5.19,0.00 (0.00 %)," ",0,0,0,0,6.00,6.0,6.00,6.00
01/10/2019,6.00,6.00,5.19,0.00 (0.00 %)," ",0,0,0,0,6.00,6.00,6.00,6.00
30/09/2019,6.00,6.00,5.19,0.00 (0.00 %)," ",0,0,0,0,6.00,6.0,6.00,6.00
27/09/2019,6.00,6.00,5.19,0.00 (0.00 %)," ",0,0,0,0,6.00,6.00,6.00,6.00
26/09/2019,6.00,6.00,5.19,0.00 (0.00 %)," ",0,0,0,0,6.00,6.0,6.00,6.00
25/09/2019,6.00,6.00,5.19,0.00 (0.00 %)," ",0,0,0,0,6.00,6.00,6.00,6.00
24/09/2019,6.00,6.00,5.19,0.00 (0.00 %)," ",0,0,0,0,6.00,6.0,6.00,6.00
23/09/2019,6.00,6.00,5.19,0.00 (0.00 %)," ",0,0,0,0,6.00,6.00,6.00,6.00
20/09/2019,6.00,6.00,5.19,0.00 (0.00 %)," ",0,0,0,0,6.00,6.0,6.00,6.00
19/09/2019,6.00,6.00,5.19,0.00 (0.00 %)," ",0,0,0,0,6.00,6.00,6.00,6.00
18/09/2019,6.00,6.00,5.19,0.00 (0.00 %)," ",0,0,0,0,6.00,6.0,6.00,6.00
17/09/2019,6.00,6.00,5.19,0.00 (0.00 %)," ",0,0,0,0,6.00,6.00,6.00,6.00
16/09/2019,7.20,7.20,5.19,0.00 (0.00 %)," ",0,0,0,0,7.20,7.2,7.20,7.20
13/09/2019,7.20,7.20,5.19,0.00 (0.00 %)," ",0,0,0,0,7.20,7.20,7.20,7.20
12/09/2019,7.20,7.20,5.19,0.00 (0.00 %)," ",0,0,0,0,7.20,7.2,7.20,7.20
11/09/2019,7.20,7.20,5.19,0.00 (0.00 %)," ",0,0,0,0,7.20,7.20,7.20,7.20
10/09/2019,7.20,7.20,5.19,0.00 (0.00 %)," ",0,0,0,0,7.20,7.2,7.20,7.20
09/09/2019,7.20,7.20,5.19,0.00 (0.00 %)," ",0,0,0,0,7.20,7.20,7.20,7.20
06/09/2019,7.20,7.20,5.19,0.00 (0.00 %)," ",0,0,0,0,7.20,7.2,7.20,7.20
05/09/2019,7.20,7.20,5.19,0.00 (0.00 %)," ",0,0,0,0,7.20,7.20,7.20,7.20
04/09/2019,7.20,7.20,5.19,0.00 (0.00 %)," ",0,0,0,0,7.20,7.2,7.20,7.20
03/09/2019,7.20,7.20,5.19,0.00 (0.00 %)," ",0,0,0,0,7.20,7.20,7.20,7.20
30/08/2019,7.20,7.20,5.19,0.00 (0.00 %)," ",0,0,0,0,7.20,7.2,7.20,7.20
29/08/2019,7.20,7.20,5.19,0.00 (0.00 %)," ",0,0,0,0,7.20,7.20,7.20,7.20
28/08/2019,7.20,7.20,5.19,0.00 (0.00 %)," ",0,0,0,0,7.20,7.2,7.20,7.20
27/08/2019,7.20,7.20,5.19,0.00 (0.00 %)," ",0,0,0,0,7.20,7.20,7.20,7.20
26/08/2019,7.20,7.20,5.19,0.00 (0.00 %)," ",0,0,0,0,7.20,7.2,7.20,7.20
23/08/2019,7.20,7.20,5.19,0.00 (0.00 %)," ",0,0,0,0,7.20,7.20,7.20,7.20
22/08/2019,7.20,7.20,5.19,0.00 (0.00 %)," ",0,0,0,0,7.20,7.2,7.20,7.20
21/08/2019,7.20,7.20,5.19,0.00 (0.00 %)," ",0,0,0,0,7.20,7.20,7.20,7.20
20/08/2019,7.20,7.20,5.19,0.00 (0.00 %)," ",0,0,0,0,7.20,7.2,7.20,7.20
19/08/2019,7.20,7.20,5.19,0.00 (0.00 %)," ",0,0,0,0,7.20,7.20,7.20,7.20
16/08/2019,7.20,7.20,5.19,0.00 (0.00 %)," ",0,0,0,0,7.20,7.2,7.20,7.20
15/08/2019,7.20,7.20,5.19,0.00 (0.00 %)," ",0,0,0,0,7.20,7.20,7.20,7.20
14/08/2019,7.20,7.20,5.19,0.00 (0.00 %)," ",0,0,0,0,7.20,7.2,7.20,7.20
13/08/2019,7.20,7.20,5.19,0.00 (0.00 %)," ",0,0,0,0,7.20,7.20,7.20,7.20
12/08/2019,7.20,7.20,5.19,0.00 (0.00 %)," ",0,0,0,0,7.20,7.2,7.20,7.20
09/08/2019,7.20,7.20,5.19,0.00 (0.00 %)," ",0,0,0,0,7.20,7.20,7.20,7.20
08/08/2019,7.20,7.20,5.19,0.00 (0.00 %)," ",0,0,0,0,7.20,7.2,7.20,7.20
07/08/2019,7.20,7.20,5.19,0.00 (0.00 %)," ",0,0,0,0,7.20,7.20,7.20,7.20
06/08/2019,7.20,7.20,5.19,0.00 (0.00 %)," ",0,0,0,0,7.20,7.2,7.20,7.20
05/08/2019,7.20,7.20,5.19,0.00 (0.00 %)," ",0,0,0,0,7.20,7.20,7.20,7.20
02/08/2019,7.20,7.20,5.19,0.00 (0.00 %)," ",0,0,0,0,7.20,7.2,7.20,7.20
01/08/2019,7.20,7.20,5.19,0.00 (0.00 %)," ",0,0,0,0,7.20,7.20,7.20,7.20
31/07/2019,7.20,7.20,5.19,0.00 (0.00 %)," ",0,0,0,0,7.20,7.2,7.20,7.20
30/07/2019,7.20,7.20,5.19,0.00 (0.00 %)," ",0,0,0,0,7.20,7.20,7.20,7.20
29/07/2019,7.20,7.20,5.19,0.00 (0.00 %)," ",0,0,0,0,7.20,7.2,7.20,7.20
26/07/2019,7.20,7.20,5.19,0.00 (0.00 %)," ",0,0,0,0,7.20,7.20,7.20,7.20
25/07/2019,7.20,7.20,5.19,0.00 (0.00 %)," ",0,0,0,0,7.20,7.2,7.20,7.20
24/07/2019,7.20,7.20,5.19,0.00 (0.00 %)," ",0,0,0,0,7.20,7.20,7.20,7.20
23/07/2019,7.20,7.20,5.19,0.00 (0.00 %)," ",0,0,0,0,7.20,7.2,7.20,7.20
22/07/2019,7.20,7.20,5.19,0.00 (0.00 %)," ",0,0,0,0,7.20,7.20,7.20,7.20
19/07/2019,7.20,7.20,5.19,0.00 (0.00 %)," ",0,0,0,0,7.20,7.2,7.20,7.20
18/07/2019,7.20,7.20,5.19,0.00 (0.00 %)," ",0,0,0,0,7.20,7.20,7.20,7.20
17/07/2019,7.20,7.20,5.19,0.00 (0.00 %)," ",0,0,0,0,7.20,7.2,7.20,7.20
16/07/2019,7.20,7.20,5.19,0.00 (0.00 %)," ",0,0,0,0,7.20,7.20,7.20,7.20
15/07/2019,7.20,7.20,5.19,0.00 (0.00 %)," ",0,0,0,0,7.20,7.2,7.20,7.20
12/07/2019,7.20,7.20,5.19,0.00 (0.00 %)," ",0,0,0,0,7.20,7.20,7.20,7.20
11/07/2019,7.20,7.20,5.19,0.00 (0.00 %)," ",0,0,0,0,7.20,7.2,7.20,7.20
10/07/2019,7.20,7.20,5.19,0.00 (0.00 %)," ",0,0,0,0,7.20,7.20,7.20,7.20
09/07/2019,7.20,7.20,5.19,0.00 (0.00 %)," ",0,0,0,0,7.20,7.2,7.20,7.20
08/07/2019,7.20,7.20,5.19,0.00 (0.00 %)," ",0,0,0,0,7.20,7.20,7.20,7.20
05/07/2019,7.20,7.20,5.19,0.00 (0.00 %)," ",0,0,0,0,7.20,7.2,7.20,7.20
04/07/2019,7.20,7.20,5.19,0.00 (0.00 %)," ",0,0,0,0,7.20,7.20,7.20,7.20
03/07/2019,7.20,7.20,5.19,0.00 (0.00 %)," ",0,0,0,0,7.20,7.2,7.20,7.20
02/07/2019,7.20,7.20,5.19,0.00 (0.00 %)," ",0,0,0,0,7.20,7.20,7.20,7.20
01/07/2019,7.20,7.20,5.19,0.00 (0.00 %)," ",0,0,0,0,7.20,7.2,7.20,7.20
28/06/2019,7.20,7.20,5.19,0.00 (0.00 %)," ",0,0,0,0,7.20,7.20,7.20,7.20
27/06/2019,7.20,7.20,5.19,0.00 (0.00 %)," ",0,0,0,0,7.20,7.2,7.20,7.20
26/06/2019,7.20,7.20,5.19,0.00 (0.00 %)," ",0,0,0,0,7.20,7.20,7.20,7.20
25/06/2019,7.20,7.20,5.19,0.00 (0.00 %)," ",0,0,0,0,7.20,7.2,7.20,7.20
24/06/2019,7.20,7.20,5.19,0.00 (0.00 %)," ",0,0,0,0,7.20,7.20,7.20,7.20
21/06/2019,7.20,7.20,5.19,0.00 (0.00 %)," ",0,0,0,0,7.20,7.2,7.20,7.20
20/06/2019,7.20,7.20,5.19,0.00 (0.00 %)," ",0,0,0,0,7.20,7.20,7.20,7.20
19/06/2019,7.20,7.20,5.19,0.00 (0.00 %)," ",0,0,0,0,7.20,7.2,7.20,7.20
18/06/2019,7.20,7.20,5.19,0.00 (0.00 %)," ",0,0,0,0,7.20,7.20,7.20,7.20
17/06/2019,7.20,7.20,5.19,0.00 (0.00 %)," ",0,0,0,0,7.20,7.2,7.20,7.20
14/06/2019,7.20,7.20,5.19,0.00 (0.00 %)," ",0,0,0,0,7.20,7.20,7.20,7.20
13/06/2019,7.20,7.20,5.19,0.00 (0.00 %)," ",0,0,0,0,7.20,7.2,7.20,7.20
12/06/2019,7.20,7.20,5.19,0.00 (0.00 %)," ",0,0,0,0,7.20,7.20,7.20,7.20
11/06/2019,7.20,7.20,5.19,0.00 (0.00 %)," ",0,0,0,0,7.20,7.2,7.20,7.20
10/06/2019,7.20,7.20,5.19,0.00 (0.00 %)," ",0,0,0,0,7.20,7.20,7.20,7.20
07/06/2019,7.20,7.20,5.19,0.00 (0.00 %)," ",0,0,0,0,7.20,7.2,7.20,7.20
06/06/2019,7.20,7.20,5.19,0.00 (0.00 %)," ",0,0,0,0,7.20,7.20,7.20,7.20
05/06/2019,7.20,7.20,5.19,0.00 (0.00 %)," ",0,0,0,0,7.20,7.2,7.20,7.20
04/06/2019,7.20,7.20,5.19,0.00 (0.00 %)," ",0,0,0,0,7.20,7.20,7.20,7.20
03/06/2019,7.20,7.20,5.19,0.00 (0.00 %)," ",0,0,0,0,7.20,7.2,7.20,7.20
31/05/2019,7.20,7.20,5.19,0.00 (0.00 %)," ",0,0,0,0,7.20,7.20,7.20,7.20
30/05/2019,7.20,7.20,5.19,0.00 (0.00 %)," ",0,0,0,0,7.20,7.2,7.20,7.20
29/05/2019,7.20,7.20,5.19,0.00 (0.00 %)," ",0,0,0,0,7.20,7.20,7.20,7.20
28/05/2019,7.20,7.20,5.19,0.00 (0.00 %)," ",0,0,0,0,7.20,7.2,7.20,7.20
27/05/2019,7.20,7.20,5.19,0.00 (0.00 %)," ",0,0,0,0,7.20,7.20,7.20,7.20
24/05/2019,7.20,7.20,5.19,0.00 (0.00 %)," ",0,0,0,0,7.20,7.2,7.20,7.20
23/05/2019,7.20,7.20,5.19,0.00 (0.00 %)," ",0,0,0,0,7.20,7.20,7.20,7.20
22/05/2019,7.20,7.20,5.19,0.00 (0.00 %)," ",0,0,0,0,7.20,7.2,7.20,7.20
21/05/2019,7.20,7.20,5.19,0.00 (0.00 %)," ",0,0,0,0,7.20,7.20,7.20,7.20
20/05/2019,7.20,7.20,5.19,0.00 (0.00 %)," ",0,0,0,0,7.20,7.2,7.20,7.20
17/05/2019,7.20,7.20,5.19,0.00 (0.00 %)," ",0,0,0,0,7.20,7.20,7.20,7.20
16/05/2019,7.20,7.20,5.19,0.00 (0.00 %)," ",0,0,0,0,7.20,7.2,7.20,7.20
15/05/2019,7.20,7.20,5.19,0.00 (0.00 %)," ",0,0,0,0,7.20,7.20,7.20,7.20
14/05/2019,7.20,7.20,5.19,0.00 (0.00 %)," ",0,0,0,0,7.20,7.2,7.20,7.20
13/05/2019,7.20,7.20,5.19,0.00 (0.00 %)," ",0,0,0,0,7.20,7.20,7.20,7.20
10/05/2019,7.20,7.20,5.19,0.00 (0.00 %)," ",0,0,0,0,7.20,7.2,7.20,7.20
09/05/2019,7.20,7.20,5.19,0.00 (0.00 %)," ",0,0,0,0,7.20,7.20,7.20,7.20
08/05/2019,7.20,7.20,5.19,0.00 (0.00 %)," ",0,0,0,0,7.20,7.2,7.20,7.20
07/05/2019,7.20,7.20,5.19,0.00 (0.00 %)," ",0,0,0,0,7.20,7.20,7.20,7.20
06/05/2019,7.20,7.20,5.19,0.00 (0.00 %)," ",0,0,0,0,7.20,7.2,7.20,7.20
03/05/2019,7.20,7.20,5.19,0.00 (0.00 %)," ",0,0,0,0,7.20,7.20,7.20,7.20
02/05/2019,7.20,7.20,5.19,0.00 (0.00 %)," ",0,0,0,0,7.20,7.2,7.20,7.20
26/04/2019,7.20,7.20,5.19,0.00 (0.00 %)," ",0,0,0,0,7.20,7.20,7.20,7.20
25/04/2019,7.20,7.20,5.19,0.00 (0.00 %)," ",0,0,0,0,7.20,7.2,7.20,7.20
24/04/2019,7.20,7.20,5.19,0.00 (0.00 %)," ",0,0,0,0,7.20,7.20,7.20,7.20
23/04/2019,7.20,7.20,5.19,0.00 (0.00 %)," ",0,0,0,0,7.20,7.2,7.20,7.20
22/04/2019,7.20,7.20,5.19,0.00 (0.00 %)," ",0,0,0,0,7.20,7.20,7.20,7.20
19/04/2019,7.20,7.20,5.19,0.00 (0.00 %)," ",0,0,0,0,7.20,7.2,7.20,7.20
18/04/2019,7.20,7.20,5.19,0.00 (0.00 %)," ",0,0,0,0,7.20,7.20,7.20,7.20
17/04/2019,7.20,7.20,5.19,0.00 (0.00 %)," ",0,0,0,0,7.20,7.2,7.20,7.20
16/04/2019,7.20,7.20,5.19,0.00 (0.00 %)," ",0,0,0,0,7.20,7.20,7.20,7.20
12/04/2019,7.20,7.20,5.19,0.00 (0.00 %)," ",0,0,0,0,7.20,7.2,7.20,7.20
11/04/2019,7.20,7.20,5.19,0.00 (0.00 %)," ",0,0,0,0,7.20,7.20,7.20,7.20
10/04/2019,7.20,7.20,5.19,0.00 (0.00 %)," ",0,0,0,0,7.20,7.2,7.20,7.20
09/04/2019,7.20,7.20,5.19,0.00 (0.00 %)," ",0,0,0,0,7.20,7.20,7.20,7.20
08/04/2019,7.20,7.20,5.19,0.00 (0.00 %)," ",0,0,0,0,7.20,7.2,7.20,7.20
05/04/2019,7.20,7.20,5.19,0.00 (0.00 %)," ",0,0,0,0,7.20,7.20,7.20,7.20
04/04/2019,7.20,7.20,5.19,0.00 (0.00 %)," ",0,0,0,0,7.20,7.2,7.20,7.20
03/04/2019,7.20,7.20,5.19,0.00 (0.00 %)," ",0,0,0,0,7.20,7.20,7.20,7.20
02/04/2019,7.20,7.20,5.19,0.00 (0.00 %)," ",0,0,0,0,7.20,7.2,7.20,7.20
01/04/2019,7.20,7.20,5.19,0.00 (0.00 %)," ",0,0,0,0,7.20,7.20,7.20,7.20
29/03/2019,7.20,7.20,5.19,0.00 (0.00 %)," ",0,0,0,0,7.20,7.2,7.20,7.20
28/03/2019,5.19,7.20,5.19,-4.70 (-39.50 %)," ","1,900","13,680,000",0,0,11.90,7.20,7.20,7.20
27/03/2019,11.90,11.90,8.58,0.00 (0.00 %)," ",0,0,0,0,11.90,11.9,11.90,11.90
26/03/2019,11.90,11.90,8.58,0.00 (0.00 %)," ",0,0,0,0,11.90,11.90,11.90,11.90
25/03/2019,11.90,11.90,8.58,0.00 (0.00 %)," ",0,0,0,0,11.90,11.9,11.90,11.90
22/03/2019,11.90,11.90,8.58,0.00 (0.00 %)," ",0,0,0,0,11.90,11.90,11.90,11.90
21/03/2019,11.90,11.90,8.58,0.00 (0.00 %)," ",0,0,0,0,11.90,11.9,11.90,11.90
20/03/2019,11.90,11.90,8.58,0.00 (0.00 %)," ",0,0,0,0,11.90,11.90,11.90,11.90
19/03/2019,11.90,11.90,8.58,0.00 (0.00 %)," ",0,0,0,0,11.90,11.9,11.90,11.90
18/03/2019,11.90,11.90,8.58,0.00 (0.00 %)," ",0,0,0,0,11.90,11.90,11.90,11.90
15/03/2019,11.90,11.90,8.58,0.00 (0.00 %)," ",0,0,0,0,11.90,11.9,11.90,11.90
14/03/2019,11.90,11.90,8.58,0.00 (0.00 %)," ",0,0,0,0,11.90,11.90,11.90,11.90
13/03/2019,11.90,11.90,8.58,0.00 (0.00 %)," ",0,0,0,0,11.90,11.9,11.90,11.90
12/03/2019,11.90,11.90,8.58,0.00 (0.00 %)," ",0,0,0,0,11.90,11.90,11.90,11.90
11/03/2019,11.90,11.90,8.58,0.00 (0.00 %)," ",0,0,0,0,11.90,11.9,11.90,11.90
08/03/2019,11.90,11.90,8.58,0.00 (0.00 %)," ",0,0,0,0,11.90,11.90,11.90,11.90
07/03/2019,11.90,11.90,8.58,0.00 (0.00 %)," ",0,0,0,0,11.90,11.9,11.90,11.90
06/03/2019,11.90,11.90,8.58,0.00 (0.00 %)," ",0,0,0,0,11.90,11.90,11.90,11.90
05/03/2019,11.90,11.90,8.58,0.00 (0.00 %)," ",0,0,0,0,11.90,11.9,11.90,11.90
04/03/2019,11.90,11.90,8.58,0.00 (0.00 %)," ",0,0,0,0,11.90,11.90,11.90,11.90
01/03/2019,11.90,11.90,8.58,0.00 (0.00 %)," ",0,0,0,0,11.90,11.9,11.90,11.90
28/02/2019,11.90,11.90,8.58,0.00 (0.00 %)," ",0,0,0,0,11.90,11.90,11.90,11.90
27/02/2019,11.90,11.90,8.58,0.00 (0.00 %)," ",0,0,0,0,11.90,11.9,11.90,11.90
26/02/2019,11.90,11.90,8.58,0.00 (0.00 %)," ",0,0,0,0,11.90,11.90,11.90,11.90
25/02/2019,11.90,11.90,8.58,0.00 (0.00 %)," ",0,0,0,0,11.90,11.9,11.90,11.90
22/02/2019,11.90,11.90,8.58,0.00 (0.00 %)," ",0,0,0,0,11.90,11.90,11.90,11.90
21/02/2019,11.90,11.90,8.58,0.00 (0.00 %)," ",0,0,0,0,11.90,11.9,11.90,11.90
20/02/2019,11.90,11.90,8.58,0.00 (0.00 %)," ",0,0,0,0,11.90,11.90,11.90,11.90
19/02/2019,11.90,11.90,8.58,0.00 (0.00 %)," ",0,0,0,0,11.90,11.9,11.90,11.90
18/02/2019,11.90,11.90,8.58,0.00 (0.00 %)," ",0,0,0,0,11.90,11.90,11.90,11.90
15/02/2019,11.90,11.90,8.58,0.00 (0.00 %)," ",0,0,0,0,11.90,11.9,11.90,11.90
14/02/2019,11.90,11.90,8.58,0.00 (0.00 %)," ",0,0,0,0,11.90,11.90,11.90,11.90
13/02/2019,11.90,11.90,8.58,0.00 (0.00 %)," ",0,0,0,0,11.90,11.9,11.90,11.90
12/02/2019,11.90,11.90,8.58,0.00 (0.00 %)," ",0,0,0,0,11.90,11.90,11.90,11.90
11/02/2019,11.90,11.90,8.58,0.00 (0.00 %)," ",0,0,0,0,11.90,11.9,11.90,11.90
01/02/2019,11.90,11.90,8.58,0.00 (0.00 %)," ",0,0,0,0,11.90,11.90,11.90,11.90
31/01/2019,11.90,11.90,8.58,0.00 (0.00 %)," ",0,0,0,0,11.90,11.9,11.90,11.90
30/01/2019,11.90,11.90,8.58,0.00 (0.00 %)," ",0,0,0,0,11.90,11.90,11.90,11.90
29/01/2019,11.90,11.90,8.58,0.00 (0.00 %)," ",0,0,0,0,11.90,11.9,11.90,11.90
28/01/2019,11.90,11.90,8.58,0.00 (0.00 %)," ",0,0,0,0,11.90,11.90,11.90,11.90
25/01/2019,11.90,11.90,8.58,0.00 (0.00 %)," ",0,0,0,0,11.90,11.9,11.90,11.90
24/01/2019,11.90,11.90,8.58,0.00 (0.00 %)," ",0,0,0,0,11.90,11.90,11.90,11.90
23/01/2019,11.90,11.90,8.58,0.00 (0.00 %)," ",0,0,0,0,11.90,11.9,11.90,11.90
22/01/2019,11.90,11.90,8.58,0.00 (0.00 %)," ",0,0,0,0,11.90,11.90,11.90,11.90
21/01/2019,11.90,11.90,8.58,0.00 (0.00 %)," ",0,0,0,0,11.90,11.9,11.90,11.90
18/01/2019,11.90,11.90,8.58,0.00 (0.00 %)," ",0,0,0,0,11.90,11.90,11.90,11.90
17/01/2019,11.90,11.90,8.58,0.00 (0.00 %)," ",0,0,0,0,11.90,11.9,11.90,11.90
16/01/2019,8.58,11.90,8.58,0.00 (0.00 %)," ",0,0,0,0,11.90,11.90,11.90,11.90
15/01/2019,8.58,11.90,8.58,0.00 (0.00 %)," ",0,0,0,0,11.90,11.9,11.90,11.90
14/01/2019,8.58,11.90,8.58,0.00 (0.00 %)," ",0,0,0,0,11.90,11.90,11.90,11.90
11/01/2019,8.58,11.90,8.58,0.00 (0.00 %)," ",0,0,0,0,11.90,11.9,11.90,11.90
10/01/2019,8.58,11.90,8.58,0.00 (0.00 %)," ",0,0,0,0,11.90,11.90,11.90,11.90
09/01/2019,8.58,11.90,8.58,0.00 (0.00 %)," ",0,0,0,0,11.90,11.9,11.90,11.90
08/01/2019,8.58,11.90,8.58,0.00 (0.00 %)," ",0,0,0,0,11.90,11.90,11.90,11.90
07/01/2019,8.58,11.90,8.58,0.00 (0.00 %)," ",0,0,0,0,11.90,11.9,11.90,11.90
04/01/2019,8.58,11.90,8.58,0.00 (0.00 %)," ",0,0,0,0,11.90,11.90,11.90,11.90
03/01/2019,8.58,11.90,8.58,0.00 (0.00 %)," ",0,0,0,0,11.90,11.9,11.90,11.90
02/01/2019,8.58,11.90,8.58,0.00 (0.00 %)," ",0,0,0,0,11.90,11.90,11.90,11.90
28/12/2018,8.58,11.90,8.58,0.00 (0.00 %)," ",0,0,0,0,11.90,11.9,11.90,11.90
27/12/2018,8.58,11.90,8.58,0.00 (0.00 %)," ",0,0,0,0,11.90,11.90,11.90,11.90
26/12/2018,8.58,11.90,8.58,0.00 (0.00 %)," ",0,0,0,0,11.90,11.9,11.90,11.90
25/12/2018,8.58,11.90,8.58,0.00 (0.00 %)," ",0,0,0,0,11.90,11.90,11.90,11.90
24/12/2018,8.58,11.90,8.58,0.00 (0.00 %)," ",0,0,0,0,11.90,11.9,11.90,11.90
21/12/2018,8.58,11.90,8.58,0.00 (0.00 %)," ",0,0,0,0,11.90,11.90,11.90,11.90
20/12/2018,8.58,11.90,8.58,0.00 (0.00 %)," ",0,0,0,0,11.90,11.9,11.90,11.90
19/12/2018,8.58,11.90,8.58,0.00 (0.00 %)," ",0,0,0,0,11.90,11.90,11.90,11.90
18/12/2018,8.58,11.90,8.58,0.00 (0.00 %)," ",0,0,0,0,11.90,11.9,11.90,11.90
17/12/2018,8.58,11.90,8.58,0.00 (0.00 %)," ",0,0,0,0,11.90,11.90,11.90,11.90
14/12/2018,8.58,11.90,8.58,0.00 (0.00 %)," ",0,0,0,0,11.90,11.9,11.90,11.90
13/12/2018,8.58,11.90,8.58,0.00 (0.00 %)," ",0,0,0,0,11.90,11.90,11.90,11.90
12/12/2018,8.58,11.90,8.58,0.00 (0.00 %)," ",0,0,0,0,11.90,11.9,11.90,11.90
11/12/2018,8.58,11.90,8.58,0.00 (0.00 %)," ",0,0,0,0,11.90,11.90,11.90,11.90
10/12/2018,8.58,11.90,8.58,0.00 (0.00 %)," ",0,0,0,0,11.90,11.9,11.90,11.90
07/12/2018,8.58,11.90,8.58,0.00 (0.00 %)," ",0,0,0,0,11.90,11.90,11.90,11.90
06/12/2018,8.58,11.90,8.58,0.00 (0.00 %)," ",0,0,0,0,11.90,11.9,11.90,11.90
05/12/2018,8.58,11.90,8.58,0.00 (0.00 %)," ",0,0,0,0,11.90,11.90,11.90,11.90
04/12/2018,8.58,11.90,8.58,0.00 (0.00 %)," ",0,0,0,0,11.90,11.9,11.90,11.90
03/12/2018,8.58,11.90,8.58,0.00 (0.00 %)," ",0,0,0,0,11.90,11.90,11.90,11.90
30/11/2018,8.58,11.90,8.58,0.00 (0.00 %)," ",0,0,0,0,11.90,11.9,11.90,11.90
29/11/2018,8.58,11.90,8.58,0.00 (0.00 %)," ",0,0,0,0,11.90,11.90,11.90,11.90
28/11/2018,8.58,11.90,8.58,0.00 (0.00 %)," ",0,0,0,0,11.90,11.9,11.90,11.90
27/11/2018,8.58,11.90,8.58,0.00 (0.00 %)," ",0,0,0,0,11.90,11.90,11.90,11.90
26/11/2018,8.58,11.90,8.58,0.00 (0.00 %)," ",0,0,0,0,11.90,11.9,11.90,11.90
23/11/2018,8.58,11.90,8.58,0.00 (0.00 %)," ",0,0,0,0,11.90,11.90,11.90,11.90
22/11/2018,8.58,11.90,8.58,0.00 (0.00 %)," ",0,0,0,0,11.90,11.9,11.90,11.90
21/11/2018,8.58,11.90,8.58,0.00 (0.00 %)," ",0,0,0,0,11.90,11.90,11.90,11.90
20/11/2018,8.58,11.90,8.58,0.00 (0.00 %)," ",0,0,0,0,11.90,11.9,11.90,11.90
19/11/2018,8.58,11.90,8.58,0.00 (0.00 %)," ",0,0,0,0,11.90,11.90,11.90,11.90
16/11/2018,8.58,11.90,8.58,0.00 (0.00 %)," ",0,0,0,0,11.90,11.9,11.90,11.90
15/11/2018,8.58,11.90,8.58,0.00 (0.00 %)," ",0,0,0,0,11.90,11.90,11.90,11.90
14/11/2018,8.58,11.90,8.58,0.00 (0.00 %)," ",0,0,0,0,11.90,11.9,11.90,11.90
13/11/2018,8.58,11.90,8.58,0.00 (0.00 %)," ",0,0,0,0,11.90,11.90,11.90,11.90
12/11/2018,8.58,11.90,8.58,0.00 (0.00 %)," ",0,0,0,0,11.90,11.9,11.90,11.90
09/11/2018,8.58,11.90,8.58,0.00 (0.00 %)," ",0,0,0,0,11.90,11.90,11.90,11.90
08/11/2018,8.58,11.90,8.58,0.00 (0.00 %)," ",0,0,0,0,11.90,11.9,11.90,11.90
07/11/2018,8.58,11.90,8.58,0.00 (0.00 %)," ",0,0,0,0,11.90,11.90,11.90,11.90
06/11/2018,8.58,11.90,8.58,0.00 (0.00 %)," ",0,0,0,0,11.90,11.9,11.90,11.90
05/11/2018,8.58,11.90,8.58,0.00 (0.00 %)," ",0,0,0,0,11.90,11.90,11.90,11.90
02/11/2018,8.58,11.90,8.58,0.00 (0.00 %)," ",0,0,0,0,11.90,11.9,11.90,11.90
29/11/2018,8.58,11.90,8.58,0.00 (0.00 %)," ",0,0,0,0,11.90,11.90,11.90,11.90
28/11/2018,8.58,11.90,8.58,0.00 (0.00 %)," ",0,0,0,0,11.90,11.9,11.90,11.90
27/11/2018,8.58,11.90,8.58,0.00 (0.00 %)," ",0,0,0,0,11.90,11.90,11.90,11.90
26/11/2018,8.58,11.90,8.58,0.00 (0.00 %)," ",0,0,0,0,11.90,11.9,11.90,11.90
23/11/2018,8.58,11.90,8.58,0.00 (0.00 %)," ",0,0,0,0,11.90,11.90,11.90,11.90
22/11/2018,8.58,11.90,8.58,0.00 (0.00 %)," ",0,0,0,0,11.90,11.9,11.90,11.90
21/11/2018,8.58,11.90,8.58,0.00 (0.00 %)," ",0,0,0,0,11.90,11.90,11.90,11.90
20/11/2018,8.58,11.90,8.58,0.00 (0.00 %)," ",0,0,0,0,11.90,11.9,11.90,11.90
19/11/2018,8.58,11.90,8.58,0.00 (0.00 %)," ",0,0,0,0,11.90,11.90,11.90,11.90
16/11/2018,8.58,11.90,8.58,0.00 (0.00 %)," ",0,0,0,0,11.90,11.9,11.90,11.90
15/11/2018,8.58,11.90,8.58,0.00 (0.00 %)," ",0,0,0,0,11.90,11.90,11.90,11.90
14/11/2018,8.58,11.90,8.58,0.00 (0.00 %)," ",0,0,0,0,11.90,11.9,11.90,11.90
13/11/2018,8.58,11.90,8.58,0.00 (0.00 %)," ",0,0,0,0,11.90,11.90,11.90,11.90
12/11/2018,8.58,11.90,8.58,0.00 (0.00 %)," ",0,0,0,0,11.90,11.9,11.90,11.90
09/11/2018,8.58,11.90,8.58,0.00 (0.00 %)," ",0,0,0,0,11.90,11.90,11.90,11.90
08/11/2018,8.58,11.90,8.58,0.00 (0.00 %)," ",0,0,0,0,11.90,11.9,11.90,11.90
07/11/2018,8.58,11.90,8.58,0.00 (0.00 %)," ",0,0,0,0,11.90,11.90,11.90,11.90
06/11/2018,8.58,11.90,8.58,0.00 (0.00 %)," ",0,0,0,0,11.90,11.9,11.90,11.90
05/11/2018,8.58,11.90,8.58,0.00 (0.00 %)," ",0,0,0,0,11.90,11.90,11.90,11.90
02/11/2018,8.58,11.90,8.58,0.00 (0.00 %)," ",0,0,0,0,11.90,11.9,11.90,11.90
