22/04/2022,48.40,48.40,-0.10 (-0.21 %)," ","7,100","339,000,000",0,0,47.85,48.50,47.00
21/04/2022,48.50,48.50,0.00 (0.00 %)," ","7,600","363,000,000",0,0,48.30,48.50,47.20
20/04/2022,48.50,48.50,-0.70 (-1.42 %)," ","32,900","1,589,000,000",0,0,48.60,49.30,48.00
19/04/2022,49.20,49.20,-0.60 (-1.20 %)," ","11,100","545,000,000",0,0,49.80,50.00,49.00
18/04/2022,49.80,49.80,-0.10 (-0.20 %)," ","4,300","213,000,000",0,0,49.70,49.90,49.00
15/04/2022,49.90,49.90,0.20 (0.40 %)," ","8,200","402,000,000",0,0,49.70,49.90,48.90
14/04/2022,49.70,49.70,0.00 (0.00 %)," ","2,500","123,000,000",0,0,49.65,49.90,49.00
13/04/2022,49.65,49.65,-0.05 (-0.10 %)," ","4,400","218,000,000",0,0,49.65,50.00,49.00
12/04/2022,49.65,49.65,-0.35 (-0.70 %)," ","16,800","830,000,000",0,0,49.95,50.00,49.00
08/04/2022,50.00,50.00,0.00 (0.00 %)," ","6,800","334,000,000",0,0,49.60,50.00,49.00
07/04/2022,50.00,50.00,0.00 (0.00 %)," ","6,800","337,000,000",0,0,49.60,50.00,49.60
06/04/2022,50.00,50.00,0.20 (0.40 %)," ","8,600","429,000,000",0,0,50.50,50.50,49.60
05/04/2022,49.80,49.80,0.00 (0.00 %)," ","6,400","318,000,000",0,0,49.80,50.30,49.50
04/04/2022,49.80,49.80,0.20 (0.40 %)," ","4,200","208,000,000",0,0,49.30,50.00,49.30
01/04/2022,49.55,49.55,-1.25 (-2.46 %)," ","8,000","398,000,000",0,0,50.20,50.50,49.30
31/03/2022,50.80,50.80,1.50 (3.04 %)," ","18,200","909,000,000",0,0,49.30,51.50,49.00
30/03/2022,49.30,49.30,0.00 (0.00 %)," ","6,700","328,000,000",0,0,49.20,49.30,48.60
29/03/2022,49.30,49.30,0.30 (0.61 %)," ","7,800","383,000,000",0,0,49.40,49.40,48.90
28/03/2022,49.00,49.00,0.00 (0.00 %)," ","8,900","433,000,000",0,0,48.90,49.40,48.20
25/03/2022,49.00,49.00,0.00 (0.00 %)," ","7,200","350,000,000",0,0,49.00,49.00,48.50
24/03/2022,49.00,49.00,-0.40 (-0.81 %)," ","17,200","835,000,000",0,0,49.30,49.30,48.45
23/03/2022,49.40,49.40,0.60 (1.23 %)," ","4,400","216,000,000",0,0,48.35,49.50,48.35
22/03/2022,48.80,48.80,-0.70 (-1.41 %)," ","6,100","298,000,000",0,0,48.75,49.45,48.70
21/03/2022,49.45,49.45,0.75 (1.54 %)," ","29,400","1,453,000,000",0,0,48.60,50.10,48.60
18/03/2022,48.70,48.70,-0.90 (-1.81 %)," ","3,000","147,000,000",0,0,49.85,49.85,48.70
17/03/2022,49.60,49.60,0.10 (0.20 %)," ","2,300","114,000,000",0,0,49.90,49.90,49.00
16/03/2022,49.50,49.50,0.90 (1.85 %)," ","6,000","295,000,000",0,0,48.50,50.50,48.50
15/03/2022,48.60,48.60,-0.30 (-0.61 %)," ","7,500","368,000,000",0,0,48.90,51.00,48.50
14/03/2022,48.90,48.90,-0.60 (-1.21 %)," ","4,300","208,000,000",0,0,49.00,49.00,48.20
11/03/2022,49.50,49.50,-0.20 (-0.40 %)," ","6,800","334,000,000",0,0,49.00,49.60,48.60
10/03/2022,49.70,49.70,1.50 (3.11 %)," ","6,400","315,000,000",0,0,48.60,51.50,48.60
09/03/2022,48.20,48.20,0.10 (0.21 %)," ","38,400","1,848,000,000",0,0,48.10,49.20,48.00
08/03/2022,48.05,48.05,-1.45 (-2.93 %)," ","14,700","710,000,000",0,0,49.40,49.40,48.05
07/03/2022,49.50,49.50,0.00 (0.00 %)," ","17,900","874,000,000",0,0,48.95,49.80,48.05
04/03/2022,49.50,49.50,-0.50 (-1.00 %)," ","23,800","1,168,000,000",0,0,48.30,49.90,48.30
03/03/2022,50.00,50.00,-0.20 (-0.40 %)," ","21,200","1,057,000,000",0,0,50.20,50.30,49.00
02/03/2022,50.20,50.20,-0.30 (-0.59 %)," ","6,300","316,000,000",0,0,50.00,51.00,49.50
01/03/2022,50.50,50.50,0.00 (0.00 %)," ","9,700","488,000,000",0,0,50.00,50.90,50.00
28/02/2022,50.50,50.50,0.90 (1.81 %)," ","20,100","1,007,000,000",0,0,49.60,50.50,48.50
25/02/2022,49.60,49.60,0.00 (0.00 %)," ","12,700","623,000,000",0,0,48.75,49.60,48.50
24/02/2022,49.60,49.60,-0.20 (-0.40 %)," ","18,400","898,000,000",0,0,49.10,50.00,48.05
23/02/2022,49.80,49.80,0.00 (0.00 %)," ","18,800","938,000,000",0,0,49.80,50.50,49.70
22/02/2022,49.80,49.80,0.20 (0.40 %)," ","17,800","885,000,000",0,0,49.00,50.30,49.00
21/02/2022,49.60,49.60,0.60 (1.22 %)," ","33,800","1,661,000,000",0,0,48.40,49.90,48.40
18/02/2022,49.00,49.00,0.60 (1.24 %)," ","25,600","1,241,000,000",0,0,48.10,49.00,48.10
17/02/2022,48.40,48.40,0.30 (0.62 %)," ","6,800","328,000,000",0,0,48.50,48.50,47.30
16/02/2022,48.05,48.05,-0.25 (-0.52 %)," ","112,900","5,422,000,000",0,0,48.50,48.50,47.50
15/02/2022,48.30,48.30,-0.10 (-0.21 %)," ","14,400","695,000,000",0,0,48.60,48.80,47.20
14/02/2022,48.40,48.40,0.90 (1.89 %)," ","11,700","559,000,000",0,0,47.50,48.40,47.30
11/02/2022,47.50,47.50,0.70 (1.50 %)," ","17,400","820,000,000",0,0,47.30,47.50,46.80
10/02/2022,46.80,46.80,-1.80 (-3.70 %)," ","17,900","862,000,000",0,0,48.75,49.00,46.50
09/02/2022,48.60,48.60,0.10 (0.21 %)," ","5,900","287,000,000",0,0,48.90,48.90,48.50
08/02/2022,48.50,48.50,0.30 (0.62 %)," ","25,600","1,241,000,000",0,0,49.00,49.00,48.30
07/02/2022,48.20,48.20,0.70 (1.47 %)," ","55,100","2,673,000,000",0,0,49.00,49.00,48.10
28/01/2022,47.50,47.50,0.10 (0.21 %)," ","17,200","816,000,000",0,0,47.50,47.50,47.00
27/01/2022,47.40,47.40,-0.60 (-1.25 %)," ","57,900","2,740,000,000",0,0,48.40,48.40,46.30
26/01/2022,47.95,47.95,0.25 (0.52 %)," ","1,400","67,000,000",0,0,48.00,48.40,47.95
25/01/2022,47.70,47.70,-0.20 (-0.42 %)," ","1,800","85,000,000",0,0,46.75,47.80,46.75
24/01/2022,47.90,47.90,0.10 (0.21 %)," ","7,000","333,000,000",0,0,47.90,48.00,47.60
21/01/2022,47.80,47.80,0.10 (0.21 %)," ",600,"28,000,000",0,0,47.50,47.80,47.50
20/01/2022,48.00,48.00,0.80 (1.69 %)," ","1,900","89,000,000",0,0,48.40,48.40,47.00
19/01/2022,47.30,47.30,0.10 (0.21 %)," ","4,400","207,000,000",0,0,47.00,47.50,47.00
18/01/2022,47.20,47.20,0.00 (0.00 %)," ","1,500","70,000,000",0,0,47.20,47.20,46.70
17/01/2022,47.20,47.20,-0.30 (-0.63 %)," ","5,800","273,000,000",0,0,47.50,47.50,47.00
14/01/2022,47.50,47.50,-0.90 (-1.86 %)," ","2,200","104,000,000",0,0,48.00,48.10,47.50
13/01/2022,48.40,48.40,1.40 (2.98 %)," ","1,300","61,000,000",0,0,48.50,48.50,46.50
12/01/2022,47.00,47.00,-1.50 (-3.09 %)," ","4,200","200,000,000",0,0,48.50,48.50,46.50
11/01/2022,48.50,48.50,0.00 (0.00 %)," ","8,900","429,000,000",0,0,48.50,48.80,47.50
10/01/2022,48.50,48.50,0.70 (1.46 %)," ",500,"24,000,000",0,0,47.80,48.70,47.80
07/01/2022,47.80,47.80,-0.20 (-0.42 %)," ","6,100","285,000,000",0,0,48.00,48.00,46.00
06/01/2022,48.00,48.00,-1.90 (-3.81 %)," ","11,800","567,000,000",0,0,48.45,49.45,47.70
05/01/2022,49.85,49.85,-0.05 (-0.10 %)," ","1,300","64,000,000",0,0,49.90,49.90,48.50
04/01/2022,49.90,49.90,-0.90 (-1.77 %)," ","3,100","150,000,000",0,0,48.25,50.20,48.25
31/12/2021,50.80,50.80,-1.00 (-1.93 %)," ","7,500","380,000,000",0,0,51.80,51.80,49.05
30/12/2021,51.80,51.80,1.90 (3.81 %)," ","17,700","886,000,000",0,0,49.50,52.00,47.70
29/12/2021,49.90,49.90,1.40 (2.89 %)," ","9,800","483,000,000",0,0,48.40,51.40,48.05
28/12/2021,48.50,48.50,1.40 (2.97 %)," ","2,600","124,000,000",0,0,46.90,48.50,46.90
27/12/2021,47.10,48.60,0.00 (0.00 %)," ","16,800","814,000,000",0,0,46.80,48.60,46.80
24/12/2021,47.10,48.60,1.10 (2.32 %)," ","4,700","223,000,000",0,0,46.50,48.60,46.50
23/12/2021,46.03,47.50,-0.20 (-0.42 %)," ","6,600","304,000,000",0,0,47.30,47.60,45.00
22/12/2021,46.23,47.70,-0.30 (-0.62 %)," ","4,000","191,000,000",0,0,48.15,48.15,47.60
21/12/2021,46.52,48.00,0.20 (0.42 %)," ","3,500","167,000,000",0,0,47.20,48.00,47.20
20/12/2021,46.32,47.80,0.00 (0.00 %)," ","7,200","338,000,000",0,0,47.85,47.85,47.00
17/12/2021,46.32,47.80,0.30 (0.63 %)," ",600,"28,000,000",0,0,47.40,47.80,47.00
16/12/2021,46.03,47.50,-0.45 (-0.94 %)," ","3,900","185,000,000",0,0,47.10,48.00,47.00
15/12/2021,46.47,47.95,-0.05 (-0.10 %)," ","4,500","213,000,000",0,0,47.00,47.95,47.00
14/12/2021,46.52,48.00,-0.50 (-1.03 %)," ","14,300","685,000,000",0,0,47.60,48.70,47.50
13/12/2021,47.00,48.50,-0.20 (-0.41 %)," ","6,500","306,000,000",0,0,47.20,48.70,46.90
10/12/2021,47.20,48.70,-0.15 (-0.31 %)," ","1,100","52,000,000",0,0,46.90,48.70,46.60
09/12/2021,47.34,48.85,0.85 (1.77 %)," ","6,300","302,000,000",0,0,48.05,48.95,47.60
08/12/2021,46.52,48.00,0.60 (1.27 %)," ","2,500","117,000,000",0,0,47.40,48.00,46.50
07/12/2021,45.94,47.40,0.90 (1.94 %)," ","2,400","112,000,000",0,0,44.50,48.90,44.50
06/12/2021,45.06,46.50,-0.30 (-0.64 %)," ","9,800","456,000,000",0,0,49.00,49.00,46.00
03/12/2021,45.35,46.80,-1.90 (-3.90 %)," ","4,300","202,000,000",0,0,48.60,48.60,46.80
02/12/2021,47.20,48.70,-0.50 (-1.02 %)," ",700,"33,000,000",0,0,47.70,48.90,47.70
01/12/2021,47.68,49.20,-0.80 (-1.60 %)," ","9,200","441,000,000",0,0,49.40,49.40,47.60
30/11/2021,48.46,50.00,1.00 (2.04 %)," ","91,700","4,505,000,000",0,0,47.20,50.00,47.20
29/11/2021,47.49,49.00,1.80 (3.81 %)," ","15,400","732,000,000",0,0,47.00,50.00,46.40
26/11/2021,45.74,47.20,-2.70 (-5.41 %)," ","33,200","1,585,000,000",0,0,47.55,49.60,46.80
25/11/2021,48.36,49.90,-0.60 (-1.19 %)," ","3,800","182,000,000",0,0,50.40,50.40,47.50
24/11/2021,48.94,50.50,2.50 (5.21 %)," ","64,300","3,106,000,000",0,0,48.00,51.30,46.20
23/11/2021,46.52,48.00,1.35 (2.89 %)," ","17,900","843,000,000",0,0,48.00,48.00,46.70
22/11/2021,45.21,46.65,1.10 (2.41 %)," ","23,600","1,100,000,000",0,0,45.60,48.70,45.60
19/11/2021,44.14,45.55,-0.25 (-0.55 %)," ","58,900","2,703,000,000",0,0,46.00,46.00,45.50
18/11/2021,44.38,45.80,-0.35 (-0.76 %)," ","29,100","1,347,000,000",0,0,46.20,46.80,45.80
17/11/2021,44.72,46.15,0.15 (0.33 %)," ","35,400","1,629,000,000",0,0,45.80,46.15,45.80
16/11/2021,44.58,46.00,-0.15 (-0.33 %)," ","15,500","713,000,000",0,0,46.25,46.25,45.95
15/11/2021,44.72,46.15,0.55 (1.21 %)," ","56,500","2,604,000,000",0,0,46.40,46.40,45.80
12/11/2021,44.19,45.60,-0.25 (-0.55 %)," ","27,000","1,232,000,000",0,0,46.00,46.00,45.50
11/11/2021,44.43,45.85,0.05 (0.11 %)," ","36,100","1,654,000,000",0,0,45.70,46.00,45.65
10/11/2021,44.38,45.80,-0.20 (-0.43 %)," ","37,900","1,738,000,000",0,0,46.00,46.00,45.70
09/11/2021,44.58,46.00,0.10 (0.22 %)," ","26,700","1,224,000,000",0,0,46.00,46.05,45.80
08/11/2021,44.48,45.90,0.40 (0.88 %)," ","48,300","2,220,000,000",0,0,45.85,46.20,45.80
05/11/2021,44.09,45.50,-0.50 (-1.09 %)," ","5,500","249,000,000",0,0,45.10,45.80,45.10
04/11/2021,44.58,46.00,0.35 (0.77 %)," ","4,400","202,000,000",0,0,46.40,46.40,45.80
03/11/2021,44.24,45.65,0.55 (1.22 %)," ","35,900","1,634,000,000",0,0,45.90,46.00,45.10
02/11/2021,43.71,45.10,0.00 (0.00 %)," ","13,400","602,000,000",0,0,45.00,45.10,44.80
01/11/2021,43.71,45.10,-0.20 (-0.44 %)," ","24,600","1,111,000,000",0,0,45.50,45.50,45.00
29/10/2021,43.90,45.30,-0.50 (-1.09 %)," ","25,200","1,140,000,000",0,0,45.80,45.80,45.00
28/10/2021,44.38,45.80,0.20 (0.44 %)," ","3,500","159,000,000",0,0,45.60,45.80,45.50
27/10/2021,44.19,45.60,-0.10 (-0.22 %)," ","22,600","1,028,000,000",0,0,45.70,45.70,45.20
26/10/2021,44.29,45.70,-0.10 (-0.22 %)," ","10,300","470,000,000",0,0,46.00,46.00,45.50
25/10/2021,44.38,45.80,-0.40 (-0.87 %)," ","6,600","303,000,000",0,0,46.20,46.20,45.50
22/10/2021,44.77,46.20,0.10 (0.22 %)," ","12,700","585,000,000",0,0,46.10,46.20,46.00
21/10/2021,44.68,46.10,-0.70 (-1.50 %)," ","13,200","612,000,000",0,0,46.50,46.70,46.00
20/10/2021,45.35,46.80,0.00 (0.00 %)," ","4,400","205,000,000",0,0,46.95,46.95,46.50
19/10/2021,45.35,46.80,0.00 (0.00 %)," ","2,600","121,000,000",0,0,46.85,46.85,46.50
18/10/2021,45.35,46.80,0.80 (1.74 %)," ","12,200","568,000,000",0,0,46.05,47.20,46.00
15/10/2021,44.58,46.00,0.50 (1.10 %)," ","8,500","390,000,000",0,0,46.00,46.20,45.50
14/10/2021,44.09,45.50,0.30 (0.66 %)," ","6,000","272,000,000",0,0,46.20,46.20,45.15
13/10/2021,43.80,45.20,-0.45 (-0.99 %)," ","13,700","620,000,000",0,0,45.65,45.70,45.00
12/10/2021,44.24,45.65,-1.35 (-2.87 %)," ","14,000","638,000,000",0,0,46.80,46.80,45.20
11/10/2021,45.55,47.00,3.00 (6.82 %)," ","29,100","1,314,000,000",0,0,44.20,47.00,43.90
08/10/2021,42.64,44.00,0.00 (0.00 %)," ","7,800","342,000,000",0,0,44.00,44.00,43.50
07/10/2021,42.64,44.00,0.15 (0.34 %)," ","17,400","768,000,000",0,0,44.20,44.30,44.00
06/10/2021,42.50,43.85,0.25 (0.57 %)," ","6,500","283,000,000",0,0,43.60,43.85,43.60
05/10/2021,42.25,43.60,0.25 (0.58 %)," ","17,800","776,000,000",0,0,43.40,44.00,43.40
04/10/2021,42.01,43.35,-0.45 (-1.03 %)," ","32,300","1,406,000,000",0,0,44.10,44.20,43.25
01/10/2021,42.45,43.80,-0.20 (-0.45 %)," ","14,700","646,000,000",0,0,44.20,44.20,43.80
30/09/2021,42.64,44.00,-0.40 (-0.90 %)," ","13,300","587,000,000",0,0,44.40,44.50,44.00
29/09/2021,43.03,44.40,0.40 (0.91 %)," ","21,500","946,000,000",0,0,44.00,44.40,43.55
28/09/2021,42.64,44.00,0.00 (0.00 %)," ","16,400","720,000,000",0,0,44.00,44.00,43.55
27/09/2021,42.64,44.00,-0.60 (-1.35 %)," ","25,800","1,137,000,000",0,0,44.60,44.60,44.00
24/09/2021,43.22,44.60,-0.35 (-0.78 %)," ","9,400","417,000,000",0,0,44.90,44.90,44.00
23/09/2021,43.56,44.95,0.00 (0.00 %)," ","9,700","434,000,000",0,0,44.30,44.95,44.30
22/09/2021,43.56,44.95,0.10 (0.22 %)," ","27,700","1,240,000,000",0,0,44.90,44.95,44.50
21/09/2021,43.46,44.85,-0.05 (-0.11 %)," ","27,300","1,208,000,000",0,0,44.00,44.95,44.00
20/09/2021,43.51,44.90,0.50 (1.13 %)," ","62,100","2,788,000,000",0,0,44.90,45.40,44.60
17/09/2021,43.03,44.40,0.80 (1.83 %)," ","118,300","5,173,000,000","20,001","872,043,600",43.60,44.50,43.60
16/09/2021,42.25,43.60,-0.15 (-0.34 %)," ","191,200","8,348,000,000",0,0,43.70,44.30,43.55
15/09/2021,42.40,43.75,0.25 (0.57 %)," ","28,100","1,222,000,000",0,0,43.50,43.80,43.10
14/09/2021,42.16,43.50,-0.50 (-1.14 %)," ","42,800","1,875,000,000",0,0,44.00,44.05,43.50
13/09/2021,42.64,44.00,1.10 (2.56 %)," ","150,900","6,542,000,000",0,0,43.00,44.20,42.90
10/09/2021,41.57,42.90,0.10 (0.23 %)," ","51,200","2,191,000,000",0,0,42.95,42.95,42.75
09/09/2021,41.48,42.80,0.75 (1.78 %)," ","32,200","1,367,000,000",0,0,42.00,43.00,42.00
08/09/2021,40.75,42.05,0.00 (0.00 %)," ","4,600","193,000,000",0,0,41.95,42.05,41.95
07/09/2021,40.75,42.05,0.05 (0.12 %)," ","18,000","758,000,000",0,0,41.55,42.50,41.55
06/09/2021,40.70,42.00,0.50 (1.20 %)," ","9,600","401,000,000",0,0,41.25,42.00,41.25
01/09/2021,40.22,41.50,0.00 (0.00 %)," ","7,100","292,000,000",0,0,41.10,41.50,41.10
31/08/2021,40.22,41.50,0.60 (1.47 %)," ","16,700","684,000,000",0,0,41.05,41.50,41.00
30/08/2021,39.64,40.90,-0.10 (-0.24 %)," ","9,200","377,000,000",0,0,41.00,41.50,40.90
27/08/2021,39.73,41.00,0.00 (0.00 %)," ","6,800","278,000,000",0,0,41.05,41.05,40.90
26/08/2021,39.73,41.00,0.00 (0.00 %)," ","5,100","209,000,000",0,0,40.90,41.10,40.90
25/08/2021,39.73,41.00,0.00 (0.00 %)," ","6,100","249,000,000",0,0,40.80,41.00,40.80
24/08/2021,39.73,41.00,0.00 (0.00 %)," ","3,700","150,000,000",0,0,41.00,41.00,40.55
23/08/2021,39.73,41.00,-0.10 (-0.24 %)," ","17,400","713,000,000",0,0,41.10,41.10,40.80
20/08/2021,39.83,41.10,-0.90 (-2.14 %)," ","17,300","717,000,000",0,0,41.80,41.80,41.10
19/08/2021,40.70,42.00,0.20 (0.48 %)," ","8,000","335,000,000",0,0,41.85,42.00,41.85
18/08/2021,40.51,41.80,-0.20 (-0.48 %)," ","2,400","100,000,000",0,0,42.00,42.05,41.80
17/08/2021,40.70,42.00,0.00 (0.00 %)," ","6,200","259,000,000",0,0,41.80,42.00,41.55
16/08/2021,40.70,42.00,0.10 (0.24 %)," ","13,000","543,000,000",0,0,41.90,42.00,41.50
13/08/2021,40.61,41.90,-0.25 (-0.59 %)," ","9,800","412,000,000",0,0,41.70,42.15,41.70
12/08/2021,40.85,42.15,-0.25 (-0.59 %)," ","9,200","387,000,000",0,0,42.40,42.40,42.10
11/08/2021,41.09,42.40,0.25 (0.59 %)," ","3,900","165,000,000",0,0,42.20,42.60,42.20
10/08/2021,40.85,42.15,0.00 (0.00 %)," ","13,600","578,000,000",0,0,42.70,43.00,42.15
09/08/2021,40.85,42.15,0.35 (0.84 %)," ","18,600","783,000,000",0,0,41.50,42.30,41.50
06/08/2021,40.51,41.80,0.30 (0.72 %)," ","8,600","358,000,000",0,0,41.50,41.80,41.40
05/08/2021,40.22,41.50,0.00 (0.00 %)," ","4,400","182,000,000",0,0,41.50,41.55,41.50
04/08/2021,40.22,41.50,-0.30 (-0.72 %)," ","5,100","212,000,000",0,0,41.80,41.80,41.50
03/08/2021,40.51,41.80,0.20 (0.48 %)," ","16,700","690,000,000",0,0,41.30,41.80,41.10
02/08/2021,40.31,41.60,0.40 (0.97 %)," ","9,700","401,000,000",0,0,41.30,41.60,41.30
30/07/2021,39.93,41.20,0.20 (0.49 %)," ","9,900","406,000,000",0,0,41.00,41.50,40.80
29/07/2021,39.73,41.00,0.00 (0.00 %)," ","6,100","248,000,000",0,0,41.00,41.00,40.50
28/07/2021,39.73,41.00,0.00 (0.00 %)," ","4,900","200,000,000",0,0,40.90,41.00,40.90
27/07/2021,39.73,41.00,0.10 (0.24 %)," ","2,400","98,000,000",0,0,40.90,41.00,40.90
26/07/2021,39.64,40.90,0.00 (0.00 %)," ","9,700","395,000,000",0,0,40.80,40.90,40.60
23/07/2021,39.64,40.90,0.20 (0.49 %)," ","9,100","372,000,000",0,0,40.80,41.00,40.80
22/07/2021,39.44,40.70,0.40 (0.99 %)," ","6,700","272,000,000",0,0,40.25,41.00,40.25
21/07/2021,39.05,40.30,0.00 (0.00 %)," ","3,300","132,000,000",0,0,40.10,40.85,40.10
20/07/2021,39.05,40.30,-0.60 (-1.47 %)," ","13,200","530,000,000",0,0,40.40,40.40,40.00
19/07/2021,39.64,40.90,0.60 (1.49 %)," ","5,100","204,000,000",0,0,40.00,41.00,40.00
16/07/2021,39.05,40.30,-0.20 (-0.49 %)," ","8,800","350,000,000",0,0,39.50,40.50,39.50
15/07/2021,39.25,40.50,0.10 (0.25 %)," ","17,000","689,000,000",0,0,41.70,41.70,40.40
14/07/2021,39.15,40.40,0.00 (0.00 %)," ","8,500","344,000,000",0,0,41.00,41.00,40.20
13/07/2021,39.15,40.40,-1.10 (-2.65 %)," ","18,800","766,000,000",0,0,41.00,41.00,40.40
12/07/2021,40.22,41.50,-0.15 (-0.36 %)," ","22,900","934,000,000",0,0,41.10,41.55,40.10
09/07/2021,40.36,41.65,-0.35 (-0.83 %)," ","16,000","666,000,000",0,0,41.50,42.10,41.50
08/07/2021,40.70,42.00,0.00 (0.00 %)," ","5,000","209,000,000",0,0,42.00,42.00,41.70
07/07/2021,40.70,42.00,-0.10 (-0.24 %)," ","3,300","138,000,000",0,0,42.10,42.10,41.70
06/07/2021,40.80,42.10,0.15 (0.36 %)," ","13,100","550,000,000",0,0,42.00,42.95,41.95
05/07/2021,40.65,41.95,-0.05 (-0.12 %)," ","7,800","332,000,000",0,0,43.00,43.00,41.85
02/07/2021,40.70,42.00,0.20 (0.48 %)," ","22,100","927,000,000",0,0,41.95,42.20,41.70
01/07/2021,40.51,41.80,0.00 (0.00 %)," ","13,300","556,000,000",0,0,41.60,42.00,41.60
30/06/2021,40.51,41.80,-0.20 (-0.48 %)," ","9,400","394,000,000",0,0,42.00,42.00,41.70
29/06/2021,40.70,42.00,-0.15 (-0.36 %)," ","5,100","214,000,000",0,0,42.15,42.15,42.00
28/06/2021,40.85,42.15,-0.35 (-0.82 %)," ","22,700","958,000,000",0,0,42.50,42.50,42.10
25/06/2021,41.19,42.50,-0.30 (-0.70 %)," ","11,200","480,000,000",0,0,42.80,43.00,42.50
24/06/2021,41.48,42.80,0.00 (0.00 %)," ","13,500","577,000,000",0,0,43.00,43.00,42.70
23/06/2021,41.48,42.80,0.20 (0.47 %)," ","12,200","522,000,000",0,0,42.60,42.80,42.40
22/06/2021,41.28,42.60,0.10 (0.24 %)," ","16,700","710,000,000",0,0,42.50,42.60,42.40
21/06/2021,41.19,42.50,0.75 (1.80 %)," ","28,400","1,196,000,000",0,0,41.75,43.00,41.75
18/06/2021,40.46,41.75,-0.05 (-0.12 %)," ","13,100","548,000,000",0,0,41.80,41.85,41.70
17/06/2021,40.51,41.80,0.10 (0.24 %)," ","20,700","864,000,000",0,0,41.70,41.80,41.60
16/06/2021,40.41,41.70,-0.10 (-0.24 %)," ","13,400","557,000,000",0,0,41.80,41.80,41.50
15/06/2021,40.51,41.80,0.00 (0.00 %)," ","18,700","781,000,000",0,0,41.80,41.80,41.50
14/06/2021,40.51,41.80,-0.20 (-0.48 %)," ","14,400","604,000,000",0,0,42.00,42.00,41.80
11/06/2021,40.70,42.00,0.40 (0.96 %)," ","12,800","536,000,000",0,0,41.80,42.00,41.70
10/06/2021,40.31,41.60,0.10 (0.24 %)," ","13,300","554,000,000",0,0,41.80,41.80,40.50
09/06/2021,40.22,41.50,-0.10 (-0.24 %)," ","20,100","835,000,000",0,0,41.60,41.80,41.50
08/06/2021,40.31,41.60,-0.05 (-0.12 %)," ","27,600","1,149,000,000",0,0,41.70,41.80,41.30
07/06/2021,40.36,41.65,0.55 (1.34 %)," ","19,400","806,000,000",0,0,41.10,41.80,41.10
04/06/2021,39.83,41.10,0.60 (1.48 %)," ","26,600","1,084,000,000",0,0,40.50,41.50,40.50
03/06/2021,39.25,40.50,0.00 (0.00 %)," ","61,300","2,486,000,000",0,0,40.50,41.80,40.40
02/06/2021,39.25,40.50,-0.20 (-0.49 %)," ","10,700","436,000,000",0,0,40.60,41.00,40.50
01/06/2021,39.44,40.70,0.10 (0.25 %)," ","2,400","98,000,000",0,0,40.60,41.00,40.55
31/05/2021,39.35,40.60,-0.40 (-0.98 %)," ","15,300","622,000,000",0,0,41.00,41.00,40.50
28/05/2021,39.73,41.00,0.00 (0.00 %)," ","10,700","438,000,000",0,0,41.00,41.10,40.70
27/05/2021,39.73,41.00,-1.00 (-2.38 %)," ","3,100","128,000,000",0,0,41.75,41.75,41.00
26/05/2021,40.70,42.00,1.00 (2.44 %)," ","7,000","289,000,000",0,0,41.00,42.00,40.75
25/05/2021,39.73,41.00,-0.80 (-1.91 %)," ","31,300","1,288,000,000",0,0,41.60,41.80,40.90
24/05/2021,40.51,41.80,0.30 (0.72 %)," ","9,000","376,000,000",0,0,41.50,42.00,41.50
21/05/2021,40.22,41.50,-0.15 (-0.36 %)," ","7,300","303,000,000",0,0,41.05,42.00,41.05
20/05/2021,40.36,41.65,-0.15 (-0.36 %)," ","4,600","191,000,000",0,0,41.50,41.65,41.00
19/05/2021,40.51,41.80,-0.20 (-0.48 %)," ","2,100","88,000,000",0,0,41.50,42.30,41.50
18/05/2021,40.70,42.00,0.00 (0.00 %)," ","14,400","601,000,000",0,0,42.00,42.10,41.20
17/05/2021,40.70,42.00,-0.50 (-1.18 %)," ","14,400","608,000,000",0,0,43.00,43.00,42.00
14/05/2021,41.19,42.50,-0.50 (-1.16 %)," ","32,400","1,394,000,000",0,0,43.80,43.80,42.50
13/05/2021,41.67,43.00,0.50 (1.18 %)," ","12,800","552,000,000",0,0,42.20,43.50,42.20
12/05/2021,41.19,42.50,0.20 (0.47 %)," ","9,500","404,000,000",0,0,42.30,43.00,42.30
11/05/2021,40.99,42.30,-0.20 (-0.47 %)," ","19,000","806,000,000",0,0,42.50,42.50,42.20
10/05/2021,41.19,42.50,-0.50 (-1.16 %)," ","5,800","246,000,000",0,0,42.40,42.60,42.40
07/05/2021,41.67,43.00,-0.65 (-1.49 %)," ","9,700","418,000,000",0,0,43.65,43.65,43.00
06/05/2021,42.30,43.65,0.15 (0.34 %)," ","9,100","398,000,000",0,0,43.50,44.00,43.50
05/05/2021,42.16,43.50,0.20 (0.46 %)," ","14,700","638,000,000",0,0,43.40,43.50,43.35
04/05/2021,41.96,43.30,-1.10 (-2.48 %)," ","12,600","549,000,000",0,0,44.40,44.40,43.30
29/04/2021,43.03,44.40,-0.10 (-0.22 %)," ","12,800","564,000,000",0,0,44.40,44.50,43.75
28/04/2021,43.13,44.50,-0.50 (-1.11 %)," ","7,900","354,000,000",0,0,45.00,45.00,44.50
27/04/2021,43.61,45.00,0.20 (0.45 %)," ","4,300","193,000,000",0,0,44.80,45.00,44.80
26/04/2021,43.42,44.80,-0.70 (-1.54 %)," ","10,900","491,000,000",0,0,45.55,45.55,44.80
23/04/2021,44.09,45.50,0.00 (0.00 %)," ","14,000","637,000,000",0,0,45.50,46.00,45.20
22/04/2021,44.09,45.50,-1.50 (-3.19 %)," ","23,100","1,060,000,000",0,0,47.00,47.00,45.50
20/04/2021,45.55,47.00,0.60 (1.29 %)," ","22,300","1,030,000,000",0,0,46.05,47.00,46.00
19/04/2021,44.97,46.40,0.00 (0.00 %)," ","9,200","425,000,000",0,0,46.40,46.50,46.00
16/04/2021,44.97,46.40,-0.20 (-0.43 %)," ","7,400","343,000,000",0,0,46.95,46.95,46.10
15/04/2021,45.16,46.60,0.00 (0.00 %)," ","8,100","378,000,000",0,0,46.60,46.95,46.50
14/04/2021,45.16,46.60,-0.35 (-0.75 %)," ","8,600","403,000,000",0,0,46.95,47.00,46.60
13/04/2021,45.50,46.95,-0.10 (-0.21 %)," ","23,700","1,115,000,000",0,0,47.05,47.10,46.90
12/04/2021,45.60,47.05,-0.20 (-0.42 %)," ","16,500","778,000,000",0,0,47.10,47.25,47.05
09/04/2021,45.79,47.25,0.00 (0.00 %)," ","9,400","444,000,000",0,0,47.30,47.30,47.20
08/04/2021,45.79,47.25,-0.05 (-0.11 %)," ","6,700","317,000,000",0,0,47.30,47.30,47.10
07/04/2021,45.84,47.30,0.10 (0.21 %)," ","23,900","1,128,000,000",0,0,47.20,47.30,47.20
06/04/2021,45.74,47.20,-0.20 (-0.42 %)," ","19,000","898,000,000",0,0,47.20,47.40,47.20
05/04/2021,45.94,47.40,-0.10 (-0.21 %)," ","8,900","422,000,000",0,0,47.30,47.50,47.30
02/04/2021,46.03,47.50,0.00 (0.00 %)," ","9,100","432,000,000",0,0,47.50,47.60,47.50
01/04/2021,46.03,47.50,0.30 (0.64 %)," ","10,100","479,000,000",0,0,47.05,47.50,47.05
31/03/2021,45.74,47.20,0.00 (0.00 %)," ","6,200","292,000,000",0,0,47.50,47.50,47.00
30/03/2021,45.74,47.20,0.00 (0.00 %)," ","11,000","518,000,000",0,0,47.80,47.80,47.00
29/03/2021,45.74,47.20,-0.10 (-0.21 %)," ","2,900","137,000,000",0,0,47.30,47.50,47.00
26/03/2021,45.84,47.30,-0.40 (-0.84 %)," ","18,000","852,000,000",0,0,47.70,47.70,47.00
25/03/2021,46.23,47.70,0.10 (0.21 %)," ","11,800","563,000,000",0,0,47.70,47.90,47.40
24/03/2021,46.13,47.60,-0.10 (-0.21 %)," ","14,400","687,000,000",0,0,47.70,47.90,47.50
23/03/2021,46.23,47.70,-0.30 (-0.62 %)," ","10,900","521,000,000",0,0,48.00,48.00,47.50
22/03/2021,46.52,48.00,0.00 (0.00 %)," ","14,700","705,000,000",0,0,48.00,48.10,47.80
19/03/2021,46.52,48.00,0.20 (0.42 %)," ","5,000","240,000,000",0,0,47.55,48.00,47.55
18/03/2021,46.32,47.80,-0.40 (-0.83 %)," ","6,100","293,000,000",0,0,48.20,48.20,47.80
17/03/2021,46.71,48.20,-0.05 (-0.10 %)," ","11,000","531,000,000",0,0,48.25,48.50,48.20
16/03/2021,46.71,48.20,-0.60 (-1.23 %)," ","7,300","351,000,000",0,0,48.50,48.50,47.80
15/03/2021,47.29,48.80,0.80 (1.67 %)," ","43,200","2,087,000,000",0,0,48.00,48.80,48.00
12/03/2021,46.52,48.00,0.00 (0.00 %)," ","10,200","488,000,000",0,0,48.00,48.00,47.70
11/03/2021,46.52,48.00,0.90 (1.91 %)," ","17,800","850,000,000",0,0,48.00,48.00,47.50
10/03/2021,45.64,47.10,-0.90 (-1.88 %)," ","5,900","281,000,000",0,0,47.75,48.10,47.10
09/03/2021,46.52,48.00,0.60 (1.27 %)," ","21,900","1,042,000,000",0,0,47.20,48.00,47.00
08/03/2021,45.94,47.40,-0.10 (-0.21 %)," ","18,700","884,000,000",0,0,47.50,47.50,47.00
05/03/2021,46.03,47.50,-0.40 (-0.84 %)," ","16,300","773,000,000",0,0,47.90,47.90,47.00
04/03/2021,46.42,47.90,-0.60 (-1.24 %)," ","13,300","640,000,000",0,0,48.70,48.70,47.90
03/03/2021,47.00,48.50,0.15 (0.31 %)," ","9,900","479,000,000",0,0,48.35,48.65,48.00
02/03/2021,46.86,48.35,-0.35 (-0.72 %)," ","18,100","879,000,000",0,0,48.70,48.80,48.35
01/03/2021,47.20,48.70,-0.30 (-0.61 %)," ","13,400","651,000,000",0,0,49.00,49.10,48.30
26/02/2021,47.49,49.00,-1.60 (-3.16 %)," ","50,600","2,525,000,000",0,0,50.50,50.50,48.00
25/02/2021,46.61,50.60,0.60 (1.20 %)," ","42,700","2,160,000,000",0,0,50.50,50.90,50.20
24/02/2021,46.06,50.00,-0.40 (-0.79 %)," ","18,300","921,000,000",0,0,50.00,51.00,50.00
23/02/2021,46.43,50.40,0.10 (0.20 %)," ","28,100","1,410,000,000",0,0,50.30,50.40,49.90
22/02/2021,46.34,50.30,0.40 (0.80 %)," ","38,700","1,970,000,000",0,0,51.00,51.50,50.00
19/02/2021,45.97,49.90,1.35 (2.78 %)," ","20,100","995,000,000",0,0,48.55,49.90,48.50
18/02/2021,44.73,48.55,0.05 (0.10 %)," ","28,400","1,379,000,000",0,0,49.00,49.00,48.40
17/02/2021,44.68,48.50,0.00 (0.00 %)," ","48,800","2,373,000,000",0,0,48.40,49.10,48.20
09/02/2021,44.68,48.50,1.50 (3.19 %)," ","13,100","620,000,000",0,0,47.00,48.50,46.90
08/02/2021,43.30,47.00,-0.30 (-0.63 %)," ","26,200","1,252,000,000",0,0,47.30,48.80,47.00
05/02/2021,43.57,47.30,0.90 (1.94 %)," ","13,300","629,000,000",0,0,46.60,47.70,46.60
04/02/2021,42.74,46.40,0.10 (0.22 %)," ","10,400","482,000,000",0,0,46.90,46.90,46.20
03/02/2021,42.65,46.30,-0.10 (-0.22 %)," ","8,800","406,000,000",0,0,47.80,47.80,46.00
02/02/2021,42.74,46.40,1.10 (2.43 %)," ","7,000","319,000,000",0,0,45.30,46.50,45.20
01/02/2021,41.73,45.30,-2.10 (-4.43 %)," ","19,400","886,000,000",0,0,45.50,46.60,45.30
29/01/2021,43.67,47.40,2.75 (6.16 %)," ","6,700","300,000,000",0,0,44.65,47.40,44.65
28/01/2021,41.13,44.65,-3.35 (-6.98 %)," ","44,300","2,015,000,000",0,0,48.00,48.00,44.65
27/01/2021,44.22,48.00,0.00 (0.00 %)," ","13,900","661,000,000",0,0,48.00,48.10,47.00
26/01/2021,44.22,48.00,-0.95 (-1.94 %)," ","14,000","673,000,000",0,0,48.95,48.95,48.00
25/01/2021,45.09,48.95,0.05 (0.10 %)," ","5,400","264,000,000",0,0,49.00,49.00,48.90
22/01/2021,45.05,48.90,0.10 (0.20 %)," ","4,500","219,000,000",0,0,49.00,49.00,48.50
21/01/2021,44.96,48.80,0.70 (1.46 %)," ","13,400","646,000,000",0,0,48.10,48.80,48.00
20/01/2021,44.31,48.10,-1.30 (-2.63 %)," ","15,000","733,000,000",0,0,49.40,49.40,48.00
19/01/2021,45.51,49.40,-0.40 (-0.80 %)," ","15,100","744,000,000",0,0,49.80,50.10,47.90
18/01/2021,45.88,49.80,1.20 (2.47 %)," ","13,900","687,000,000",0,0,48.80,50.00,48.80
15/01/2021,44.77,48.60,0.50 (1.04 %)," ","19,000","917,000,000",0,0,48.10,48.60,48.10
14/01/2021,44.31,48.10,0.00 (0.00 %)," ","5,200","250,000,000",0,0,48.00,48.40,48.00
13/01/2021,44.31,48.10,-0.25 (-0.52 %)," ","35,000","1,686,000,000",0,0,48.35,48.90,48.00
12/01/2021,44.54,48.35,0.10 (0.21 %)," ","9,000","435,000,000",0,0,48.25,48.35,48.20
11/01/2021,44.45,48.25,0.00 (0.00 %)," ","5,300","256,000,000",0,0,48.25,48.60,48.15
08/01/2021,44.45,48.25,-0.15 (-0.31 %)," ","11,000","530,000,000",0,0,48.05,48.45,48.00
07/01/2021,44.59,48.40,-0.40 (-0.82 %)," ","10,600","511,000,000",0,0,48.80,48.80,47.70
06/01/2021,44.96,48.80,0.35 (0.72 %)," ","8,600","418,000,000",0,0,48.10,49.00,48.10
05/01/2021,44.63,48.45,-0.25 (-0.51 %)," ","10,100","490,000,000",0,0,48.70,48.85,48.00
04/01/2021,44.86,48.70,0.70 (1.46 %)," ","12,700","618,000,000",0,0,49.85,49.85,48.10
31/12/2020,44.22,48.00,-0.10 (-0.21 %)," ","7,260","349,000,000",0,0,48.10,48.25,47.70
30/12/2020,44.31,48.10,0.10 (0.21 %)," ","5,780","278,000,000",0,0,48.00,48.45,47.80
29/12/2020,44.22,48.00,0.40 (0.84 %)," ","9,050","433,000,000",0,0,47.60,48.80,47.60
28/12/2020,43.85,47.60,-1.20 (-2.46 %)," ","7,380","352,000,000",0,0,48.80,48.80,47.50
25/12/2020,44.96,48.80,1.70 (3.61 %)," ","10,350","493,000,000",0,0,47.00,48.80,47.00
24/12/2020,43.39,47.10,-0.10 (-0.21 %)," ","9,000","424,000,000",0,0,47.20,47.20,47.00
23/12/2020,43.48,47.20,0.00 (0.00 %)," ","16,480","778,000,000",0,0,47.20,47.35,47.10
22/12/2020,43.48,47.20,-0.05 (-0.11 %)," ","6,340","300,000,000",0,0,47.00,47.30,47.00
21/12/2020,43.53,47.25,-0.10 (-0.21 %)," ","9,180","434,000,000",0,0,47.40,47.40,47.00
18/12/2020,43.62,47.35,0.05 (0.11 %)," ","19,580","926,000,000",0,0,47.40,47.40,47.20
17/12/2020,43.57,47.30,0.10 (0.21 %)," ","7,530","356,000,000",0,0,47.40,47.40,47.20
16/12/2020,43.48,47.20,0.30 (0.64 %)," ","5,500","259,000,000",0,0,47.00,47.40,46.85
15/12/2020,43.21,46.90,-0.10 (-0.21 %)," ","6,810","320,000,000",0,0,47.00,47.00,46.85
14/12/2020,43.30,47.00,0.00 (0.00 %)," ","24,110","1,135,000,000",0,0,47.20,47.20,47.00
11/12/2020,43.30,47.00,0.00 (0.00 %)," ","11,420","537,000,000",0,0,46.85,47.20,46.80
10/12/2020,43.30,47.00,0.20 (0.43 %)," ","11,970","562,000,000",0,0,47.00,47.20,46.75
09/12/2020,43.11,46.80,0.30 (0.65 %)," ","17,350","808,000,000",0,0,46.50,46.80,46.40
08/12/2020,42.84,46.50,0.00 (0.00 %)," ","11,770","545,000,000",0,0,46.20,46.50,46.00
07/12/2020,42.84,46.50,0.15 (0.32 %)," ","4,930","228,000,000",0,0,46.50,46.50,46.10
04/12/2020,42.70,46.35,-0.15 (-0.32 %)," ","3,710","172,000,000",0,0,46.00,46.60,46.00
03/12/2020,42.84,46.50,0.10 (0.22 %)," ","16,040","740,000,000",0,0,46.40,46.60,45.90
02/12/2020,42.74,46.40,-0.20 (-0.43 %)," ","20,160","935,000,000",0,0,46.55,46.55,46.20
01/12/2020,42.93,46.60,-0.25 (-0.53 %)," ","11,660","540,000,000",0,0,46.00,46.60,46.00
30/11/2020,43.16,46.85,0.00 (0.00 %)," ","15,240","713,000,000",0,0,46.85,46.90,46.70
27/11/2020,43.16,46.85,0.05 (0.11 %)," ","4,740","221,000,000",0,0,46.80,46.85,46.40
26/11/2020,43.11,46.80,0.80 (1.74 %)," ","17,900","831,000,000",0,0,46.10,46.80,46.10
25/11/2020,42.38,46.00,0.15 (0.33 %)," ","18,260","840,000,000",0,0,46.00,46.30,45.85
23/11/2020,42.28,45.90,0.20 (0.44 %)," ","8,970","411,000,000",0,0,46.00,46.00,45.50
20/11/2020,42.10,45.70,0.10 (0.22 %)," ","4,630","211,000,000",0,0,45.60,46.00,45.55
19/11/2020,42.01,45.60,-0.20 (-0.44 %)," ","11,020","505,000,000",0,0,45.80,46.00,45.60
18/11/2020,42.19,45.80,0.00 (0.00 %)," ","6,590","302,000,000",0,0,45.80,46.40,45.80
17/11/2020,42.19,45.80,0.00 (0.00 %)," ","3,350","154,000,000",0,0,45.80,46.00,45.30
16/11/2020,42.19,45.80,-0.20 (-0.43 %)," ","3,650","166,000,000",0,0,45.50,45.85,45.50
13/11/2020,42.38,46.00,0.40 (0.88 %)," ","7,560","346,000,000",0,0,45.60,46.00,45.60
12/11/2020,42.01,45.60,0.20 (0.44 %)," ","4,130","188,000,000",0,0,45.70,45.80,45.50
11/11/2020,41.82,45.40,0.30 (0.67 %)," ","3,250","147,000,000",0,0,45.10,45.50,45.10
10/11/2020,41.55,45.10,0.20 (0.45 %)," ","15,880","723,000,000",0,0,45.90,46.00,45.10
09/11/2020,41.36,44.90,-0.05 (-0.11 %)," ","6,960","312,000,000",0,0,44.95,44.95,44.50
06/11/2020,41.41,44.95,0.05 (0.11 %)," ","2,030","91,000,000",0,0,44.90,45.00,44.65
05/11/2020,41.36,44.90,0.00 (0.00 %)," ","1,110","50,000,000",0,0,44.90,45.20,44.90
04/11/2020,41.36,44.90,0.10 (0.22 %)," ","3,540","159,000,000",0,0,44.80,45.05,44.80
03/11/2020,41.27,44.80,0.00 (0.00 %)," ","1,610","72,000,000",0,0,44.80,44.80,44.70
02/11/2020,41.27,44.80,-0.10 (-0.22 %)," ","12,920","575,000,000",0,0,45.00,45.15,44.40
30/10/2020,41.36,44.90,0.40 (0.90 %)," ","7,910","351,000,000",0,0,44.35,44.90,44.30
29/10/2020,40.99,44.50,0.20 (0.45 %)," ","3,200","140,000,000",0,0,43.50,44.50,43.50
28/10/2020,40.81,44.30,-0.50 (-1.12 %)," ","10,330","461,000,000",0,0,44.75,44.80,44.30
27/10/2020,41.27,44.80,-0.10 (-0.22 %)," ","6,970","313,000,000",0,0,44.90,45.00,44.70
26/10/2020,41.36,44.90,-0.10 (-0.22 %)," ","8,860","398,000,000",0,0,45.00,45.00,44.90
23/10/2020,41.46,45.00,0.00 (0.00 %)," ","9,630","433,000,000",0,0,45.00,45.70,45.00
22/10/2020,41.46,45.00,0.10 (0.22 %)," ","4,570","205,000,000",0,0,44.90,45.30,44.50
21/10/2020,41.36,44.90,-0.35 (-0.77 %)," ","5,860","264,000,000",0,0,45.25,45.50,44.90
20/10/2020,41.69,45.25,0.25 (0.56 %)," ","9,970","451,000,000",0,0,45.00,45.45,45.00
19/10/2020,41.46,45.00,0.50 (1.12 %)," ","9,590","428,000,000",0,0,44.50,45.00,44.10
16/10/2020,40.99,44.50,-0.50 (-1.11 %)," ","28,740","1,281,000,000",0,0,44.70,45.00,44.10
15/10/2020,41.46,45.00,0.20 (0.45 %)," ","37,870","1,698,000,000",0,0,44.60,45.00,44.60
14/10/2020,41.27,44.80,-0.50 (-1.10 %)," ","7,300","328,000,000",0,0,45.35,45.35,44.80
13/10/2020,41.73,45.30,-0.20 (-0.44 %)," ","12,980","585,000,000",0,0,45.50,45.50,44.95
12/10/2020,41.92,45.50,-0.50 (-1.09 %)," ","22,750","1,032,000,000",0,0,46.00,46.10,45.00
09/10/2020,42.38,46.00,0.00 (0.00 %)," ","6,080","278,000,000",0,0,46.00,46.10,45.55
08/10/2020,42.38,46.00,0.00 (0.00 %)," ","75,800","3,477,000,000",0,0,46.20,46.20,45.30
07/10/2020,42.38,46.00,-0.40 (-0.86 %)," ","9,070","414,000,000",0,0,46.20,46.20,45.50
06/10/2020,42.74,46.40,0.20 (0.43 %)," ","20,410","947,000,000",0,0,46.40,46.60,46.20
05/10/2020,42.56,46.20,0.70 (1.54 %)," ","37,310","1,715,000,000",0,0,45.50,46.20,45.50
02/10/2020,41.92,45.50,0.30 (0.66 %)," ","50,830","2,317,000,000",0,0,45.20,46.00,45.10
01/10/2020,41.64,45.20,0.35 (0.78 %)," ","17,190","775,000,000",0,0,45.00,45.30,44.85
30/09/2020,41.32,44.85,-0.15 (-0.33 %)," ","22,950","1,030,000,000",0,0,44.75,45.00,44.65
29/09/2020,41.46,45.00,0.00 (0.00 %)," ","15,930","718,000,000",0,0,45.20,45.25,44.80
28/09/2020,41.46,45.00,0.30 (0.67 %)," ","59,040","2,654,000,000",0,0,44.70,45.00,44.65
25/09/2020,41.18,44.70,-0.10 (-0.22 %)," ","12,860","575,000,000",0,0,45.00,45.00,44.60
24/09/2020,41.27,44.80,0.10 (0.22 %)," ","11,710","526,000,000",0,0,44.95,45.00,44.70
23/09/2020,41.18,44.70,-0.30 (-0.67 %)," ","6,200","278,000,000",0,0,45.00,45.00,44.70
22/09/2020,41.46,45.00,0.00 (0.00 %)," ","8,610","386,000,000",0,0,45.00,45.00,44.80
21/09/2020,41.46,45.00,0.20 (0.45 %)," ","15,170","682,000,000",0,0,44.80,45.20,44.20
18/09/2020,41.27,44.80,-0.55 (-1.21 %)," ","21,690","972,000,000",0,0,45.35,45.35,44.60
17/09/2020,41.78,45.35,-0.05 (-0.11 %)," ","3,610","164,000,000",0,0,45.30,45.50,45.00
16/09/2020,41.82,45.40,0.25 (0.55 %)," ","10,690","482,000,000",0,0,45.15,45.40,45.00
15/09/2020,41.59,45.15,0.00 (0.00 %)," ","13,240","600,000,000",0,0,45.25,45.60,45.00
14/09/2020,41.59,45.15,1.20 (2.73 %)," ","19,690","876,000,000",0,0,44.10,45.20,44.00
11/09/2020,40.49,43.95,0.35 (0.80 %)," ","9,500","415,000,000",0,0,43.80,44.00,43.55
10/09/2020,40.17,43.60,-0.20 (-0.46 %)," ","21,740","947,000,000",0,0,43.90,43.90,43.40
09/09/2020,40.35,43.80,0.10 (0.23 %)," ","12,150","532,000,000",0,0,43.90,44.00,43.60
08/09/2020,40.26,43.70,0.20 (0.46 %)," ","5,060","221,000,000",0,0,43.50,43.70,43.50
07/09/2020,40.07,43.50,0.00 (0.00 %)," ","8,080","352,000,000",0,0,43.50,43.85,43.50
04/09/2020,40.07,43.50,-0.35 (-0.80 %)," ","8,940","389,000,000",0,0,43.70,43.70,43.30
03/09/2020,40.40,43.85,0.05 (0.11 %)," ","7,700","337,000,000",0,0,43.80,44.00,43.50
01/09/2020,40.35,43.80,0.30 (0.69 %)," ","9,030","391,000,000",0,0,43.70,43.90,43.05
31/08/2020,40.07,43.50,-0.30 (-0.68 %)," ","7,540","330,000,000",0,0,43.80,44.25,43.30
28/08/2020,40.35,43.80,0.60 (1.39 %)," ","9,830","428,000,000",0,0,43.35,43.95,43.30
27/08/2020,39.80,43.20,-0.05 (-0.12 %)," ","3,900","169,000,000",0,0,43.25,43.70,43.10
26/08/2020,39.84,43.25,-0.25 (-0.57 %)," ","2,740","119,000,000",0,0,43.10,43.35,43.10
25/08/2020,40.07,43.50,0.00 (0.00 %)," ","11,890","516,000,000",0,0,43.60,43.60,43.30
24/08/2020,40.07,43.50,0.10 (0.23 %)," ","7,680","334,000,000",0,0,43.40,43.70,43.40
21/08/2020,39.98,43.40,-0.20 (-0.46 %)," ","6,960","303,000,000",0,0,43.50,43.60,43.40
20/08/2020,40.17,43.60,-0.20 (-0.46 %)," ","4,100","179,000,000",0,0,43.80,43.80,43.50
19/08/2020,40.35,43.80,-0.15 (-0.34 %)," ","12,150","528,000,000",0,0,43.95,43.95,43.10
18/08/2020,40.49,43.95,0.05 (0.11 %)," ","1,880","83,000,000",0,0,43.10,44.20,43.10
17/08/2020,40.44,43.90,-1.00 (-2.23 %)," ","6,890","301,000,000",0,0,43.90,44.00,43.50
14/08/2020,41.36,44.90,2.25 (5.28 %)," ","20,900","907,000,000",0,0,42.70,44.90,42.55
13/08/2020,39.29,42.65,0.15 (0.35 %)," ","10,880","465,000,000",0,0,42.80,42.90,42.50
12/08/2020,39.15,42.50,0.00 (0.00 %)," ","10,920","461,000,000",0,0,42.00,42.80,41.95
11/08/2020,39.15,42.50,-0.10 (-0.23 %)," ","8,630","364,000,000",0,0,42.60,42.60,42.00
10/08/2020,39.24,42.60,0.35 (0.83 %)," ","7,550","321,000,000",0,0,42.80,42.80,42.40
07/08/2020,38.92,42.25,0.05 (0.12 %)," ","7,950","336,000,000",0,0,42.90,42.90,42.10
06/08/2020,38.88,42.20,0.15 (0.36 %)," ","13,890","586,000,000",0,0,42.10,42.50,42.05
05/08/2020,38.74,42.05,0.60 (1.45 %)," ","13,490","563,000,000",0,0,41.60,42.95,41.40
04/08/2020,38.18,41.45,0.45 (1.10 %)," ","10,320","428,000,000",0,0,41.00,41.70,41.00
03/08/2020,37.77,41.00,0.20 (0.49 %)," ","9,420","381,000,000",0,0,40.05,41.00,40.05
31/07/2020,37.59,40.80,-0.75 (-1.81 %)," ","14,390","585,000,000",0,0,41.50,41.50,40.00
30/07/2020,38.28,41.55,0.65 (1.59 %)," ","11,010","454,000,000",0,0,40.90,41.90,40.90
29/07/2020,37.68,40.90,-1.10 (-2.62 %)," ","22,450","923,000,000",0,0,42.45,42.45,40.85
28/07/2020,38.69,42.00,0.20 (0.48 %)," ","23,280","974,000,000",0,0,41.50,42.30,41.40
27/07/2020,38.51,41.80,-2.70 (-6.07 %)," ","29,850","1,269,000,000",0,0,43.65,43.65,41.80
24/07/2020,40.99,44.50,-1.00 (-2.20 %)," ","10,420","466,000,000",0,0,45.00,45.90,44.10
23/07/2020,41.92,45.50,0.50 (1.11 %)," ","16,420","741,000,000",0,0,45.00,45.70,45.00
22/07/2020,41.46,45.00,-1.00 (-2.17 %)," ","15,600","714,000,000",0,0,45.95,46.50,45.00
21/07/2020,42.38,46.00,0.00 (0.00 %)," ","3,410","157,000,000",0,0,45.95,46.00,45.95
20/07/2020,42.38,46.00,0.05 (0.11 %)," ","15,830","728,000,000",0,0,46.00,46.10,45.90
17/07/2020,42.33,45.95,0.00 (0.00 %)," ","11,980","551,000,000",0,0,46.00,46.00,45.90
16/07/2020,42.33,45.95,-0.05 (-0.11 %)," ","5,010","231,000,000",0,0,46.05,46.10,45.80
15/07/2020,42.38,46.00,-0.10 (-0.22 %)," ","6,530","301,000,000",0,0,46.10,46.20,46.00
14/07/2020,42.47,46.10,-0.05 (-0.11 %)," ",620,"29,000,000",0,0,46.05,46.20,46.05
13/07/2020,42.51,46.15,0.15 (0.33 %)," ","2,740","126,000,000",0,0,46.30,46.30,45.90
10/07/2020,42.38,46.00,-0.30 (-0.65 %)," ","2,410","111,000,000",0,0,46.40,46.40,46.00
09/07/2020,42.65,46.30,0.10 (0.22 %)," ","3,610","167,000,000",0,0,46.20,46.30,46.10
08/07/2020,42.56,46.20,-0.05 (-0.11 %)," ","14,710","678,000,000",0,0,46.15,46.20,46.05
07/07/2020,42.61,46.25,0.15 (0.33 %)," ","14,090","651,000,000",0,0,46.10,46.25,46.10
06/07/2020,42.47,46.10,0.20 (0.44 %)," ","3,560","164,000,000",0,0,46.00,46.10,45.90
03/07/2020,42.28,45.90,-0.10 (-0.22 %)," ","4,750","218,000,000",0,0,46.00,46.10,45.90
02/07/2020,42.38,46.00,0.00 (0.00 %)," ","2,470","114,000,000",0,0,46.00,46.00,46.00
01/07/2020,42.38,46.00,0.40 (0.88 %)," ","2,940","134,000,000",0,0,45.10,46.40,45.10
30/06/2020,42.01,45.60,0.00 (0.00 %)," ","3,580","164,000,000",0,0,46.70,46.70,45.60
29/06/2020,42.01,45.60,-0.90 (-1.94 %)," ","11,490","526,000,000",0,0,46.50,46.50,45.55
26/06/2020,42.84,46.50,-0.30 (-0.64 %)," ","3,150","147,000,000",0,0,46.30,46.80,46.30
25/06/2020,43.11,46.80,-0.10 (-0.21 %)," ","2,820","131,000,000",0,0,46.90,46.90,46.00
24/06/2020,43.21,46.90,0.00 (0.00 %)," ","2,590","121,000,000",0,0,47.00,47.00,46.75
23/06/2020,43.21,46.90,0.00 (0.00 %)," ","3,380","159,000,000",0,0,47.70,47.80,46.90
22/06/2020,43.21,46.90,0.35 (0.75 %)," ","13,660","642,000,000",0,0,46.90,47.20,46.90
19/06/2020,42.88,46.55,-0.15 (-0.32 %)," ","3,060","143,000,000",0,0,46.40,46.90,46.40
18/06/2020,43.02,46.70,0.30 (0.65 %)," ","2,110","98,000,000",0,0,46.40,46.70,46.20
17/06/2020,42.74,46.40,0.00 (0.00 %)," ","7,030","326,000,000",0,0,46.80,46.80,46.00
16/06/2020,42.74,46.40,-0.40 (-0.85 %)," ","7,130","330,000,000",0,0,46.20,46.70,46.10
15/06/2020,43.11,46.80,0.70 (1.52 %)," ","14,820","681,000,000",0,0,46.30,46.80,45.60
12/06/2020,42.47,46.10,-0.90 (-1.91 %)," ","26,580","1,207,000,000",0,0,44.00,46.80,44.00
11/06/2020,43.30,47.00,-1.10 (-2.29 %)," ","12,400","592,000,000",0,0,48.10,48.10,47.00
10/06/2020,44.31,48.10,-0.20 (-0.41 %)," ","25,820","1,246,000,000",0,0,48.35,48.50,48.00
09/06/2020,44.50,48.30,0.70 (1.47 %)," ","28,140","1,353,000,000",0,0,47.80,48.50,47.80
08/06/2020,43.85,47.60,0.15 (0.32 %)," ","20,530","977,000,000",0,0,47.45,47.80,47.40
05/06/2020,43.71,47.45,0.15 (0.32 %)," ","10,070","477,000,000",0,0,47.75,47.75,47.20
04/06/2020,43.57,47.30,0.10 (0.21 %)," ","11,730","554,000,000",0,0,47.20,47.35,47.15
03/06/2020,43.48,47.20,-0.05 (-0.11 %)," ","9,370","442,000,000",0,0,47.25,47.25,47.20
02/06/2020,43.53,47.25,-0.25 (-0.53 %)," ","15,550","735,000,000",0,0,47.50,47.50,47.20
01/06/2020,43.76,47.50,0.20 (0.42 %)," ","10,930","518,000,000",0,0,48.00,48.00,47.00
29/05/2020,43.57,47.30,-0.30 (-0.63 %)," ","8,190","389,000,000",0,0,47.60,47.60,47.25
28/05/2020,43.85,47.60,-0.20 (-0.42 %)," ","3,690","176,000,000",0,0,47.00,48.00,47.00
27/05/2020,44.03,47.80,0.30 (0.63 %)," ","26,000","1,252,000,000",0,0,47.70,48.60,47.70
26/05/2020,43.76,47.50,0.10 (0.21 %)," ","11,430","540,000,000",0,0,47.40,47.50,47.05
25/05/2020,43.67,47.40,-0.10 (-0.21 %)," ","18,740","889,000,000",0,0,47.40,47.50,47.40
22/05/2020,43.76,47.50,0.15 (0.32 %)," ","19,740","935,000,000",0,0,47.35,47.70,47.35
21/05/2020,43.62,47.35,0.25 (0.53 %)," ","21,770","1,035,000,000",0,0,47.10,47.90,47.10
20/05/2020,43.39,47.10,-0.50 (-1.05 %)," ","11,710","553,000,000",0,0,47.00,47.70,47.00
19/05/2020,43.85,47.60,0.30 (0.63 %)," ","14,890","711,000,000",0,0,47.40,47.90,47.40
18/05/2020,43.57,47.30,0.30 (0.64 %)," ","9,770","461,000,000",0,0,47.00,47.80,47.00
15/05/2020,43.30,47.00,-0.40 (-0.84 %)," ","29,520","1,393,000,000",0,0,47.60,47.70,46.90
14/05/2020,43.67,47.40,-0.90 (-1.86 %)," ","18,190","865,000,000",0,0,48.30,48.30,47.40
13/05/2020,44.50,48.30,-0.20 (-0.41 %)," ","40,780","1,965,000,000",0,0,48.60,48.70,47.10
12/05/2020,44.68,48.50,2.40 (5.21 %)," ","32,840","1,566,000,000",0,0,46.50,48.60,46.50
11/05/2020,42.47,46.10,0.30 (0.66 %)," ","43,870","2,017,000,000",0,0,46.10,46.10,45.80
08/05/2020,42.19,45.80,0.30 (0.66 %)," ","37,950","1,735,000,000",0,0,45.60,46.40,45.50
07/05/2020,41.92,45.50,1.00 (2.25 %)," ","50,530","2,276,000,000",0,0,44.50,46.00,44.50
06/05/2020,40.99,44.50,0.00 (0.00 %)," ","15,440","687,000,000",0,0,44.40,44.60,44.40
05/05/2020,40.99,44.50,-0.10 (-0.22 %)," ","15,500","689,000,000",0,0,44.60,44.70,44.20
04/05/2020,41.09,44.60,-0.20 (-0.45 %)," ","18,720","836,000,000",0,0,44.80,44.80,44.45
29/04/2020,41.27,44.80,0.30 (0.67 %)," ","12,680","567,000,000",0,0,44.80,44.90,44.50
28/04/2020,40.99,44.50,-0.40 (-0.89 %)," ","17,420","777,000,000",0,0,44.90,44.90,44.40
27/04/2020,41.36,44.90,0.40 (0.90 %)," ","56,640","2,529,000,000",0,0,44.20,45.00,44.15
24/04/2020,40.99,44.50,0.70 (1.60 %)," ","34,060","1,501,000,000",0,0,44.50,44.50,43.80
23/04/2020,40.35,43.80,-0.05 (-0.11 %)," ","47,330","2,091,000,000",0,0,44.00,45.00,43.80
22/04/2020,40.40,43.85,0.00 (0.00 %)," ","25,270","1,106,000,000",0,0,43.80,44.00,43.50
21/04/2020,40.40,43.85,-0.25 (-0.57 %)," ","40,470","1,778,000,000",0,0,44.10,44.10,43.70
20/04/2020,40.63,44.10,0.15 (0.34 %)," ","67,130","2,960,000,000",0,0,44.30,44.40,43.90
17/04/2020,40.49,43.95,-0.05 (-0.11 %)," ","62,020","2,700,000,000",0,0,43.20,44.50,43.20
16/04/2020,40.53,44.00,-0.30 (-0.68 %)," ","43,490","1,904,000,000",0,0,44.30,44.30,43.50
15/04/2020,40.81,44.30,0.30 (0.68 %)," ","78,500","3,455,000,000",0,0,44.10,44.30,44.00
14/04/2020,40.53,44.00,0.00 (0.00 %)," ","5,670","250,000,000",0,0,44.40,44.40,43.80
13/04/2020,40.53,44.00,-0.20 (-0.45 %)," ","32,950","1,450,000,000",0,0,43.70,44.40,43.65
10/04/2020,40.72,44.20,-0.10 (-0.23 %)," ","19,320","854,000,000",0,0,44.80,44.80,44.00
09/04/2020,40.81,44.30,-0.70 (-1.56 %)," ","39,050","1,737,000,000",0,0,45.90,45.90,43.30
08/04/2020,41.46,45.00,0.30 (0.67 %)," ","14,970","677,000,000",0,0,43.70,45.60,43.00
07/04/2020,41.18,44.70,-0.30 (-0.67 %)," ","13,650","610,000,000",0,0,45.00,45.10,44.00
06/04/2020,41.46,45.00,2.00 (4.65 %)," ","10,940","483,000,000",0,0,42.00,45.50,42.00
03/04/2020,39.61,43.00,0.40 (0.94 %)," ","16,550","709,000,000",0,0,43.00,43.50,41.20
01/04/2020,39.24,42.60,0.95 (2.28 %)," ","2,850","121,000,000",0,0,42.50,42.60,42.00
31/03/2020,38.37,41.65,0.25 (0.60 %)," ","2,610","108,000,000",0,0,42.90,42.90,41.20
30/03/2020,38.14,41.40,-0.65 (-1.55 %)," ","12,160","499,000,000",0,0,41.50,41.50,40.00
27/03/2020,38.74,42.05,-0.45 (-1.06 %)," ","1,320","56,000,000",0,0,42.00,42.60,41.50
26/03/2020,39.15,42.50,-0.50 (-1.16 %)," ","1,150","50,000,000",0,0,43.00,43.80,42.50
25/03/2020,39.61,43.00,0.50 (1.18 %)," ","7,480","321,000,000",0,0,42.90,43.30,42.50
24/03/2020,39.15,42.50,0.80 (1.92 %)," ","17,390","732,000,000",0,0,41.15,42.90,41.15
23/03/2020,38.42,41.70,-2.30 (-5.23 %)," ","17,560","741,000,000",0,0,44.00,44.00,41.30
20/03/2020,40.53,44.00,0.00 (0.00 %)," ","3,730","164,000,000",0,0,44.00,44.20,44.00
19/03/2020,40.53,44.00,0.00 (0.00 %)," ","6,930","304,000,000",0,0,44.00,44.00,43.40
18/03/2020,40.53,44.00,0.25 (0.57 %)," ","3,340","147,000,000",0,0,44.30,44.30,44.00
17/03/2020,40.30,43.75,-0.05 (-0.11 %)," ","15,500","670,000,000",0,0,43.75,43.75,42.85
16/03/2020,40.35,43.80,0.05 (0.11 %)," ","5,850","255,000,000",0,0,42.60,44.40,42.60
13/03/2020,40.30,43.75,-1.75 (-3.85 %)," ","14,840","632,000,000",0,0,43.00,44.80,42.35
12/03/2020,41.92,45.50,-2.50 (-5.21 %)," ","12,540","569,000,000",0,0,46.00,46.00,45.00
11/03/2020,44.22,48.00,-1.00 (-2.04 %)," ","8,900","436,000,000",0,0,49.00,50.00,48.00
10/03/2020,45.14,49.00,2.00 (4.26 %)," ","10,770","502,000,000",0,0,46.00,49.00,46.00
09/03/2020,43.30,47.00,-3.20 (-6.37 %)," ","18,530","887,000,000",0,0,49.50,49.50,47.00
06/03/2020,46.25,50.20,0.10 (0.20 %)," ","8,140","407,000,000",0,0,50.00,50.20,49.50
05/03/2020,46.15,50.10,0.40 (0.80 %)," ","4,960","248,000,000",0,0,49.70,50.20,49.70
04/03/2020,45.79,49.70,-0.30 (-0.60 %)," ","2,240","111,000,000",0,0,49.70,49.70,49.00
03/03/2020,46.06,50.00,1.20 (2.46 %)," ","5,450","271,000,000",0,0,48.80,50.50,48.80
02/03/2020,44.96,48.80,-2.00 (-3.94 %)," ","14,580","720,000,000",0,0,50.50,50.50,48.50
28/02/2020,46.80,50.80,-0.70 (-1.36 %)," ","2,790","142,000,000",0,0,51.00,51.00,50.60
27/02/2020,47.44,51.50,0.00 (0.00 %)," ","4,750","243,000,000",0,0,51.50,51.60,51.00
26/02/2020,47.44,51.50,-0.50 (-0.96 %)," ","7,740","400,000,000",0,0,51.80,52.00,51.50
25/02/2020,47.90,52.00,0.30 (0.58 %)," ","16,470","844,000,000","180,020","9,598,666,400",50.60,52.00,50.50
24/02/2020,47.63,51.70,-2.10 (-3.90 %)," ","7,590","397,000,000",0,0,53.80,53.80,51.70
21/02/2020,49.56,53.80,-2.10 (-3.76 %)," ","5,110","273,000,000",0,0,51.50,54.00,51.50
20/02/2020,49.29,55.90,-0.10 (-0.18 %)," ","9,390","525,000,000","180,020","10,063,118,000",56.00,56.00,55.90
19/02/2020,49.38,56.00,0.00 (0.00 %)," ","6,350","356,000,000",0,0,56.00,56.20,55.60
18/02/2020,49.38,56.00,-0.50 (-0.88 %)," ","3,680","207,000,000",0,0,56.50,56.50,56.00
17/02/2020,49.82,56.50,0.00 (0.00 %)," ","24,320","1,372,000,000",0,0,56.40,56.70,56.20
14/02/2020,49.82,56.50,0.80 (1.44 %)," ","13,760","771,000,000",0,0,55.50,56.50,55.50
13/02/2020,49.11,55.70,-0.20 (-0.36 %)," ","12,390","696,000,000",0,0,56.00,56.70,55.50
12/02/2020,49.29,55.90,0.10 (0.18 %)," ","4,320","242,000,000",0,0,56.70,56.70,55.70
11/02/2020,49.20,55.80,1.20 (2.20 %)," ","2,340","129,000,000",0,0,55.00,56.90,55.00
10/02/2020,48.14,54.60,-0.30 (-0.55 %)," ","6,840","371,000,000",0,0,54.90,54.90,54.00
07/02/2020,48.41,54.90,0.00 (0.00 %)," ","9,230","506,000,000",0,0,54.90,55.40,54.00
06/02/2020,48.41,54.90,0.20 (0.37 %)," ","24,710","1,359,000,000",0,0,55.00,55.10,54.80
05/02/2020,48.23,54.70,0.90 (1.67 %)," ","18,110","993,000,000",0,0,54.50,55.20,54.50
04/02/2020,47.44,53.80,1.30 (2.48 %)," ","12,890","683,000,000",0,0,52.50,53.80,52.50
03/02/2020,46.29,52.50,-2.50 (-4.55 %)," ","21,100","1,098,000,000",0,0,52.50,54.90,51.20
31/01/2020,48.49,55.00,0.10 (0.18 %)," ","11,840","658,000,000",0,0,56.60,56.60,54.90
30/01/2020,48.41,54.90,-3.90 (-6.63 %)," ","83,290","4,611,000,000",0,0,58.80,58.80,54.70
22/01/2020,51.84,58.80,0.00 (0.00 %)," ","1,830","108,000,000",0,0,59.00,59.00,58.40
21/01/2020,51.84,58.80,0.40 (0.68 %)," ","11,300","664,000,000",0,0,58.90,58.90,58.70
20/01/2020,51.49,58.40,-0.20 (-0.34 %)," ","5,220","306,000,000",0,0,58.60,58.70,57.50
17/01/2020,51.67,58.60,0.10 (0.17 %)," ","2,950","172,000,000",0,0,58.50,58.60,58.20
16/01/2020,51.58,58.50,0.00 (0.00 %)," ","3,480","204,000,000",0,0,57.90,59.00,57.80
15/01/2020,51.58,58.50,0.70 (1.21 %)," ","5,910","342,000,000",0,0,57.80,58.50,57.70
14/01/2020,50.96,57.80,0.00 (0.00 %)," ","12,290","710,000,000",0,0,57.90,58.00,57.70
13/01/2020,50.96,57.80,-0.10 (-0.17 %)," ","3,770","218,000,000",0,0,57.90,58.00,57.80
10/01/2020,51.05,57.90,-0.10 (-0.17 %)," ","4,310","251,000,000",0,0,59.00,59.00,57.80
09/01/2020,51.14,58.00,0.10 (0.17 %)," ","3,060","178,000,000",0,0,58.00,58.50,57.90
08/01/2020,51.05,57.90,-0.10 (-0.17 %)," ",850,"49,000,000",0,0,58.70,58.70,57.90
07/01/2020,51.14,58.00,0.00 (0.00 %)," ","5,640","327,000,000",0,0,58.10,58.30,58.00
06/01/2020,51.14,58.00,-0.10 (-0.17 %)," ","2,110","122,000,000",0,0,58.10,58.50,57.70
03/01/2020,51.23,58.10,0.10 (0.17 %)," ","1,860","108,000,000",0,0,57.80,58.50,57.80
02/01/2020,51.14,58.00,-1.00 (-1.69 %)," ","6,080","354,000,000","180,020","10,259,339,800",59.00,59.00,58.00
31/12/2019,52.02,59.00,0.00 (0.00 %)," ","2,380","139,000,000",0,0,59.00,59.00,58.20
30/12/2019,52.02,59.00,-2.00 (-3.28 %)," ","8,470","500,000,000",0,0,59.50,60.00,57.80
27/12/2019,50.61,61.00,0.20 (0.33 %)," ","15,710","957,000,000","180,020","10,945,216,000",61.20,61.20,60.70
26/12/2019,50.44,60.80,-1.40 (-2.25 %)," ","5,170","317,000,000",0,0,62.20,62.20,60.80
25/12/2019,51.61,62.20,0.70 (1.14 %)," ","8,060","498,000,000",0,0,61.60,63.00,61.20
24/12/2019,51.03,61.50,0.00 (0.00 %)," ","4,270","262,000,000",0,0,61.50,61.50,61.30
23/12/2019,51.03,61.50,0.00 (0.00 %)," ","7,770","477,000,000",0,0,61.50,61.60,61.00
20/12/2019,51.03,61.50,1.50 (2.50 %)," ","9,120","557,000,000",0,0,60.40,61.50,60.40
19/12/2019,49.78,60.00,-0.20 (-0.33 %)," ","5,850","351,000,000",0,0,60.30,60.30,60.00
18/12/2019,49.95,60.20,0.10 (0.17 %)," ","1,970","119,000,000",0,0,60.10,60.70,60.00
17/12/2019,49.86,60.10,0.10 (0.17 %)," ","6,640","399,000,000",0,0,60.00,60.50,60.00
16/12/2019,49.78,60.00,-1.00 (-1.64 %)," ","4,940","298,000,000",0,0,61.00,61.00,60.00
13/12/2019,50.61,61.00,-0.10 (-0.16 %)," ","1,130","69,000,000",0,0,61.00,61.50,61.00
12/12/2019,50.69,61.10,0.00 (0.00 %)," ","2,890","177,000,000",0,0,61.10,61.40,61.00
11/12/2019,50.69,61.10,0.30 (0.49 %)," ",370,"23,000,000",0,0,60.70,61.50,60.70
10/12/2019,50.44,60.80,0.00 (0.00 %)," ","12,840","781,000,000",0,0,60.80,61.00,60.60
09/12/2019,50.44,60.80,0.20 (0.33 %)," ","6,110","371,000,000",0,0,60.80,60.90,60.60
06/12/2019,50.28,60.60,-0.20 (-0.33 %)," ","4,380","265,000,000",0,0,60.50,60.80,60.00
05/12/2019,50.44,60.80,0.00 (0.00 %)," ","1,550","94,000,000",0,0,61.00,61.00,60.60
04/12/2019,50.44,60.80,0.00 (0.00 %)," ",390,"24,000,000",0,0,60.80,60.80,60.70
03/12/2019,50.44,60.80,-0.10 (-0.16 %)," ","2,960","179,000,000",0,0,60.30,60.80,60.00
02/12/2019,50.53,60.90,-0.30 (-0.49 %)," ","4,840","293,000,000",0,0,61.20,61.20,60.30
29/11/2019,50.78,61.20,0.20 (0.33 %)," ","1,600","97,000,000",0,0,60.50,61.20,60.50
28/11/2019,50.61,61.00,-0.10 (-0.16 %)," ","5,190","316,000,000",0,0,61.50,61.50,60.70
27/11/2019,50.69,61.10,-0.30 (-0.49 %)," ","1,520","93,000,000",0,0,61.50,61.50,61.00
26/11/2019,50.94,61.40,0.20 (0.33 %)," ","2,390","146,000,000",0,0,61.20,61.40,61.20
25/11/2019,50.78,61.20,-0.40 (-0.65 %)," ","5,840","357,000,000",0,0,61.40,61.40,60.80
22/11/2019,51.11,61.60,0.40 (0.65 %)," ","4,770","294,000,000",0,0,61.80,61.80,61.20
21/11/2019,50.78,61.20,1.20 (2.00 %)," ","8,650","527,000,000",0,0,60.50,62.00,60.50
20/11/2019,49.78,60.00,0.50 (0.84 %)," ","7,690","459,000,000",0,0,59.50,60.00,59.50
19/11/2019,49.37,59.50,0.10 (0.17 %)," ","1,180","70,000,000",0,0,59.50,59.50,59.30
18/11/2019,49.28,59.40,-0.10 (-0.17 %)," ","3,980","237,000,000",0,0,59.50,59.50,59.40
15/11/2019,49.37,59.50,0.00 (0.00 %)," ","1,620","96,000,000",0,0,59.40,59.60,59.40
14/11/2019,49.37,59.50,-0.40 (-0.67 %)," ",650,"39,000,000",0,0,59.60,59.90,59.40
13/11/2019,49.70,59.90,0.00 (0.00 %)," ","1,640","98,000,000",0,0,59.80,59.90,59.50
12/11/2019,49.70,59.90,-0.10 (-0.17 %)," ","3,080","183,000,000",0,0,60.00,60.00,59.50
11/11/2019,49.78,60.00,0.00 (0.00 %)," ","2,130","127,000,000",0,0,60.30,60.30,59.50
08/11/2019,49.78,60.00,0.20 (0.33 %)," ","5,460","328,000,000",0,0,60.00,60.30,60.00
07/11/2019,49.62,59.80,0.20 (0.34 %)," ","4,260","255,000,000",0,0,60.00,60.00,59.50
06/11/2019,49.45,59.60,0.20 (0.34 %)," ","2,770","164,000,000",0,0,59.20,59.80,59.00
05/11/2019,49.28,59.40,0.00 (0.00 %)," ","3,680","218,000,000",0,0,59.00,59.40,59.00
04/11/2019,49.28,59.40,0.00 (0.00 %)," ",320,"19,000,000",0,0,59.40,59.60,58.90
01/11/2019,49.28,59.40,-0.10 (-0.17 %)," ","1,870","110,000,000",0,0,59.10,59.40,58.70
31/10/2019,49.37,59.50,0.30 (0.51 %)," ","2,710","160,000,000",0,0,59.40,59.50,58.80
30/10/2019,49.12,59.20,0.00 (0.00 %)," ","1,040","62,000,000",0,0,59.80,59.80,59.20
29/10/2019,49.12,59.20,-0.30 (-0.50 %)," ","1,130","67,000,000",0,0,59.50,59.80,59.00
28/10/2019,49.37,59.50,0.30 (0.51 %)," ","2,310","137,000,000",0,0,59.20,59.50,59.10
25/10/2019,49.12,59.20,0.10 (0.17 %)," ","6,760","398,000,000",0,0,59.00,59.40,58.40
24/10/2019,49.03,59.10,0.10 (0.17 %)," ","3,310","195,000,000",0,0,59.00,59.40,59.00
23/10/2019,48.95,59.00,0.10 (0.17 %)," ","2,200","130,000,000",0,0,58.90,59.00,58.80
22/10/2019,48.87,58.90,-0.20 (-0.34 %)," ","1,460","86,000,000",0,0,59.50,59.50,58.50
21/10/2019,49.03,59.10,0.10 (0.17 %)," ","3,820","226,000,000",0,0,59.20,59.80,58.40
18/10/2019,48.95,59.00,-0.50 (-0.84 %)," ","2,650","156,000,000",0,0,59.80,62.00,58.50
17/10/2019,49.37,59.50,0.00 (0.00 %)," ","1,320","78,000,000",0,0,59.60,59.90,59.40
16/10/2019,49.37,59.50,0.10 (0.17 %)," ","3,010","179,000,000",0,0,59.40,59.80,59.40
15/10/2019,49.28,59.40,0.00 (0.00 %)," ",820,"49,000,000",0,0,59.40,59.50,59.40
14/10/2019,49.28,59.40,0.20 (0.34 %)," ","1,520","90,000,000",0,0,59.20,59.40,59.20
11/10/2019,49.12,59.20,0.00 (0.00 %)," ",660,"39,000,000",0,0,58.70,59.30,58.70
10/10/2019,49.12,59.20,0.00 (0.00 %)," ",250,"15,000,000",0,0,59.10,59.30,58.90
09/10/2019,49.12,59.20,0.00 (0.00 %)," ",790,"47,000,000",0,0,59.20,59.30,59.00
08/10/2019,49.12,59.20,0.10 (0.17 %)," ","3,530","208,000,000",0,0,59.10,59.20,59.00
07/10/2019,49.03,59.10,0.00 (0.00 %)," ","5,100","300,000,000",0,0,58.20,59.10,58.20
04/10/2019,49.03,59.10,-0.10 (-0.17 %)," ","5,280","312,000,000",0,0,59.20,59.20,59.00
03/10/2019,49.12,59.20,0.00 (0.00 %)," ","1,790","106,000,000",0,0,59.20,59.20,59.10
02/10/2019,49.12,59.20,0.00 (0.00 %)," ","1,200","71,000,000",0,0,59.00,59.20,59.00
01/10/2019,49.12,59.20,0.00 (0.00 %)," ","1,900","112,000,000",0,0,59.50,59.50,59.00
30/09/2019,49.12,59.20,0.20 (0.34 %)," ","2,560","152,000,000",0,0,59.10,59.50,59.10
27/09/2019,48.95,59.00,0.10 (0.17 %)," ","2,140","126,000,000",0,0,58.90,59.00,58.90
26/09/2019,48.87,58.90,0.10 (0.17 %)," ","2,480","146,000,000",0,0,58.50,59.00,58.40
25/09/2019,48.79,58.80,0.40 (0.68 %)," ","1,050","62,000,000",0,0,59.00,59.00,58.50
24/09/2019,48.45,58.40,-0.30 (-0.51 %)," ","8,450","492,000,000",0,0,58.80,58.80,58.10
23/09/2019,48.70,58.70,0.10 (0.17 %)," ","3,050","179,000,000",0,0,58.60,58.70,58.60
20/09/2019,48.62,58.60,0.10 (0.17 %)," ","1,290","75,000,000",0,0,58.30,58.70,58.30
19/09/2019,48.54,58.50,0.00 (0.00 %)," ","10,470","612,000,000",0,0,58.50,58.50,58.40
18/09/2019,48.54,58.50,0.30 (0.52 %)," ","1,010","59,000,000",0,0,58.40,58.70,58.30
17/09/2019,48.29,58.20,0.00 (0.00 %)," ","3,970","231,000,000",0,0,58.00,58.20,58.00
16/09/2019,48.29,58.20,0.10 (0.17 %)," ","5,910","343,000,000",0,0,58.40,58.20,58.00
13/09/2019,48.20,58.10,-0.40 (-0.68 %)," ","7,820","455,000,000",0,0,58.40,58.40,58.00
12/09/2019,48.54,58.50,-0.30 (-0.51 %)," ","3,110","182,000,000",0,0,59.00,59.00,58.40
11/09/2019,48.79,58.80,0.30 (0.51 %)," ","1,860","109,000,000",0,0,58.50,59.10,58.50
10/09/2019,48.54,58.50,0.30 (0.52 %)," ","1,100","65,000,000",0,0,59.30,59.30,58.20
09/09/2019,48.29,58.20,0.20 (0.34 %)," ","16,330","948,000,000",0,0,58.00,58.20,57.90
06/09/2019,48.12,58.00,0.10 (0.17 %)," ","3,790","220,000,000",0,0,57.90,58.00,57.90
05/09/2019,48.04,57.90,0.00 (0.00 %)," ","3,120","181,000,000",0,0,58.00,58.20,57.90
04/09/2019,48.04,57.90,0.50 (0.87 %)," ","11,020","638,000,000",0,0,57.70,58.00,57.40
03/09/2019,47.62,57.40,-0.30 (-0.52 %)," ","2,570","148,000,000",0,0,57.70,58.00,57.00
30/08/2019,47.87,57.70,-0.20 (-0.35 %)," ","3,080","178,000,000",0,0,58.00,58.00,57.70
29/08/2019,48.04,57.90,-0.10 (-0.17 %)," ","5,480","318,000,000",0,0,58.00,58.00,57.90
28/08/2019,48.12,58.00,0.30 (0.52 %)," ","2,270","131,000,000",0,0,58.00,58.00,57.70
27/08/2019,47.87,57.70,-0.10 (-0.17 %)," ","2,100","121,000,000",0,0,57.80,58.00,57.70
26/08/2019,47.96,57.80,-0.20 (-0.34 %)," ",290,"17,000,000",0,0,57.80,57.80,57.40
23/08/2019,48.12,58.00,0.30 (0.52 %)," ","2,790","161,000,000",0,0,57.70,58.00,57.70
22/08/2019,47.87,57.70,-0.10 (-0.17 %)," ",420,"24,000,000",0,0,58.00,58.00,57.70
21/08/2019,47.96,57.80,0.10 (0.17 %)," ","1,310","75,000,000",0,0,57.30,57.80,57.30
20/08/2019,47.87,57.70,-0.30 (-0.52 %)," ","5,080","293,000,000",0,0,57.80,57.80,57.00
19/08/2019,48.12,58.00,0.00 (0.00 %)," ",450,"26,000,000",0,0,58.00,58.00,57.70
16/08/2019,48.12,58.00,0.30 (0.52 %)," ","1,930","111,000,000",0,0,58.00,58.00,57.50
15/08/2019,47.87,57.70,-0.30 (-0.52 %)," ","9,940","573,000,000",0,0,57.80,57.80,57.00
14/08/2019,48.12,58.00,0.20 (0.35 %)," ","4,840","281,000,000",0,0,58.10,58.10,57.70
13/08/2019,47.96,57.80,0.10 (0.17 %)," ","4,590","265,000,000",0,0,57.70,57.90,57.70
12/08/2019,47.87,57.70,0.20 (0.35 %)," ","1,850","107,000,000",0,0,57.50,57.70,57.40
09/08/2019,47.71,57.50,0.20 (0.35 %)," ","2,660","153,000,000",0,0,57.10,57.50,57.10
08/08/2019,47.54,57.30,0.30 (0.53 %)," ",220,"13,000,000",0,0,56.80,57.30,56.80
07/08/2019,47.29,57.00,-0.10 (-0.18 %)," ","2,610","149,000,000",0,0,56.50,57.10,56.70
06/08/2019,47.38,57.10,0.60 (1.06 %)," ","6,220","352,000,000",0,0,56.50,57.10,56.40
05/08/2019,46.88,56.50,-1.00 (-1.74 %)," ","7,440","422,000,000",0,0,57.50,57.50,56.30
02/08/2019,47.71,57.50,0.60 (1.05 %)," ","2,090","120,000,000",0,0,57.00,57.80,56.90
01/08/2019,47.21,56.90,0.50 (0.89 %)," ","7,000","403,000,000",0,0,56.50,58.40,56.40
31/07/2019,46.79,56.40,0.00 (0.00 %)," ","2,390","136,000,000",0,0,56.50,57.00,56.40
30/07/2019,46.79,56.40,0.20 (0.36 %)," ",300,"17,000,000",0,0,56.40,56.40,56.20
29/07/2019,46.63,56.20,0.10 (0.18 %)," ","2,880","162,000,000",0,0,56.10,56.50,56.00
26/07/2019,46.55,56.10,-0.30 (-0.53 %)," ","3,060","172,000,000",0,0,56.40,56.50,56.10
25/07/2019,46.79,56.40,0.00 (0.00 %)," ","1,980","112,000,000",0,0,56.40,56.50,56.00
24/07/2019,46.79,56.40,-0.10 (-0.18 %)," ","9,450","532,000,000",0,0,56.50,56.50,56.00
23/07/2019,46.88,56.50,0.50 (0.89 %)," ","7,940","446,000,000",0,0,56.50,56.50,56.00
22/07/2019,46.46,56.00,-2.80 (-4.76 %)," ","16,490","928,000,000",0,0,58.70,58.70,56.00
19/07/2019,48.79,58.80,2.80 (5.00 %)," ","7,160","407,000,000",0,0,56.50,58.80,56.40
18/07/2019,46.46,56.00,0.00 (0.00 %)," ","7,180","403,000,000",0,0,57.00,57.00,56.00
17/07/2019,46.46,56.00,-0.50 (-0.88 %)," ","8,440","474,000,000",0,0,56.50,56.50,56.00
16/07/2019,46.88,56.50,0.10 (0.18 %)," ","2,240","126,000,000",0,0,57.00,57.00,56.30
15/07/2019,46.79,56.40,-0.50 (-0.88 %)," ","6,510","368,000,000",0,0,56.80,57.50,56.40
12/07/2019,47.21,56.90,-0.10 (-0.18 %)," ","4,400","250,000,000",0,0,57.00,57.00,56.80
11/07/2019,47.29,57.00,0.10 (0.18 %)," ","2,050","117,000,000",0,0,56.50,57.00,56.50
10/07/2019,47.21,56.90,-0.10 (-0.18 %)," ","7,340","418,000,000",0,0,57.00,57.10,56.50
09/07/2019,47.29,57.00,-0.50 (-0.87 %)," ","3,440","196,000,000",0,0,57.20,57.20,56.60
08/07/2019,47.71,57.50,0.00 (0.00 %)," ","4,790","274,000,000",0,0,57.20,57.50,57.00
05/07/2019,47.71,57.50,-0.20 (-0.35 %)," ","1,400","80,000,000",0,0,57.70,57.70,57.00
04/07/2019,47.87,57.70,-0.10 (-0.17 %)," ","8,000","456,000,000",0,0,57.20,57.80,57.00
03/07/2019,47.96,57.80,0.00 (0.00 %)," ","3,380","194,000,000",0,0,57.80,57.80,57.20
02/07/2019,47.96,57.80,0.00 (0.00 %)," ","4,710","272,000,000",0,0,57.80,58.00,57.00
01/07/2019,47.96,57.80,0.20 (0.35 %)," ","3,870","222,000,000",0,0,57.80,57.80,57.00
28/06/2019,47.79,57.60,0.00 (0.00 %)," ","2,220","128,000,000",0,0,57.60,58.00,57.50
27/06/2019,47.79,57.60,0.00 (0.00 %)," ","7,460","427,000,000",0,0,57.60,58.10,57.00
26/06/2019,47.79,57.60,-0.40 (-0.69 %)," ","1,260","73,000,000",0,0,58.00,58.50,57.60
25/06/2019,48.12,58.00,0.10 (0.17 %)," ",170,"10,000,000",0,0,58.00,58.00,57.90
24/06/2019,48.04,57.90,-0.10 (-0.17 %)," ","8,420","485,000,000",0,0,58.10,58.10,57.50
21/06/2019,48.12,58.00,-0.20 (-0.34 %)," ","2,530","147,000,000",0,0,58.30,58.30,58.00
20/06/2019,48.29,58.20,0.20 (0.34 %)," ","4,910","285,000,000",0,0,58.50,58.50,57.90
19/06/2019,48.12,58.00,-0.40 (-0.68 %)," ","4,860","283,000,000",0,0,58.00,58.40,58.00
18/06/2019,48.45,58.40,0.00 (0.00 %)," ",310,"18,000,000",0,0,58.60,58.60,58.40
17/06/2019,48.45,58.40,-0.30 (-0.51 %)," ","4,700","275,000,000",0,0,58.80,58.80,58.00
14/06/2019,48.70,58.70,-0.10 (-0.17 %)," ","5,360","311,000,000",0,0,58.80,58.80,57.70
13/06/2019,48.79,58.80,0.30 (0.51 %)," ","4,350","255,000,000",0,0,58.50,58.90,58.50
12/06/2019,48.54,58.50,-0.30 (-0.51 %)," ","2,400","140,000,000",0,0,58.80,58.80,58.50
11/06/2019,48.79,58.80,-0.20 (-0.34 %)," ","2,800","165,000,000",0,0,58.80,59.00,58.70
10/06/2019,48.95,59.00,0.20 (0.34 %)," ","4,000","236,000,000",0,0,59.00,59.00,58.80
07/06/2019,48.79,58.80,0.30 (0.51 %)," ","4,160","244,000,000",0,0,58.50,58.80,58.50
06/06/2019,48.54,58.50,-0.30 (-0.51 %)," ","1,530","90,000,000",0,0,58.70,58.80,58.50
05/06/2019,48.79,58.80,-0.20 (-0.34 %)," ","3,260","192,000,000",0,0,58.80,59.00,58.70
04/06/2019,48.95,59.00,0.30 (0.51 %)," ",470,"28,000,000",0,0,59.00,59.00,58.70
03/06/2019,48.70,58.70,0.00 (0.00 %)," ","2,760","162,000,000",0,0,59.00,59.00,58.70
31/05/2019,48.70,58.70,-0.10 (-0.17 %)," ","1,200","70,000,000",0,0,58.90,58.90,58.70
30/05/2019,48.79,58.80,0.00 (0.00 %)," ","1,430","84,000,000",0,0,58.80,58.80,58.70
29/05/2019,48.79,58.80,-0.20 (-0.34 %)," ","1,710","101,000,000",0,0,59.50,59.50,58.70
28/05/2019,48.95,59.00,0.00 (0.00 %)," ","2,360","139,000,000",0,0,59.50,59.50,59.00
27/05/2019,48.95,59.00,-0.40 (-0.67 %)," ","3,360","197,000,000",0,0,58.80,59.00,58.70
24/05/2019,49.28,59.40,0.70 (1.19 %)," ","2,020","119,000,000",0,0,58.70,59.40,58.70
23/05/2019,48.70,58.70,-0.30 (-0.51 %)," ","8,240","486,000,000",0,0,59.00,59.00,58.70
22/05/2019,48.95,59.00,0.30 (0.51 %)," ","1,490","88,000,000",0,0,59.00,59.00,59.00
21/05/2019,48.70,58.70,0.00 (0.00 %)," ","1,740","103,000,000",0,0,58.70,59.90,58.70
20/05/2019,48.70,58.70,-0.20 (-0.34 %)," ",890,"52,000,000",0,0,58.90,59.50,58.70
17/05/2019,48.87,58.90,0.00 (0.00 %)," ","9,310","548,000,000",0,0,58.80,58.90,58.80
16/05/2019,48.87,58.90,0.00 (0.00 %)," ",630,"37,000,000",0,0,58.90,59.50,58.80
15/05/2019,48.87,58.90,-0.10 (-0.17 %)," ","1,570","93,000,000",0,0,59.30,59.30,58.80
14/05/2019,48.95,59.00,-0.50 (-0.84 %)," ","3,470","206,000,000",0,0,59.50,59.50,59.00
13/05/2019,49.37,59.50,0.00 (0.00 %)," ","7,780","463,000,000",0,0,59.50,59.50,59.40
10/05/2019,49.37,59.50,0.50 (0.85 %)," ",680,"40,000,000",0,0,59.00,59.50,59.00
09/05/2019,48.95,59.00,-0.60 (-1.01 %)," ","3,750","222,000,000",0,0,59.70,59.80,59.00
08/05/2019,49.45,59.60,0.60 (1.02 %)," ","6,720","400,000,000",0,0,59.10,59.60,59.00
07/05/2019,48.95,59.00,-0.30 (-0.51 %)," ","7,550","449,000,000",0,0,59.30,59.50,59.00
06/05/2019,49.20,59.30,0.30 (0.51 %)," ","9,660","569,000,000",0,0,58.60,59.40,58.30
03/05/2019,48.95,59.00,0.10 (0.17 %)," ","1,940","114,000,000",0,0,58.40,59.00,58.40
02/05/2019,48.87,58.90,-0.20 (-0.34 %)," ","2,430","143,000,000",0,0,59.00,59.00,58.50
26/04/2019,49.03,59.10,0.60 (1.03 %)," ","1,310","77,000,000",0,0,59.20,59.40,58.60
25/04/2019,48.54,58.50,-0.80 (-1.35 %)," ","3,270","192,000,000",0,0,59.00,59.20,58.50
24/04/2019,49.20,59.30,0.20 (0.34 %)," ",480,"28,000,000",0,0,59.00,59.30,59.00
23/04/2019,49.03,59.10,0.20 (0.34 %)," ","3,010","178,000,000",0,0,59.20,59.20,59.00
22/04/2019,48.87,58.90,0.00 (0.00 %)," ","1,730","102,000,000",0,0,58.70,58.90,58.60
19/04/2019,48.87,58.90,0.20 (0.34 %)," ","3,790","222,000,000",0,0,58.50,59.00,58.40
18/04/2019,48.70,58.70,0.30 (0.51 %)," ",500,"29,000,000",0,0,58.40,59.30,58.40
17/04/2019,48.45,58.40,-0.10 (-0.17 %)," ","1,030","60,000,000",0,0,58.50,59.00,58.40
16/04/2019,48.54,58.50,-0.50 (-0.85 %)," ","3,590","210,000,000",0,0,58.50,58.90,58.40
12/04/2019,48.95,59.00,0.30 (0.51 %)," ","1,540","91,000,000",0,0,58.70,59.00,58.70
11/04/2019,48.70,58.70,-0.40 (-0.68 %)," ",750,"44,000,000",0,0,59.50,59.50,58.70
10/04/2019,49.03,59.10,0.00 (0.00 %)," ",270,"16,000,000",0,0,59.10,59.10,59.00
09/04/2019,49.03,59.10,-0.40 (-0.67 %)," ",760,"45,000,000",0,0,60.00,60.00,59.10
08/04/2019,49.37,59.50,0.00 (0.00 %)," ","3,350","199,000,000",0,0,58.50,59.50,58.50
05/04/2019,49.37,59.50,0.00 (0.00 %)," ",290,"17,000,000",0,0,59.50,59.50,59.50
04/04/2019,49.37,59.50,0.80 (1.36 %)," ","3,190","188,000,000",0,0,59.00,59.50,58.70
03/04/2019,48.70,58.70,0.00 (0.00 %)," ","1,010","59,000,000",0,0,58.80,58.80,58.70
02/04/2019,48.70,58.70,-0.20 (-0.34 %)," ",910,"54,000,000",0,0,59.00,59.50,58.50
01/04/2019,48.87,58.90,-0.10 (-0.17 %)," ","2,910","172,000,000",0,0,59.20,59.20,58.90
29/03/2019,48.95,59.00,-0.40 (-0.67 %)," ",210,"12,000,000",0,0,59.40,59.40,59.00
28/03/2019,49.28,59.40,0.00 (0.00 %)," ",630,"37,000,000",0,0,58.70,59.40,58.70
27/03/2019,49.28,59.40,0.20 (0.34 %)," ",130,"8,000,000",0,0,58.60,59.80,58.60
26/03/2019,49.12,59.20,0.00 (0.00 %)," ",410,"24,000,000",0,0,59.20,59.50,59.20
25/03/2019,49.12,59.20,-0.30 (-0.50 %)," ","3,720","220,000,000",0,0,59.50,59.50,58.10
22/03/2019,49.37,59.50,0.00 (0.00 %)," ","1,770","105,000,000",0,0,59.50,59.50,58.00
21/03/2019,49.37,59.50,0.10 (0.17 %)," ","2,330","139,000,000",0,0,59.50,59.60,59.40
20/03/2019,49.28,59.40,0.40 (0.68 %)," ","1,060","63,000,000",0,0,59.10,59.50,59.00
19/03/2019,48.95,59.00,-0.70 (-1.17 %)," ","6,650","396,000,000",0,0,59.70,59.90,59.00
18/03/2019,49.53,59.70,0.10 (0.17 %)," ","2,690","161,000,000",0,0,59.60,59.80,59.60
15/03/2019,49.45,59.60,0.10 (0.17 %)," ","2,790","166,000,000",0,0,59.50,59.70,59.50
14/03/2019,49.37,59.50,-0.30 (-0.50 %)," ","2,560","151,000,000",0,0,59.20,59.80,58.50
13/03/2019,49.62,59.80,-0.10 (-0.17 %)," ","2,330","138,000,000",0,0,59.90,60.00,59.00
12/03/2019,49.70,59.90,0.80 (1.35 %)," ","4,160","246,000,000",0,0,59.10,59.90,59.00
11/03/2019,49.03,59.10,-0.40 (-0.67 %)," ","7,330","433,000,000",0,0,58.30,60.00,58.30
08/03/2019,49.37,59.50,-0.20 (-0.34 %)," ","7,100","423,000,000",0,0,59.70,59.70,59.00
07/03/2019,49.53,59.70,0.20 (0.34 %)," ","4,270","254,000,000",0,0,59.10,59.70,59.10
06/03/2019,49.37,59.50,0.00 (0.00 %)," ",890,"53,000,000",0,0,59.50,59.50,58.70
05/03/2019,49.37,59.50,0.50 (0.85 %)," ","9,110","539,000,000",0,0,59.40,59.50,59.00
04/03/2019,48.95,59.00,1.00 (1.72 %)," ","4,340","255,000,000",0,0,58.00,59.30,58.00
01/03/2019,48.12,58.00,0.30 (0.52 %)," ","3,880","224,000,000",0,0,57.50,58.00,57.50
28/02/2019,47.87,57.70,-0.30 (-0.52 %)," ","2,070","120,000,000",0,0,58.00,58.10,57.60
27/02/2019,48.12,58.00,-0.40 (-0.68 %)," ","1,920","111,000,000","199,901","10,874,614,400",58.40,58.40,56.50
26/02/2019,48.45,58.40,-0.80 (-1.35 %)," ","4,800","278,000,000",0,0,58.80,58.80,56.60
25/02/2019,49.12,59.20,-0.10 (-0.17 %)," ","5,250","311,000,000",0,0,59.00,59.70,59.00
22/02/2019,49.20,59.30,-2.90 (-4.66 %)," ","9,620","573,000,000",0,0,60.60,60.60,59.20
21/02/2019,49.20,62.20,-0.30 (-0.48 %)," ","6,550","410,000,000",0,0,62.90,63.00,62.00
20/02/2019,49.44,62.50,-0.20 (-0.32 %)," ","2,840","177,000,000",0,0,63.00,63.00,62.30
19/02/2019,49.60,62.70,0.40 (0.64 %)," ","5,990","379,000,000",0,0,62.50,66.60,62.40
18/02/2019,49.28,62.30,0.60 (0.97 %)," ","17,410","1,084,000,000",0,0,62.00,62.50,62.00
15/02/2019,48.81,61.70,0.20 (0.33 %)," ","15,800","972,000,000",0,0,61.10,61.80,61.10
14/02/2019,48.65,61.50,0.70 (1.15 %)," ","12,010","736,000,000",0,0,61.20,61.50,61.00
13/02/2019,48.09,60.80,-0.70 (-1.14 %)," ","3,840","234,000,000",0,0,61.50,61.50,60.50
12/02/2019,48.65,61.50,0.00 (0.00 %)," ","8,670","533,000,000",0,0,61.50,61.50,61.10
11/02/2019,48.65,61.50,1.00 (1.65 %)," ","2,380","145,000,000",0,0,61.00,61.50,60.50
01/02/2019,47.86,60.50,-0.40 (-0.66 %)," ","1,230","75,000,000",0,0,60.50,61.20,60.50
31/01/2019,48.17,60.90,0.40 (0.66 %)," ",540,"33,000,000",0,0,61.10,61.10,60.90
30/01/2019,47.86,60.50,0.00 (0.00 %)," ",0,0,0,0,60.50,60.50,60.50
29/01/2019,47.86,60.50,0.50 (0.83 %)," ","3,610","217,000,000",0,0,60.00,60.50,58.50
28/01/2019,47.46,60.00,0.00 (0.00 %)," ",600,"36,000,000",0,0,60.00,60.10,60.00
25/01/2019,47.46,60.00,0.00 (0.00 %)," ","1,910","115,000,000",0,0,60.00,60.50,60.00
24/01/2019,47.46,60.00,-1.00 (-1.64 %)," ","3,190","193,000,000",0,0,61.00,61.00,58.10
23/01/2019,48.25,61.00,0.50 (0.83 %)," ","3,530","218,000,000","28,000","1,584,800,000",61.00,62.00,60.50
22/01/2019,47.86,60.50,1.40 (2.37 %)," ","8,310","503,000,000",0,0,59.90,61.10,59.90
21/01/2019,46.75,59.10,-0.30 (-0.51 %)," ","5,860","352,000,000",0,0,59.50,60.40,59.10
18/01/2019,46.99,59.40,0.90 (1.54 %)," ","9,150","537,000,000",0,0,59.10,59.90,56.00
17/01/2019,46.27,58.50,-0.20 (-0.34 %)," ","2,960","174,000,000",0,0,58.70,58.70,58.50
16/01/2019,46.43,58.70,-1.20 (-2.00 %)," ","5,710","336,000,000",0,0,59.90,59.90,58.50
15/01/2019,47.38,59.90,0.00 (0.00 %)," ",400,"24,000,000",0,0,59.00,59.90,58.90
14/01/2019,47.38,59.90,0.00 (0.00 %)," ","3,960","236,000,000",0,0,59.90,61.00,59.00
11/01/2019,47.38,59.90,0.10 (0.17 %)," ","4,440","266,000,000",0,0,60.00,60.00,59.50
10/01/2019,47.30,59.80,0.50 (0.84 %)," ",960,"57,000,000",0,0,59.80,60.00,59.80
09/01/2019,46.91,59.30,0.10 (0.17 %)," ","3,540","210,000,000",0,0,59.20,59.50,59.20
08/01/2019,46.83,59.20,-0.20 (-0.34 %)," ",720,"43,000,000",0,0,59.00,59.50,59.00
07/01/2019,46.99,59.40,0.80 (1.37 %)," ","7,070","422,000,000",0,0,59.00,61.00,58.80
04/01/2019,46.35,58.60,0.10 (0.17 %)," ","22,600","1,322,000,000",0,0,58.50,58.80,58.50
03/01/2019,46.27,58.50,0.00 (0.00 %)," ","4,380","256,000,000",0,0,58.50,58.50,58.40
02/01/2019,46.27,58.50,-0.80 (-1.35 %)," ","3,860","229,000,000",0,0,58.50,59.50,58.50
28/12/2018,46.91,62.90,0.10 (0.16 %)," ","2,580","162,000,000",0,0,62.80,63.00,62.70
27/12/2018,46.83,62.80,0.30 (0.48 %)," ",920,"58,000,000",0,0,62.50,63.00,62.50
26/12/2018,46.61,62.50,-0.50 (-0.79 %)," ",550,"34,000,000",0,0,63.00,63.00,62.00
25/12/2018,46.98,63.00,1.00 (1.61 %)," ","5,810","362,000,000",0,0,60.00,63.20,60.00
24/12/2018,46.24,62.00,-0.80 (-1.27 %)," ","6,180","389,000,000","185,000","11,618,000,000",63.00,63.30,62.00
21/12/2018,46.83,62.80,0.30 (0.48 %)," ","4,690","292,000,000",0,0,62.50,62.80,62.00
20/12/2018,46.61,62.50,-0.30 (-0.48 %)," ","6,340","398,000,000",0,0,62.80,63.00,62.10
19/12/2018,46.83,62.80,-0.20 (-0.32 %)," ",110,"7,000,000",0,0,62.90,62.90,62.00
18/12/2018,46.98,63.00,0.00 (0.00 %)," ","2,460","155,000,000",0,0,62.90,63.00,62.60
17/12/2018,46.98,63.00,0.00 (0.00 %)," ","4,870","305,000,000",0,0,63.00,63.00,62.00
14/12/2018,46.98,63.00,0.00 (0.00 %)," ","14,020","886,000,000",0,0,63.00,63.50,62.00
13/12/2018,46.98,63.00,0.00 (0.00 %)," ","3,130","197,000,000",0,0,63.00,63.00,63.00
12/12/2018,46.98,63.00,0.00 (0.00 %)," ","13,820","874,000,000",0,0,63.00,63.50,63.00
11/12/2018,46.98,63.00,0.00 (0.00 %)," ",330,"21,000,000",0,0,63.00,63.00,63.00
10/12/2018,46.98,63.00,0.50 (0.80 %)," ","2,680","169,000,000",0,0,62.50,63.00,62.00
07/12/2018,46.61,62.50,0.10 (0.16 %)," ","4,500","283,000,000",0,0,62.50,63.40,62.50
06/12/2018,46.54,62.40,-0.10 (-0.16 %)," ","2,880","180,000,000",0,0,64.40,64.40,62.40
05/12/2018,46.61,62.50,1.20 (1.96 %)," ",470,"29,000,000",0,0,61.30,62.80,61.30
04/12/2018,45.72,61.30,-0.10 (-0.16 %)," ","1,990","122,000,000",0,0,61.30,61.30,61.00
03/12/2018,45.79,61.40,0.30 (0.49 %)," ","1,270","78,000,000",0,0,61.50,61.50,61.20
30/11/2018,45.57,61.10,-0.90 (-1.45 %)," ",740,"46,000,000",0,0,60.80,62.00,60.80
29/11/2018,46.24,62.00,-0.20 (-0.32 %)," ",30,"2,000,000",0,0,62.20,62.20,62.00
28/11/2018,46.39,62.20,0.20 (0.32 %)," ",520,"32,000,000","123,000","7,380,000,000",62.00,62.50,62.00
27/11/2018,46.24,62.00,0.00 (0.00 %)," ",520,"32,000,000",0,0,62.00,62.00,62.00
26/11/2018,46.24,62.00,0.00 (0.00 %)," ",560,"36,000,000",0,0,60.50,65.90,60.50
23/11/2018,46.24,62.00,1.60 (2.65 %)," ","1,800","111,000,000","40,000","2,400,000,000",60.40,62.00,60.40
22/11/2018,45.04,60.40,-0.10 (-0.17 %)," ",780,"47,000,000",0,0,60.50,60.50,59.00
21/11/2018,45.12,60.50,0.00 (0.00 %)," ","3,760","228,000,000",0,0,60.50,61.00,60.50
20/11/2018,45.12,60.50,0.10 (0.17 %)," ","1,790","108,000,000",0,0,60.40,60.50,60.40
19/11/2018,45.04,60.40,0.00 (0.00 %)," ",0,0,0,0,60.40,60.40,60.40
16/11/2018,45.04,60.40,-1.00 (-1.63 %)," ","1,890","114,000,000",0,0,61.10,61.10,60.40
15/11/2018,45.79,61.40,1.10 (1.82 %)," ",970,"59,000,000",0,0,60.50,61.40,60.50
14/11/2018,44.97,60.30,0.00 (0.00 %)," ","1,200","72,000,000",0,0,60.50,60.50,60.30
13/11/2018,44.97,60.30,0.00 (0.00 %)," ","9,310","561,000,000",0,0,60.30,60.30,60.00
12/11/2018,44.97,60.30,-0.70 (-1.15 %)," ",750,"45,000,000",0,0,61.00,61.00,60.30
09/11/2018,45.49,61.00,0.40 (0.66 %)," ","5,190","316,000,000",0,0,60.70,61.00,60.70
08/11/2018,45.19,60.60,0.10 (0.17 %)," ","1,960","119,000,000",0,0,60.50,60.60,60.20
07/11/2018,45.12,60.50,0.20 (0.33 %)," ",600,"36,000,000",0,0,60.10,60.50,60.00
06/11/2018,44.97,60.30,0.10 (0.17 %)," ","3,510","211,000,000",0,0,60.20,60.40,60.20
05/11/2018,44.90,60.20,0.20 (0.33 %)," ","1,290","77,000,000",0,0,60.10,60.20,59.80
02/11/2018,44.75,60.00,0.00 (0.00 %)," ","5,410","324,000,000",0,0,60.00,60.00,59.80
01/11/2018,44.75,60.00,0.00 (0.00 %)," ","1,880","113,000,000",0,0,60.00,60.50,59.60
31/10/2018,44.75,60.00,0.00 (0.00 %)," ",0,0,0,0,60.00,60.00,60.00
30/10/2018,44.75,60.00,-0.10 (-0.17 %)," ",860,"51,000,000",0,0,60.00,60.40,58.70
29/10/2018,44.82,60.10,0.10 (0.17 %)," ","3,970","238,000,000",0,0,60.00,60.40,60.00
26/10/2018,44.75,60.00,0.30 (0.50 %)," ","5,680","341,000,000",0,0,59.70,60.40,59.70
25/10/2018,44.52,59.70,-0.20 (-0.33 %)," ","27,100","1,620,000,000",0,0,58.60,60.40,58.60
24/10/2018,44.67,59.90,0.00 (0.00 %)," ","5,090","305,000,000",0,0,59.90,59.90,59.90
23/10/2018,44.67,59.90,0.00 (0.00 %)," ","1,560","93,000,000",0,0,59.90,59.90,58.40
22/10/2018,44.67,59.90,-0.10 (-0.17 %)," ","3,980","238,000,000","40,000","2,420,000,000",60.00,60.00,59.80
19/10/2018,44.75,60.00,0.00 (0.00 %)," ","9,990","598,000,000",0,0,60.00,60.00,59.70
18/10/2018,44.75,60.00,0.20 (0.33 %)," ","3,740","224,000,000",0,0,59.90,60.00,59.80
17/10/2018,44.60,59.80,0.00 (0.00 %)," ","8,860","529,000,000","40,000","2,320,000,000",60.00,60.00,59.40
16/10/2018,44.60,59.80,0.90 (1.53 %)," ","6,140","367,000,000",0,0,59.00,59.90,59.00
15/10/2018,43.93,58.90,0.40 (0.68 %)," ","3,760","220,000,000",0,0,59.00,59.00,58.50
12/10/2018,43.63,58.50,0.00 (0.00 %)," ","5,760","335,000,000",0,0,57.90,58.50,57.90
11/10/2018,43.63,58.50,-0.50 (-0.85 %)," ","8,270","482,000,000",0,0,58.50,59.00,57.50
10/10/2018,44.00,59.00,-0.80 (-1.34 %)," ","4,820","287,000,000",0,0,59.80,59.80,58.50
09/10/2018,44.60,59.80,-0.20 (-0.33 %)," ","5,730","340,000,000",0,0,59.90,59.90,58.00
08/10/2018,44.75,60.00,0.00 (0.00 %)," ",240,"14,000,000",0,0,59.50,60.00,59.50
05/10/2018,44.75,60.00,0.50 (0.84 %)," ","9,030","541,000,000",0,0,59.50,60.00,59.50
04/10/2018,44.37,59.50,0.20 (0.34 %)," ","3,070","182,000,000",0,0,59.30,59.50,59.30
03/10/2018,44.22,59.30,0.10 (0.17 %)," ","4,700","278,000,000",0,0,59.00,59.50,59.00
02/10/2018,44.15,59.20,0.70 (1.20 %)," ","10,230","599,000,000",0,0,58.00,59.20,58.00
01/10/2018,43.63,58.50,-1.10 (-1.85 %)," ",210,"12,000,000",0,0,58.10,58.50,58.00
28/09/2018,44.45,59.60,-0.40 (-0.67 %)," ",960,"57,000,000",0,0,59.40,59.80,59.40
27/09/2018,44.75,60.00,1.20 (2.04 %)," ","8,870","531,000,000",0,0,58.90,60.00,58.90
26/09/2018,43.85,58.80,2.50 (4.44 %)," ","10,640","625,000,000",0,0,56.90,60.00,56.90
25/09/2018,41.99,56.30,0.20 (0.36 %)," ","6,530","367,000,000",0,0,56.10,57.00,56.00
24/09/2018,41.84,56.10,0.20 (0.36 %)," ","2,210","125,000,000",0,0,56.50,57.00,56.10
21/09/2018,41.69,55.90,-0.40 (-0.71 %)," ","6,190","347,000,000",0,0,56.30,56.30,55.90
20/09/2018,41.99,56.30,0.20 (0.36 %)," ",270,"15,000,000",0,0,56.10,57.00,56.10
19/09/2018,41.84,56.10,0.10 (0.18 %)," ","2,650","149,000,000",0,0,56.20,56.50,56.10
18/09/2018,41.76,56.00,0.00 (0.00 %)," ","5,140","288,000,000",0,0,55.80,56.90,55.80
17/09/2018,41.76,56.00,-0.50 (-0.88 %)," ","1,230","69,000,000",0,0,56.00,56.10,55.80
14/09/2018,42.14,56.50,0.40 (0.71 %)," ",580,"33,000,000",0,0,56.50,56.50,56.00
13/09/2018,41.84,56.10,0.10 (0.18 %)," ",150,"8,000,000",0,0,56.80,56.80,56.00
12/09/2018,41.76,56.00,0.00 (0.00 %)," ",450,"25,000,000",0,0,56.00,56.90,56.00
11/09/2018,41.76,56.00,0.70 (1.27 %)," ","2,610","145,000,000",0,0,55.90,56.00,55.50
10/09/2018,41.24,55.30,0.30 (0.55 %)," ","1,870","104,000,000",0,0,55.00,55.50,55.00
07/09/2018,41.02,55.00,0.20 (0.36 %)," ","1,430","79,000,000",0,0,55.00,55.20,55.00
06/09/2018,40.87,54.80,0.00 (0.00 %)," ","1,370","75,000,000",0,0,55.00,55.00,54.80
05/09/2018,40.87,54.80,0.00 (0.00 %)," ","2,880","158,000,000",0,0,55.00,56.00,54.80
04/09/2018,40.87,54.80,0.00 (0.00 %)," ",630,"35,000,000",0,0,55.00,55.80,54.80
31/08/2018,40.87,54.80,0.30 (0.55 %)," ","1,980","108,000,000",0,0,54.60,54.80,54.50
30/08/2018,40.64,54.50,-0.40 (-0.73 %)," ","4,230","231,000,000","471,185","25,868,056,500",54.40,55.00,54.10
29/08/2018,40.94,54.90,-0.20 (-0.36 %)," ","1,120","62,000,000",0,0,55.20,55.20,54.70
28/08/2018,41.09,55.10,0.90 (1.66 %)," ",30,"2,000,000",0,0,55.20,55.20,55.10
27/08/2018,40.42,54.20,0.10 (0.18 %)," ",680,"38,000,000",0,0,54.80,55.50,54.20
24/08/2018,40.35,54.10,-0.40 (-0.73 %)," ","2,370","129,000,000",0,0,54.60,54.60,54.10
23/08/2018,40.64,54.50,0.70 (1.30 %)," ","3,050","165,000,000",0,0,53.80,54.50,53.80
22/08/2018,40.12,53.80,-0.20 (-0.37 %)," ","7,550","406,000,000",0,0,54.00,54.10,53.60
21/08/2018,40.27,54.00,0.90 (1.69 %)," ",760,"41,000,000",0,0,54.00,54.00,54.00
20/08/2018,39.60,53.10,-0.10 (-0.19 %)," ","8,360","444,000,000",0,0,53.30,53.30,53.10
17/08/2018,39.68,53.20,-0.80 (-1.48 %)," ","8,250","440,000,000",0,0,54.00,54.00,53.00
16/08/2018,40.27,54.00,0.50 (0.93 %)," ","7,250","385,000,000",0,0,53.30,54.00,53.00
15/08/2018,39.90,53.50,-0.90 (-1.65 %)," ","12,830","691,000,000",0,0,54.30,54.30,53.50
14/08/2018,40.57,54.40,1.00 (1.87 %)," ","3,800","205,000,000",0,0,54.50,54.50,53.50
13/08/2018,39.82,53.40,0.10 (0.19 %)," ","2,220","119,000,000",0,0,53.60,53.60,53.40
10/08/2018,39.75,53.30,-0.40 (-0.74 %)," ","7,760","415,000,000",0,0,53.70,53.70,53.30
09/08/2018,40.05,53.70,-0.30 (-0.56 %)," ","6,070","327,000,000",0,0,54.00,54.00,53.70
08/08/2018,40.27,54.00,0.00 (0.00 %)," ","4,940","267,000,000",0,0,54.00,54.50,54.00
07/08/2018,40.27,54.00,0.00 (0.00 %)," ","4,200","228,000,000",0,0,55.00,55.00,54.00
06/08/2018,40.27,54.00,-0.80 (-1.46 %)," ","1,300","70,000,000",0,0,54.60,54.60,54.00
03/08/2018,40.87,54.80,0.80 (1.48 %)," ","3,200","173,000,000",0,0,53.90,54.80,53.50
02/08/2018,40.27,54.00,0.30 (0.56 %)," ","1,510","81,000,000",0,0,53.50,54.00,53.50
01/08/2018,40.05,53.70,-0.30 (-0.56 %)," ",410,"22,000,000",0,0,54.00,54.00,53.50
31/07/2018,40.27,54.00,0.00 (0.00 %)," ","1,980","106,000,000",0,0,54.00,54.40,53.50
30/07/2018,40.27,54.00,0.50 (0.93 %)," ","4,080","216,000,000",0,0,53.50,54.50,52.50
27/07/2018,39.90,53.50,0.00 (0.00 %)," ","5,330","285,000,000",0,0,53.30,53.50,53.20
26/07/2018,39.90,53.50,-0.50 (-0.93 %)," ","2,770","148,000,000",0,0,53.50,53.50,53.00
25/07/2018,40.27,54.00,0.00 (0.00 %)," ","1,070","58,000,000",0,0,54.00,54.00,53.50
24/07/2018,40.27,54.00,-0.50 (-0.92 %)," ",700,"38,000,000",0,0,54.50,54.50,53.10
23/07/2018,40.64,54.50,0.50 (0.93 %)," ","15,370","815,000,000",0,0,54.50,54.50,53.00
20/07/2018,40.27,54.00,0.20 (0.37 %)," ","10,920","594,000,000",0,0,55.00,55.00,53.80
19/07/2018,40.12,53.80,0.20 (0.37 %)," ","2,130","114,000,000",0,0,53.00,53.80,53.00
18/07/2018,39.97,53.60,0.20 (0.37 %)," ","1,580","84,000,000",0,0,53.60,53.60,53.00
17/07/2018,39.82,53.40,-0.10 (-0.19 %)," ","3,580","188,000,000",0,0,53.50,53.50,52.00
16/07/2018,39.90,53.50,0.60 (1.13 %)," ","3,240","172,000,000",0,0,53.00,53.60,52.90
13/07/2018,39.45,52.90,0.30 (0.57 %)," ",390,"21,000,000",0,0,52.80,52.90,52.80
12/07/2018,39.23,52.60,-0.20 (-0.38 %)," ","2,480","132,000,000",0,0,52.80,53.60,52.60
11/07/2018,39.38,52.80,0.20 (0.38 %)," ","1,550","82,000,000",0,0,52.80,53.80,52.80
10/07/2018,39.23,52.60,-0.80 (-1.50 %)," ","1,730","93,000,000",0,0,53.90,53.90,52.60
09/07/2018,39.82,53.40,0.10 (0.19 %)," ","1,530","82,000,000",0,0,53.70,55.40,53.40
06/07/2018,39.75,53.30,-0.20 (-0.37 %)," ","3,840","204,000,000",0,0,53.50,53.50,52.00
05/07/2018,39.90,53.50,-1.00 (-1.83 %)," ","3,380","182,000,000",0,0,54.50,54.50,53.50
04/07/2018,40.64,54.50,0.00 (0.00 %)," ","6,440","351,000,000","185,000","10,082,500,000",54.90,54.90,54.50
03/07/2018,40.64,54.50,0.00 (0.00 %)," ","4,120","224,000,000",0,0,54.50,55.20,54.40
02/07/2018,40.64,54.50,-1.10 (-1.98 %)," ","11,240","614,000,000",0,0,55.00,55.30,54.00
29/06/2018,41.47,55.60,-0.40 (-0.71 %)," ","5,110","284,000,000","308,000","16,046,800,000",56.00,56.00,55.10
28/06/2018,41.76,56.00,0.00 (0.00 %)," ","8,320","466,000,000",0,0,56.00,56.80,56.00
27/06/2018,41.76,56.00,-0.10 (-0.18 %)," ","11,830","663,000,000",0,0,56.30,57.00,56.00
26/06/2018,41.84,56.10,-0.40 (-0.71 %)," ","2,010","113,000,000",0,0,56.40,56.40,56.10
25/06/2018,42.14,56.50,0.00 (0.00 %)," ",0,0,0,0,56.50,56.50,56.50
22/06/2018,42.14,56.50,0.00 (0.00 %)," ",750,"42,000,000",0,0,56.50,56.50,56.10
21/06/2018,42.14,56.50,0.50 (0.89 %)," ","4,100","231,000,000",0,0,56.40,56.50,56.00
20/06/2018,41.76,56.00,-0.40 (-0.71 %)," ","14,250","800,000,000",0,0,56.00,56.30,56.00
19/06/2018,42.06,56.40,0.10 (0.18 %)," ","5,230","294,000,000","260,000","15,600,000,000",56.30,56.70,56.00
18/06/2018,41.99,56.30,-0.20 (-0.35 %)," ","5,920","336,000,000",0,0,56.80,57.00,56.30
15/06/2018,42.14,56.50,-0.20 (-0.35 %)," ","1,430","81,000,000",0,0,56.80,56.80,56.40
14/06/2018,42.29,56.70,0.60 (1.07 %)," ",340,"19,000,000",0,0,56.30,56.70,56.30
13/06/2018,41.84,56.10,-0.40 (-0.71 %)," ",670,"38,000,000",0,0,55.70,56.50,55.70
12/06/2018,42.14,56.50,-0.20 (-0.35 %)," ","6,160","347,000,000",0,0,56.70,56.70,56.00
11/06/2018,42.29,56.70,0.20 (0.35 %)," ","3,370","191,000,000",0,0,56.50,56.80,56.00
08/06/2018,42.14,56.50,0.00 (0.00 %)," ","3,680","208,000,000",0,0,56.50,57.00,56.50
07/06/2018,42.14,56.50,-0.50 (-0.88 %)," ",420,"24,000,000",0,0,57.00,57.00,56.50
06/06/2018,42.51,57.00,1.30 (2.33 %)," ","3,230","181,000,000",0,0,55.70,57.00,55.70
05/06/2018,41.54,55.70,-0.30 (-0.54 %)," ","4,020","225,000,000","48,000","2,875,200,000",56.50,56.50,55.70
04/06/2018,41.76,56.00,0.20 (0.36 %)," ","8,850","504,000,000",0,0,56.90,57.00,56.00
01/06/2018,41.61,55.80,0.20 (0.36 %)," ","5,650","316,000,000",0,0,56.50,56.50,55.70
31/05/2018,41.47,55.60,-0.90 (-1.59 %)," ",330,"18,000,000","309,000","16,377,000,000",56.00,56.00,55.60
30/05/2018,42.14,56.50,0.50 (0.89 %)," ","2,050","115,000,000",0,0,56.00,56.50,56.00
29/05/2018,41.76,56.00,1.00 (1.82 %)," ","7,350","404,000,000",0,0,55.00,56.00,54.00
28/05/2018,41.02,55.00,-1.80 (-3.17 %)," ","9,930","554,000,000","120,000","6,480,000,000",56.80,56.80,55.00
25/05/2018,42.36,56.80,-0.20 (-0.35 %)," ",330,"19,000,000",0,0,57.00,57.00,56.50
24/05/2018,42.51,57.00,0.10 (0.18 %)," ","1,400","80,000,000",0,0,57.20,57.20,57.00
20/06/2018,41.76,56.00,-0.40 (-0.71 %)," ","14,250","800,000,000",0,0,56.00,56.30,56.00
19/06/2018,42.06,56.40,0.10 (0.18 %)," ","5,230","294,000,000","260,000","15,600,000,000",56.30,56.70,56.00
18/06/2018,41.99,56.30,-0.20 (-0.35 %)," ","5,920","336,000,000",0,0,56.80,57.00,56.30
15/06/2018,42.14,56.50,-0.20 (-0.35 %)," ","1,430","81,000,000",0,0,56.80,56.80,56.40
14/06/2018,42.29,56.70,0.60 (1.07 %)," ",340,"19,000,000",0,0,56.30,56.70,56.30
13/06/2018,41.84,56.10,-0.40 (-0.71 %)," ",670,"38,000,000",0,0,55.70,56.50,55.70
12/06/2018,42.14,56.50,-0.20 (-0.35 %)," ","6,160","347,000,000",0,0,56.70,56.70,56.00
11/06/2018,42.29,56.70,0.20 (0.35 %)," ","3,370","191,000,000",0,0,56.50,56.80,56.00
08/06/2018,42.14,56.50,0.00 (0.00 %)," ","3,680","208,000,000",0,0,56.50,57.00,56.50
07/06/2018,42.14,56.50,-0.50 (-0.88 %)," ",420,"24,000,000",0,0,57.00,57.00,56.50
06/06/2018,42.51,57.00,1.30 (2.33 %)," ","3,230","181,000,000",0,0,55.70,57.00,55.70
05/06/2018,41.54,55.70,-0.30 (-0.54 %)," ","4,020","225,000,000","48,000","2,875,200,000",56.50,56.50,55.70
04/06/2018,41.76,56.00,0.20 (0.36 %)," ","8,850","504,000,000",0,0,56.90,57.00,56.00
01/06/2018,41.61,55.80,0.20 (0.36 %)," ","5,650","316,000,000",0,0,56.50,56.50,55.70
31/05/2018,41.47,55.60,-0.90 (-1.59 %)," ",330,"18,000,000","309,000","16,377,000,000",56.00,56.00,55.60
30/05/2018,42.14,56.50,0.50 (0.89 %)," ","2,050","115,000,000",0,0,56.00,56.50,56.00
29/05/2018,41.76,56.00,1.00 (1.82 %)," ","7,350","404,000,000",0,0,55.00,56.00,54.00
28/05/2018,41.02,55.00,-1.80 (-3.17 %)," ","9,930","554,000,000","120,000","6,480,000,000",56.80,56.80,55.00
25/05/2018,42.36,56.80,-0.20 (-0.35 %)," ",330,"19,000,000",0,0,57.00,57.00,56.50
24/05/2018,42.51,57.00,0.10 (0.18 %)," ","1,400","80,000,000",0,0,57.20,57.20,57.00
