22/04/2022,12.40,12.40,12.40,-1.90 (-13.29 %)," ","1,100","13,650,000",0,0,14.30,12.50,12.50,12.40
21/04/2022,14.30,14.30,14.30,0.00 (0.00 %)," ",0,0,0,0,14.30,14.3,14.30,14.30
20/04/2022,14.30,14.30,14.30,0.00 (0.00 %)," ",0,0,0,0,14.30,14.30,14.30,14.30
19/04/2022,14.30,14.30,14.30,0.00 (0.00 %)," ",0,0,0,0,14.30,14.3,14.30,14.30
18/04/2022,14.30,14.30,14.30,0.00 (0.00 %)," ",0,0,0,0,14.30,14.30,14.30,14.30
14/04/2022,16.30,16.30,16.30,0.00 (0.00 %)," ",0,0,0,0,16.30,16.3,16.30,16.30
13/04/2022,16.30,16.30,16.30,0.00 (0.00 %)," ",0,0,0,0,16.30,16.30,16.30,16.30
12/04/2022,16.30,16.30,16.30,0.00 (0.00 %)," ",0,0,0,0,16.30,16.3,16.30,16.30
08/04/2022,16.30,16.30,16.30,-2.30 (-12.37 %)," ",100,"1,630,000",0,0,18.60,16.30,16.30,16.30
07/04/2022,18.60,18.60,18.60,0.00 (0.00 %)," ",0,0,0,0,18.60,18.6,18.60,18.60
06/04/2022,18.60,18.60,18.60,0.00 (0.00 %)," ",0,0,0,0,18.60,18.60,18.60,18.60
05/04/2022,18.60,18.60,18.60,0.00 (0.00 %)," ",0,0,0,0,18.60,18.6,18.60,18.60
04/04/2022,18.60,18.60,18.60,0.00 (0.00 %)," ",0,0,0,0,18.60,18.60,18.60,18.60
01/04/2022,15.80,15.80,15.80,-2.70 (-14.59 %)," ",800,"14,870,000",0,0,18.50,18.5,21.10,15.80
31/03/2022,18.50,18.50,18.50,0.00 (0.00 %)," ",0,0,0,0,18.50,18.50,18.50,18.50
30/03/2022,18.50,18.50,18.50,0.00 (0.00 %)," ",0,0,0,0,18.50,18.5,18.50,18.50
29/03/2022,18.50,18.50,18.50,0.00 (0.00 %)," ",0,0,0,0,18.50,18.50,18.50,18.50
28/03/2022,18.50,18.50,18.50,0.00 (0.00 %)," ",0,0,0,0,18.50,18.5,18.50,18.50
25/03/2022,17.00,17.00,17.00,-3.00 (-15.00 %)," ","2,300","42,450,000",0,0,20.00,19.50,20.00,17.00
24/03/2022,20.00,20.00,20.00,0.00 (0.00 %)," ",0,0,0,0,20.00,20.0,20.00,20.00
23/03/2022,20.00,20.00,20.00,0.00 (0.00 %)," ",0,0,0,0,20.00,20.00,20.00,20.00
22/03/2022,20.00,20.00,20.00,0.00 (0.00 %)," ",0,0,0,0,20.00,20.0,20.00,20.00
21/03/2022,20.00,20.00,20.00,0.00 (0.00 %)," ",0,0,0,0,20.00,20.00,20.00,20.00
18/03/2022,20.00,20.00,20.00,2.50 (14.29 %)," ","4,300","86,020,000",0,0,17.50,20.1,20.10,20.00
17/03/2022,17.50,17.50,17.50,0.00 (0.00 %)," ",0,0,0,0,17.50,17.50,17.50,17.50
16/03/2022,17.50,17.50,17.50,0.00 (0.00 %)," ",0,0,0,0,17.50,17.5,17.50,17.50
15/03/2022,17.50,17.50,17.50,0.00 (0.00 %)," ",0,0,0,0,17.50,17.50,17.50,17.50
14/03/2022,17.50,17.50,17.50,0.00 (0.00 %)," ",0,0,0,0,17.50,17.5,17.50,17.50
11/03/2022,17.50,17.50,17.50,-2.00 (-10.26 %)," ",100,"1,750,000",0,0,19.50,17.50,17.50,17.50
10/03/2022,19.50,19.50,19.50,0.00 (0.00 %)," ",0,0,0,0,19.50,19.5,19.50,19.50
09/03/2022,19.50,19.50,19.50,0.00 (0.00 %)," ",0,0,0,0,19.50,19.50,19.50,19.50
08/03/2022,19.50,19.50,19.50,0.00 (0.00 %)," ",0,0,0,0,19.50,19.5,19.50,19.50
07/03/2022,19.50,19.50,19.50,0.00 (0.00 %)," ",0,0,0,0,19.50,19.50,19.50,19.50
04/03/2022,21.00,21.00,21.00,0.00 (0.00 %)," ","4,982","97,079,000",0,0,21.00,17.9,21.80,17.90
03/03/2022,21.00,21.00,21.00,0.00 (0.00 %)," ",0,0,0,0,21.00,21.00,21.00,21.00
02/03/2022,21.00,21.00,21.00,0.00 (0.00 %)," ",0,0,0,0,21.00,21.0,21.00,21.00
01/03/2022,21.00,21.00,21.00,0.00 (0.00 %)," ",0,0,0,0,21.00,21.00,21.00,21.00
28/02/2022,21.00,21.00,21.00,0.00 (0.00 %)," ",0,0,0,0,21.00,21.0,21.00,21.00
25/02/2022,19.90,19.90,19.90,0.60 (3.11 %)," ",200,"4,200,000",0,0,19.30,22.10,22.10,19.90
24/02/2022,19.30,19.30,19.30,0.00 (0.00 %)," ",0,0,0,0,19.30,19.3,19.30,19.30
23/02/2022,19.30,19.30,19.30,0.00 (0.00 %)," ",0,0,0,0,19.30,19.30,19.30,19.30
22/02/2022,19.30,19.30,19.30,0.00 (0.00 %)," ",0,0,0,0,19.30,19.3,19.30,19.30
21/02/2022,19.30,19.30,19.30,0.00 (0.00 %)," ",0,0,0,0,19.30,19.30,19.30,19.30
18/02/2022,17.50,17.50,17.50,0.40 (2.34 %)," ","4,568","88,179,600",0,0,17.10,17.1,19.60,17.00
17/02/2022,17.10,17.10,17.10,0.00 (0.00 %)," ",0,0,0,0,17.10,17.10,17.10,17.10
16/02/2022,17.10,17.10,17.10,0.00 (0.00 %)," ",0,0,0,0,17.10,17.1,17.10,17.10
15/02/2022,17.10,17.10,17.10,0.00 (0.00 %)," ",0,0,0,0,17.10,17.10,17.10,17.10
14/02/2022,17.10,17.10,17.10,0.00 (0.00 %)," ",0,0,0,0,17.10,17.1,17.10,17.10
11/02/2022,15.30,15.30,15.30,-2.60 (-14.53 %)," ","1,000","17,100,000",0,0,17.90,17.90,20.40,15.30
10/02/2022,17.90,17.90,17.90,0.00 (0.00 %)," ",0,0,0,0,17.90,17.9,17.90,17.90
09/02/2022,17.90,17.90,17.90,0.00 (0.00 %)," ",0,0,0,0,17.90,17.90,17.90,17.90
08/02/2022,17.90,17.90,17.90,0.00 (0.00 %)," ",0,0,0,0,17.90,17.9,17.90,17.90
07/02/2022,17.90,17.90,17.90,0.00 (0.00 %)," ",0,0,0,0,17.90,17.90,17.90,17.90
28/01/2022,17.90,17.90,17.90,2.30 (14.74 %)," ",200,"3,580,000",0,0,15.60,17.9,17.90,17.90
27/01/2022,15.60,15.60,15.60,0.00 (0.00 %)," ",0,0,0,0,15.60,15.60,15.60,15.60
26/01/2022,15.60,15.60,15.60,0.00 (0.00 %)," ",0,0,0,0,15.60,15.6,15.60,15.60
25/01/2022,15.60,15.60,15.60,0.00 (0.00 %)," ",0,0,0,0,15.60,15.60,15.60,15.60
24/01/2022,15.60,15.60,15.60,0.00 (0.00 %)," ",0,0,0,0,15.60,15.6,15.60,15.60
21/01/2022,13.70,13.70,13.70,-2.40 (-14.91 %)," ",400,"6,240,000",0,0,16.10,18.50,18.50,13.70
20/01/2022,16.10,16.10,16.10,0.00 (0.00 %)," ",0,0,0,0,16.10,16.1,16.10,16.10
19/01/2022,16.10,16.10,16.10,0.00 (0.00 %)," ",0,0,0,0,16.10,16.10,16.10,16.10
18/01/2022,16.10,16.10,16.10,0.00 (0.00 %)," ",0,0,0,0,16.10,16.1,16.10,16.10
17/01/2022,16.10,16.10,16.10,0.00 (0.00 %)," ",0,0,0,0,16.10,16.10,16.10,16.10
14/01/2022,16.10,16.10,16.10,-2.80 (-14.81 %)," ",100,"1,610,000",0,0,18.90,16.1,16.10,16.10
13/01/2022,18.90,18.90,18.90,0.00 (0.00 %)," ",0,0,0,0,18.90,18.90,18.90,18.90
12/01/2022,18.90,18.90,18.90,0.00 (0.00 %)," ",0,0,0,0,18.90,18.9,18.90,18.90
11/01/2022,18.90,18.90,18.90,0.00 (0.00 %)," ",0,0,0,0,18.90,18.90,18.90,18.90
10/01/2022,18.90,18.90,18.90,0.00 (0.00 %)," ",0,0,0,0,18.90,18.9,18.90,18.90
07/01/2022,20.60,20.60,20.60,2.50 (13.81 %)," ",300,"5,660,000",0,0,18.10,15.40,20.60,15.40
06/01/2022,18.10,18.10,18.10,0.00 (0.00 %)," ",0,0,0,0,18.10,18.1,18.10,18.10
05/01/2022,18.10,18.10,18.10,0.00 (0.00 %)," ",0,0,0,0,18.10,18.10,18.10,18.10
04/01/2022,18.10,18.10,18.10,0.00 (0.00 %)," ",0,0,0,0,18.10,18.1,18.10,18.10
31/12/2021,18.00,18.00,18.00,2.20 (13.92 %)," ",200,"3,610,000",0,0,15.80,18.10,18.10,18.00
30/12/2021,15.80,15.80,15.80,0.00 (0.00 %)," ",0,0,0,0,15.80,15.8,15.80,15.80
29/12/2021,15.80,15.80,15.80,0.00 (0.00 %)," ",0,0,0,0,15.80,15.80,15.80,15.80
28/12/2021,15.80,15.80,15.80,0.00 (0.00 %)," ",0,0,0,0,15.80,15.8,15.80,15.80
27/12/2021,15.80,15.80,15.80,0.00 (0.00 %)," ",0,0,0,0,15.80,15.80,15.80,15.80
24/12/2021,15.50,15.50,15.50,0.00 (0.00 %)," ",700,"11,050,000",0,0,15.50,16.5,16.50,15.50
23/12/2021,15.50,15.50,15.50,0.00 (0.00 %)," ",0,0,0,0,15.50,15.50,15.50,15.50
22/12/2021,15.50,15.50,15.50,0.00 (0.00 %)," ",0,0,0,0,15.50,15.5,15.50,15.50
21/12/2021,15.50,15.50,15.50,0.00 (0.00 %)," ",0,0,0,0,15.50,15.50,15.50,15.50
20/12/2021,15.50,15.50,15.50,0.00 (0.00 %)," ",0,0,0,0,15.50,15.5,15.50,15.50
17/12/2021,15.50,15.50,15.50,2.00 (14.81 %)," ","4,701","72,723,000",0,0,13.50,15.50,15.50,15.40
16/12/2021,13.50,13.50,13.50,0.00 (0.00 %)," ",0,0,0,0,13.50,13.5,13.50,13.50
15/12/2021,13.50,13.50,13.50,0.00 (0.00 %)," ",0,0,0,0,13.50,13.50,13.50,13.50
14/12/2021,13.50,13.50,13.50,0.00 (0.00 %)," ",0,0,0,0,13.50,13.5,13.50,13.50
13/12/2021,13.50,13.50,13.50,0.00 (0.00 %)," ",0,0,0,0,13.50,13.50,13.50,13.50
10/12/2021,14.80,14.80,14.80,0.00 (0.00 %)," ",300,"4,040,000",0,0,14.80,12.8,14.80,12.80
09/12/2021,14.80,14.80,14.80,0.00 (0.00 %)," ",0,0,0,0,14.80,14.80,14.80,14.80
08/12/2021,14.80,14.80,14.80,0.00 (0.00 %)," ",0,0,0,0,14.80,14.8,14.80,14.80
07/12/2021,14.80,14.80,14.80,0.00 (0.00 %)," ",0,0,0,0,14.80,14.80,14.80,14.80
06/12/2021,14.80,14.80,14.80,0.00 (0.00 %)," ",0,0,0,0,14.80,14.8,14.80,14.80
03/12/2021,14.80,14.80,14.80,1.80 (13.85 %)," ",433,"6,302,900",0,0,13.00,14.90,14.90,14.80
02/12/2021,13.00,13.00,13.00,0.00 (0.00 %)," ",0,0,0,0,13.00,13.0,13.00,13.00
01/12/2021,13.00,13.00,13.00,0.00 (0.00 %)," ",0,0,0,0,13.00,13.00,13.00,13.00
30/11/2021,13.00,13.00,13.00,0.00 (0.00 %)," ",0,0,0,0,13.00,13.0,13.00,13.00
29/11/2021,13.00,13.00,13.00,0.00 (0.00 %)," ",0,0,0,0,13.00,13.00,13.00,13.00
26/11/2021,13.00,13.00,13.00,-0.80 (-5.80 %)," ","6,100","79,380,000",0,0,13.80,14.0,14.00,12.80
25/11/2021,13.80,13.80,13.80,0.00 (0.00 %)," ",0,0,0,0,13.80,13.80,13.80,13.80
24/11/2021,13.80,13.80,13.80,0.00 (0.00 %)," ",0,0,0,0,13.80,13.8,13.80,13.80
23/11/2021,13.80,13.80,13.80,0.00 (0.00 %)," ",0,0,0,0,13.80,13.80,13.80,13.80
22/11/2021,13.80,13.80,13.80,0.00 (0.00 %)," ",0,0,0,0,13.80,13.8,13.80,13.80
19/11/2021,13.90,13.90,13.90,1.70 (13.93 %)," ",300,"4,130,000",0,0,12.20,13.50,13.90,13.50
18/11/2021,12.20,12.20,12.20,0.00 (0.00 %)," ",0,0,0,0,12.20,12.2,12.20,12.20
17/11/2021,12.20,12.20,12.20,0.00 (0.00 %)," ",0,0,0,0,12.20,12.20,12.20,12.20
16/11/2021,12.20,12.20,12.20,0.00 (0.00 %)," ",0,0,0,0,12.20,12.2,12.20,12.20
15/11/2021,12.20,12.20,12.20,0.00 (0.00 %)," ",0,0,0,0,12.20,12.20,12.20,12.20
12/11/2021,12.50,12.50,12.50,1.50 (13.64 %)," ","1,100","13,470,000",0,0,11.00,11.8,12.50,11.80
11/11/2021,11.00,11.00,11.00,0.00 (0.00 %)," ",0,0,0,0,11.00,11.00,11.00,11.00
10/11/2021,11.00,11.00,11.00,0.00 (0.00 %)," ",0,0,0,0,11.00,11.0,11.00,11.00
09/11/2021,11.00,11.00,11.00,0.00 (0.00 %)," ",0,0,0,0,11.00,11.00,11.00,11.00
08/11/2021,11.00,11.00,11.00,0.00 (0.00 %)," ",0,0,0,0,11.00,11.0,11.00,11.00
05/11/2021,10.30,10.30,10.30,0.00 (0.00 %)," ","3,738","41,064,400",0,0,10.30,11.80,11.80,10.30
04/11/2021,10.30,10.30,10.30,0.00 (0.00 %)," ",0,0,0,0,10.30,10.3,10.30,10.30
03/11/2021,10.30,10.30,10.30,0.00 (0.00 %)," ",0,0,0,0,10.30,10.30,10.30,10.30
02/11/2021,10.30,10.30,10.30,0.00 (0.00 %)," ",0,0,0,0,10.30,10.3,10.30,10.30
01/11/2021,10.30,10.30,10.30,0.00 (0.00 %)," ",0,0,0,0,10.30,10.30,10.30,10.30
29/10/2021,10.30,10.30,10.30,0.00 (0.00 %)," ",200,"2,060,000",0,0,10.30,10.3,10.30,10.30
28/10/2021,10.30,10.30,10.30,0.00 (0.00 %)," ",0,0,0,0,10.30,10.30,10.30,10.30
27/10/2021,10.30,10.30,10.30,0.00 (0.00 %)," ",0,0,0,0,10.30,10.3,10.30,10.30
26/10/2021,10.30,10.30,10.30,0.00 (0.00 %)," ",0,0,0,0,10.30,10.30,10.30,10.30
25/10/2021,10.30,10.30,10.30,0.00 (0.00 %)," ",0,0,0,0,10.30,10.3,10.30,10.30
22/10/2021,10.30,10.30,10.30,-1.70 (-14.17 %)," ",212,"2,172,400",0,0,12.00,10.20,10.30,10.20
21/10/2021,12.00,12.00,12.00,0.00 (0.00 %)," ",0,0,0,0,12.00,12.0,12.00,12.00
20/10/2021,12.00,12.00,12.00,0.00 (0.00 %)," ",0,0,0,0,12.00,12.00,12.00,12.00
19/10/2021,12.00,12.00,12.00,0.00 (0.00 %)," ",0,0,0,0,12.00,12.0,12.00,12.00
18/10/2021,12.00,12.00,12.00,0.00 (0.00 %)," ",0,0,0,0,12.00,12.00,12.00,12.00
15/10/2021,12.00,12.00,12.00,-2.00 (-14.29 %)," ",200,"2,400,000",0,0,14.00,12.0,12.00,12.00
14/10/2021,14.00,14.00,14.00,0.00 (0.00 %)," ",0,0,0,0,14.00,14.00,14.00,14.00
13/10/2021,14.00,14.00,14.00,0.00 (0.00 %)," ",0,0,0,0,14.00,14.0,14.00,14.00
12/10/2021,14.00,14.00,14.00,0.00 (0.00 %)," ",0,0,0,0,14.00,14.00,14.00,14.00
11/10/2021,14.00,14.00,14.00,0.00 (0.00 %)," ",0,0,0,0,14.00,14.0,14.00,14.00
08/10/2021,14.00,14.00,14.00,0.00 (0.00 %)," ",600,"8,400,000",0,0,14.00,14.00,14.00,14.00
07/10/2021,14.00,14.00,14.00,0.00 (0.00 %)," ",0,0,0,0,14.00,14.0,14.00,14.00
06/10/2021,14.00,14.00,14.00,0.00 (0.00 %)," ",0,0,0,0,14.00,14.00,14.00,14.00
05/10/2021,14.00,14.00,14.00,0.00 (0.00 %)," ",0,0,0,0,14.00,14.0,14.00,14.00
04/10/2021,14.00,14.00,14.00,0.00 (0.00 %)," ",0,0,0,0,14.00,14.00,14.00,14.00
01/10/2021,14.00,14.00,14.00,-1.20 (-7.89 %)," ",300,"4,200,000",0,0,15.20,14.0,14.00,14.00
30/09/2021,15.20,15.20,15.20,0.00 (0.00 %)," ",0,0,0,0,15.20,15.20,15.20,15.20
29/09/2021,15.20,15.20,15.20,0.00 (0.00 %)," ",0,0,0,0,15.20,15.2,15.20,15.20
28/09/2021,15.20,15.20,15.20,0.00 (0.00 %)," ",0,0,0,0,15.20,15.20,15.20,15.20
27/09/2021,15.20,15.20,15.20,0.00 (0.00 %)," ",0,0,0,0,15.20,15.2,15.20,15.20
24/09/2021,15.50,15.50,15.50,2.00 (14.81 %)," ","3,100","47,250,000",0,0,13.50,13.50,15.50,13.50
23/09/2021,13.50,13.50,13.50,0.00 (0.00 %)," ",0,0,0,0,13.50,13.5,13.50,13.50
22/09/2021,13.50,13.50,13.50,0.00 (0.00 %)," ",0,0,0,0,13.50,13.50,13.50,13.50
21/09/2021,13.50,13.50,13.50,0.00 (0.00 %)," ",0,0,0,0,13.50,13.5,13.50,13.50
20/09/2021,13.50,13.50,13.50,0.00 (0.00 %)," ",0,0,0,0,13.50,13.50,13.50,13.50
17/09/2021,13.60,13.60,13.60,0.10 (0.74 %)," ","8,300","112,380,000",0,0,13.50,13.5,13.60,13.50
16/09/2021,13.50,13.50,13.50,0.00 (0.00 %)," ",0,0,0,0,13.50,13.50,13.50,13.50
15/09/2021,13.50,13.50,13.50,0.00 (0.00 %)," ",0,0,0,0,13.50,13.5,13.50,13.50
14/09/2021,13.50,13.50,13.50,0.00 (0.00 %)," ",0,0,0,0,13.50,13.50,13.50,13.50
13/09/2021,13.50,13.50,13.50,0.00 (0.00 %)," ",0,0,0,0,13.50,13.5,13.50,13.50
10/09/2021,13.50,13.50,13.50,0.00 (0.00 %)," ",0,0,0,0,13.50,13.50,13.50,13.50
09/09/2021,13.50,13.50,13.50,0.00 (0.00 %)," ",0,0,0,0,13.50,13.5,13.50,13.50
08/09/2021,13.50,13.50,13.50,0.00 (0.00 %)," ",0,0,0,0,13.50,13.50,13.50,13.50
07/09/2021,13.50,13.50,13.50,0.00 (0.00 %)," ",0,0,0,0,13.50,13.5,13.50,13.50
06/09/2021,13.50,13.50,13.50,0.00 (0.00 %)," ",0,0,0,0,13.50,13.50,13.50,13.50
01/09/2021,13.50,13.50,13.50,0.00 (0.00 %)," ",0,0,0,0,13.50,13.5,13.50,13.50
31/08/2021,13.50,13.50,13.50,0.00 (0.00 %)," ",0,0,0,0,13.50,13.50,13.50,13.50
30/08/2021,13.50,13.50,13.50,0.00 (0.00 %)," ",0,0,0,0,13.50,13.5,13.50,13.50
27/08/2021,13.60,13.60,13.60,0.00 (0.00 %)," ","6,200","83,650,000",0,0,13.60,13.50,13.60,11.70
26/08/2021,13.60,13.60,13.60,0.00 (0.00 %)," ",0,0,0,0,13.60,13.6,13.60,13.60
25/08/2021,13.60,13.60,13.60,0.00 (0.00 %)," ",0,0,0,0,13.60,13.60,13.60,13.60
24/08/2021,13.60,13.60,13.60,0.00 (0.00 %)," ",0,0,0,0,13.60,13.6,13.60,13.60
23/08/2021,13.60,13.60,13.60,0.00 (0.00 %)," ",0,0,0,0,13.60,13.60,13.60,13.60
20/08/2021,13.50,13.50,13.50,-2.20 (-14.01 %)," ",200,"2,710,000",0,0,15.70,13.6,13.60,13.50
19/08/2021,15.70,15.70,15.70,0.00 (0.00 %)," ",0,0,0,0,15.70,15.70,15.70,15.70
18/08/2021,15.70,15.70,15.70,0.00 (0.00 %)," ",0,0,0,0,15.70,15.7,15.70,15.70
17/08/2021,15.70,15.70,15.70,0.00 (0.00 %)," ",0,0,0,0,15.70,15.70,15.70,15.70
16/08/2021,15.70,15.70,15.70,0.00 (0.00 %)," ",0,0,0,0,15.70,15.7,15.70,15.70
13/08/2021,11.80,11.80,11.80,-2.00 (-14.49 %)," ","13,200","206,670,000",0,0,13.80,13.50,15.80,11.80
12/08/2021,13.80,13.80,13.80,0.00 (0.00 %)," ",0,0,0,0,13.80,13.8,13.80,13.80
11/08/2021,13.80,13.80,13.80,0.00 (0.00 %)," ",0,0,0,0,13.80,13.80,13.80,13.80
10/08/2021,13.80,13.80,13.80,0.00 (0.00 %)," ",0,0,0,0,13.80,13.8,13.80,13.80
09/08/2021,13.80,13.80,13.80,0.00 (0.00 %)," ",0,0,0,0,13.80,13.80,13.80,13.80
06/08/2021,14.00,14.00,14.00,0.20 (1.45 %)," ","6,100","84,236,900",0,0,13.80,13.8,15.80,12.00
05/08/2021,13.80,13.80,13.80,0.00 (0.00 %)," ",0,0,0,0,13.80,13.80,13.80,13.80
04/08/2021,13.80,13.80,13.80,0.00 (0.00 %)," ",0,0,0,0,13.80,13.8,13.80,13.80
03/08/2021,13.80,13.80,13.80,0.00 (0.00 %)," ",0,0,0,0,13.80,13.80,13.80,13.80
02/08/2021,13.80,13.80,13.80,0.00 (0.00 %)," ",0,0,0,0,13.80,13.8,13.80,13.80
30/07/2021,15.40,15.40,15.40,2.00 (14.93 %)," ","1,600","22,110,000",0,0,13.40,14.00,15.40,13.50
29/07/2021,13.40,13.40,13.40,0.00 (0.00 %)," ",0,0,0,0,13.40,13.4,13.40,13.40
28/07/2021,13.40,13.40,13.40,0.00 (0.00 %)," ",0,0,0,0,13.40,13.40,13.40,13.40
27/07/2021,13.40,13.40,13.40,0.00 (0.00 %)," ",0,0,0,0,13.40,13.4,13.40,13.40
26/07/2021,13.40,13.40,13.40,0.00 (0.00 %)," ",0,0,0,0,13.40,13.40,13.40,13.40
23/07/2021,13.50,13.50,13.50,0.10 (0.75 %)," ","4,400","58,990,000",0,0,13.40,13.4,13.50,13.40
22/07/2021,13.40,13.40,13.40,0.00 (0.00 %)," ",0,0,0,0,13.40,13.40,13.40,13.40
21/07/2021,13.40,13.40,13.40,0.00 (0.00 %)," ",0,0,0,0,13.40,13.4,13.40,13.40
20/07/2021,13.40,13.40,13.40,0.00 (0.00 %)," ",0,0,0,0,13.40,13.40,13.40,13.40
19/07/2021,13.40,13.40,13.40,0.00 (0.00 %)," ",0,0,0,0,13.40,13.4,13.40,13.40
16/07/2021,13.50,13.50,13.50,0.20 (1.50 %)," ","1,000","13,380,000",0,0,13.30,13.30,13.50,13.30
15/07/2021,13.30,13.30,13.30,0.00 (0.00 %)," ",0,0,0,0,13.30,13.3,13.30,13.30
14/07/2021,13.30,13.30,13.30,0.00 (0.00 %)," ",0,0,0,0,13.30,13.30,13.30,13.30
13/07/2021,13.30,13.30,13.30,0.00 (0.00 %)," ",0,0,0,0,13.30,13.3,13.30,13.30
12/07/2021,13.30,13.30,13.30,0.00 (0.00 %)," ",0,0,0,0,13.30,13.30,13.30,13.30
09/07/2021,13.50,13.50,13.50,0.40 (3.05 %)," ","4,700","62,670,000",0,0,13.10,11.2,14.90,11.20
08/07/2021,13.10,13.10,13.10,0.00 (0.00 %)," ",0,0,0,0,13.10,13.10,13.10,13.10
07/07/2021,13.10,13.10,13.10,0.00 (0.00 %)," ",0,0,0,0,13.10,13.1,13.10,13.10
06/07/2021,13.10,13.10,13.10,0.00 (0.00 %)," ",0,0,0,0,13.10,13.10,13.10,13.10
05/07/2021,13.10,13.10,13.10,0.00 (0.00 %)," ",0,0,0,0,13.10,13.1,13.10,13.10
02/07/2021,10.70,10.70,10.70,-0.80 (-6.96 %)," ","3,200","41,990,000",0,0,11.50,13.20,13.20,10.70
01/07/2021,11.50,11.50,11.50,0.00 (0.00 %)," ",0,0,0,0,11.50,11.5,11.50,11.50
30/06/2021,11.50,11.50,11.50,0.00 (0.00 %)," ",0,0,0,0,11.50,11.50,11.50,11.50
29/06/2021,11.50,11.50,11.50,0.00 (0.00 %)," ",0,0,0,0,11.50,11.5,11.50,11.50
28/06/2021,11.50,11.50,11.50,0.00 (0.00 %)," ",0,0,0,0,11.50,11.50,11.50,11.50
25/06/2021,11.50,11.50,11.50,1.50 (15.00 %)," ","1,506","17,260,000",0,0,10.00,11.3,11.50,11.30
24/06/2021,10.00,10.00,10.00,0.00 (0.00 %)," ",0,0,0,0,10.00,10.00,10.00,10.00
23/06/2021,10.00,10.00,10.00,0.00 (0.00 %)," ",0,0,0,0,10.00,10.0,10.00,10.00
22/06/2021,10.00,10.00,10.00,0.00 (0.00 %)," ",0,0,0,0,10.00,10.00,10.00,10.00
21/06/2021,10.00,10.00,10.00,0.00 (0.00 %)," ",0,0,0,0,10.00,10.0,10.00,10.00
18/06/2021,10.00,10.00,10.00,1.30 (14.94 %)," ","24,900","248,960,000",0,0,8.70,9.80,10.00,9.80
17/06/2021,8.70,8.70,8.70,0.00 (0.00 %)," ",0,0,0,0,8.70,8.7,8.70,8.70
16/06/2021,8.70,8.70,8.70,0.00 (0.00 %)," ",0,0,0,0,8.70,8.70,8.70,8.70
15/06/2021,8.70,8.70,8.70,0.00 (0.00 %)," ",0,0,0,0,8.70,8.7,8.70,8.70
14/06/2021,8.70,8.70,8.70,0.00 (0.00 %)," ",0,0,0,0,8.70,8.70,8.70,8.70
11/06/2021,8.70,8.70,8.70,-0.80 (-8.42 %)," ","10,100","88,010,000",0,0,9.50,8.3,9.50,8.30
10/06/2021,9.50,9.50,9.50,0.00 (0.00 %)," ",0,0,0,0,9.50,9.50,9.50,9.50
09/06/2021,9.50,9.50,9.50,0.00 (0.00 %)," ",0,0,0,0,9.50,9.5,9.50,9.50
08/06/2021,9.50,9.50,9.50,0.00 (0.00 %)," ",0,0,0,0,9.50,9.50,9.50,9.50
07/06/2021,9.50,9.50,9.50,0.00 (0.00 %)," ",0,0,0,0,9.50,9.5,9.50,9.50
04/06/2021,9.60,9.60,9.60,-0.60 (-5.88 %)," ","2,200","20,920,000",0,0,10.20,9.40,9.70,9.40
03/06/2021,10.20,10.20,10.20,0.00 (0.00 %)," ",0,0,0,0,10.20,10.2,10.20,10.20
02/06/2021,10.20,10.20,10.20,0.00 (0.00 %)," ",0,0,0,0,10.20,10.20,10.20,10.20
01/06/2021,10.20,10.20,10.20,0.00 (0.00 %)," ",0,0,0,0,10.20,10.2,10.20,10.20
31/05/2021,10.20,10.20,10.20,0.00 (0.00 %)," ",0,0,0,0,10.20,10.20,10.20,10.20
28/05/2021,10.50,10.50,10.50,-0.60 (-5.41 %)," ","5,000","50,840,000",0,0,11.10,11.1,11.10,9.60
27/05/2021,11.10,11.10,11.10,0.00 (0.00 %)," ",0,0,0,0,11.10,11.10,11.10,11.10
26/05/2021,11.10,11.10,11.10,0.00 (0.00 %)," ",0,0,0,0,11.10,11.1,11.10,11.10
25/05/2021,11.10,11.10,11.10,0.00 (0.00 %)," ",0,0,0,0,11.10,11.10,11.10,11.10
24/05/2021,11.10,11.10,11.10,0.00 (0.00 %)," ",0,0,0,0,11.10,11.1,11.10,11.10
21/05/2021,10.80,10.80,10.80,-0.30 (-2.70 %)," ","9,100","101,400,000",0,0,11.10,11.10,11.20,10.80
20/05/2021,11.10,11.10,11.10,0.00 (0.00 %)," ",0,0,0,0,11.10,11.1,11.10,11.10
19/05/2021,11.10,11.10,11.10,0.00 (0.00 %)," ",0,0,0,0,11.10,11.10,11.10,11.10
18/05/2021,11.10,11.10,11.10,0.00 (0.00 %)," ",0,0,0,0,11.10,11.1,11.10,11.10
17/05/2021,11.10,11.10,11.10,0.00 (0.00 %)," ",0,0,0,0,11.10,11.10,11.10,11.10
14/05/2021,11.50,11.50,11.50,0.80 (7.48 %)," ","19,500","216,000,000",0,0,10.70,10.7,11.50,10.70
13/05/2021,10.70,10.70,10.70,0.00 (0.00 %)," ",0,0,0,0,10.70,10.70,10.70,10.70
12/05/2021,10.70,10.70,10.70,0.00 (0.00 %)," ",0,0,0,0,10.70,10.7,10.70,10.70
11/05/2021,10.70,10.70,10.70,0.00 (0.00 %)," ",0,0,0,0,10.70,10.70,10.70,10.70
10/05/2021,10.70,10.70,10.70,0.00 (0.00 %)," ",0,0,0,0,10.70,10.7,10.70,10.70
07/05/2021,10.90,10.90,10.90,-6.10 (-35.88 %)," ","1,300","13,910,000",0,0,17.00,10.60,10.90,10.60
06/05/2021,17.00,17.00,17.00,0.00 (0.00 %)," ",0,0,0,0,17.00,17.0,17.00,17.00
05/05/2021,17.00,17.00,17.00,0.00 (0.00 %)," ",0,0,0,0,17.00,17.00,17.00,17.00
04/05/2021,17.00,17.00,17.00,0.00 (0.00 %)," ",0,0,0,0,17.00,17.0,17.00,17.00
29/04/2021,17.00,17.00,17.00,0.00 (0.00 %)," ",0,0,0,0,17.00,17.00,17.00,17.00
28/04/2021,17.00,17.00,17.00,0.00 (0.00 %)," ",0,0,0,0,17.00,17.0,17.00,17.00
16/04/2021,17.00,17.00,17.00,0.10 (0.59 %)," ","1,600","25,480,000",0,0,16.90,16.40,17.00,15.50
15/04/2021,16.90,16.90,16.90,1.10 (6.96 %)," ","1,900","31,060,000",0,0,15.80,15.8,16.90,15.60
14/04/2021,15.80,15.80,15.80,-1.10 (-6.51 %)," ","6,300","100,450,000",0,0,16.90,16.60,16.60,15.70
13/04/2021,16.90,16.90,16.90,-1.40 (-7.65 %)," ","24,416","411,024,000",0,0,18.30,17.0,17.00,16.60
12/04/2021,18.30,18.30,18.30,1.30 (7.65 %)," ","26,440","421,792,000",0,0,17.00,15.30,18.40,15.30
09/04/2021,17.00,17.00,17.00,0.00 (0.00 %)," ","1,600","27,250,000",0,0,17.00,17.0,17.10,17.00
08/04/2021,17.00,17.00,17.00,-1.80 (-9.57 %)," ","9,000","153,710,000",0,0,18.80,17.40,17.40,17.00
07/04/2021,18.80,18.80,18.80,-0.30 (-1.57 %)," ","1,600","30,320,000",0,0,19.10,19.0,19.00,18.80
06/04/2021,19.10,19.10,19.10,0.10 (0.53 %)," ","4,623","87,847,000",0,0,19.00,19.00,19.10,19.00
05/04/2021,19.00,19.00,19.00,1.10 (6.15 %)," ","8,500","161,660,000",0,0,17.90,19.6,19.60,19.00
02/04/2021,17.90,17.90,17.90,-1.90 (-9.60 %)," ","8,500","152,430,000",0,0,19.80,19.00,19.00,17.90
01/04/2021,19.80,19.80,19.80,0.00 (0.00 %)," ","2,310","45,410,000",0,0,19.80,19.0,19.80,19.00
31/03/2021,19.80,19.80,19.80,-2.10 (-9.59 %)," ","5,840","116,222,000",0,0,21.90,19.80,21.90,19.80
30/03/2021,21.90,21.90,21.90,-0.10 (-0.45 %)," ","3,100","62,790,000",0,0,22.00,22.0,22.00,19.80
29/03/2021,22.00,22.00,22.00,1.80 (8.91 %)," ","5,000","101,570,000",0,0,20.20,19.50,22.00,18.20
26/03/2021,20.20,20.20,20.20,-0.10 (-0.49 %)," ","17,433","319,293,900",0,0,20.30,18.3,20.20,18.30
25/03/2021,20.30,20.30,20.30,-2.20 (-9.78 %)," ","6,400","133,300,000",0,0,22.50,22.50,22.50,20.30
24/03/2021,22.50,22.50,22.50,-2.40 (-9.64 %)," ","11,440","276,740,000",0,0,24.90,27.3,27.30,22.50
23/03/2021,24.90,24.90,24.90,2.20 (9.69 %)," ","27,000","672,290,000",0,0,22.70,24.90,24.90,24.80
22/03/2021,22.70,22.70,22.70,2.00 (9.66 %)," ","9,100","206,570,000",0,0,20.70,22.7,22.70,22.70
19/03/2021,20.70,20.70,20.70,1.80 (9.52 %)," ","8,100","167,670,000",3,"56,700",18.90,20.70,20.70,20.70
18/03/2021,18.90,18.90,18.90,1.70 (9.88 %)," ","1,700","32,130,000",0,0,17.20,18.9,18.90,18.90
17/03/2021,17.20,17.20,17.20,1.50 (9.55 %)," ","1,700","29,240,000",0,0,15.70,17.20,17.20,17.20
16/03/2021,15.70,15.70,15.70,1.40 (9.79 %)," ","3,900","61,230,000",0,0,14.30,15.7,15.70,15.70
15/03/2021,14.30,14.30,14.30,1.30 (10.00 %)," ","25,900","310,840,000",0,0,13.00,11.70,14.30,11.70
12/03/2021,13.00,13.00,13.00,-1.40 (-9.72 %)," ","10,464","136,032,000",0,0,14.40,13.0,13.00,13.00
11/03/2021,14.40,14.40,14.40,-1.50 (-9.43 %)," ","6,700","96,480,000",0,0,15.90,14.40,14.40,14.40
10/03/2021,15.90,15.90,15.90,-1.70 (-9.66 %)," ","10,500","166,950,000",0,0,17.60,15.9,15.90,15.90
09/03/2021,17.60,17.60,17.60,-1.90 (-9.74 %)," ","2,400","42,240,000",0,0,19.50,17.60,17.60,17.60
08/03/2021,19.50,19.50,19.50,-2.10 (-9.72 %)," ","3,900","76,050,000",0,0,21.60,19.5,19.50,19.50
05/03/2021,21.60,21.60,21.60,-2.30 (-9.62 %)," ","1,200","25,920,000",0,0,23.90,21.60,21.60,21.60
04/03/2021,23.90,23.90,23.90,-2.60 (-9.81 %)," ",700,"16,730,000",0,0,26.50,23.9,23.90,23.90
03/03/2021,26.50,26.50,26.50,-2.90 (-9.86 %)," ","1,980","52,470,000",0,0,29.40,26.50,26.50,26.50
02/03/2021,29.40,29.40,29.40,-3.20 (-9.82 %)," ","15,416","453,230,400",0,0,32.60,29.4,29.40,29.40
01/03/2021,32.60,32.60,32.60,-3.60 (-9.94 %)," ",300,"9,780,000",0,0,36.20,32.60,32.60,32.60
26/02/2021,36.20,36.20,36.20,-4.00 (-9.95 %)," ",530,"19,186,000",0,0,40.20,36.2,36.20,36.20
25/02/2021,40.20,40.20,40.20,-4.40 (-9.87 %)," ",400,"16,520,000",0,0,44.60,44.60,44.60,40.20
24/02/2021,44.60,44.60,44.60,-4.90 (-9.90 %)," ",100,"4,460,000",0,0,49.50,44.6,44.60,44.60
23/02/2021,49.50,49.50,49.50,0.00 (0.00 %)," ",0,0,0,0,49.50,49.50,49.50,49.50
22/02/2021,49.50,49.50,49.50,0.00 (0.00 %)," ",0,0,0,0,49.50,49.5,49.50,49.50
19/02/2021,49.50,49.50,49.50,0.00 (0.00 %)," ",0,0,0,0,49.50,49.50,49.50,49.50
18/02/2021,49.50,49.50,49.50,0.00 (0.00 %)," ",0,0,0,0,49.50,49.5,49.50,49.50
17/02/2021,49.50,49.50,49.50,0.00 (0.00 %)," ",0,0,0,0,49.50,49.50,49.50,49.50
09/02/2021,49.50,49.50,49.50,0.00 (0.00 %)," ",0,0,0,0,49.50,49.5,49.50,49.50
08/02/2021,49.50,49.50,49.50,0.00 (0.00 %)," ",0,0,0,0,49.50,49.50,49.50,49.50
05/02/2021,49.50,49.50,49.50,0.00 (0.00 %)," ",0,0,0,0,49.50,49.5,49.50,49.50
04/02/2021,49.50,49.50,49.50,0.00 (0.00 %)," ",0,0,0,0,49.50,49.50,49.50,49.50
03/02/2021,49.50,49.50,49.50,0.00 (0.00 %)," ",0,0,0,0,49.50,49.5,49.50,49.50
02/02/2021,49.50,49.50,49.50,0.00 (0.00 %)," ",0,0,0,0,49.50,49.50,49.50,49.50
01/02/2021,49.50,49.50,49.50,0.00 (0.00 %)," ",0,0,0,0,49.50,49.5,49.50,49.50
29/01/2021,49.50,49.50,49.50,0.00 (0.00 %)," ",0,0,0,0,49.50,49.50,49.50,49.50
28/01/2021,49.50,49.50,49.50,-5.50 (-10.00 %)," ",100,"4,950,000",0,0,55.00,49.5,49.50,49.50
27/01/2021,55.00,55.00,55.00,0.00 (0.00 %)," ",0,0,0,0,55.00,55.00,55.00,55.00
26/01/2021,55.00,55.00,55.00,0.00 (0.00 %)," ",0,0,0,0,55.00,55.0,55.00,55.00
25/01/2021,55.00,55.00,55.00,0.00 (0.00 %)," ",0,0,0,0,55.00,55.00,55.00,55.00
22/01/2021,55.00,55.00,55.00,0.00 (0.00 %)," ",0,0,0,0,55.00,55.0,55.00,55.00
21/01/2021,55.00,55.00,55.00,0.00 (0.00 %)," ",0,0,0,0,55.00,55.00,55.00,55.00
20/01/2021,55.00,55.00,55.00,0.00 (0.00 %)," ",0,0,0,0,55.00,55.0,55.00,55.00
19/01/2021,55.00,55.00,55.00,0.00 (0.00 %)," ",0,0,0,0,55.00,55.00,55.00,55.00
18/01/2021,55.00,55.00,55.00,0.00 (0.00 %)," ",0,0,0,0,55.00,55.0,55.00,55.00
15/01/2021,55.00,55.00,55.00,0.00 (0.00 %)," ",0,0,0,0,55.00,55.00,55.00,55.00
14/01/2021,55.00,55.00,55.00,0.00 (0.00 %)," ",0,0,0,0,55.00,55.0,55.00,55.00
13/01/2021,55.00,55.00,55.00,0.00 (0.00 %)," ",0,0,0,0,55.00,55.00,55.00,55.00
12/01/2021,55.00,55.00,55.00,0.00 (0.00 %)," ",0,0,0,0,55.00,55.0,55.00,55.00
11/01/2021,55.00,55.00,55.00,0.00 (0.00 %)," ",0,0,0,0,55.00,55.00,55.00,55.00
08/01/2021,55.00,55.00,55.00,0.00 (0.00 %)," ",0,0,0,0,55.00,55.0,55.00,55.00
07/01/2021,55.00,55.00,55.00,0.00 (0.00 %)," ",0,0,0,0,55.00,55.00,55.00,55.00
06/01/2021,55.00,55.00,55.00,0.00 (0.00 %)," ",0,0,0,0,55.00,55.0,55.00,55.00
05/01/2021,55.00,55.00,55.00,0.00 (0.00 %)," ",0,0,0,0,55.00,55.00,55.00,55.00
04/01/2021,55.00,55.00,55.00,0.00 (0.00 %)," ",0,0,0,0,55.00,55.0,55.00,55.00
31/12/2020,55.00,55.00,55.00,0.00 (0.00 %)," ",9,"445,500",0,0,55.00,55.00,55.00,55.00
30/12/2020,55.00,55.00,55.00,0.00 (0.00 %)," ",0,0,0,0,55.00,55.0,55.00,55.00
29/12/2020,55.00,55.00,55.00,0.00 (0.00 %)," ",0,0,0,0,55.00,55.00,55.00,55.00
28/12/2020,55.00,55.00,55.00,0.00 (0.00 %)," ",0,0,0,0,55.00,55.0,55.00,55.00
25/12/2020,55.00,55.00,55.00,0.00 (0.00 %)," ",0,0,0,0,55.00,55.00,55.00,55.00
24/12/2020,55.00,55.00,55.00,0.00 (0.00 %)," ",0,0,0,0,55.00,55.0,55.00,55.00
23/12/2020,55.00,55.00,55.00,0.00 (0.00 %)," ",0,0,0,0,55.00,55.00,55.00,55.00
22/12/2020,55.00,55.00,55.00,0.00 (0.00 %)," ",0,0,0,0,55.00,55.0,55.00,55.00
21/12/2020,55.00,55.00,55.00,0.00 (0.00 %)," ",0,0,0,0,55.00,55.00,55.00,55.00
18/12/2020,55.00,55.00,55.00,0.00 (0.00 %)," ",0,0,0,0,55.00,55.0,55.00,55.00
17/12/2020,55.00,55.00,55.00,0.00 (0.00 %)," ",0,0,0,0,55.00,55.00,55.00,55.00
16/12/2020,55.00,55.00,55.00,0.00 (0.00 %)," ",0,0,0,0,55.00,55.0,55.00,55.00
15/12/2020,55.00,55.00,55.00,0.00 (0.00 %)," ",0,0,0,0,55.00,55.00,55.00,55.00
14/12/2020,55.00,55.00,55.00,0.00 (0.00 %)," ",0,0,0,0,55.00,55.0,55.00,55.00
11/12/2020,55.00,55.00,55.00,0.00 (0.00 %)," ",0,0,0,0,55.00,55.00,55.00,55.00
10/12/2020,55.00,55.00,55.00,0.00 (0.00 %)," ",0,0,0,0,55.00,55.0,55.00,55.00
09/12/2020,55.00,55.00,55.00,0.00 (0.00 %)," ",0,0,0,0,55.00,55.00,55.00,55.00
08/12/2020,55.00,55.00,55.00,0.00 (0.00 %)," ",0,0,0,0,55.00,55.0,55.00,55.00
07/12/2020,55.00,55.00,55.00,0.00 (0.00 %)," ",0,0,0,0,55.00,55.00,55.00,55.00
04/12/2020,55.00,55.00,55.00,0.00 (0.00 %)," ",0,0,0,0,55.00,55.0,55.00,55.00
03/12/2020,55.00,55.00,55.00,0.00 (0.00 %)," ",0,0,0,0,55.00,55.00,55.00,55.00
02/12/2020,55.00,55.00,55.00,0.00 (0.00 %)," ",0,0,0,0,55.00,55.0,55.00,55.00
01/12/2020,55.00,55.00,55.00,0.00 (0.00 %)," ",0,0,0,0,55.00,55.00,55.00,55.00
30/11/2020,55.00,55.00,55.00,0.00 (0.00 %)," ",0,0,0,0,55.00,55.0,55.00,55.00
27/11/2020,55.00,55.00,55.00,0.00 (0.00 %)," ",0,0,0,0,55.00,55.00,55.00,55.00
26/11/2020,55.00,55.00,55.00,0.00 (0.00 %)," ",0,0,0,0,55.00,55.0,55.00,55.00
25/11/2020,55.00,55.00,55.00,0.00 (0.00 %)," ",0,0,0,0,55.00,55.00,55.00,55.00
24/11/2020,55.00,55.00,55.00,1.00 (1.85 %)," ",300,"16,500,000",0,0,54.00,55.0,55.00,55.00
23/11/2020,54.00,54.00,54.00,3.50 (6.93 %)," ",100,"5,400,000",0,0,50.50,54.00,54.00,54.00
20/11/2020,50.50,50.50,50.50,0.00 (0.00 %)," ",0,0,0,0,50.50,50.5,50.50,50.50
19/11/2020,50.50,50.50,50.50,0.00 (0.00 %)," ",34,"1,555,500",0,0,50.50,50.50,50.50,50.50
18/11/2020,50.50,50.50,50.50,0.00 (0.00 %)," ",0,0,0,0,50.50,50.5,50.50,50.50
17/11/2020,50.50,50.50,50.50,0.00 (0.00 %)," ",0,0,0,0,50.50,50.50,50.50,50.50
16/11/2020,50.50,50.50,50.50,0.00 (0.00 %)," ",0,0,0,0,50.50,50.5,50.50,50.50
13/11/2020,50.50,50.50,50.50,0.00 (0.00 %)," ",0,0,0,0,50.50,50.50,50.50,50.50
12/11/2020,50.50,50.50,50.50,0.00 (0.00 %)," ",0,0,0,0,50.50,50.5,50.50,50.50
11/11/2020,50.50,50.50,50.50,0.00 (0.00 %)," ",800,"40,400,000",0,0,50.50,50.50,50.50,50.50
10/11/2020,50.50,50.50,50.50,0.00 (0.00 %)," ",0,0,0,0,50.50,50.5,50.50,50.50
09/11/2020,50.50,50.50,50.50,0.00 (0.00 %)," ",0,0,0,0,50.50,50.50,50.50,50.50
06/11/2020,50.50,50.50,50.50,0.00 (0.00 %)," ",0,0,0,0,50.50,50.5,50.50,50.50
05/11/2020,50.50,50.50,50.50,0.00 (0.00 %)," ",0,0,0,0,50.50,50.50,50.50,50.50
04/11/2020,50.50,50.50,50.50,0.00 (0.00 %)," ",0,0,0,0,50.50,50.5,50.50,50.50
03/11/2020,50.50,50.50,50.50,0.00 (0.00 %)," ",0,0,0,0,50.50,50.50,50.50,50.50
02/11/2020,50.50,50.50,50.50,0.00 (0.00 %)," ",0,0,0,0,50.50,50.5,50.50,50.50
30/10/2020,50.50,50.50,50.50,0.00 (0.00 %)," ",0,0,0,0,50.50,50.50,50.50,50.50
29/10/2020,50.50,50.50,50.50,0.00 (0.00 %)," ",0,0,0,0,50.50,50.5,50.50,50.50
28/10/2020,50.50,50.50,50.50,0.00 (0.00 %)," ",0,0,0,0,50.50,50.50,50.50,50.50
27/10/2020,50.50,50.50,50.50,0.00 (0.00 %)," ",0,0,0,0,50.50,50.5,50.50,50.50
26/10/2020,50.50,50.50,50.50,0.00 (0.00 %)," ",0,0,0,0,50.50,50.50,50.50,50.50
23/10/2020,50.50,50.50,50.50,0.00 (0.00 %)," ",0,0,0,0,50.50,50.5,50.50,50.50
22/10/2020,50.50,50.50,50.50,0.00 (0.00 %)," ",0,0,0,0,50.50,50.50,50.50,50.50
21/10/2020,50.50,50.50,50.50,0.00 (0.00 %)," ",0,0,0,0,50.50,50.5,50.50,50.50
20/10/2020,50.50,50.50,50.50,0.00 (0.00 %)," ",0,0,0,0,50.50,50.50,50.50,50.50
19/10/2020,50.50,50.50,50.50,0.00 (0.00 %)," ",0,0,0,0,50.50,50.5,50.50,50.50
16/10/2020,50.50,50.50,50.50,0.00 (0.00 %)," ",0,0,0,0,50.50,50.50,50.50,50.50
15/10/2020,50.50,50.50,50.50,0.00 (0.00 %)," ",0,0,0,0,50.50,50.5,50.50,50.50
14/10/2020,50.50,50.50,50.50,0.00 (0.00 %)," ",0,0,0,0,50.50,50.50,50.50,50.50
13/10/2020,50.50,50.50,50.50,0.00 (0.00 %)," ",0,0,0,0,50.50,50.5,50.50,50.50
12/10/2020,50.50,50.50,50.50,0.00 (0.00 %)," ",0,0,0,0,50.50,50.50,50.50,50.50
09/10/2020,50.50,50.50,50.50,0.00 (0.00 %)," ",0,0,0,0,50.50,50.5,50.50,50.50
08/10/2020,50.50,50.50,50.50,0.00 (0.00 %)," ",0,0,0,0,50.50,50.50,50.50,50.50
07/10/2020,50.50,50.50,50.50,0.00 (0.00 %)," ",0,0,0,0,50.50,50.5,50.50,50.50
06/10/2020,50.50,50.50,50.50,0.00 (0.00 %)," ",0,0,0,0,50.50,50.50,50.50,50.50
05/10/2020,50.50,50.50,50.50,0.00 (0.00 %)," ",0,0,0,0,50.50,50.5,50.50,50.50
02/10/2020,50.50,50.50,50.50,0.00 (0.00 %)," ",0,0,0,0,50.50,50.50,50.50,50.50
01/10/2020,50.50,50.50,50.50,0.00 (0.00 %)," ",0,0,0,0,50.50,50.5,50.50,50.50
30/09/2020,50.50,50.50,50.50,0.00 (0.00 %)," ",0,0,0,0,50.50,50.50,50.50,50.50
29/09/2020,50.50,50.50,50.50,0.00 (0.00 %)," ",0,0,0,0,50.50,50.5,50.50,50.50
28/09/2020,50.50,50.50,50.50,0.00 (0.00 %)," ",0,0,0,0,50.50,50.50,50.50,50.50
25/09/2020,50.50,50.50,50.50,0.00 (0.00 %)," ",0,0,0,0,50.50,50.5,50.50,50.50
24/09/2020,50.50,50.50,50.50,0.00 (0.00 %)," ",0,0,0,0,50.50,50.50,50.50,50.50
23/09/2020,50.50,50.50,50.50,0.00 (0.00 %)," ",0,0,0,0,50.50,50.5,50.50,50.50
22/09/2020,50.50,50.50,50.50,0.00 (0.00 %)," ",0,0,0,0,50.50,50.50,50.50,50.50
21/09/2020,50.50,50.50,50.50,0.00 (0.00 %)," ",0,0,0,0,50.50,50.5,50.50,50.50
18/09/2020,50.50,50.50,50.50,0.00 (0.00 %)," ",0,0,0,0,50.50,50.50,50.50,50.50
17/09/2020,50.50,50.50,50.50,0.00 (0.00 %)," ",0,0,0,0,50.50,50.5,50.50,50.50
16/09/2020,50.50,50.50,50.50,0.00 (0.00 %)," ",0,0,0,0,50.50,50.50,50.50,50.50
15/09/2020,50.50,50.50,50.50,0.00 (0.00 %)," ",0,0,0,0,50.50,50.5,50.50,50.50
14/09/2020,50.50,50.50,50.50,0.00 (0.00 %)," ",0,0,0,0,50.50,50.50,50.50,50.50
11/09/2020,50.50,50.50,50.50,0.00 (0.00 %)," ",0,0,0,0,50.50,50.5,50.50,50.50
10/09/2020,50.50,50.50,50.50,0.00 (0.00 %)," ",0,0,0,0,50.50,50.50,50.50,50.50
09/09/2020,50.50,50.50,50.50,0.00 (0.00 %)," ",0,0,0,0,50.50,50.5,50.50,50.50
08/09/2020,50.50,50.50,50.50,0.00 (0.00 %)," ",0,0,0,0,50.50,50.50,50.50,50.50
07/09/2020,50.50,50.50,50.50,0.00 (0.00 %)," ",0,0,0,0,50.50,50.5,50.50,50.50
04/09/2020,50.50,50.50,50.50,0.00 (0.00 %)," ",0,0,0,0,50.50,50.50,50.50,50.50
03/09/2020,50.50,50.50,50.50,0.00 (0.00 %)," ",0,0,0,0,50.50,50.5,50.50,50.50
01/09/2020,50.50,50.50,50.50,0.00 (0.00 %)," ",0,0,0,0,50.50,50.50,50.50,50.50
31/08/2020,50.50,50.50,50.50,0.00 (0.00 %)," ",0,0,0,0,50.50,50.5,50.50,50.50
28/08/2020,50.50,50.50,50.50,0.00 (0.00 %)," ",0,0,0,0,50.50,50.50,50.50,50.50
27/08/2020,50.50,50.50,50.50,0.00 (0.00 %)," ",0,0,0,0,50.50,50.5,50.50,50.50
26/08/2020,50.50,50.50,50.50,0.00 (0.00 %)," ",0,0,0,0,50.50,50.50,50.50,50.50
25/08/2020,50.50,50.50,50.50,0.00 (0.00 %)," ",2,"91,000",0,0,50.50,50.5,50.50,50.50
24/08/2020,50.50,50.50,50.50,0.00 (0.00 %)," ",0,0,0,0,50.50,50.50,50.50,50.50
21/08/2020,50.50,50.50,50.50,0.00 (0.00 %)," ",0,0,0,0,50.50,50.5,50.50,50.50
20/08/2020,50.50,50.50,50.50,0.00 (0.00 %)," ",0,0,0,0,50.50,50.50,50.50,50.50
19/08/2020,50.50,50.50,50.50,0.00 (0.00 %)," ",0,0,0,0,50.50,50.5,50.50,50.50
18/08/2020,50.50,50.50,50.50,0.00 (0.00 %)," ",0,0,0,0,50.50,50.50,50.50,50.50
17/08/2020,50.50,50.50,50.50,0.00 (0.00 %)," ",0,0,0,0,50.50,50.5,50.50,50.50
14/08/2020,50.50,50.50,50.50,0.00 (0.00 %)," ",0,0,0,0,50.50,50.50,50.50,50.50
13/08/2020,50.50,50.50,50.50,0.00 (0.00 %)," ",0,0,0,0,50.50,50.5,50.50,50.50
12/08/2020,50.50,50.50,50.50,0.00 (0.00 %)," ",0,0,0,0,50.50,50.50,50.50,50.50
11/08/2020,50.50,50.50,50.50,0.00 (0.00 %)," ",0,0,0,0,50.50,50.5,50.50,50.50
10/08/2020,50.50,50.50,50.50,0.00 (0.00 %)," ",0,0,0,0,50.50,50.50,50.50,50.50
07/08/2020,50.50,50.50,50.50,0.00 (0.00 %)," ",0,0,0,0,50.50,50.5,50.50,50.50
06/08/2020,50.50,50.50,50.50,0.00 (0.00 %)," ",0,0,0,0,50.50,50.50,50.50,50.50
05/08/2020,50.50,50.50,50.50,2.50 (5.21 %)," ",100,"5,050,000",0,0,48.00,50.5,50.50,50.50
04/08/2020,48.00,48.00,48.00,0.00 (0.00 %)," ",0,0,0,0,48.00,48.00,48.00,48.00
03/08/2020,48.00,48.00,48.00,0.00 (0.00 %)," ",0,0,0,0,48.00,48.0,48.00,48.00
31/07/2020,48.00,48.00,48.00,0.00 (0.00 %)," ",0,0,0,0,48.00,48.00,48.00,48.00
30/07/2020,48.00,48.00,48.00,0.00 (0.00 %)," ",0,0,0,0,48.00,48.0,48.00,48.00
29/07/2020,48.00,48.00,48.00,0.00 (0.00 %)," ",0,0,0,0,48.00,48.00,48.00,48.00
28/07/2020,48.00,48.00,48.00,0.00 (0.00 %)," ",0,0,0,0,48.00,48.0,48.00,48.00
27/07/2020,48.00,48.00,48.00,0.00 (0.00 %)," ",0,0,0,0,48.00,48.00,48.00,48.00
24/07/2020,48.00,48.00,48.00,0.00 (0.00 %)," ",0,0,0,0,48.00,48.0,48.00,48.00
23/07/2020,48.00,48.00,48.00,0.00 (0.00 %)," ",0,0,0,0,48.00,48.00,48.00,48.00
22/07/2020,48.00,48.00,48.00,0.00 (0.00 %)," ",0,0,0,0,48.00,48.0,48.00,48.00
21/07/2020,48.00,48.00,48.00,0.00 (0.00 %)," ",0,0,0,0,48.00,48.00,48.00,48.00
20/07/2020,48.00,48.00,48.00,0.00 (0.00 %)," ",0,0,0,0,48.00,48.0,48.00,48.00
17/07/2020,48.00,48.00,48.00,0.00 (0.00 %)," ",0,0,0,0,48.00,48.00,48.00,48.00
16/07/2020,48.00,48.00,48.00,0.00 (0.00 %)," ",0,0,0,0,48.00,48.0,48.00,48.00
15/07/2020,48.00,48.00,48.00,0.00 (0.00 %)," ",0,0,0,0,48.00,48.00,48.00,48.00
14/07/2020,48.00,48.00,48.00,0.00 (0.00 %)," ",0,0,0,0,48.00,48.0,48.00,48.00
13/07/2020,48.00,48.00,48.00,0.00 (0.00 %)," ",0,0,0,0,48.00,48.00,48.00,48.00
10/07/2020,48.00,48.00,48.00,0.00 (0.00 %)," ",0,0,0,0,48.00,48.0,48.00,48.00
09/07/2020,48.00,48.00,48.00,0.00 (0.00 %)," ",0,0,0,0,48.00,48.00,48.00,48.00
08/07/2020,48.00,48.00,48.00,0.00 (0.00 %)," ",0,0,0,0,48.00,48.0,48.00,48.00
07/07/2020,48.00,48.00,48.00,0.00 (0.00 %)," ",0,0,0,0,48.00,48.00,48.00,48.00
06/07/2020,48.00,48.00,48.00,0.00 (0.00 %)," ",0,0,0,0,48.00,48.0,48.00,48.00
03/07/2020,48.00,48.00,48.00,0.00 (0.00 %)," ",0,0,0,0,48.00,48.00,48.00,48.00
02/07/2020,48.00,48.00,48.00,0.00 (0.00 %)," ",0,0,0,0,48.00,48.0,48.00,48.00
01/07/2020,48.00,48.00,48.00,0.00 (0.00 %)," ",0,0,0,0,48.00,48.00,48.00,48.00
30/06/2020,48.00,48.00,48.00,0.00 (0.00 %)," ",0,0,0,0,48.00,48.0,48.00,48.00
29/06/2020,48.00,48.00,48.00,0.00 (0.00 %)," ",0,0,0,0,48.00,48.00,48.00,48.00
26/06/2020,48.00,48.00,48.00,0.00 (0.00 %)," ",0,0,0,0,48.00,48.0,48.00,48.00
25/06/2020,48.00,48.00,48.00,0.00 (0.00 %)," ",0,0,0,0,48.00,48.00,48.00,48.00
24/06/2020,48.00,48.00,48.00,0.00 (0.00 %)," ",0,0,0,0,48.00,48.0,48.00,48.00
23/06/2020,48.00,48.00,48.00,0.00 (0.00 %)," ",0,0,0,0,48.00,48.00,48.00,48.00
22/06/2020,48.00,48.00,48.00,0.00 (0.00 %)," ",0,0,0,0,48.00,48.0,48.00,48.00
19/06/2020,48.00,48.00,48.00,0.00 (0.00 %)," ",0,0,0,0,48.00,48.00,48.00,48.00
18/06/2020,48.00,48.00,48.00,0.00 (0.00 %)," ",0,0,0,0,48.00,48.0,48.00,48.00
17/06/2020,48.00,48.00,48.00,0.00 (0.00 %)," ",0,0,0,0,48.00,48.00,48.00,48.00
16/06/2020,48.00,48.00,48.00,0.00 (0.00 %)," ",0,0,0,0,48.00,48.0,48.00,48.00
15/06/2020,48.00,48.00,48.00,0.00 (0.00 %)," ",0,0,0,0,48.00,48.00,48.00,48.00
12/06/2020,48.00,48.00,48.00,0.00 (0.00 %)," ",0,0,0,0,48.00,48.0,48.00,48.00
11/06/2020,48.00,48.00,48.00,0.00 (0.00 %)," ",0,0,0,0,48.00,48.00,48.00,48.00
10/06/2020,48.00,48.00,48.00,0.00 (0.00 %)," ",0,0,0,0,48.00,48.0,48.00,48.00
09/06/2020,48.00,48.00,48.00,0.00 (0.00 %)," ",0,0,0,0,48.00,48.00,48.00,48.00
08/06/2020,48.00,48.00,48.00,0.00 (0.00 %)," ",0,0,0,0,48.00,48.0,48.00,48.00
05/06/2020,48.00,48.00,48.00,3.40 (7.62 %)," ",100,"4,800,000",0,0,44.60,48.00,48.00,48.00
04/06/2020,44.60,44.60,44.60,0.00 (0.00 %)," ",0,0,0,0,44.60,44.6,44.60,44.60
03/06/2020,44.60,44.60,44.60,0.00 (0.00 %)," ",0,0,0,0,44.60,44.60,44.60,44.60
02/06/2020,44.60,44.60,44.60,0.00 (0.00 %)," ",0,0,0,0,44.60,44.6,44.60,44.60
01/06/2020,44.60,44.60,44.60,0.00 (0.00 %)," ",0,0,0,0,44.60,44.60,44.60,44.60
29/05/2020,44.60,44.60,44.60,0.00 (0.00 %)," ",0,0,0,0,44.60,44.6,44.60,44.60
28/05/2020,44.60,44.60,44.60,0.00 (0.00 %)," ",0,0,0,0,44.60,44.60,44.60,44.60
27/05/2020,44.60,44.60,44.60,0.00 (0.00 %)," ",0,0,0,0,44.60,44.6,44.60,44.60
26/05/2020,44.60,44.60,44.60,0.00 (0.00 %)," ",0,0,0,0,44.60,44.60,44.60,44.60
25/05/2020,44.60,44.60,44.60,0.00 (0.00 %)," ",0,0,0,0,44.60,44.6,44.60,44.60
22/05/2020,44.60,44.60,44.60,0.00 (0.00 %)," ",0,0,0,0,44.60,44.60,44.60,44.60
21/05/2020,44.60,44.60,44.60,0.00 (0.00 %)," ",0,0,0,0,44.60,44.6,44.60,44.60
20/05/2020,44.60,44.60,44.60,0.00 (0.00 %)," ",0,0,0,0,44.60,44.60,44.60,44.60
19/05/2020,44.60,44.60,44.60,0.00 (0.00 %)," ",0,0,0,0,44.60,44.6,44.60,44.60
18/05/2020,44.60,44.60,44.60,0.00 (0.00 %)," ",0,0,0,0,44.60,44.60,44.60,44.60
15/05/2020,44.60,44.60,44.60,0.00 (0.00 %)," ",0,0,0,0,44.60,44.6,44.60,44.60
14/05/2020,44.60,44.60,44.60,0.00 (0.00 %)," ",0,0,0,0,44.60,44.60,44.60,44.60
13/05/2020,44.60,44.60,44.60,0.00 (0.00 %)," ",0,0,0,0,44.60,44.6,44.60,44.60
12/05/2020,44.60,44.60,44.60,0.00 (0.00 %)," ",0,0,0,0,44.60,44.60,44.60,44.60
11/05/2020,44.60,44.60,44.60,0.00 (0.00 %)," ",0,0,0,0,44.60,44.6,44.60,44.60
08/05/2020,44.60,44.60,44.60,0.00 (0.00 %)," ",0,0,0,0,44.60,44.60,44.60,44.60
07/05/2020,44.60,44.60,44.60,0.00 (0.00 %)," ",0,0,0,0,44.60,44.6,44.60,44.60
06/05/2020,44.60,44.60,44.60,0.00 (0.00 %)," ",0,0,0,0,44.60,44.60,44.60,44.60
05/05/2020,44.60,44.60,44.60,0.00 (0.00 %)," ",0,0,0,0,44.60,44.6,44.60,44.60
04/05/2020,44.60,44.60,44.60,0.00 (0.00 %)," ",0,0,0,0,44.60,44.60,44.60,44.60
29/04/2020,44.60,44.60,44.60,0.00 (0.00 %)," ",0,0,0,0,44.60,44.6,44.60,44.60
28/04/2020,44.60,44.60,44.60,0.00 (0.00 %)," ",0,0,0,0,44.60,44.60,44.60,44.60
27/04/2020,44.60,44.60,44.60,0.00 (0.00 %)," ",0,0,0,0,44.60,44.6,44.60,44.60
24/04/2020,44.60,44.60,44.60,0.00 (0.00 %)," ",0,0,0,0,44.60,44.60,44.60,44.60
23/04/2020,44.60,44.60,44.60,0.00 (0.00 %)," ",0,0,0,0,44.60,44.6,44.60,44.60
22/04/2020,44.60,44.60,44.60,0.00 (0.00 %)," ",0,0,0,0,44.60,44.60,44.60,44.60
21/04/2020,44.60,44.60,44.60,0.00 (0.00 %)," ",0,0,0,0,44.60,44.6,44.60,44.60
20/04/2020,44.60,44.60,44.60,0.00 (0.00 %)," ",0,0,0,0,44.60,44.60,44.60,44.60
17/04/2020,44.60,44.60,44.60,0.00 (0.00 %)," ",0,0,0,0,44.60,44.6,44.60,44.60
16/04/2020,44.60,44.60,44.60,0.00 (0.00 %)," ",0,0,0,0,44.60,44.60,44.60,44.60
15/04/2020,44.60,44.60,44.60,0.00 (0.00 %)," ",0,0,0,0,44.60,44.6,44.60,44.60
14/04/2020,44.60,44.60,44.60,0.00 (0.00 %)," ",0,0,0,0,44.60,44.60,44.60,44.60
13/04/2020,44.60,44.60,44.60,0.00 (0.00 %)," ",0,0,0,0,44.60,44.6,44.60,44.60
10/04/2020,44.60,44.60,44.60,0.00 (0.00 %)," ",0,0,0,0,44.60,44.60,44.60,44.60
09/04/2020,44.60,44.60,44.60,0.00 (0.00 %)," ",0,0,0,0,44.60,44.6,44.60,44.60
08/04/2020,44.60,44.60,44.60,0.00 (0.00 %)," ",0,0,0,0,44.60,44.60,44.60,44.60
07/04/2020,44.60,44.60,44.60,0.00 (0.00 %)," ",0,0,0,0,44.60,44.6,44.60,44.60
06/04/2020,44.60,44.60,44.60,0.00 (0.00 %)," ",0,0,0,0,44.60,44.60,44.60,44.60
03/04/2020,44.60,44.60,44.60,0.00 (0.00 %)," ",0,0,0,0,44.60,44.6,44.60,44.60
01/04/2020,44.60,44.60,44.60,0.00 (0.00 %)," ",0,0,0,0,44.60,44.60,44.60,44.60
31/03/2020,44.60,44.60,44.60,0.00 (0.00 %)," ",0,0,0,0,44.60,44.6,44.60,44.60
30/03/2020,44.60,44.60,44.60,0.00 (0.00 %)," ",0,0,0,0,44.60,44.60,44.60,44.60
27/03/2020,44.60,44.60,44.60,0.00 (0.00 %)," ",0,0,0,0,44.60,44.6,44.60,44.60
26/03/2020,44.60,44.60,44.60,0.00 (0.00 %)," ",0,0,0,0,44.60,44.60,44.60,44.60
25/03/2020,44.60,44.60,44.60,0.00 (0.00 %)," ",0,0,0,0,44.60,44.6,44.60,44.60
24/03/2020,44.60,44.60,44.60,0.00 (0.00 %)," ",0,0,0,0,44.60,44.60,44.60,44.60
23/03/2020,44.60,44.60,44.60,0.00 (0.00 %)," ",0,0,0,0,44.60,44.6,44.60,44.60
20/03/2020,44.60,44.60,44.60,0.00 (0.00 %)," ",0,0,0,0,44.60,44.60,44.60,44.60
19/03/2020,44.60,44.60,44.60,0.00 (0.00 %)," ",0,0,0,0,44.60,44.6,44.60,44.60
18/03/2020,44.60,44.60,44.60,0.00 (0.00 %)," ",0,0,0,0,44.60,44.60,44.60,44.60
17/03/2020,44.60,44.60,44.60,0.00 (0.00 %)," ",0,0,0,0,44.60,44.6,44.60,44.60
16/03/2020,44.60,44.60,44.60,0.00 (0.00 %)," ",0,0,0,0,44.60,44.60,44.60,44.60
13/03/2020,44.60,44.60,44.60,0.00 (0.00 %)," ",0,0,0,0,44.60,44.6,44.60,44.60
12/03/2020,44.60,44.60,44.60,0.00 (0.00 %)," ",0,0,0,0,44.60,44.60,44.60,44.60
11/03/2020,44.60,44.60,44.60,0.00 (0.00 %)," ",0,0,0,0,44.60,44.6,44.60,44.60
10/03/2020,44.60,44.60,44.60,0.00 (0.00 %)," ",0,0,0,0,44.60,44.60,44.60,44.60
09/03/2020,44.60,44.60,44.60,0.00 (0.00 %)," ",0,0,0,0,44.60,44.6,44.60,44.60
06/03/2020,44.60,44.60,44.60,0.00 (0.00 %)," ",0,0,0,0,44.60,44.60,44.60,44.60
05/03/2020,44.60,44.60,44.60,0.00 (0.00 %)," ",0,0,0,0,44.60,44.6,44.60,44.60
04/03/2020,44.60,44.60,44.60,0.00 (0.00 %)," ",0,0,0,0,44.60,44.60,44.60,44.60
03/03/2020,44.60,44.60,44.60,0.00 (0.00 %)," ",0,0,0,0,44.60,44.6,44.60,44.60
02/03/2020,44.60,44.60,44.60,0.00 (0.00 %)," ",0,0,0,0,44.60,44.60,44.60,44.60
28/02/2020,44.60,44.60,44.60,0.00 (0.00 %)," ",0,0,0,0,44.60,44.6,44.60,44.60
27/02/2020,44.60,44.60,44.60,0.00 (0.00 %)," ",0,0,0,0,44.60,44.60,44.60,44.60
26/02/2020,44.60,44.60,44.60,0.00 (0.00 %)," ",0,0,0,0,44.60,44.6,44.60,44.60
25/02/2020,44.60,44.60,44.60,0.00 (0.00 %)," ",0,0,0,0,44.60,44.60,44.60,44.60
24/02/2020,44.60,44.60,44.60,0.00 (0.00 %)," ",0,0,0,0,44.60,44.6,44.60,44.60
21/02/2020,44.60,44.60,44.60,0.00 (0.00 %)," ",0,0,0,0,44.60,44.60,44.60,44.60
20/02/2020,44.60,44.60,44.60,0.00 (0.00 %)," ",0,0,0,0,44.60,44.6,44.60,44.60
19/02/2020,44.60,44.60,44.60,0.00 (0.00 %)," ",0,0,0,0,44.60,44.60,44.60,44.60
18/02/2020,44.60,44.60,44.60,0.00 (0.00 %)," ",0,0,0,0,44.60,44.6,44.60,44.60
17/02/2020,44.60,44.60,44.60,0.00 (0.00 %)," ",0,0,0,0,44.60,44.60,44.60,44.60
14/02/2020,44.60,44.60,44.60,0.00 (0.00 %)," ",0,0,0,0,44.60,44.6,44.60,44.60
13/02/2020,44.60,44.60,44.60,0.00 (0.00 %)," ",0,0,0,0,44.60,44.60,44.60,44.60
12/02/2020,44.60,44.60,44.60,0.00 (0.00 %)," ",0,0,0,0,44.60,44.6,44.60,44.60
11/02/2020,44.60,44.60,44.60,0.00 (0.00 %)," ",0,0,0,0,44.60,44.60,44.60,44.60
10/02/2020,44.60,44.60,44.60,0.00 (0.00 %)," ",0,0,0,0,44.60,44.6,44.60,44.60
07/02/2020,44.60,44.60,44.60,0.00 (0.00 %)," ",0,0,0,0,44.60,44.60,44.60,44.60
06/02/2020,44.60,44.60,44.60,0.00 (0.00 %)," ",0,0,0,0,44.60,44.6,44.60,44.60
05/02/2020,44.60,44.60,44.60,0.00 (0.00 %)," ",0,0,0,0,44.60,44.60,44.60,44.60
04/02/2020,44.60,44.60,44.60,0.00 (0.00 %)," ",0,0,0,0,44.60,44.6,44.60,44.60
03/02/2020,44.60,44.60,44.60,0.00 (0.00 %)," ",0,0,0,0,44.60,44.60,44.60,44.60
31/01/2020,44.60,44.60,44.60,0.00 (0.00 %)," ",0,0,0,0,44.60,44.6,44.60,44.60
30/01/2020,44.60,44.60,44.60,0.00 (0.00 %)," ",0,0,0,0,44.60,44.60,44.60,44.60
22/01/2020,44.60,44.60,44.60,0.00 (0.00 %)," ",0,0,0,0,44.60,44.6,44.60,44.60
21/01/2020,44.60,44.60,44.60,0.00 (0.00 %)," ",0,0,0,0,44.60,44.60,44.60,44.60
20/01/2020,44.60,44.60,44.60,0.00 (0.00 %)," ",0,0,0,0,44.60,44.6,44.60,44.60
17/01/2020,44.60,44.60,44.60,0.00 (0.00 %)," ",0,0,0,0,44.60,44.60,44.60,44.60
16/01/2020,44.60,44.60,44.60,0.00 (0.00 %)," ",0,0,0,0,44.60,44.6,44.60,44.60
15/01/2020,44.60,44.60,44.60,0.00 (0.00 %)," ",0,0,0,0,44.60,44.60,44.60,44.60
14/01/2020,44.60,44.60,44.60,0.00 (0.00 %)," ",0,0,0,0,44.60,44.6,44.60,44.60
13/01/2020,44.60,44.60,44.60,0.00 (0.00 %)," ",0,0,0,0,44.60,44.60,44.60,44.60
10/01/2020,44.60,44.60,44.60,0.00 (0.00 %)," ",0,0,0,0,44.60,44.6,44.60,44.60
09/01/2020,44.60,44.60,44.60,0.00 (0.00 %)," ",0,0,0,0,44.60,44.60,44.60,44.60
08/01/2020,44.60,44.60,44.60,0.00 (0.00 %)," ",0,0,0,0,44.60,44.6,44.60,44.60
07/01/2020,44.60,44.60,44.60,0.00 (0.00 %)," ",0,0,0,0,44.60,44.60,44.60,44.60
06/01/2020,44.60,44.60,44.60,0.00 (0.00 %)," ",0,0,0,0,44.60,44.6,44.60,44.60
03/01/2020,44.60,44.60,44.60,0.00 (0.00 %)," ",0,0,0,0,44.60,44.60,44.60,44.60
02/01/2020,44.60,44.60,44.60,0.00 (0.00 %)," ",0,0,0,0,44.60,44.6,44.60,44.60
31/12/2019,44.60,44.60,44.60,0.00 (0.00 %)," ",0,0,0,0,44.60,44.60,44.60,44.60
30/12/2019,44.60,44.60,44.60,0.00 (0.00 %)," ",0,0,0,0,44.60,44.6,44.60,44.60
27/12/2019,44.60,44.60,44.60,0.00 (0.00 %)," ",0,0,0,0,44.60,44.60,44.60,44.60
26/12/2019,44.60,44.60,44.60,0.00 (0.00 %)," ",0,0,0,0,44.60,44.6,44.60,44.60
25/12/2019,44.60,44.60,44.60,0.00 (0.00 %)," ",0,0,0,0,44.60,44.60,44.60,44.60
24/12/2019,44.60,44.60,44.60,0.00 (0.00 %)," ",0,0,0,0,44.60,44.6,44.60,44.60
23/12/2019,44.60,44.60,44.60,0.00 (0.00 %)," ",0,0,0,0,44.60,44.60,44.60,44.60
20/12/2019,44.60,44.60,44.60,0.00 (0.00 %)," ",0,0,0,0,44.60,44.6,44.60,44.60
19/12/2019,44.60,44.60,44.60,0.00 (0.00 %)," ",0,0,0,0,44.60,44.60,44.60,44.60
18/12/2019,44.60,44.60,44.60,0.00 (0.00 %)," ",0,0,0,0,44.60,44.6,44.60,44.60
17/12/2019,44.60,44.60,44.60,0.00 (0.00 %)," ",0,0,0,0,44.60,44.60,44.60,44.60
16/12/2019,44.60,44.60,44.60,0.00 (0.00 %)," ",0,0,0,0,44.60,44.6,44.60,44.60
13/12/2019,44.60,44.60,44.60,0.00 (0.00 %)," ",0,0,0,0,44.60,44.60,44.60,44.60
12/12/2019,44.60,44.60,44.60,0.00 (0.00 %)," ",0,0,0,0,44.60,44.6,44.60,44.60
11/12/2019,44.60,44.60,44.60,0.00 (0.00 %)," ",0,0,0,0,44.60,44.60,44.60,44.60
10/12/2019,44.60,44.60,44.60,0.00 (0.00 %)," ",0,0,0,0,44.60,44.6,44.60,44.60
09/12/2019,44.60,44.60,44.60,0.00 (0.00 %)," ",0,0,0,0,44.60,44.60,44.60,44.60
06/12/2019,44.60,44.60,44.60,0.00 (0.00 %)," ",0,0,0,0,44.60,44.6,44.60,44.60
05/12/2019,44.60,44.60,44.60,0.00 (0.00 %)," ",0,0,0,0,44.60,44.60,44.60,44.60
04/12/2019,44.60,44.60,44.60,0.00 (0.00 %)," ",0,0,0,0,44.60,44.6,44.60,44.60
03/12/2019,44.60,44.60,44.60,0.00 (0.00 %)," ",0,0,0,0,44.60,44.60,44.60,44.60
02/12/2019,44.60,44.60,44.60,0.00 (0.00 %)," ",0,0,0,0,44.60,44.6,44.60,44.60
29/11/2019,44.60,44.60,44.60,0.00 (0.00 %)," ",0,0,0,0,44.60,44.60,44.60,44.60
28/11/2019,44.60,44.60,44.60,0.00 (0.00 %)," ",0,0,0,0,44.60,44.6,44.60,44.60
27/11/2019,44.60,44.60,44.60,0.00 (0.00 %)," ",0,0,0,0,44.60,44.60,44.60,44.60
26/11/2019,44.60,44.60,44.60,0.00 (0.00 %)," ",0,0,0,0,44.60,44.6,44.60,44.60
25/11/2019,44.60,44.60,44.60,0.00 (0.00 %)," ",0,0,0,0,44.60,44.60,44.60,44.60
22/11/2019,44.60,44.60,44.60,0.00 (0.00 %)," ",0,0,0,0,44.60,44.6,44.60,44.60
21/11/2019,44.60,44.60,44.60,0.00 (0.00 %)," ",0,0,0,0,44.60,44.60,44.60,44.60
20/11/2019,44.60,44.60,44.60,0.00 (0.00 %)," ",0,0,0,0,44.60,44.6,44.60,44.60
19/11/2019,44.60,44.60,44.60,0.00 (0.00 %)," ",0,0,0,0,44.60,44.60,44.60,44.60
18/11/2019,44.60,44.60,44.60,-4.90 (-9.90 %)," ",100,"4,460,000",0,0,49.50,44.6,44.60,44.60
15/11/2019,49.50,49.50,49.50,0.00 (0.00 %)," ",0,0,0,0,49.50,49.50,49.50,49.50
14/11/2019,49.50,49.50,49.50,0.00 (0.00 %)," ",0,0,0,0,49.50,49.5,49.50,49.50
13/11/2019,49.50,49.50,49.50,0.00 (0.00 %)," ",0,0,0,0,49.50,49.50,49.50,49.50
12/11/2019,49.50,49.50,49.50,0.00 (0.00 %)," ",0,0,0,0,49.50,49.5,49.50,49.50
11/11/2019,49.50,49.50,49.50,0.00 (0.00 %)," ",0,0,0,0,49.50,49.50,49.50,49.50
08/11/2019,49.50,49.50,49.50,0.00 (0.00 %)," ",0,0,0,0,49.50,49.5,49.50,49.50
07/11/2019,49.50,49.50,49.50,0.00 (0.00 %)," ",0,0,0,0,49.50,49.50,49.50,49.50
06/11/2019,49.50,49.50,49.50,0.00 (0.00 %)," ",0,0,0,0,49.50,49.5,49.50,49.50
05/11/2019,49.50,49.50,49.50,0.00 (0.00 %)," ",0,0,0,0,49.50,49.50,49.50,49.50
04/11/2019,49.50,49.50,49.50,0.00 (0.00 %)," ",0,0,0,0,49.50,49.5,49.50,49.50
01/11/2019,49.50,49.50,49.50,0.00 (0.00 %)," ",0,0,0,0,49.50,49.50,49.50,49.50
31/10/2019,49.50,49.50,49.50,0.00 (0.00 %)," ",0,0,0,0,49.50,49.5,49.50,49.50
30/10/2019,49.50,49.50,49.50,0.00 (0.00 %)," ",0,0,0,0,49.50,49.50,49.50,49.50
29/10/2019,49.50,49.50,49.50,0.00 (0.00 %)," ",0,0,0,0,49.50,49.5,49.50,49.50
28/10/2019,49.50,49.50,49.50,0.00 (0.00 %)," ",0,0,0,0,49.50,49.50,49.50,49.50
25/10/2019,49.50,49.50,49.50,0.00 (0.00 %)," ",0,0,0,0,49.50,49.5,49.50,49.50
24/10/2019,49.50,49.50,49.50,0.00 (0.00 %)," ",0,0,0,0,49.50,49.50,49.50,49.50
23/10/2019,49.50,49.50,49.50,0.00 (0.00 %)," ",0,0,0,0,49.50,49.5,49.50,49.50
22/10/2019,49.50,49.50,49.50,0.00 (0.00 %)," ",0,0,0,0,49.50,49.50,49.50,49.50
21/10/2019,49.50,49.50,49.50,0.00 (0.00 %)," ",0,0,0,0,49.50,49.5,49.50,49.50
18/10/2019,49.50,49.50,49.50,0.00 (0.00 %)," ",0,0,0,0,49.50,49.50,49.50,49.50
17/10/2019,49.50,49.50,49.50,0.00 (0.00 %)," ",0,0,0,0,49.50,49.5,49.50,49.50
16/10/2019,49.50,49.50,49.50,0.00 (0.00 %)," ",0,0,0,0,49.50,49.50,49.50,49.50
15/10/2019,49.50,49.50,49.50,0.00 (0.00 %)," ",0,0,0,0,49.50,49.5,49.50,49.50
14/10/2019,49.50,49.50,49.50,0.00 (0.00 %)," ",0,0,0,0,49.50,49.50,49.50,49.50
11/10/2019,49.50,49.50,49.50,0.00 (0.00 %)," ",0,0,0,0,49.50,49.5,49.50,49.50
10/10/2019,49.50,49.50,49.50,0.00 (0.00 %)," ",0,0,0,0,49.50,49.50,49.50,49.50
09/10/2019,49.50,49.50,49.50,0.00 (0.00 %)," ",0,0,0,0,49.50,49.5,49.50,49.50
08/10/2019,49.50,49.50,49.50,0.00 (0.00 %)," ",0,0,0,0,49.50,49.50,49.50,49.50
07/10/2019,49.50,49.50,49.50,0.00 (0.00 %)," ",0,0,0,0,49.50,49.5,49.50,49.50
04/10/2019,49.50,49.50,49.50,0.00 (0.00 %)," ",0,0,0,0,49.50,49.50,49.50,49.50
03/10/2019,49.50,49.50,49.50,-5.50 (-10.00 %)," ","1,000","49,500,000",0,0,55.00,49.5,49.50,49.50
02/10/2019,55.00,55.00,55.00,3.00 (5.77 %)," ",400,"22,000,000",0,0,52.00,55.00,55.00,55.00
01/10/2019,52.00,52.00,52.00,0.00 (0.00 %)," ",0,0,0,0,52.00,52.0,52.00,52.00
30/09/2019,52.00,52.00,52.00,0.00 (0.00 %)," ",0,0,0,0,52.00,52.00,52.00,52.00
27/09/2019,52.00,52.00,52.00,0.00 (0.00 %)," ",0,0,0,0,52.00,52.0,52.00,52.00
26/09/2019,52.00,52.00,52.00,0.00 (0.00 %)," ",0,0,0,0,52.00,52.00,52.00,52.00
25/09/2019,52.00,52.00,52.00,0.00 (0.00 %)," ",0,0,0,0,52.00,52.0,52.00,52.00
24/09/2019,52.00,52.00,52.00,0.00 (0.00 %)," ",0,0,0,0,52.00,52.00,52.00,52.00
23/09/2019,52.00,52.00,52.00,0.00 (0.00 %)," ",0,0,0,0,52.00,52.0,52.00,52.00
20/09/2019,52.00,52.00,52.00,0.00 (0.00 %)," ",0,0,0,0,52.00,52.00,52.00,52.00
19/09/2019,52.00,52.00,52.00,0.00 (0.00 %)," ",0,0,0,0,52.00,52.0,52.00,52.00
18/09/2019,52.00,52.00,52.00,0.00 (0.00 %)," ",0,0,0,0,52.00,52.00,52.00,52.00
17/09/2019,52.00,52.00,52.00,0.00 (0.00 %)," ",0,0,0,0,52.00,52.0,52.00,52.00
16/09/2019,52.00,52.00,52.00,0.00 (0.00 %)," ",0,0,0,0,52.00,52.00,52.00,52.00
13/09/2019,52.00,52.00,52.00,0.00 (0.00 %)," ",0,0,0,0,52.00,52.0,52.00,52.00
12/09/2019,52.00,52.00,52.00,0.00 (0.00 %)," ",0,0,0,0,52.00,52.00,52.00,52.00
11/09/2019,52.00,52.00,52.00,0.00 (0.00 %)," ",0,0,0,0,52.00,52.0,52.00,52.00
10/09/2019,52.00,52.00,52.00,0.00 (0.00 %)," ",0,0,0,0,52.00,52.00,52.00,52.00
09/09/2019,52.00,52.00,52.00,0.00 (0.00 %)," ",0,0,0,0,52.00,52.0,52.00,52.00
06/09/2019,52.00,52.00,52.00,0.00 (0.00 %)," ",0,0,0,0,52.00,52.00,52.00,52.00
05/09/2019,52.00,52.00,52.00,0.00 (0.00 %)," ",0,0,0,0,52.00,52.0,52.00,52.00
04/09/2019,52.00,52.00,52.00,0.00 (0.00 %)," ",0,0,0,0,52.00,52.00,52.00,52.00
03/09/2019,52.00,52.00,52.00,0.00 (0.00 %)," ",0,0,0,0,52.00,52.0,52.00,52.00
30/08/2019,52.00,52.00,52.00,0.00 (0.00 %)," ",0,0,0,0,52.00,52.00,52.00,52.00
29/08/2019,52.00,52.00,52.00,0.00 (0.00 %)," ",0,0,0,0,52.00,52.0,52.00,52.00
28/08/2019,52.00,52.00,52.00,0.00 (0.00 %)," ",0,0,0,0,52.00,52.00,52.00,52.00
27/08/2019,52.00,52.00,52.00,0.00 (0.00 %)," ",100,"5,200,000",0,0,52.00,52.0,52.00,52.00
26/08/2019,52.00,52.00,52.00,0.00 (0.00 %)," ",0,0,0,0,52.00,52.00,52.00,52.00
23/08/2019,52.00,52.00,52.00,0.00 (0.00 %)," ",0,0,0,0,52.00,52.0,52.00,52.00
22/08/2019,52.00,52.00,52.00,0.00 (0.00 %)," ",0,0,0,0,52.00,52.00,52.00,52.00
21/08/2019,52.00,52.00,52.00,0.00 (0.00 %)," ",0,0,0,0,52.00,52.0,52.00,52.00
20/08/2019,52.00,52.00,52.00,0.00 (0.00 %)," ",0,0,0,0,52.00,52.00,52.00,52.00
19/08/2019,52.00,52.00,52.00,0.00 (0.00 %)," ",0,0,0,0,52.00,52.0,52.00,52.00
16/08/2019,52.00,52.00,52.00,3.00 (6.12 %)," ",100,"5,200,000",0,0,49.00,52.00,52.00,52.00
15/08/2019,49.00,49.00,49.00,0.00 (0.00 %)," ",0,0,0,0,49.00,49.0,49.00,49.00
14/08/2019,49.00,49.00,49.00,0.00 (0.00 %)," ",0,0,0,0,49.00,49.00,49.00,49.00
13/08/2019,49.00,49.00,49.00,0.00 (0.00 %)," ",0,0,0,0,49.00,49.0,49.00,49.00
12/08/2019,49.00,49.00,49.00,0.00 (0.00 %)," ",0,0,0,0,49.00,49.00,49.00,49.00
09/08/2019,49.00,49.00,49.00,0.00 (0.00 %)," ",0,0,0,0,49.00,49.0,49.00,49.00
08/08/2019,49.00,49.00,49.00,0.00 (0.00 %)," ",0,0,0,0,49.00,49.00,49.00,49.00
07/08/2019,49.00,49.00,49.00,0.00 (0.00 %)," ",0,0,0,0,49.00,49.0,49.00,49.00
06/08/2019,49.00,49.00,49.00,0.00 (0.00 %)," ",0,0,0,0,49.00,49.00,49.00,49.00
05/08/2019,49.00,49.00,49.00,0.00 (0.00 %)," ",0,0,0,0,49.00,49.0,49.00,49.00
02/08/2019,49.00,49.00,49.00,0.00 (0.00 %)," ",0,0,0,0,49.00,49.00,49.00,49.00
01/08/2019,49.00,49.00,49.00,0.00 (0.00 %)," ",0,0,0,0,49.00,49.0,49.00,49.00
31/07/2019,49.00,49.00,49.00,0.00 (0.00 %)," ",0,0,0,0,49.00,49.00,49.00,49.00
30/07/2019,49.00,49.00,49.00,0.00 (0.00 %)," ",0,0,0,0,49.00,49.0,49.00,49.00
29/07/2019,49.00,49.00,49.00,0.00 (0.00 %)," ",0,0,0,0,49.00,49.00,49.00,49.00
26/07/2019,49.00,49.00,49.00,0.00 (0.00 %)," ",0,0,0,0,49.00,49.0,49.00,49.00
25/07/2019,49.00,49.00,49.00,3.00 (6.52 %)," ",200,"9,900,000",0,0,46.00,50.00,50.00,49.00
24/07/2019,46.00,46.00,46.00,0.00 (0.00 %)," ",0,0,0,0,46.00,46.0,46.00,46.00
23/07/2019,46.00,46.00,46.00,0.00 (0.00 %)," ",0,0,0,0,46.00,46.00,46.00,46.00
22/07/2019,46.00,46.00,46.00,0.00 (0.00 %)," ",0,0,0,0,46.00,46.0,46.00,46.00
19/07/2019,46.00,46.00,46.00,0.00 (0.00 %)," ",0,0,0,0,46.00,46.00,46.00,46.00
18/07/2019,46.00,46.00,46.00,3.50 (8.24 %)," ",100,"4,600,000",0,0,42.50,46.0,46.00,46.00
17/07/2019,42.50,42.50,42.50,3.50 (8.97 %)," ",100,"4,250,000",0,0,39.00,42.50,42.50,42.50
16/07/2019,39.00,39.00,39.00,0.00 (0.00 %)," ",0,0,0,0,39.00,39.0,39.00,39.00
15/07/2019,39.00,39.00,39.00,0.00 (0.00 %)," ",0,0,0,0,39.00,39.00,39.00,39.00
12/07/2019,39.00,39.00,39.00,0.00 (0.00 %)," ",0,0,0,0,39.00,39.0,39.00,39.00
11/07/2019,39.00,39.00,39.00,0.00 (0.00 %)," ",0,0,0,0,39.00,39.00,39.00,39.00
10/07/2019,39.00,39.00,39.00,0.00 (0.00 %)," ",0,0,0,0,39.00,39.0,39.00,39.00
09/07/2019,39.00,39.00,39.00,0.00 (0.00 %)," ",0,0,0,0,39.00,39.00,39.00,39.00
08/07/2019,39.00,39.00,39.00,0.00 (0.00 %)," ",0,0,0,0,39.00,39.0,39.00,39.00
05/07/2019,39.00,39.00,39.00,0.00 (0.00 %)," ",0,0,0,0,39.00,39.00,39.00,39.00
04/07/2019,39.00,39.00,39.00,0.00 (0.00 %)," ",0,0,0,0,39.00,39.0,39.00,39.00
03/07/2019,39.00,39.00,39.00,0.00 (0.00 %)," ",0,0,0,0,39.00,39.00,39.00,39.00
02/07/2019,39.00,39.00,39.00,0.00 (0.00 %)," ",0,0,0,0,39.00,39.0,39.00,39.00
01/07/2019,39.00,39.00,39.00,0.00 (0.00 %)," ",0,0,0,0,39.00,39.00,39.00,39.00
28/06/2019,39.00,39.00,39.00,0.00 (0.00 %)," ",0,0,0,0,39.00,39.0,39.00,39.00
27/06/2019,39.00,39.00,39.00,3.40 (9.55 %)," ",200,"7,110,000",0,0,35.60,32.10,39.00,32.10
26/06/2019,35.60,35.60,35.60,-3.90 (-9.87 %)," ",200,"7,760,000",0,0,39.50,42.0,42.00,35.60
25/06/2019,39.50,39.50,39.50,0.00 (0.00 %)," ",0,0,0,0,39.50,39.50,39.50,39.50
24/06/2019,39.50,39.50,39.50,3.50 (9.72 %)," ",200,"7,190,000",0,0,36.00,32.4,39.50,32.40
21/06/2019,36.00,36.00,36.00,1.00 (2.86 %)," ",200,"6,750,000",0,0,35.00,31.50,36.00,31.50
20/06/2019,35.00,35.00,35.00,2.80 (8.70 %)," ",300,"9,300,000",0,0,32.20,29.0,35.00,29.00
19/06/2019,32.20,32.20,32.20,2.50 (8.42 %)," ",900,"26,340,000",0,0,29.70,26.80,32.40,26.80
18/06/2019,29.70,29.70,29.70,-3.30 (-10.00 %)," ",200,"5,940,000",0,0,33.00,29.7,29.70,29.70
17/06/2019,33.00,33.00,33.00,2.90 (9.63 %)," ",100,"3,300,000",0,0,30.10,33.00,33.00,33.00
14/06/2019,30.10,30.10,30.10,1.30 (4.51 %)," ",200,"6,020,000",0,0,28.80,30.1,30.10,30.10
13/06/2019,28.80,28.80,28.80,1.50 (5.49 %)," ",100,"2,880,000",0,0,27.30,28.80,28.80,28.80
12/06/2019,27.30,27.30,27.30,2.00 (7.91 %)," ",200,"5,460,000",0,0,25.30,27.3,27.30,27.30
11/06/2019,25.30,25.30,25.30,0.00 (0.00 %)," ",0,0,0,0,25.30,25.30,25.30,25.30
10/06/2019,25.30,25.30,25.30,0.00 (0.00 %)," ",0,0,0,0,25.30,25.3,25.30,25.30
07/06/2019,25.30,25.30,25.30,0.00 (0.00 %)," ",0,0,0,0,25.30,25.30,25.30,25.30
06/06/2019,25.30,25.30,25.30,0.00 (0.00 %)," ",0,0,0,0,25.30,25.3,25.30,25.30
05/06/2019,25.30,25.30,25.30,0.00 (0.00 %)," ",0,0,0,0,25.30,25.30,25.30,25.30
04/06/2019,25.30,25.30,25.30,0.00 (0.00 %)," ",0,0,0,0,25.30,25.3,25.30,25.30
03/06/2019,25.30,25.30,25.30,0.00 (0.00 %)," ",0,0,0,0,25.30,25.30,25.30,25.30
31/05/2019,25.30,25.30,25.30,2.30 (10.00 %)," ",200,"5,060,000",0,0,23.00,25.3,25.30,25.30
30/05/2019,23.00,23.00,23.00,0.00 (0.00 %)," ",0,0,0,0,23.00,23.00,23.00,23.00
29/05/2019,23.00,23.00,23.00,0.00 (0.00 %)," ",0,0,0,0,23.00,23.0,23.00,23.00
28/05/2019,23.00,23.00,23.00,0.00 (0.00 %)," ",0,0,0,0,23.00,23.00,23.00,23.00
27/05/2019,23.00,23.00,23.00,0.00 (0.00 %)," ",0,0,0,0,23.00,23.0,23.00,23.00
24/05/2019,23.00,23.00,23.00,0.00 (0.00 %)," ",0,0,0,0,23.00,23.00,23.00,23.00
23/05/2019,23.00,23.00,23.00,0.00 (0.00 %)," ",0,0,0,0,23.00,23.0,23.00,23.00
22/05/2019,23.00,23.00,23.00,0.00 (0.00 %)," ",0,0,0,0,23.00,23.00,23.00,23.00
21/05/2019,23.00,23.00,23.00,2.00 (9.52 %)," ",300,"6,800,000",0,0,21.00,22.0,23.00,22.00
20/05/2019,21.00,21.00,21.00,0.00 (0.00 %)," ",0,0,0,0,21.00,21.00,21.00,21.00
17/05/2019,21.00,21.00,21.00,0.00 (0.00 %)," ",0,0,0,0,21.00,21.0,21.00,21.00
16/05/2019,21.00,21.00,21.00,0.00 (0.00 %)," ",0,0,0,0,21.00,21.00,21.00,21.00
15/05/2019,21.00,21.00,21.00,1.00 (5.00 %)," ",100,"2,100,000",0,0,20.00,21.0,21.00,21.00
14/05/2019,20.00,20.00,20.00,0.00 (0.00 %)," ",0,0,0,0,20.00,20.00,20.00,20.00
13/05/2019,20.00,20.00,20.00,0.00 (0.00 %)," ",0,0,0,0,20.00,20.0,20.00,20.00
10/05/2019,20.00,20.00,20.00,0.00 (0.00 %)," ",0,0,0,0,20.00,20.00,20.00,20.00
09/05/2019,20.00,20.00,20.00,0.00 (0.00 %)," ",0,0,0,0,20.00,20.0,20.00,20.00
08/05/2019,20.00,20.00,20.00,0.00 (0.00 %)," ",0,0,0,0,20.00,20.00,20.00,20.00
07/05/2019,20.00,20.00,20.00,0.00 (0.00 %)," ",0,0,0,0,20.00,20.0,20.00,20.00
06/05/2019,20.00,20.00,20.00,0.00 (0.00 %)," ",0,0,0,0,20.00,20.00,20.00,20.00
03/05/2019,20.00,20.00,20.00,0.00 (0.00 %)," ",0,0,0,0,20.00,20.0,20.00,20.00
02/05/2019,20.00,20.00,20.00,1.70 (9.29 %)," ",700,"14,000,000",0,0,18.30,20.00,20.00,20.00
26/04/2019,18.30,18.30,18.30,0.00 (0.00 %)," ",0,0,0,0,18.30,18.3,18.30,18.30
25/04/2019,18.30,18.30,18.30,0.00 (0.00 %)," ",0,0,0,0,18.30,18.30,18.30,18.30
24/04/2019,18.30,18.30,18.30,0.00 (0.00 %)," ",0,0,0,0,18.30,18.3,18.30,18.30
23/04/2019,18.30,18.30,18.30,0.00 (0.00 %)," ",0,0,0,0,18.30,18.30,18.30,18.30
22/04/2019,18.30,18.30,18.30,0.00 (0.00 %)," ",0,0,0,0,18.30,18.3,18.30,18.30
19/04/2019,18.30,18.30,18.30,0.00 (0.00 %)," ",0,0,0,0,18.30,18.30,18.30,18.30
18/04/2019,18.30,18.30,18.30,0.00 (0.00 %)," ",0,0,0,0,18.30,18.3,18.30,18.30
17/04/2019,18.30,18.30,18.30,-2.00 (-9.85 %)," ","4,500","82,350,000",0,0,20.30,18.30,18.30,18.30
16/04/2019,20.30,20.30,20.30,-2.20 (-9.78 %)," ","4,000","81,200,000",0,0,22.50,20.3,20.30,20.30
12/04/2019,22.50,22.50,22.50,-2.50 (-10.00 %)," ","4,000","90,000,000",0,0,25.00,22.50,22.50,22.50
11/04/2019,25.00,25.00,25.00,0.00 (0.00 %)," ",0,0,0,0,25.00,25.0,25.00,25.00
10/04/2019,25.00,25.00,25.00,0.00 (0.00 %)," ",0,0,0,0,25.00,25.00,25.00,25.00
09/04/2019,25.00,25.00,25.00,0.00 (0.00 %)," ",0,0,0,0,25.00,25.0,25.00,25.00
08/04/2019,25.00,25.00,25.00,0.00 (0.00 %)," ",10,"225,000",0,0,25.00,25.00,25.00,25.00
05/04/2019,25.00,25.00,25.00,0.00 (0.00 %)," ",5,"112,500",0,0,25.00,25.0,25.00,25.00
04/04/2019,25.00,25.00,25.00,0.00 (0.00 %)," ",0,0,0,0,25.00,25.00,25.00,25.00
03/04/2019,25.00,25.00,25.00,0.00 (0.00 %)," ",0,0,0,0,25.00,25.0,25.00,25.00
02/04/2019,25.00,25.00,25.00,0.00 (0.00 %)," ",0,0,0,0,25.00,25.00,25.00,25.00
01/04/2019,25.00,25.00,25.00,0.00 (0.00 %)," ",0,0,0,0,25.00,25.0,25.00,25.00
02/05/2019,20.00,20.00,20.00,1.70 (9.29 %)," ",700,"14,000,000",0,0,18.30,20.00,20.00,20.00
26/04/2019,18.30,18.30,18.30,0.00 (0.00 %)," ",0,0,0,0,18.30,18.3,18.30,18.30
25/04/2019,18.30,18.30,18.30,0.00 (0.00 %)," ",0,0,0,0,18.30,18.30,18.30,18.30
24/04/2019,18.30,18.30,18.30,0.00 (0.00 %)," ",0,0,0,0,18.30,18.3,18.30,18.30
23/04/2019,18.30,18.30,18.30,0.00 (0.00 %)," ",0,0,0,0,18.30,18.30,18.30,18.30
22/04/2019,18.30,18.30,18.30,0.00 (0.00 %)," ",0,0,0,0,18.30,18.3,18.30,18.30
19/04/2019,18.30,18.30,18.30,0.00 (0.00 %)," ",0,0,0,0,18.30,18.30,18.30,18.30
18/04/2019,18.30,18.30,18.30,0.00 (0.00 %)," ",0,0,0,0,18.30,18.3,18.30,18.30
17/04/2019,18.30,18.30,18.30,-2.00 (-9.85 %)," ","4,500","82,350,000",0,0,20.30,18.30,18.30,18.30
16/04/2019,20.30,20.30,20.30,-2.20 (-9.78 %)," ","4,000","81,200,000",0,0,22.50,20.3,20.30,20.30
12/04/2019,22.50,22.50,22.50,-2.50 (-10.00 %)," ","4,000","90,000,000",0,0,25.00,22.50,22.50,22.50
11/04/2019,25.00,25.00,25.00,0.00 (0.00 %)," ",0,0,0,0,25.00,25.0,25.00,25.00
10/04/2019,25.00,25.00,25.00,0.00 (0.00 %)," ",0,0,0,0,25.00,25.00,25.00,25.00
09/04/2019,25.00,25.00,25.00,0.00 (0.00 %)," ",0,0,0,0,25.00,25.0,25.00,25.00
08/04/2019,25.00,25.00,25.00,0.00 (0.00 %)," ",10,"225,000",0,0,25.00,25.00,25.00,25.00
05/04/2019,25.00,25.00,25.00,0.00 (0.00 %)," ",5,"112,500",0,0,25.00,25.0,25.00,25.00
04/04/2019,25.00,25.00,25.00,0.00 (0.00 %)," ",0,0,0,0,25.00,25.00,25.00,25.00
03/04/2019,25.00,25.00,25.00,0.00 (0.00 %)," ",0,0,0,0,25.00,25.0,25.00,25.00
02/04/2019,25.00,25.00,25.00,0.00 (0.00 %)," ",0,0,0,0,25.00,25.00,25.00,25.00
01/04/2019,25.00,25.00,25.00,0.00 (0.00 %)," ",0,0,0,0,25.00,25.0,25.00,25.00
