22/04/2022,7.45,7.45,0.26 (3.62 %)," ","137,400","1,009,000,000",0,0,7.19,7.55,7.00
21/04/2022,7.19,7.19,-0.21 (-2.84 %)," ","222,500","1,560,000,000",0,0,7.30,7.35,6.92
20/04/2022,7.44,7.44,-0.54 (-6.77 %)," ","187,500","1,415,000,000",0,0,7.85,7.98,7.44
19/04/2022,7.98,7.98,-0.42 (-5.00 %)," ","191,500","1,591,000,000",0,0,8.36,8.38,7.98
18/04/2022,8.35,8.35,-0.55 (-6.18 %)," ","163,600","1,368,000,000",0,0,8.90,8.90,8.30
15/04/2022,8.90,8.90,-0.30 (-3.26 %)," ","130,600","1,193,000,000",0,0,9.19,9.19,8.89
14/04/2022,9.19,9.19,0.49 (5.63 %)," ","187,100","1,706,000,000",0,0,9.00,9.30,8.80
13/04/2022,8.71,8.71,-0.09 (-1.02 %)," ","94,700","802,000,000",0,0,9.00,9.00,8.30
12/04/2022,8.75,8.75,-0.65 (-6.91 %)," ","336,200","2,976,000,000",0,0,9.30,9.39,8.75
08/04/2022,9.40,9.40,-0.20 (-2.08 %)," ","106,800","1,009,000,000",0,0,9.50,9.75,9.30
07/04/2022,9.60,9.60,-0.10 (-1.03 %)," ","80,100","771,000,000",0,0,9.65,9.80,9.60
06/04/2022,9.74,9.74,-0.16 (-1.62 %)," ","173,300","1,697,000,000",0,0,9.95,9.95,9.60
05/04/2022,9.93,9.93,0.03 (0.30 %)," ","109,700","1,083,000,000",0,0,9.88,10.00,9.80
04/04/2022,9.88,9.88,0.08 (0.82 %)," ","119,500","1,175,000,000",0,0,9.80,9.94,9.79
01/04/2022,9.79,9.79,-0.01 (-0.10 %)," ","122,200","1,185,000,000",0,0,9.79,9.93,9.62
31/03/2022,9.79,9.79,-0.11 (-1.11 %)," ","183,600","1,806,000,000",0,0,10.00,10.00,9.65
30/03/2022,9.90,9.90,-0.30 (-2.94 %)," ","212,000","2,118,000,000",0,0,10.00,10.15,9.85
29/03/2022,10.15,10.15,0.25 (2.53 %)," ","178,700","1,802,000,000",0,0,9.92,10.20,9.92
28/03/2022,9.92,9.92,-0.18 (-1.78 %)," ","225,100","2,240,000,000",0,0,10.05,10.10,9.70
25/03/2022,10.05,10.05,-0.05 (-0.50 %)," ","137,000","1,384,000,000",0,0,10.10,10.20,10.05
24/03/2022,10.10,10.10,-0.10 (-0.98 %)," ","222,900","2,247,000,000",0,0,10.20,10.20,10.00
23/03/2022,10.15,10.15,-0.15 (-1.46 %)," ","128,100","1,306,000,000",0,0,10.25,10.30,10.15
22/03/2022,10.25,10.25,0.05 (0.49 %)," ","257,100","2,636,000,000",0,0,10.15,10.35,10.10
21/03/2022,10.15,10.15,0.05 (0.50 %)," ","241,800","2,451,000,000",0,0,10.10,10.25,10.05
18/03/2022,10.05,10.05,-0.15 (-1.47 %)," ","175,400","1,775,000,000",0,0,10.20,10.20,10.05
17/03/2022,10.15,10.15,0.05 (0.50 %)," ","164,400","1,667,000,000",0,0,10.25,10.25,10.00
16/03/2022,10.10,10.10,0.00 (0.00 %)," ","258,200","2,610,000,000",0,0,10.35,10.35,9.95
15/03/2022,10.10,10.10,0.40 (4.12 %)," ","169,100","1,699,000,000",0,0,9.76,10.25,9.76
14/03/2022,9.70,9.70,-0.50 (-4.90 %)," ","212,000","2,100,000,000",0,0,10.10,10.10,9.55
11/03/2022,10.15,10.15,-0.25 (-2.40 %)," ","268,600","2,728,000,000",0,0,10.20,10.40,10.00
10/03/2022,10.35,10.35,-0.05 (-0.48 %)," ","214,600","2,232,000,000",0,0,10.80,10.80,10.30
09/03/2022,10.35,10.35,0.15 (1.47 %)," ","229,800","2,345,000,000",0,0,10.15,10.35,10.10
08/03/2022,10.15,10.15,-0.45 (-4.25 %)," ","203,200","2,084,000,000",0,0,10.50,10.50,10.10
07/03/2022,10.55,10.55,0.35 (3.43 %)," ","477,900","5,001,000,000",0,0,10.20,10.80,10.10
04/03/2022,10.15,10.15,-0.25 (-2.40 %)," ","187,600","1,920,000,000",0,0,10.40,10.45,10.10
03/03/2022,10.40,10.40,0.30 (2.97 %)," ","258,300","2,634,000,000",0,0,10.10,10.60,9.96
02/03/2022,10.10,10.10,0.10 (1.00 %)," ","229,700","2,297,000,000",0,0,9.92,10.20,9.87
01/03/2022,10.00,10.00,-0.30 (-2.91 %)," ","276,600","2,792,000,000","215,700","2,070,720,000",10.30,10.35,9.90
28/02/2022,10.25,10.25,-0.15 (-1.44 %)," ","380,400","4,023,000,000","188,100","1,813,284,000",10.40,11.00,10.20
25/02/2022,10.35,10.35,0.65 (6.70 %)," ","472,200","4,752,000,000",0,0,9.78,10.35,9.65
24/02/2022,9.69,9.69,0.09 (0.94 %)," ","233,300","2,231,000,000",0,0,9.59,9.82,9.20
23/02/2022,9.61,9.61,0.01 (0.10 %)," ","190,700","1,849,000,000",0,0,9.59,9.90,9.59
22/02/2022,9.59,9.59,-0.01 (-0.10 %)," ","130,400","1,245,000,000","297,500","2,647,750,000",9.55,9.60,9.50
21/02/2022,9.55,9.55,0.05 (0.53 %)," ","297,900","2,826,000,000",0,0,9.54,9.61,9.30
18/02/2022,9.54,9.54,0.14 (1.49 %)," ","233,900","2,194,000,000",0,0,9.40,9.60,9.20
17/02/2022,9.41,9.41,0.01 (0.11 %)," ","66,800","629,000,000",0,0,9.40,9.55,9.33
16/02/2022,9.40,9.40,0.00 (0.00 %)," ","56,500","528,000,000",0,0,9.40,9.50,9.25
15/02/2022,9.39,9.39,0.09 (0.97 %)," ","31,300","294,000,000",0,0,9.30,9.50,9.30
14/02/2022,9.33,9.33,-0.27 (-2.81 %)," ","88,200","826,000,000",0,0,9.21,9.51,9.10
11/02/2022,9.58,9.58,-0.02 (-0.21 %)," ","72,500","689,000,000",0,0,9.59,9.60,9.45
10/02/2022,9.60,9.60,0.10 (1.05 %)," ","109,900","1,050,000,000","25,000","222,500,000",9.51,9.65,9.46
09/02/2022,9.50,9.50,0.00 (0.00 %)," ","119,200","1,130,000,000",0,0,9.28,9.65,9.28
08/02/2022,9.50,9.50,0.00 (0.00 %)," ","203,800","1,904,000,000",0,0,9.11,9.60,9.11
07/02/2022,9.48,9.48,0.38 (4.18 %)," ","148,500","1,385,000,000",0,0,9.35,9.53,9.10
28/01/2022,9.06,9.06,-0.04 (-0.44 %)," ","237,200","2,154,000,000",0,0,8.83,9.19,8.83
27/01/2022,9.13,9.13,-0.47 (-4.90 %)," ","116,700","1,074,000,000",0,0,9.61,9.61,9.00
26/01/2022,9.61,9.61,0.41 (4.46 %)," ","253,400","2,335,000,000",0,0,9.40,9.61,8.71
25/01/2022,9.20,9.20,-0.10 (-1.08 %)," ","264,900","2,426,000,000","475,000","4,721,500,000",8.75,9.40,8.75
24/01/2022,9.30,9.30,-0.70 (-7.00 %)," ","265,200","2,533,000,000",0,0,9.99,9.99,9.30
21/01/2022,10.00,10.00,0.00 (0.00 %)," ","541,900","5,403,000,000",0,0,10.20,10.50,9.50
20/01/2022,9.84,9.84,0.34 (3.58 %)," ","252,200","2,416,000,000",0,0,9.51,9.98,9.20
19/01/2022,9.26,9.26,-0.04 (-0.43 %)," ","106,300","992,000,000",0,0,9.27,9.60,9.25
18/01/2022,9.25,9.25,-0.61 (-6.19 %)," ","370,700","3,489,000,000",0,0,9.86,9.86,9.20
17/01/2022,9.86,9.86,-0.74 (-6.98 %)," ","390,400","3,898,000,000",0,0,10.50,10.80,9.86
14/01/2022,10.60,10.60,-0.80 (-7.02 %)," ","449,100","4,813,000,000",0,0,10.60,11.20,10.60
13/01/2022,11.35,11.35,-0.85 (-6.97 %)," ","494,500","5,693,000,000","185,000","2,405,000,000",12.10,12.25,11.35
12/01/2022,12.20,12.20,0.20 (1.67 %)," ","1,044,000","12,595,000,000",0,0,12.50,12.50,11.15
11/01/2022,11.95,11.95,0.75 (6.70 %)," ","1,358,000","15,900,000,000",0,0,11.45,11.95,10.70
10/01/2022,11.20,11.20,-0.80 (-6.67 %)," ","1,055,800","12,327,000,000","808,200","9,132,660,000",12.30,12.35,11.20
07/01/2022,12.00,12.00,0.70 (6.19 %)," ","1,497,700","17,879,000,000",0,0,12.00,12.00,11.60
06/01/2022,11.25,11.25,0.65 (6.13 %)," ","575,900","6,433,000,000",0,0,11.20,11.25,10.70
05/01/2022,10.55,10.55,0.65 (6.57 %)," ","1,046,400","10,839,000,000","2,725,000","26,895,750,000",9.87,10.55,9.84
04/01/2022,9.87,9.87,0.17 (1.75 %)," ","319,600","3,116,000,000",0,0,9.83,9.88,9.63
31/12/2021,9.70,9.70,-0.10 (-1.02 %)," ","214,200","2,084,000,000",0,0,9.80,9.86,9.65
30/12/2021,9.78,9.78,0.08 (0.82 %)," ","274,300","2,707,000,000",0,0,9.71,9.98,9.71
29/12/2021,9.70,9.70,-0.10 (-1.02 %)," ","630,400","6,200,000,000",0,0,9.77,10.00,9.61
28/12/2021,9.75,9.75,-0.15 (-1.52 %)," ","280,800","2,768,000,000",0,0,9.96,9.96,9.75
27/12/2021,9.89,9.89,0.09 (0.92 %)," ","318,100","3,139,000,000",0,0,9.78,10.10,9.74
24/12/2021,9.76,9.76,0.46 (4.95 %)," ","602,500","5,821,000,000",0,0,9.30,9.86,9.30
23/12/2021,9.28,9.28,0.08 (0.87 %)," ","204,900","1,895,000,000",0,0,9.24,9.35,9.18
22/12/2021,9.24,9.24,-0.16 (-1.70 %)," ","198,600","1,848,000,000",0,0,9.37,9.40,9.24
21/12/2021,9.36,9.36,-0.21 (-2.19 %)," ","199,500","1,880,000,000",0,0,9.60,9.60,9.36
20/12/2021,9.57,9.57,0.06 (0.63 %)," ","229,200","2,191,000,000",0,0,9.70,9.70,9.40
17/12/2021,9.51,9.51,0.20 (2.15 %)," ","395,300","3,735,000,000",0,0,9.30,9.60,9.20
16/12/2021,9.31,9.31,0.03 (0.32 %)," ","195,000","1,808,000,000",0,0,9.40,9.40,9.20
15/12/2021,9.28,9.28,-0.10 (-1.07 %)," ","171,000","1,590,000,000",0,0,9.40,9.40,9.20
14/12/2021,9.38,9.38,0.00 (0.00 %)," ","185,200","1,729,000,000",0,0,9.38,9.40,9.25
13/12/2021,9.38,9.38,0.28 (3.08 %)," ","299,100","2,743,000,000",0,0,9.15,9.50,9.00
10/12/2021,9.10,9.10,-0.16 (-1.73 %)," ","438,500","3,988,000,000",0,0,9.27,9.28,9.00
09/12/2021,9.26,9.26,-0.04 (-0.43 %)," ","294,500","2,736,000,000",0,0,9.31,9.35,9.25
08/12/2021,9.30,9.30,0.00 (0.00 %)," ","296,300","2,778,000,000",0,0,9.48,9.55,9.30
07/12/2021,9.30,9.30,0.29 (3.22 %)," ","252,800","2,327,000,000",0,0,9.06,9.31,9.06
06/12/2021,9.01,9.01,-0.65 (-6.73 %)," ","297,000","2,755,000,000",0,0,9.40,9.60,9.00
03/12/2021,9.66,9.66,-0.14 (-1.43 %)," ","288,900","2,821,000,000",0,0,9.84,9.99,9.60
02/12/2021,9.80,9.80,0.12 (1.24 %)," ","301,800","2,958,000,000",0,0,9.88,9.88,9.70
01/12/2021,9.68,9.68,-0.10 (-1.02 %)," ","350,500","3,394,000,000",0,0,9.62,9.78,9.61
30/11/2021,9.78,9.78,-0.01 (-0.10 %)," ","332,800","3,262,000,000",0,0,9.75,9.99,9.70
29/11/2021,9.79,9.79,0.26 (2.73 %)," ","580,500","5,619,000,000",0,0,9.20,10.10,9.01
26/11/2021,9.53,9.53,-0.33 (-3.35 %)," ","557,400","5,365,000,000",0,0,9.87,9.90,9.50
25/11/2021,9.86,9.86,0.00 (0.00 %)," ","442,600","4,318,000,000",0,0,9.90,9.90,9.60
24/11/2021,9.86,9.86,-0.02 (-0.20 %)," ","427,000","4,240,000,000",0,0,9.88,10.25,9.78
23/11/2021,9.88,9.88,-0.02 (-0.20 %)," ","288,600","2,804,000,000",0,0,9.80,9.89,9.61
22/11/2021,9.90,9.90,0.17 (1.75 %)," ","962,500","9,706,000,000",0,0,9.74,10.40,9.74
19/11/2021,9.73,9.73,0.24 (2.53 %)," ","1,041,100","10,423,000,000",0,0,9.55,10.15,9.55
18/11/2021,9.49,9.49,-0.08 (-0.84 %)," ","876,500","8,342,000,000",0,0,9.60,9.65,9.40
17/11/2021,9.57,9.57,-0.18 (-1.85 %)," ","478,800","4,606,000,000",0,0,9.74,9.74,9.55
16/11/2021,9.75,9.75,-0.05 (-0.51 %)," ","515,300","5,044,000,000",0,0,9.99,9.99,9.55
15/11/2021,9.80,9.80,0.13 (1.34 %)," ","730,200","7,014,000,000",0,0,9.60,10.00,9.30
12/11/2021,9.67,9.67,0.12 (1.26 %)," ","503,500","4,782,000,000",0,0,9.60,9.67,9.41
11/11/2021,9.55,9.55,0.05 (0.53 %)," ","450,300","4,311,000,000",0,0,9.69,9.70,9.41
10/11/2021,9.50,9.50,0.33 (3.60 %)," ","462,700","4,297,000,000",0,0,9.18,9.70,9.07
09/11/2021,9.17,9.17,0.02 (0.22 %)," ","604,200","5,544,000,000",0,0,9.20,9.21,9.10
08/11/2021,9.15,9.15,0.20 (2.23 %)," ","543,900","4,971,000,000",0,0,9.00,9.21,9.00
05/11/2021,8.95,8.95,0.25 (2.87 %)," ","226,200","2,001,000,000",0,0,8.80,8.99,8.71
04/11/2021,8.70,8.70,0.10 (1.16 %)," ","385,700","3,393,000,000",0,0,8.60,8.92,8.60
03/11/2021,8.60,8.60,-0.59 (-6.42 %)," ","766,300","6,866,000,000",0,0,9.19,9.19,8.60
02/11/2021,9.19,9.19,0.00 (0.00 %)," ","491,400","4,470,000,000",0,0,9.24,9.24,9.03
01/11/2021,9.19,9.19,-0.11 (-1.18 %)," ","192,800","1,774,000,000",0,0,9.40,9.49,9.00
29/10/2021,9.30,9.30,0.50 (5.68 %)," ","532,900","4,917,000,000",0,0,9.00,9.41,8.80
28/10/2021,8.80,8.80,0.10 (1.15 %)," ","266,100","2,331,000,000",0,0,8.70,8.84,8.70
27/10/2021,8.70,8.70,-0.09 (-1.02 %)," ","202,000","1,757,000,000",0,0,8.71,8.79,8.66
26/10/2021,8.79,8.79,-0.01 (-0.11 %)," ","116,200","1,021,000,000",0,0,8.60,8.89,8.60
25/10/2021,8.80,8.80,0.18 (2.09 %)," ","309,200","2,731,000,000",0,0,8.70,9.15,8.70
22/10/2021,8.62,8.62,0.02 (0.23 %)," ","184,800","1,595,000,000",0,0,8.55,8.80,8.55
21/10/2021,8.60,8.60,-0.02 (-0.23 %)," ","238,400","2,058,000,000",0,0,8.63,8.80,8.60
20/10/2021,8.62,8.62,-0.08 (-0.92 %)," ","425,700","3,703,000,000",0,0,8.87,8.87,8.31
19/10/2021,8.70,8.70,0.24 (2.84 %)," ","232,600","1,939,000,000",0,0,8.31,8.90,8.20
18/10/2021,8.46,8.46,-0.23 (-2.65 %)," ","210,600","1,784,000,000",0,0,8.50,8.66,8.40
15/10/2021,8.69,8.69,0.09 (1.05 %)," ","271,200","2,325,000,000",0,0,8.69,8.90,8.40
14/10/2021,8.60,8.60,0.03 (0.35 %)," ","535,500","4,745,000,000",0,0,9.10,9.10,8.40
13/10/2021,8.57,8.57,0.56 (6.99 %)," ","541,700","4,498,000,000",0,0,8.15,8.57,8.00
12/10/2021,8.01,8.01,-0.05 (-0.62 %)," ","362,400","2,912,000,000",0,0,8.30,8.30,7.99
11/10/2021,8.06,8.06,-0.34 (-4.05 %)," ","694,500","5,597,000,000",0,0,8.30,8.30,7.85
08/10/2021,8.40,8.40,-0.32 (-3.67 %)," ","385,100","3,324,000,000",0,0,8.52,9.00,8.37
07/10/2021,8.72,8.72,-0.34 (-3.75 %)," ","435,800","3,794,000,000",0,0,8.56,9.00,8.56
06/10/2021,9.06,9.06,0.26 (2.95 %)," ","1,492,800","13,861,000,000",0,0,9.41,9.41,8.50
05/10/2021,8.80,8.80,0.57 (6.93 %)," ","432,000","3,801,000,000",0,0,8.80,8.80,8.80
04/10/2021,8.23,8.23,0.53 (6.88 %)," ","920,600","7,576,000,000",0,0,8.23,8.23,8.23
01/10/2021,7.70,7.70,0.50 (6.94 %)," ","416,400","3,174,000,000",0,0,7.21,7.70,7.20
30/09/2021,7.20,7.20,0.01 (0.14 %)," ","28,300","202,000,000",0,0,7.18,7.41,7.12
29/09/2021,7.19,7.19,-0.06 (-0.83 %)," ","41,900","299,000,000",0,0,7.20,7.20,7.05
28/09/2021,7.25,7.25,0.18 (2.55 %)," ","63,800","448,000,000",0,0,6.97,7.25,6.90
27/09/2021,7.07,7.07,-0.43 (-5.73 %)," ","170,700","1,228,000,000",0,0,7.49,7.49,7.05
24/09/2021,7.50,7.50,-0.01 (-0.13 %)," ","133,100","995,000,000",0,0,7.52,7.58,7.40
23/09/2021,7.51,7.51,-0.25 (-3.22 %)," ","190,700","1,475,000,000",0,0,8.00,8.00,7.51
22/09/2021,7.76,7.76,0.50 (6.89 %)," ","615,600","4,718,000,000",0,0,7.26,7.76,7.26
21/09/2021,7.26,7.26,0.06 (0.83 %)," ","76,300","548,000,000",0,0,7.20,7.29,7.11
20/09/2021,7.20,7.20,-0.09 (-1.23 %)," ","176,000","1,273,000,000",0,0,7.20,7.60,7.11
17/09/2021,7.29,7.29,-0.01 (-0.14 %)," ","54,000","387,000,000",0,0,7.30,7.30,7.01
16/09/2021,7.30,7.30,-0.20 (-2.67 %)," ","125,000","923,000,000",0,0,7.51,7.60,7.11
15/09/2021,7.50,7.50,0.20 (2.74 %)," ","253,900","1,914,000,000",0,0,7.30,7.70,7.30
14/09/2021,7.30,7.30,0.27 (3.84 %)," ","154,900","1,112,000,000",0,0,7.19,7.38,7.00
13/09/2021,7.03,7.03,-0.15 (-2.09 %)," ","87,400","617,000,000",0,0,7.00,7.20,6.88
10/09/2021,7.18,7.18,0.28 (4.06 %)," ","204,000","1,447,000,000",0,0,6.90,7.25,6.90
09/09/2021,6.90,6.90,-0.10 (-1.43 %)," ","70,200","481,000,000",0,0,6.93,7.08,6.80
08/09/2021,7.00,7.00,-0.17 (-2.37 %)," ","48,800","343,000,000",0,0,6.88,7.14,6.88
07/09/2021,7.17,7.17,0.01 (0.14 %)," ","143,900","1,030,000,000",0,0,7.20,7.20,7.10
06/09/2021,7.16,7.16,0.26 (3.77 %)," ","216,400","1,539,000,000",0,0,6.82,7.25,6.82
01/09/2021,6.90,6.90,-0.03 (-0.43 %)," ","50,500","348,000,000",0,0,6.93,6.93,6.85
31/08/2021,6.93,6.93,0.13 (1.91 %)," ","126,100","873,000,000",0,0,7.00,7.00,6.83
30/08/2021,6.80,6.80,0.08 (1.19 %)," ","65,900","444,000,000",0,0,6.75,6.80,6.70
27/08/2021,6.72,6.72,0.09 (1.36 %)," ","81,200","542,000,000",0,0,6.70,6.75,6.60
26/08/2021,6.63,6.63,0.10 (1.53 %)," ","78,700","523,000,000",0,0,6.49,6.74,6.49
25/08/2021,6.53,6.53,-0.07 (-1.06 %)," ","16,200","105,000,000",0,0,6.55,6.60,6.50
24/08/2021,6.51,6.51,0.05 (0.77 %)," ","37,700","249,000,000",0,0,6.85,6.85,6.47
23/08/2021,6.46,6.46,-0.24 (-3.58 %)," ","111,200","725,000,000",0,0,6.60,6.70,6.46
20/08/2021,6.70,6.70,-0.16 (-2.33 %)," ","102,200","677,000,000",0,0,6.64,6.80,6.60
19/08/2021,6.86,6.86,0.00 (0.00 %)," ","65,800","447,000,000",0,0,6.85,6.90,6.53
18/08/2021,6.86,6.86,-0.11 (-1.58 %)," ","49,600","343,000,000",0,0,7.00,7.00,6.86
17/08/2021,6.97,6.97,0.45 (6.90 %)," ","244,300","1,666,000,000",0,0,6.53,6.97,6.52
16/08/2021,6.52,6.52,0.01 (0.15 %)," ","78,200","508,000,000",0,0,6.47,6.52,6.47
13/08/2021,6.51,6.51,0.01 (0.15 %)," ","55,600","361,000,000",0,0,6.60,6.60,6.45
12/08/2021,6.50,6.50,0.05 (0.78 %)," ","81,700","531,000,000",0,0,6.43,6.59,6.39
11/08/2021,6.45,6.45,-0.08 (-1.23 %)," ","94,400","612,000,000",0,0,6.53,6.53,6.44
10/08/2021,6.53,6.53,-0.03 (-0.46 %)," ","35,400","230,000,000",0,0,6.56,6.57,6.45
09/08/2021,6.56,6.56,0.06 (0.92 %)," ","56,300","367,000,000",0,0,6.50,6.60,6.50
06/08/2021,6.50,6.50,0.07 (1.09 %)," ","111,200","717,000,000",0,0,6.42,6.55,6.42
05/08/2021,6.43,6.43,0.10 (1.58 %)," ","46,900","299,000,000",0,0,6.32,6.45,6.32
04/08/2021,6.33,6.33,-0.06 (-0.94 %)," ","37,900","241,000,000",0,0,6.40,6.50,6.22
03/08/2021,6.39,6.39,-0.01 (-0.16 %)," ","48,200","302,000,000",0,0,6.20,6.52,6.20
02/08/2021,6.40,6.40,-0.05 (-0.78 %)," ","91,700","574,000,000",0,0,6.49,6.49,6.19
30/07/2021,6.45,6.45,-0.05 (-0.77 %)," ","39,900","256,000,000",0,0,6.40,6.50,6.30
29/07/2021,6.50,6.50,0.03 (0.46 %)," ","23,900","154,000,000",0,0,6.67,6.67,6.45
28/07/2021,6.47,6.47,0.06 (0.94 %)," ","19,600","124,000,000",0,0,6.48,6.50,6.10
27/07/2021,6.41,6.41,-0.05 (-0.77 %)," ","80,700","517,000,000",0,0,6.50,6.58,6.40
26/07/2021,6.46,6.46,-0.13 (-1.97 %)," ","55,100","352,000,000",0,0,6.50,6.50,6.34
23/07/2021,6.59,6.59,-0.09 (-1.35 %)," ","36,100","234,000,000",0,0,6.67,6.67,6.35
22/07/2021,6.68,6.68,0.22 (3.41 %)," ","41,400","270,000,000",0,0,6.31,6.70,6.31
21/07/2021,6.46,6.46,0.18 (2.87 %)," ","33,900","218,000,000",0,0,6.35,6.50,6.30
20/07/2021,6.28,6.28,0.00 (0.00 %)," ","125,300","760,000,000",0,0,6.03,6.50,5.85
19/07/2021,6.28,6.28,-0.47 (-6.96 %)," ","273,000","1,731,000,000",0,0,6.31,6.51,6.28
16/07/2021,6.75,6.75,-0.01 (-0.15 %)," ","79,900","540,000,000",0,0,6.70,6.98,6.70
15/07/2021,6.76,6.76,0.03 (0.45 %)," ","142,700","973,000,000",0,0,6.50,7.00,6.50
14/07/2021,6.73,6.73,-0.50 (-6.92 %)," ","255,800","1,733,000,000",0,0,7.17,7.17,6.73
13/07/2021,7.23,7.23,-0.07 (-0.96 %)," ","117,600","855,000,000",0,0,7.30,7.40,7.10
12/07/2021,7.30,7.30,0.09 (1.25 %)," ","306,000","2,238,000,000",0,0,7.70,7.70,6.90
09/07/2021,7.21,7.21,0.47 (6.97 %)," ","673,800","4,813,000,000",0,0,6.68,7.21,6.68
08/07/2021,6.74,6.74,0.14 (2.12 %)," ","95,700","640,000,000",0,0,6.78,6.78,6.60
07/07/2021,6.60,6.60,0.17 (2.64 %)," ","120,200","790,000,000",0,0,6.43,6.78,6.40
06/07/2021,6.43,6.43,0.00 (0.00 %)," ","82,100","530,000,000",0,0,6.43,6.56,6.43
05/07/2021,6.43,6.43,-0.19 (-2.87 %)," ","83,400","543,000,000",0,0,6.62,6.62,6.40
02/07/2021,6.62,6.62,-0.11 (-1.63 %)," ","64,700","427,000,000",0,0,6.70,6.73,6.55
01/07/2021,6.73,6.73,-0.02 (-0.30 %)," ","61,500","411,000,000",0,0,6.82,6.82,6.50
30/06/2021,6.75,6.75,0.35 (5.47 %)," ","184,600","1,227,000,000",0,0,6.44,6.83,6.41
29/06/2021,6.40,6.40,-0.05 (-0.78 %)," ","62,800","402,000,000",0,0,6.45,6.50,6.38
28/06/2021,6.45,6.45,0.04 (0.62 %)," ","49,200","316,000,000",0,0,6.49,6.50,6.30
25/06/2021,6.41,6.41,-0.07 (-1.08 %)," ","36,500","235,000,000",0,0,6.50,6.50,6.40
24/06/2021,6.48,6.48,-0.12 (-1.82 %)," ","46,400","301,000,000",0,0,6.60,6.60,6.46
23/06/2021,6.60,6.60,-0.11 (-1.64 %)," ","56,800","376,000,000",0,0,6.70,6.70,6.55
22/06/2021,6.71,6.71,0.08 (1.21 %)," ","111,200","745,000,000",0,0,6.75,6.77,6.63
21/06/2021,6.63,6.63,0.05 (0.76 %)," ","122,200","807,000,000",0,0,6.60,6.65,6.58
18/06/2021,6.58,6.58,0.06 (0.92 %)," ","41,200","271,000,000",0,0,6.78,6.78,6.50
17/06/2021,6.52,6.52,0.00 (0.00 %)," ","52,300","340,000,000",0,0,6.50,6.56,6.44
16/06/2021,6.52,6.52,-0.02 (-0.31 %)," ","168,400","1,096,000,000",0,0,6.50,6.60,6.45
15/06/2021,6.54,6.54,-0.01 (-0.15 %)," ","36,900","241,000,000",0,0,6.55,6.59,6.41
14/06/2021,6.55,6.55,0.05 (0.77 %)," ","240,400","1,559,000,000",0,0,6.38,6.65,6.10
11/06/2021,6.50,6.50,0.14 (2.20 %)," ","16,700","108,000,000",0,0,6.31,6.63,6.31
10/06/2021,6.36,6.36,-0.15 (-2.30 %)," ","37,900","242,000,000",0,0,6.37,6.54,6.35
09/06/2021,6.51,6.51,0.00 (0.00 %)," ","44,900","287,000,000",0,0,6.41,6.57,6.16
08/06/2021,6.51,6.51,-0.13 (-1.96 %)," ","30,000","199,000,000",0,0,6.89,6.89,6.51
07/06/2021,6.64,6.64,-0.05 (-0.75 %)," ","56,300","369,000,000",0,0,6.53,6.68,6.53
04/06/2021,6.69,6.69,-0.09 (-1.33 %)," ","32,700","212,000,000",0,0,6.41,6.78,6.41
03/06/2021,6.78,6.78,0.36 (5.61 %)," ","77,100","525,000,000",0,0,6.86,6.86,6.70
02/06/2021,6.42,6.42,0.22 (3.55 %)," ","81,700","508,000,000",0,0,6.15,6.46,6.15
01/06/2021,6.20,6.20,-0.09 (-1.43 %)," ","30,800","191,000,000",0,0,6.10,6.29,6.10
31/05/2021,6.29,6.29,-0.30 (-4.55 %)," ","139,200","868,000,000",0,0,6.59,6.59,6.14
28/05/2021,6.59,6.59,-0.03 (-0.45 %)," ","91,700","599,000,000",0,0,6.62,6.62,6.50
27/05/2021,6.62,6.62,-0.05 (-0.75 %)," ","39,500","262,000,000",0,0,6.68,6.71,6.55
26/05/2021,6.67,6.67,-0.13 (-1.91 %)," ","38,700","258,000,000",0,0,6.51,6.90,6.51
25/05/2021,6.80,6.80,0.00 (0.00 %)," ","114,000","770,000,000",0,0,6.84,6.84,6.70
24/05/2021,6.80,6.80,0.00 (0.00 %)," ","110,200","742,000,000",0,0,6.84,6.89,6.60
21/05/2021,6.80,6.80,0.00 (0.00 %)," ","90,700","602,000,000",0,0,6.78,6.80,6.40
20/05/2021,6.80,6.80,-0.10 (-1.45 %)," ","116,500","779,000,000",0,0,6.80,6.85,6.50
19/05/2021,6.90,6.90,-0.10 (-1.43 %)," ","30,100","208,000,000",0,0,7.00,7.00,6.86
18/05/2021,7.00,7.00,0.00 (0.00 %)," ","61,700","427,000,000",0,0,6.75,7.02,6.75
17/05/2021,7.00,7.00,0.05 (0.72 %)," ","44,700","314,000,000",0,0,6.98,7.08,6.95
14/05/2021,6.95,6.95,-0.09 (-1.28 %)," ","47,300","330,000,000",0,0,6.81,7.08,6.81
13/05/2021,7.04,7.04,-0.14 (-1.95 %)," ","59,400","416,000,000",0,0,7.00,7.18,6.95
12/05/2021,7.18,7.18,-0.01 (-0.14 %)," ","70,000","485,000,000",0,0,7.19,7.19,6.70
11/05/2021,7.19,7.19,0.37 (5.43 %)," ","140,200","974,000,000",0,0,6.82,7.20,6.70
10/05/2021,6.82,6.82,-0.23 (-3.26 %)," ","129,400","894,000,000",0,0,7.00,7.00,6.71
07/05/2021,7.05,7.05,-0.13 (-1.81 %)," ","88,600","622,000,000",0,0,7.20,7.20,6.81
06/05/2021,7.18,7.18,-0.12 (-1.64 %)," ","115,500","833,000,000",0,0,7.08,7.39,7.08
05/05/2021,7.30,7.30,0.20 (2.82 %)," ","77,600","582,000,000",0,0,7.59,7.59,7.17
04/05/2021,7.10,7.10,-0.17 (-2.34 %)," ","211,700","1,500,000,000",0,0,7.10,7.26,6.97
29/04/2021,7.27,7.27,0.47 (6.91 %)," ","264,800","1,885,000,000",0,0,6.75,7.27,6.75
28/04/2021,6.80,6.80,0.05 (0.74 %)," ","68,800","465,000,000",0,0,6.99,6.99,6.72
27/04/2021,6.75,6.75,-0.23 (-3.30 %)," ","99,700","671,000,000",0,0,6.98,6.98,6.66
26/04/2021,6.98,6.98,-0.25 (-3.46 %)," ","114,400","793,000,000",0,0,7.15,7.15,6.75
23/04/2021,7.23,7.23,0.13 (1.83 %)," ","150,800","1,069,000,000",0,0,7.35,7.35,6.70
22/04/2021,7.10,7.10,-0.49 (-6.46 %)," ","222,700","1,624,000,000","204,375","1,442,887,500",7.76,7.76,7.10
20/04/2021,7.59,7.59,0.19 (2.57 %)," ","199,200","1,493,000,000",0,0,7.40,7.80,7.40
19/04/2021,7.40,7.40,-0.18 (-2.37 %)," ","204,700","1,508,000,000",0,0,7.58,7.58,7.20
16/04/2021,7.58,7.58,-0.14 (-1.81 %)," ","406,000","3,063,000,000","200,000","1,436,000,000",7.61,7.63,7.43
15/04/2021,7.72,7.72,-0.18 (-2.28 %)," ","265,100","2,044,000,000",0,0,7.67,8.00,7.65
14/04/2021,7.90,7.90,0.10 (1.28 %)," ","315,400","2,414,000,000","340,909","2,474,999,340",7.70,8.00,7.50
13/04/2021,7.80,7.80,-0.25 (-3.11 %)," ","272,600","2,162,000,000",0,0,8.27,8.27,7.70
12/04/2021,8.05,8.05,0.20 (2.55 %)," ","430,500","3,390,000,000",0,0,7.85,8.07,7.50
09/04/2021,7.85,7.85,-0.10 (-1.26 %)," ","154,800","1,206,000,000",0,0,7.95,7.96,7.70
08/04/2021,7.95,7.95,0.24 (3.11 %)," ","246,900","1,968,000,000","109,000","782,620,000",7.75,8.10,7.75
07/04/2021,7.71,7.71,0.21 (2.80 %)," ","337,500","2,614,000,000",0,0,7.78,7.78,7.60
06/04/2021,7.50,7.50,0.20 (2.74 %)," ","206,800","1,537,000,000","109,000","740,110,000",7.30,7.51,7.30
05/04/2021,7.30,7.30,-0.20 (-2.67 %)," ","206,900","1,532,000,000",0,0,7.50,7.50,7.30
02/04/2021,7.50,7.50,0.11 (1.49 %)," ","312,000","2,290,000,000","45,965","316,239,200",7.35,7.70,7.22
01/04/2021,7.39,7.39,-0.11 (-1.47 %)," ","259,000","1,889,000,000",0,0,7.50,7.50,7.16
31/03/2021,7.50,7.50,0.34 (4.75 %)," ","502,300","3,785,000,000",0,0,7.18,7.64,7.18
30/03/2021,7.16,7.16,0.46 (6.87 %)," ","802,500","5,659,000,000",0,0,6.70,7.16,6.70
29/03/2021,6.70,6.70,0.30 (4.69 %)," ","356,200","2,368,000,000",0,0,6.40,6.78,6.40
26/03/2021,6.40,6.40,-0.08 (-1.23 %)," ","175,700","1,121,000,000",0,0,6.45,6.45,6.23
25/03/2021,6.48,6.48,-0.02 (-0.31 %)," ","186,400","1,203,000,000",0,0,6.48,6.60,6.40
24/03/2021,6.50,6.50,-0.18 (-2.69 %)," ","105,700","695,000,000",0,0,6.68,6.68,6.40
23/03/2021,6.68,6.68,0.26 (4.05 %)," ","337,800","2,246,000,000",0,0,6.41,6.80,6.41
22/03/2021,6.42,6.42,0.12 (1.90 %)," ","201,800","1,279,000,000",0,0,6.30,6.50,6.30
19/03/2021,6.30,6.30,-0.15 (-2.33 %)," ","167,100","1,070,000,000",0,0,6.45,6.46,6.30
18/03/2021,6.45,6.45,-0.05 (-0.77 %)," ","106,400","683,000,000",0,0,6.50,6.50,6.40
17/03/2021,6.50,6.50,-0.10 (-1.52 %)," ","167,100","1,089,000,000","630,425","3,870,809,500",6.60,6.60,6.45
16/03/2021,6.60,6.60,-0.13 (-1.93 %)," ","294,800","1,965,000,000","68,125","458,481,250",6.95,6.95,6.50
15/03/2021,6.73,6.73,0.44 (7.00 %)," ","517,300","3,437,000,000",0,0,6.29,6.73,6.28
12/03/2021,6.29,6.29,-0.01 (-0.16 %)," ","144,800","909,000,000",0,0,6.30,6.39,6.22
11/03/2021,6.30,6.30,-0.04 (-0.63 %)," ","121,400","756,000,000",0,0,6.34,6.34,6.19
10/03/2021,6.34,6.34,0.14 (2.26 %)," ","309,500","1,937,000,000",0,0,6.18,6.40,6.18
09/03/2021,6.20,6.20,-0.10 (-1.59 %)," ","407,200","2,507,000,000",0,0,6.30,6.30,6.08
08/03/2021,6.30,6.30,-0.10 (-1.56 %)," ","252,100","1,582,000,000",0,0,6.40,6.40,6.20
05/03/2021,6.40,6.40,0.20 (3.23 %)," ","127,300","775,000,000",0,0,6.00,6.40,6.00
04/03/2021,6.20,6.20,-0.29 (-4.47 %)," ","138,700","878,000,000",0,0,6.49,6.60,6.10
03/03/2021,6.49,6.49,0.10 (1.56 %)," ","447,600","2,836,000,000",0,0,6.10,6.81,6.00
02/03/2021,6.39,6.39,-0.17 (-2.59 %)," ","184,300","1,181,000,000",0,0,6.56,6.57,6.31
01/03/2021,6.56,6.56,-0.38 (-5.48 %)," ","814,200","5,378,000,000",0,0,6.94,6.94,6.46
26/02/2021,6.94,6.94,0.45 (6.93 %)," ","1,333,300","9,252,000,000",0,0,6.94,6.94,6.86
25/02/2021,6.49,6.49,0.42 (6.92 %)," ","270,600","1,756,000,000",0,0,6.49,6.49,6.49
24/02/2021,6.07,6.07,0.39 (6.87 %)," ","835,000","5,068,000,000",0,0,6.07,6.07,6.00
23/02/2021,5.68,5.68,0.37 (6.97 %)," ","270,200","1,527,000,000","21,100","116,050,000",5.32,5.68,5.32
22/02/2021,5.31,5.31,-0.21 (-3.80 %)," ","98,900","542,000,000",0,0,5.51,5.52,5.30
19/02/2021,5.52,5.52,-0.10 (-1.78 %)," ","48,200","266,000,000",0,0,5.41,5.60,5.41
18/02/2021,5.62,5.62,0.08 (1.44 %)," ","18,000","102,000,000",0,0,5.85,5.85,5.55
17/02/2021,5.54,5.54,0.04 (0.73 %)," ","66,800","368,000,000",0,0,5.40,5.60,5.36
09/02/2021,5.50,5.50,0.35 (6.80 %)," ","42,100","222,000,000",0,0,5.15,5.50,4.96
08/02/2021,5.15,5.15,-0.25 (-4.63 %)," ","68,000","362,000,000",0,0,5.40,5.45,5.15
05/02/2021,5.40,5.40,0.30 (5.88 %)," ","37,500","197,000,000",0,0,5.10,5.40,5.05
04/02/2021,5.10,5.10,0.01 (0.20 %)," ","87,400","442,000,000",0,0,5.10,5.15,4.90
03/02/2021,5.09,5.09,0.11 (2.21 %)," ","68,200","341,000,000",0,0,5.00,5.15,4.92
02/02/2021,4.98,4.98,0.18 (3.75 %)," ","130,400","645,000,000",0,0,4.60,5.00,4.60
01/02/2021,4.80,4.80,-0.30 (-5.88 %)," ","95,300","470,000,000",0,0,5.10,5.20,4.75
29/01/2021,5.10,5.10,-0.11 (-2.11 %)," ","162,300","820,000,000",0,0,4.85,5.55,4.85
28/01/2021,5.21,5.21,-0.39 (-6.96 %)," ","286,500","1,494,000,000",0,0,5.25,5.25,5.21
27/01/2021,5.60,5.60,-0.26 (-4.44 %)," ","479,000","2,681,000,000",0,0,5.86,5.86,5.45
26/01/2021,5.86,5.86,-0.14 (-2.33 %)," ","124,600","732,000,000",0,0,6.17,6.17,5.78
25/01/2021,6.00,6.00,-0.38 (-5.96 %)," ","214,100","1,287,000,000",0,0,6.00,6.38,5.94
22/01/2021,6.38,6.38,0.23 (3.74 %)," ","173,300","1,079,000,000",0,0,6.15,6.39,6.15
21/01/2021,6.15,6.15,0.20 (3.36 %)," ","149,200","903,000,000",0,0,5.94,6.30,5.94
20/01/2021,5.95,5.95,-0.43 (-6.74 %)," ","428,300","2,549,000,000",0,0,6.38,6.38,5.94
19/01/2021,6.38,6.38,-0.47 (-6.86 %)," ","235,500","1,545,000,000",0,0,6.85,6.86,6.38
18/01/2021,6.85,6.85,0.22 (3.32 %)," ","275,900","1,800,000,000","200,000","1,234,000,000",6.63,6.90,6.42
15/01/2021,6.63,6.63,-0.20 (-2.93 %)," ","215,200","1,436,000,000",0,0,7.00,7.00,6.50
14/01/2021,6.83,6.83,0.20 (3.02 %)," ","365,600","2,509,000,000",0,0,7.00,7.00,6.65
13/01/2021,6.63,6.63,0.43 (6.94 %)," ","1,374,400","8,721,000,000","136,250","790,250,000",6.30,6.63,6.21
12/01/2021,6.20,6.20,0.02 (0.32 %)," ","92,400","574,000,000","68,125","408,750,000",6.18,6.29,6.18
11/01/2021,6.18,6.18,-0.04 (-0.64 %)," ","104,400","650,000,000",0,0,6.34,6.34,6.18
08/01/2021,6.22,6.22,0.06 (0.97 %)," ","137,700","858,000,000",0,0,6.15,6.35,6.12
07/01/2021,6.16,6.16,-0.08 (-1.28 %)," ","66,000","406,000,000",0,0,6.24,6.24,6.04
06/01/2021,6.24,6.24,-0.01 (-0.16 %)," ","129,100","801,000,000",0,0,6.07,6.25,6.07
05/01/2021,6.25,6.25,0.05 (0.81 %)," ","131,600","794,000,000",0,0,5.80,6.25,5.80
04/01/2021,6.20,6.20,0.11 (1.81 %)," ","146,100","905,000,000",0,0,6.09,6.37,6.09
31/12/2020,6.09,6.09,0.02 (0.33 %)," ","96,220","585,000,000",0,0,6.07,6.20,6.00
30/12/2020,6.07,6.07,0.00 (0.00 %)," ","369,380","2,244,000,000",0,0,6.07,6.10,6.01
29/12/2020,6.07,6.07,-0.10 (-1.62 %)," ","800,320","4,870,000,000","278,073","1,715,710,410",6.37,6.37,6.00
28/12/2020,6.17,6.17,0.40 (6.93 %)," ","390,640","2,377,000,000","22,409","129,299,930",5.77,6.17,5.77
25/12/2020,5.77,5.77,-0.02 (-0.35 %)," ","131,840","759,000,000",0,0,5.70,5.80,5.70
24/12/2020,5.79,5.79,-0.09 (-1.53 %)," ","129,820","760,000,000","406,778","2,379,834,600",5.80,6.00,5.70
23/12/2020,5.88,5.88,-0.16 (-2.65 %)," ","239,870","1,401,000,000",0,0,6.00,6.00,5.76
22/12/2020,6.04,6.04,-0.16 (-2.58 %)," ","47,090","283,000,000","248,990","1,543,738,000",6.20,6.20,5.90
21/12/2020,6.20,6.20,-0.03 (-0.48 %)," ","71,650","434,000,000",0,0,6.60,6.60,5.80
18/12/2020,6.23,6.23,0.17 (2.81 %)," ","239,070","1,428,000,000",0,0,5.64,6.39,5.64
17/12/2020,6.06,6.06,-0.45 (-6.91 %)," ","92,410","560,000,000",0,0,6.06,6.06,6.06
16/12/2020,6.51,6.51,-0.49 (-7.00 %)," ","375,800","2,472,000,000",0,0,7.00,7.00,6.51
15/12/2020,7.00,7.00,0.30 (4.48 %)," ","530,490","3,697,000,000","370,490","2,482,283,000",7.10,7.15,6.30
14/12/2020,6.70,6.70,0.43 (6.86 %)," ","368,580","2,454,000,000",0,0,6.27,6.70,6.27
11/12/2020,6.27,6.27,0.40 (6.81 %)," ","435,450","2,723,000,000","385,920","2,107,123,200",6.26,6.28,5.90
10/12/2020,5.87,5.87,0.38 (6.92 %)," ","317,250","1,846,000,000",0,0,5.50,5.87,5.49
09/12/2020,5.49,5.49,-0.10 (-1.79 %)," ","153,410","841,000,000","510,105","2,652,546,000",5.58,5.59,5.40
08/12/2020,5.59,5.59,0.20 (3.71 %)," ","332,040","1,846,000,000","100,000","502,000,000",5.50,5.60,5.37
07/12/2020,5.39,5.39,0.26 (5.07 %)," ","215,720","1,146,000,000",0,0,5.39,5.39,5.22
04/12/2020,5.13,5.13,0.23 (4.69 %)," ","169,190","854,000,000",0,0,4.92,5.15,4.92
03/12/2020,4.90,4.90,0.00 (0.00 %)," ","26,330","129,000,000",0,0,4.91,4.94,4.90
02/12/2020,4.90,4.90,0.02 (0.41 %)," ","159,070","778,000,000",0,0,4.89,4.94,4.81
01/12/2020,4.88,4.88,0.04 (0.83 %)," ","160,630","781,000,000",0,0,4.73,4.90,4.73
30/11/2020,4.84,4.84,0.09 (1.89 %)," ","32,000","154,000,000",0,0,4.87,4.87,4.76
27/11/2020,4.75,4.75,-0.06 (-1.25 %)," ","74,160","355,000,000","145,000","697,450,000",4.81,4.86,4.73
26/11/2020,4.81,4.81,0.00 (0.00 %)," ","82,890","396,000,000",0,0,4.80,4.82,4.73
25/11/2020,4.81,4.81,0.01 (0.21 %)," ","163,160","783,000,000",0,0,4.80,4.89,4.79
24/11/2020,4.80,4.80,-0.13 (-2.64 %)," ","168,820","813,000,000","741,980","3,709,900,000",4.94,4.95,4.79
23/11/2020,4.93,4.93,0.08 (1.65 %)," ","366,890","1,802,000,000",0,0,4.98,5.00,4.85
20/11/2020,4.85,4.85,0.08 (1.68 %)," ","144,380","698,000,000",0,0,4.90,4.90,4.70
19/11/2020,4.77,4.77,-0.10 (-2.05 %)," ","126,220","585,000,000",0,0,4.58,4.77,4.58
18/11/2020,4.47,4.87,0.04 (0.83 %)," ","27,690","134,000,000",0,0,4.83,4.87,4.83
17/11/2020,4.43,4.83,-0.03 (-0.62 %)," ","38,380","185,000,000",0,0,4.83,4.85,4.81
16/11/2020,4.46,4.86,0.03 (0.62 %)," ","63,010","305,000,000",0,0,4.80,4.90,4.80
13/11/2020,4.43,4.83,0.04 (0.84 %)," ","48,540","233,000,000",0,0,4.84,4.84,4.77
12/11/2020,4.39,4.79,0.04 (0.84 %)," ","40,440","192,000,000",0,0,4.75,4.80,4.73
11/11/2020,4.36,4.75,-0.05 (-1.04 %)," ","37,640","180,000,000",0,0,4.80,4.82,4.70
10/11/2020,4.40,4.80,-0.08 (-1.64 %)," ","70,770","340,000,000",0,0,4.94,4.94,4.78
09/11/2020,4.48,4.88,-0.02 (-0.41 %)," ","20,630","100,000,000",0,0,4.94,4.94,4.73
06/11/2020,4.50,4.90,0.21 (4.48 %)," ","75,690","369,000,000",0,0,4.75,5.01,4.75
05/11/2020,4.30,4.69,0.05 (1.08 %)," ","54,010","249,000,000",0,0,4.65,4.70,4.58
04/11/2020,4.26,4.64,-0.08 (-1.69 %)," ","64,840","302,000,000",0,0,4.70,4.70,4.62
03/11/2020,4.33,4.72,0.04 (0.85 %)," ","44,930","211,000,000",0,0,4.69,4.87,4.68
02/11/2020,4.29,4.68,-0.09 (-1.89 %)," ","74,970","352,000,000",0,0,4.77,4.77,4.67
30/10/2020,4.38,4.77,-0.12 (-2.45 %)," ","80,470","383,000,000",0,0,4.89,4.89,4.72
29/10/2020,4.49,4.89,0.05 (1.03 %)," ","132,770","634,000,000",0,0,4.79,4.89,4.75
28/10/2020,4.44,4.84,-0.06 (-1.22 %)," ","51,090","245,000,000",0,0,4.90,4.90,4.77
27/10/2020,4.50,4.90,0.04 (0.82 %)," ","42,920","207,000,000",0,0,4.86,4.94,4.80
26/10/2020,4.46,4.86,-0.05 (-1.02 %)," ","19,860","97,000,000",0,0,4.92,4.99,4.86
23/10/2020,4.50,4.91,0.13 (2.72 %)," ","101,110","485,000,000","100,000","490,000,000",4.78,4.91,4.76
22/10/2020,4.39,4.78,-0.04 (-0.83 %)," ","99,140","474,000,000",0,0,4.82,4.82,4.77
21/10/2020,4.42,4.82,-0.08 (-1.63 %)," ","137,650","664,000,000",0,0,4.90,4.90,4.80
20/10/2020,4.50,4.90,-0.03 (-0.61 %)," ","132,660","649,000,000",0,0,4.93,4.93,4.87
19/10/2020,4.52,4.93,-0.07 (-1.40 %)," ","46,690","232,000,000",0,0,4.94,5.00,4.93
16/10/2020,4.59,5.00,0.00 (0.00 %)," ","50,220","248,000,000",0,0,5.00,5.00,4.91
15/10/2020,4.59,5.00,-0.07 (-1.38 %)," ","64,540","325,000,000",0,0,5.06,5.09,5.00
14/10/2020,4.65,5.07,-0.08 (-1.55 %)," ","76,560","391,000,000",0,0,5.15,5.16,5.07
13/10/2020,4.72,5.15,0.01 (0.19 %)," ","51,210","262,000,000",0,0,5.12,5.15,5.07
12/10/2020,4.72,5.14,0.02 (0.39 %)," ","37,050","190,000,000",0,0,5.12,5.14,5.10
09/10/2020,4.70,5.12,-0.04 (-0.78 %)," ","46,420","239,000,000",0,0,5.15,5.17,5.11
08/10/2020,4.73,5.16,0.01 (0.19 %)," ","32,200","165,000,000",0,0,5.19,5.19,5.10
07/10/2020,4.72,5.15,0.00 (0.00 %)," ","44,140","227,000,000",0,0,5.15,5.17,5.10
06/10/2020,4.72,5.15,-0.10 (-1.90 %)," ","171,400","883,000,000",0,0,5.25,5.25,5.10
05/10/2020,4.82,5.25,0.06 (1.16 %)," ","69,870","362,000,000",0,0,5.21,5.25,5.15
02/10/2020,4.76,5.19,0.00 (0.00 %)," ","151,710","779,000,000",0,0,5.23,5.25,5.09
01/10/2020,4.76,5.19,0.04 (0.78 %)," ","109,400","566,000,000",0,0,5.19,5.22,5.13
30/09/2020,4.72,5.15,0.05 (0.98 %)," ","42,760","218,000,000",0,0,5.10,5.15,5.08
29/09/2020,4.68,5.10,-0.03 (-0.58 %)," ","84,720","434,000,000",0,0,5.13,5.16,5.08
28/09/2020,4.71,5.13,0.05 (0.98 %)," ","73,300","373,000,000",0,0,5.02,5.14,5.02
25/09/2020,4.66,5.08,0.00 (0.00 %)," ","49,050","249,000,000",0,0,5.19,5.19,5.06
24/09/2020,4.66,5.08,-0.02 (-0.39 %)," ","533,580","2,710,000,000",0,0,5.09,5.10,5.06
23/09/2020,4.68,5.10,0.04 (0.79 %)," ","120,320","610,000,000",0,0,5.15,5.16,5.05
22/09/2020,4.64,5.06,-0.12 (-2.32 %)," ","74,940","383,000,000",0,0,5.18,5.19,5.06
21/09/2020,4.75,5.18,-0.07 (-1.33 %)," ","114,780","598,000,000",0,0,5.29,5.29,5.17
18/09/2020,4.82,5.25,0.00 (0.00 %)," ","72,740","379,000,000",0,0,5.24,5.27,5.20
17/09/2020,4.82,5.25,0.06 (1.16 %)," ","99,970","522,000,000",0,0,5.20,5.30,5.17
16/09/2020,4.76,5.19,-0.03 (-0.57 %)," ","165,570","870,000,000",0,0,5.40,5.40,5.19
15/09/2020,4.79,5.22,0.13 (2.55 %)," ","306,840","1,583,000,000","20,000","95,000,000",5.10,5.25,5.10
14/09/2020,4.67,5.09,-0.14 (-2.68 %)," ","79,090","405,000,000",0,0,5.20,5.20,5.09
11/09/2020,4.80,5.23,-0.02 (-0.38 %)," ","17,830","93,000,000",0,0,5.28,5.28,5.15
10/09/2020,4.82,5.25,0.12 (2.34 %)," ","51,290","268,000,000","400,000","1,920,000,000",5.15,5.25,5.15
09/09/2020,4.71,5.13,0.01 (0.20 %)," ","331,840","1,692,000,000",0,0,4.92,5.20,4.92
08/09/2020,4.70,5.12,-0.01 (-0.19 %)," ","50,480","251,000,000",0,0,5.13,5.13,4.90
07/09/2020,4.71,5.13,0.00 (0.00 %)," ","144,410","714,000,000",0,0,5.13,5.30,4.86
04/09/2020,4.71,5.13,-0.18 (-3.39 %)," ","133,930","678,000,000",0,0,4.96,5.30,4.96
03/09/2020,4.87,5.31,-0.39 (-6.84 %)," ","188,930","1,005,000,000",0,0,5.35,5.58,5.31
01/09/2020,5.23,5.70,0.21 (3.83 %)," ","279,020","1,575,000,000",0,0,5.87,5.87,5.20
31/08/2020,5.04,5.49,0.35 (6.81 %)," ","376,920","2,068,000,000",0,0,5.45,5.49,5.40
28/08/2020,4.72,5.14,0.33 (6.86 %)," ","233,370","1,170,000,000",0,0,4.79,5.14,4.61
27/08/2020,4.41,4.81,0.01 (0.21 %)," ","53,540","256,000,000",0,0,4.75,4.82,4.73
26/08/2020,4.40,4.80,0.04 (0.84 %)," ","97,440","464,000,000",0,0,4.62,4.95,4.61
25/08/2020,4.37,4.76,-0.03 (-0.63 %)," ","105,710","495,000,000",0,0,4.78,4.78,4.60
24/08/2020,4.39,4.79,0.20 (4.36 %)," ","219,790","1,022,000,000",0,0,4.59,4.79,4.59
21/08/2020,4.21,4.59,0.08 (1.77 %)," ","7,060","32,000,000",0,0,4.60,4.60,4.52
20/08/2020,4.14,4.51,-0.08 (-1.74 %)," ","37,400","169,000,000",0,0,4.52,4.56,4.50
19/08/2020,4.21,4.59,0.04 (0.88 %)," ","33,640","152,000,000",0,0,4.54,4.59,4.50
18/08/2020,4.17,4.55,0.00 (0.00 %)," ","42,270","191,000,000",0,0,4.55,4.70,4.50
17/08/2020,4.17,4.55,-0.01 (-0.22 %)," ","16,530","75,000,000",0,0,4.55,4.55,4.50
14/08/2020,4.18,4.56,-0.07 (-1.51 %)," ","53,840","247,000,000",0,0,4.60,4.66,4.55
13/08/2020,4.25,4.63,-0.02 (-0.43 %)," ","8,890","41,000,000",0,0,4.67,4.67,4.62
12/08/2020,4.27,4.65,0.05 (1.09 %)," ","11,860","55,000,000",0,0,4.56,4.67,4.56
11/08/2020,4.22,4.60,-0.15 (-3.16 %)," ","45,890","211,000,000",0,0,4.60,4.67,4.58
10/08/2020,4.36,4.75,0.00 (0.00 %)," ","30,040","141,000,000",0,0,4.74,4.75,4.57
07/08/2020,4.36,4.75,-0.05 (-1.04 %)," ","57,770","266,000,000",0,0,4.80,4.80,4.58
06/08/2020,4.40,4.80,0.05 (1.05 %)," ","40,540","194,000,000",0,0,4.70,4.80,4.57
05/08/2020,4.36,4.75,0.15 (3.26 %)," ","89,790","407,000,000",0,0,4.54,4.75,4.42
04/08/2020,4.22,4.60,0.01 (0.22 %)," ","101,240","462,000,000",0,0,4.50,4.60,4.40
03/08/2020,4.21,4.59,0.29 (6.74 %)," ","325,300","1,390,000,000",0,0,4.29,4.59,4.21
31/07/2020,3.94,4.30,0.04 (0.94 %)," ","85,210","343,000,000",0,0,4.26,4.30,3.97
30/07/2020,3.91,4.26,-0.02 (-0.47 %)," ","430,230","1,850,000,000",0,0,4.26,4.39,4.26
29/07/2020,3.93,4.28,-0.08 (-1.83 %)," ","69,190","285,000,000",0,0,4.13,4.35,4.10
28/07/2020,4.00,4.36,0.00 (0.00 %)," ","56,700","238,000,000",0,0,4.10,4.40,4.10
27/07/2020,4.00,4.36,-0.32 (-6.84 %)," ","111,740","488,000,000",0,0,4.45,4.45,4.36
24/07/2020,4.29,4.68,-0.17 (-3.51 %)," ","81,860","388,000,000",0,0,4.81,4.89,4.67
23/07/2020,4.45,4.85,-0.04 (-0.82 %)," ","52,930","254,000,000",0,0,4.88,4.89,4.76
22/07/2020,4.49,4.89,0.02 (0.41 %)," ","6,430","31,000,000",0,0,4.97,4.97,4.82
21/07/2020,4.47,4.87,-0.02 (-0.41 %)," ","17,500","84,000,000",0,0,4.89,4.89,4.68
20/07/2020,4.49,4.89,0.03 (0.62 %)," ","30,520","149,000,000",0,0,4.89,4.90,4.87
17/07/2020,4.46,4.86,-0.04 (-0.82 %)," ","33,370","162,000,000",0,0,4.90,4.90,4.85
16/07/2020,4.50,4.90,0.00 (0.00 %)," ","18,170","89,000,000",0,0,4.95,4.95,4.86
15/07/2020,4.50,4.90,0.02 (0.41 %)," ","58,420","285,000,000",0,0,4.98,4.98,4.86
14/07/2020,4.48,4.88,-0.02 (-0.41 %)," ","45,740","223,000,000",0,0,4.90,4.90,4.85
13/07/2020,4.50,4.90,0.09 (1.87 %)," ","19,210","94,000,000",0,0,5.00,5.00,4.78
10/07/2020,4.41,4.81,-0.04 (-0.82 %)," ","55,260","266,000,000",0,0,4.81,4.90,4.79
09/07/2020,4.45,4.85,-0.07 (-1.42 %)," ","95,250","455,000,000",0,0,4.64,4.95,4.64
08/07/2020,4.51,4.92,-0.06 (-1.20 %)," ","16,010","78,000,000",0,0,4.90,5.00,4.83
07/07/2020,4.57,4.98,0.00 (0.00 %)," ","21,340","106,000,000",0,0,5.10,5.10,4.98
06/07/2020,4.57,4.98,0.13 (2.68 %)," ","79,700","404,000,000",0,0,5.16,5.16,4.85
03/07/2020,4.45,4.85,-0.20 (-3.96 %)," ","309,990","1,519,000,000",0,0,5.01,5.02,4.81
02/07/2020,4.63,5.05,0.10 (2.02 %)," ","6,040","30,000,000",0,0,5.00,5.05,4.82
01/07/2020,4.54,4.95,0.12 (2.48 %)," ","5,780","28,000,000",0,0,4.95,4.95,4.89
30/06/2020,4.43,4.83,0.02 (0.42 %)," ","68,370","327,000,000",0,0,4.90,4.91,4.75
29/06/2020,4.41,4.81,-0.36 (-6.96 %)," ","66,040","324,000,000",0,0,5.00,5.16,4.81
26/06/2020,4.74,5.17,0.03 (0.58 %)," ","104,730","531,000,000",0,0,5.14,5.19,5.00
25/06/2020,4.72,5.14,-0.09 (-1.72 %)," ","77,700","401,000,000",0,0,5.25,5.25,5.12
24/06/2020,4.80,5.23,-0.07 (-1.32 %)," ","29,150","155,000,000",0,0,5.34,5.35,5.21
23/06/2020,4.86,5.30,-0.04 (-0.75 %)," ","44,800","236,000,000",0,0,5.34,5.34,5.21
22/06/2020,4.90,5.34,0.09 (1.71 %)," ","92,710","489,000,000",0,0,5.14,5.40,5.14
19/06/2020,4.82,5.25,-0.04 (-0.76 %)," ","48,690","255,000,000",0,0,5.12,5.29,5.12
18/06/2020,4.85,5.29,0.09 (1.73 %)," ","34,280","179,000,000",0,0,5.20,5.30,5.19
17/06/2020,4.77,5.20,0.15 (2.97 %)," ","52,590","271,000,000",0,0,5.14,5.30,5.05
16/06/2020,4.63,5.05,0.00 (0.00 %)," ","41,430","210,000,000",0,0,5.19,5.19,5.01
15/06/2020,4.63,5.05,0.00 (0.00 %)," ","71,890","362,000,000",0,0,4.92,5.20,4.92
12/06/2020,4.63,5.05,-0.30 (-5.61 %)," ","203,520","1,025,000,000",0,0,4.98,5.29,4.98
11/06/2020,4.91,5.35,-0.35 (-6.14 %)," ","185,080","1,007,000,000",0,0,5.79,5.79,5.31
10/06/2020,5.23,5.70,-0.14 (-2.40 %)," ","97,630","558,000,000","500,000","3,000,000,000",5.88,5.88,5.50
09/06/2020,5.36,5.84,0.23 (4.10 %)," ","131,540","766,000,000",0,0,5.98,5.99,5.62
08/06/2020,5.15,5.61,0.36 (6.86 %)," ","391,170","2,161,000,000",0,0,5.33,5.61,5.25
05/06/2020,4.82,5.25,0.01 (0.19 %)," ","80,220","420,000,000",0,0,5.30,5.30,5.21
04/06/2020,4.81,5.24,-0.03 (-0.57 %)," ","47,160","247,000,000",0,0,5.21,5.29,5.20
03/06/2020,4.83,5.27,-0.02 (-0.38 %)," ","37,980","199,000,000",0,0,5.33,5.33,5.20
02/06/2020,4.85,5.29,-0.05 (-0.94 %)," ","71,790","380,000,000",0,0,5.34,5.34,5.25
01/06/2020,4.90,5.34,0.05 (0.95 %)," ","92,500","494,000,000",0,0,5.35,5.40,5.29
29/05/2020,4.85,5.29,-0.07 (-1.31 %)," ","99,230","528,000,000",0,0,5.40,5.42,5.25
28/05/2020,4.92,5.36,-0.03 (-0.56 %)," ","59,280","318,000,000",0,0,5.46,5.46,5.30
27/05/2020,4.94,5.39,-0.09 (-1.64 %)," ","81,050","439,000,000",0,0,5.45,5.48,5.39
26/05/2020,5.03,5.48,0.06 (1.11 %)," ","71,960","393,000,000",0,0,5.42,5.54,5.40
25/05/2020,4.97,5.42,-0.12 (-2.17 %)," ","86,340","470,000,000",0,0,5.42,5.55,5.40
22/05/2020,5.08,5.54,-0.05 (-0.89 %)," ","58,950","325,000,000",0,0,5.60,5.60,5.50
21/05/2020,5.13,5.59,-0.03 (-0.53 %)," ","56,820","312,000,000",0,0,5.54,5.65,5.30
20/05/2020,5.16,5.62,0.12 (2.18 %)," ","31,090","172,000,000",0,0,5.45,5.63,5.45
19/05/2020,5.05,5.50,-0.10 (-1.79 %)," ","135,210","752,000,000",0,0,5.60,5.70,5.50
18/05/2020,5.14,5.60,0.07 (1.27 %)," ","76,830","427,000,000",0,0,5.50,5.70,5.47
15/05/2020,5.07,5.53,-0.17 (-2.98 %)," ","156,360","881,000,000",0,0,5.62,5.70,5.50
14/05/2020,5.23,5.70,-0.20 (-3.39 %)," ","54,100","307,000,000",0,0,5.61,5.84,5.61
13/05/2020,5.41,5.90,-0.09 (-1.50 %)," ","124,620","722,000,000",0,0,5.70,5.99,5.70
12/05/2020,5.50,5.99,0.39 (6.96 %)," ","143,970","830,000,000",0,0,5.60,5.99,5.60
11/05/2020,5.14,5.60,0.00 (0.00 %)," ","72,270","407,000,000",0,0,5.60,5.73,5.50
08/05/2020,5.14,5.60,0.18 (3.32 %)," ","96,080","541,000,000",0,0,5.42,5.75,5.42
07/05/2020,4.97,5.42,0.02 (0.37 %)," ","18,280","100,000,000",0,0,5.40,5.49,5.40
06/05/2020,4.95,5.40,-0.05 (-0.92 %)," ","35,400","191,000,000",0,0,5.21,5.45,5.21
05/05/2020,5.00,5.45,-0.01 (-0.18 %)," ","81,580","433,000,000",0,0,5.63,5.63,5.20
04/05/2020,5.01,5.46,-0.14 (-2.50 %)," ","192,660","1,068,000,000",0,0,5.50,5.70,5.40
29/04/2020,5.14,5.60,0.00 (0.00 %)," ","54,100","300,000,000",0,0,5.60,5.70,5.50
28/04/2020,5.14,5.60,-0.07 (-1.23 %)," ","71,040","402,000,000",0,0,5.80,5.80,5.55
27/04/2020,5.20,5.67,0.07 (1.25 %)," ","228,530","1,283,000,000",0,0,5.65,5.70,5.51
24/04/2020,5.14,5.60,-0.10 (-1.75 %)," ","35,700","199,000,000",0,0,5.55,5.78,5.35
23/04/2020,5.23,5.70,0.20 (3.64 %)," ","56,940","320,000,000",0,0,5.70,5.80,5.52
22/04/2020,5.05,5.50,-0.08 (-1.43 %)," ","208,930","1,091,000,000",0,0,5.19,5.56,5.19
21/04/2020,5.12,5.58,-0.42 (-7.00 %)," ","195,180","1,099,000,000",0,0,5.90,5.90,5.58
20/04/2020,5.50,6.00,0.12 (2.04 %)," ","94,630","561,000,000",0,0,5.88,6.15,5.75
17/04/2020,5.39,5.88,-0.21 (-3.45 %)," ","463,160","2,658,000,000",0,0,5.67,6.48,5.67
16/04/2020,5.59,6.09,-0.45 (-6.88 %)," ","271,970","1,769,000,000",0,0,6.99,6.99,6.09
15/04/2020,6.00,6.54,0.42 (6.86 %)," ","29,940","196,000,000",0,0,6.54,6.54,6.54
14/04/2020,5.61,6.12,0.40 (6.99 %)," ","41,430","254,000,000",0,0,6.12,6.12,6.12
13/04/2020,5.25,5.72,0.37 (6.92 %)," ","236,250","1,343,000,000",0,0,5.50,5.72,5.40
10/04/2020,4.91,5.35,0.35 (7.00 %)," ","254,520","1,357,000,000",0,0,5.31,5.35,5.20
09/04/2020,4.59,5.00,0.32 (6.84 %)," ","213,400","1,057,000,000",0,0,5.00,5.00,4.71
08/04/2020,4.29,4.68,0.30 (6.85 %)," ","157,020","691,000,000",0,0,4.38,4.68,4.30
07/04/2020,4.02,4.38,0.28 (6.83 %)," ","204,670","894,000,000",0,0,4.38,4.38,4.23
06/04/2020,3.76,4.10,0.26 (6.77 %)," ","41,530","170,000,000",0,0,4.10,4.10,4.10
03/04/2020,3.52,3.84,0.25 (6.96 %)," ","157,980","605,000,000",0,0,3.76,3.84,3.76
01/04/2020,3.29,3.59,0.21 (6.21 %)," ","99,860","334,000,000",0,0,3.38,3.59,3.18
31/03/2020,3.10,3.38,-0.25 (-6.89 %)," ","165,300","565,000,000",0,0,3.41,3.86,3.38
30/03/2020,3.33,3.63,-0.27 (-6.92 %)," ","166,870","609,000,000",0,0,3.90,3.90,3.63
27/03/2020,3.58,3.90,-0.24 (-5.80 %)," ","56,670","230,000,000",0,0,4.14,4.41,3.90
26/03/2020,3.80,4.14,-0.31 (-6.97 %)," ","87,790","374,000,000",0,0,4.35,4.50,4.14
25/03/2020,4.08,4.45,0.00 (0.00 %)," ","15,340","68,000,000",0,0,4.55,4.55,4.30
24/03/2020,4.08,4.45,-0.01 (-0.22 %)," ","37,150","159,000,000",0,0,4.50,4.59,4.20
23/03/2020,4.09,4.46,-0.33 (-6.89 %)," ","61,360","278,000,000",0,0,4.68,4.68,4.46
20/03/2020,4.39,4.79,-0.01 (-0.21 %)," ","21,690","103,000,000",0,0,4.80,4.80,4.66
19/03/2020,4.40,4.80,-0.01 (-0.21 %)," ","64,130","303,000,000",0,0,4.84,4.84,4.48
18/03/2020,4.41,4.81,0.31 (6.89 %)," ","146,820","700,000,000",0,0,4.60,4.81,4.60
17/03/2020,4.13,4.50,0.04 (0.90 %)," ","86,160","378,000,000",0,0,4.50,4.51,4.15
16/03/2020,4.09,4.46,-0.17 (-3.67 %)," ","97,780","435,000,000",0,0,4.64,4.64,4.32
13/03/2020,4.25,4.63,-0.16 (-3.34 %)," ","320,990","1,434,000,000",0,0,4.46,4.79,4.46
12/03/2020,4.39,4.79,-0.35 (-6.81 %)," ","155,230","745,000,000",0,0,5.10,5.10,4.79
11/03/2020,4.72,5.14,-0.24 (-4.46 %)," ","92,770","479,000,000",0,0,5.59,5.59,5.05
10/03/2020,4.94,5.38,-0.02 (-0.37 %)," ","133,650","694,000,000",0,0,5.03,5.48,5.03
09/03/2020,4.95,5.40,-0.40 (-6.90 %)," ","134,370","726,000,000",0,0,5.40,5.55,5.40
06/03/2020,5.32,5.80,-0.07 (-1.19 %)," ","61,310","352,000,000",0,0,5.86,5.86,5.70
05/03/2020,5.39,5.87,-0.05 (-0.84 %)," ","47,790","282,000,000",0,0,6.00,6.00,5.87
04/03/2020,5.43,5.92,0.17 (2.96 %)," ","30,860","182,000,000",0,0,5.78,6.00,5.78
03/03/2020,5.28,5.75,0.09 (1.59 %)," ","129,670","738,000,000",0,0,5.70,6.04,5.61
02/03/2020,5.19,5.66,-0.04 (-0.70 %)," ","106,340","601,000,000",0,0,5.66,5.78,5.60
28/02/2020,5.23,5.70,-0.30 (-5.00 %)," ","76,190","433,000,000",0,0,5.67,5.72,5.62
27/02/2020,5.50,6.00,0.28 (4.90 %)," ","62,350","364,000,000",0,0,5.70,6.09,5.70
26/02/2020,5.25,5.72,-0.13 (-2.22 %)," ","59,350","338,000,000",0,0,5.85,5.85,5.62
25/02/2020,5.37,5.85,0.09 (1.56 %)," ","47,240","270,000,000",0,0,5.50,5.90,5.50
24/02/2020,5.28,5.76,-0.40 (-6.49 %)," ","124,650","726,000,000",0,0,5.90,6.00,5.75
21/02/2020,5.65,6.16,-0.01 (-0.16 %)," ","61,270","373,000,000",0,0,6.15,6.21,6.05
20/02/2020,5.66,6.17,0.11 (1.82 %)," ","40,890","251,000,000",0,0,6.01,6.20,6.00
19/02/2020,5.56,6.06,-0.22 (-3.50 %)," ","91,120","557,000,000",0,0,6.19,6.28,6.03
18/02/2020,5.76,6.28,-0.03 (-0.48 %)," ","52,560","326,000,000",0,0,6.31,6.40,6.13
17/02/2020,5.79,6.31,-0.23 (-3.52 %)," ","82,000","524,000,000",0,0,6.54,6.54,6.13
14/02/2020,6.00,6.54,0.42 (6.86 %)," ","201,280","1,315,000,000",0,0,6.54,6.54,6.35
13/02/2020,5.61,6.12,0.40 (6.99 %)," ","44,800","268,000,000",0,0,5.89,6.12,5.80
12/02/2020,5.25,5.72,-0.17 (-2.89 %)," ","250,030","1,420,000,000",0,0,5.87,5.89,5.51
11/02/2020,5.40,5.89,-0.14 (-2.32 %)," ","287,460","1,723,000,000",0,0,6.12,6.12,5.89
10/02/2020,5.53,6.03,-0.10 (-1.63 %)," ","188,460","1,142,000,000",0,0,6.13,6.13,6.02
07/02/2020,5.62,6.13,-0.14 (-2.23 %)," ","140,700","872,000,000",0,0,6.20,6.39,6.02
06/02/2020,5.75,6.27,-0.40 (-6.00 %)," ","739,580","4,603,000,000",0,0,6.21,6.45,6.21
05/02/2020,6.12,6.67,-0.50 (-6.97 %)," ","88,380","589,000,000",0,0,6.67,6.67,6.67
04/02/2020,6.58,7.17,-0.53 (-6.88 %)," ","180,890","1,300,000,000",0,0,7.30,7.59,7.17
03/02/2020,7.06,7.70,-0.49 (-5.98 %)," ","256,450","1,958,000,000",0,0,7.70,8.10,7.62
31/01/2020,7.51,8.19,0.19 (2.37 %)," ","1,211,320","9,917,000,000",0,0,8.20,8.42,7.72
30/01/2020,7.34,8.00,0.52 (6.95 %)," ","1,446,550","11,168,000,000",0,0,7.63,8.00,7.50
22/01/2020,6.86,7.48,0.08 (1.08 %)," ","102,460","755,000,000",0,0,7.40,7.48,7.29
21/01/2020,6.79,7.40,-0.02 (-0.27 %)," ","75,600","560,000,000",0,0,7.40,7.42,7.40
20/01/2020,6.81,7.42,0.00 (0.00 %)," ","77,990","578,000,000",0,0,7.42,7.45,7.40
17/01/2020,6.81,7.42,0.00 (0.00 %)," ","47,800","355,000,000",0,0,7.40,7.50,7.40
16/01/2020,6.81,7.42,0.00 (0.00 %)," ","40,560","301,000,000",0,0,7.42,7.49,7.40
15/01/2020,6.81,7.42,0.00 (0.00 %)," ","42,370","314,000,000",0,0,7.40,7.42,7.31
14/01/2020,6.81,7.42,-0.02 (-0.27 %)," ","87,470","649,000,000",0,0,7.44,7.48,7.40
13/01/2020,6.83,7.44,-0.06 (-0.80 %)," ","91,430","678,000,000",0,0,7.50,7.50,7.39
10/01/2020,6.88,7.50,-0.02 (-0.27 %)," ","69,490","522,000,000",0,0,7.52,7.58,7.40
09/01/2020,6.90,7.52,0.08 (1.08 %)," ","154,420","1,158,000,000",0,0,7.40,7.60,7.40
08/01/2020,6.83,7.44,-0.04 (-0.53 %)," ","62,390","460,000,000",0,0,7.50,7.50,7.32
07/01/2020,6.86,7.48,0.00 (0.00 %)," ","57,920","434,000,000",0,0,7.48,7.54,7.46
06/01/2020,6.86,7.48,-0.05 (-0.66 %)," ","97,040","726,000,000",0,0,7.53,7.53,7.41
03/01/2020,6.91,7.53,-0.01 (-0.13 %)," ","70,220","531,000,000",0,0,7.50,7.62,7.50
02/01/2020,6.92,7.54,0.08 (1.07 %)," ","81,420","612,000,000",0,0,7.46,7.56,7.46
31/12/2019,6.84,7.46,-0.04 (-0.53 %)," ","89,290","669,000,000",0,0,7.50,7.55,7.46
30/12/2019,6.88,7.50,-0.06 (-0.79 %)," ","78,060","588,000,000",0,0,7.58,7.58,7.50
27/12/2019,6.94,7.56,-0.01 (-0.13 %)," ","70,060","530,000,000",0,0,7.53,7.64,7.50
26/12/2019,6.94,7.57,0.00 (0.00 %)," ","86,620","656,000,000",0,0,7.60,7.70,7.50
25/12/2019,6.94,7.57,0.00 (0.00 %)," ","72,170","545,000,000",0,0,7.57,7.59,7.52
24/12/2019,6.94,7.57,-0.05 (-0.66 %)," ","62,180","471,000,000",0,0,7.62,7.62,7.55
23/12/2019,6.99,7.62,0.03 (0.40 %)," ","391,940","2,975,000,000",0,0,7.52,7.66,7.52
20/12/2019,6.96,7.59,0.00 (0.00 %)," ","140,080","1,062,000,000",0,0,7.58,7.63,7.50
19/12/2019,6.96,7.59,0.00 (0.00 %)," ","116,870","882,000,000",0,0,7.60,7.80,7.10
18/12/2019,6.96,7.59,-0.11 (-1.43 %)," ","93,560","705,000,000",0,0,7.60,7.70,7.49
17/12/2019,7.06,7.70,-0.25 (-3.14 %)," ","161,160","1,226,000,000",0,0,7.80,7.81,7.49
16/12/2019,7.29,7.95,-0.15 (-1.85 %)," ","86,770","686,000,000",0,0,8.00,8.16,7.80
13/12/2019,7.43,8.10,-0.02 (-0.25 %)," ","557,510","4,609,000,000",0,0,8.12,8.42,7.85
12/12/2019,7.45,8.12,0.47 (6.14 %)," ","633,740","5,016,000,000",0,0,7.65,8.12,7.60
11/12/2019,7.02,7.65,0.00 (0.00 %)," ","79,170","608,000,000",0,0,7.65,7.72,7.65
10/12/2019,7.02,7.65,-0.05 (-0.65 %)," ","64,310","494,000,000",0,0,7.70,7.75,7.60
09/12/2019,7.06,7.70,0.09 (1.18 %)," ","98,360","754,000,000",0,0,7.60,7.70,7.60
06/12/2019,6.98,7.61,0.01 (0.13 %)," ","76,090","576,000,000",0,0,7.60,7.62,7.50
05/12/2019,6.97,7.60,0.02 (0.26 %)," ","72,600","551,000,000",0,0,7.56,7.65,7.56
04/12/2019,6.95,7.58,0.01 (0.13 %)," ","60,330","455,000,000",0,0,7.50,7.64,7.50
03/12/2019,6.94,7.57,-0.03 (-0.39 %)," ","65,770","498,000,000",0,0,7.60,7.65,7.52
02/12/2019,6.97,7.60,0.01 (0.13 %)," ","164,330","1,252,000,000",0,0,7.50,7.72,7.50
29/11/2019,6.96,7.59,-0.04 (-0.52 %)," ","103,060","775,000,000",0,0,7.60,7.60,7.50
28/11/2019,7.00,7.63,-0.12 (-1.55 %)," ","65,120","495,000,000",0,0,7.75,7.75,7.60
27/11/2019,7.11,7.75,0.25 (3.33 %)," ","73,490","563,000,000",0,0,7.50,7.98,7.50
26/11/2019,6.88,7.50,-0.10 (-1.32 %)," ","74,930","566,000,000",0,0,7.52,7.60,7.50
25/11/2019,6.97,7.60,0.02 (0.26 %)," ","117,090","887,000,000",0,0,7.60,7.60,7.50
22/11/2019,6.95,7.58,-0.05 (-0.66 %)," ","83,530","633,000,000",0,0,7.60,7.60,7.51
21/11/2019,7.00,7.63,-0.01 (-0.13 %)," ","87,710","665,000,000",0,0,7.64,7.64,7.55
20/11/2019,7.01,7.64,0.01 (0.13 %)," ","138,110","1,049,000,000",0,0,7.65,7.68,7.57
19/11/2019,7.00,7.63,-0.01 (-0.13 %)," ","385,540","2,930,000,000",0,0,7.64,7.64,7.58
18/11/2019,7.01,7.64,-0.01 (-0.13 %)," ","163,250","1,243,000,000",0,0,7.65,7.72,7.58
15/11/2019,7.02,7.65,0.00 (0.00 %)," ","62,810","478,000,000",0,0,7.65,7.65,7.57
14/11/2019,7.02,7.65,0.00 (0.00 %)," ","88,710","673,000,000",0,0,7.56,7.65,7.53
13/11/2019,7.02,7.65,-0.03 (-0.39 %)," ","265,370","2,019,000,000",0,0,7.68,7.68,7.56
12/11/2019,7.05,7.68,-0.02 (-0.26 %)," ","165,520","1,262,000,000",0,0,7.65,7.68,7.56
11/11/2019,7.06,7.70,-0.06 (-0.77 %)," ","77,290","589,000,000",0,0,7.88,7.88,7.58
08/11/2019,7.12,7.76,0.06 (0.78 %)," ","270,090","2,058,000,000",0,0,7.70,7.76,7.57
07/11/2019,7.06,7.70,0.01 (0.13 %)," ","318,050","2,430,000,000",0,0,7.80,7.80,7.55
06/11/2019,7.05,7.69,0.01 (0.13 %)," ","98,470","751,000,000",0,0,7.68,7.78,7.58
05/11/2019,7.05,7.68,-0.01 (-0.13 %)," ","205,990","1,578,000,000",0,0,7.69,7.70,7.60
04/11/2019,7.05,7.69,-0.19 (-2.41 %)," ","427,870","3,303,000,000",0,0,7.89,7.89,7.64
01/11/2019,7.23,7.88,-0.02 (-0.25 %)," ","98,170","773,000,000",0,0,7.91,7.98,7.81
31/10/2019,7.25,7.90,0.00 (0.00 %)," ","80,100","633,000,000",0,0,7.90,7.98,7.85
30/10/2019,7.25,7.90,-0.04 (-0.50 %)," ","447,750","3,544,000,000",0,0,7.84,8.00,7.84
29/10/2019,7.28,7.94,-0.16 (-1.98 %)," ","110,630","885,000,000",0,0,8.15,8.15,7.90
28/10/2019,7.43,8.10,0.15 (1.89 %)," ","215,550","1,726,000,000",0,0,8.10,8.10,7.85
25/10/2019,7.29,7.95,0.19 (2.45 %)," ","119,190","936,000,000",0,0,7.70,7.95,7.70
24/10/2019,7.12,7.76,0.14 (1.84 %)," ","78,420","605,000,000",0,0,7.70,7.85,7.62
23/10/2019,6.99,7.62,0.04 (0.53 %)," ","72,710","558,000,000",0,0,7.70,7.78,7.62
22/10/2019,6.95,7.58,0.00 (0.00 %)," ","166,350","1,261,000,000",0,0,7.58,7.63,7.58
21/10/2019,6.95,7.58,-0.02 (-0.26 %)," ","62,380","470,000,000",0,0,7.65,7.68,7.50
18/10/2019,6.97,7.60,0.00 (0.00 %)," ","128,250","975,000,000",0,0,7.60,7.75,7.50
17/10/2019,6.97,7.60,-0.22 (-2.81 %)," ","107,790","818,000,000",0,0,7.70,7.78,7.50
16/10/2019,7.17,7.82,-0.03 (-0.38 %)," ","67,900","521,000,000",0,0,7.85,7.88,7.60
15/10/2019,7.20,7.85,0.07 (0.90 %)," ","94,710","736,000,000",0,0,7.98,7.98,7.67
14/10/2019,7.14,7.78,0.27 (3.60 %)," ","75,650","575,000,000",0,0,7.60,7.78,7.51
11/10/2019,6.89,7.51,-0.14 (-1.83 %)," ","122,130","927,000,000",0,0,7.70,7.70,7.51
10/10/2019,7.02,7.65,-0.07 (-0.91 %)," ","84,260","648,000,000",0,0,7.70,7.78,7.60
09/10/2019,7.08,7.72,-0.08 (-1.03 %)," ","77,980","599,000,000",0,0,7.78,7.78,7.55
08/10/2019,7.16,7.80,0.04 (0.52 %)," ","77,710","594,000,000",0,0,7.76,7.80,7.52
07/10/2019,7.12,7.76,-0.01 (-0.13 %)," ","363,450","2,821,000,000",0,0,7.82,7.82,7.66
04/10/2019,7.13,7.77,0.04 (0.52 %)," ","67,790","527,000,000",0,0,7.86,7.86,7.66
03/10/2019,7.09,7.73,-0.16 (-2.03 %)," ","96,060","749,000,000",0,0,7.89,7.89,7.73
02/10/2019,7.24,7.89,0.00 (0.00 %)," ","146,430","1,153,000,000",0,0,7.94,7.94,7.80
01/10/2019,7.24,7.89,-0.11 (-1.38 %)," ","73,760","584,000,000",0,0,7.90,8.03,7.85
30/09/2019,7.34,8.00,-0.05 (-0.62 %)," ","139,230","1,101,000,000",0,0,8.09,8.09,7.85
27/09/2019,7.39,8.05,0.05 (0.63 %)," ","104,030","828,000,000",0,0,8.00,8.10,7.87
26/09/2019,7.34,8.00,0.00 (0.00 %)," ","198,190","1,577,000,000",0,0,8.00,8.10,7.87
25/09/2019,7.34,8.00,0.00 (0.00 %)," ","207,290","1,661,000,000",0,0,8.00,8.13,7.90
24/09/2019,7.34,8.00,-0.20 (-2.44 %)," ","83,900","672,000,000",0,0,8.16,8.20,7.90
23/09/2019,7.52,8.20,0.20 (2.50 %)," ","554,610","4,554,000,000",0,0,7.81,8.36,7.81
20/09/2019,7.34,8.00,-0.04 (-0.50 %)," ","88,600","691,000,000",0,0,8.04,8.04,7.55
19/09/2019,7.38,8.04,-0.60 (-6.94 %)," ","375,600","3,022,000,000",0,0,8.06,8.30,8.04
18/09/2019,7.93,8.64,-0.65 (-7.00 %)," ","519,960","4,516,000,000",0,0,9.45,9.20,8.64
17/09/2019,8.52,9.29,-0.10 (-1.06 %)," ","508,210","4,774,000,000",0,0,9.45,9.70,8.90
16/09/2019,8.61,9.39,-0.45 (-4.57 %)," ","781,630","7,683,000,000",0,0,9.20,10.20,9.17
13/09/2019,9.03,9.84,0.64 (6.96 %)," ","1,287,540","12,367,000,000",0,0,9.20,9.84,9.20
12/09/2019,8.44,9.20,0.00 (0.00 %)," ","100,150","923,000,000",0,0,9.20,9.26,9.15
11/09/2019,8.44,9.20,0.20 (2.22 %)," ","194,390","1,776,000,000",0,0,9.00,9.22,9.00
10/09/2019,8.26,9.00,-0.05 (-0.55 %)," ","101,880","915,000,000",0,0,9.05,9.08,8.88
09/09/2019,8.30,9.05,-0.03 (-0.33 %)," ","65,990","597,000,000",0,0,9.00,9.10,9.00
06/09/2019,8.33,9.08,0.03 (0.33 %)," ","81,690","741,000,000",0,0,9.00,9.12,8.90
05/09/2019,8.30,9.05,-0.05 (-0.55 %)," ","422,410","3,823,000,000",0,0,9.10,9.15,9.00
04/09/2019,8.35,9.10,-0.05 (-0.55 %)," ","144,840","1,310,000,000",0,0,9.18,9.20,8.89
03/09/2019,8.39,9.15,-0.01 (-0.11 %)," ","526,590","4,882,000,000",0,0,9.18,9.50,9.00
30/08/2019,8.40,9.16,0.26 (2.92 %)," ","291,670","2,646,000,000",0,0,8.92,9.20,8.90
29/08/2019,8.16,8.90,0.05 (0.56 %)," ","118,150","1,053,000,000",0,0,8.89,8.99,8.82
28/08/2019,8.12,8.85,-0.05 (-0.56 %)," ","96,470","850,000,000",0,0,8.90,8.90,8.75
27/08/2019,8.16,8.90,0.01 (0.11 %)," ","282,450","2,527,000,000",0,0,8.80,9.08,8.80
26/08/2019,8.16,8.89,-0.19 (-2.09 %)," ","124,430","1,095,000,000",0,0,9.00,9.00,8.61
23/08/2019,8.33,9.08,-0.02 (-0.22 %)," ","305,930","2,779,000,000",0,0,9.10,9.13,9.00
22/08/2019,8.35,9.10,0.10 (1.11 %)," ","182,810","1,650,000,000",0,0,9.00,9.10,8.90
21/08/2019,8.26,9.00,0.15 (1.69 %)," ","418,660","3,724,000,000",0,0,8.85,9.03,8.70
20/08/2019,8.12,8.85,0.00 (0.00 %)," ","96,940","846,000,000",0,0,8.80,8.85,8.55
19/08/2019,8.12,8.85,-0.05 (-0.56 %)," ","115,080","997,000,000",0,0,8.65,8.90,8.40
16/08/2019,8.16,8.90,-0.39 (-4.20 %)," ","348,120","3,227,000,000",0,0,9.50,9.58,8.80
15/08/2019,8.52,9.29,0.60 (6.90 %)," ","1,026,380","9,301,000,000",0,0,8.77,9.29,8.60
14/08/2019,7.97,8.69,0.56 (6.89 %)," ","1,012,930","8,601,000,000",0,0,8.16,8.69,8.10
13/08/2019,7.46,8.13,0.21 (2.65 %)," ","278,200","2,226,000,000",0,0,7.92,8.13,7.81
12/08/2019,7.27,7.92,0.03 (0.38 %)," ","117,620","929,000,000",0,0,7.81,7.95,7.80
09/08/2019,7.24,7.89,0.00 (0.00 %)," ","81,100","636,000,000",0,0,7.90,7.98,7.72
08/08/2019,7.24,7.89,-0.01 (-0.13 %)," ","170,740","1,333,000,000",0,0,7.95,7.95,7.70
07/08/2019,7.25,7.90,-0.20 (-2.47 %)," ","112,230","896,000,000",0,0,8.10,8.18,7.85
06/08/2019,7.43,8.10,0.00 (0.00 %)," ","304,850","2,482,000,000",0,0,8.10,8.25,7.80
05/08/2019,7.43,8.10,0.28 (3.58 %)," ","274,350","2,178,000,000",0,0,7.82,8.10,7.75
02/08/2019,7.17,7.82,0.07 (0.90 %)," ","120,330","935,000,000",0,0,7.70,7.82,7.65
01/08/2019,7.11,7.75,0.00 (0.00 %)," ","92,180","710,000,000",0,0,7.70,7.75,7.66
31/07/2019,7.11,7.75,-0.05 (-0.64 %)," ","113,050","872,000,000",0,0,7.80,7.85,7.65
30/07/2019,7.16,7.80,0.00 (0.00 %)," ","84,170","657,000,000",0,0,7.80,7.88,7.70
29/07/2019,7.16,7.80,0.14 (1.83 %)," ","156,010","1,204,000,000",0,0,7.70,7.83,7.62
26/07/2019,7.03,7.66,0.13 (1.73 %)," ","178,630","1,351,000,000",0,0,7.53,7.66,7.42
25/07/2019,6.91,7.53,0.13 (1.76 %)," ","117,420","883,000,000",0,0,7.40,7.64,7.40
24/07/2019,6.79,7.40,0.00 (0.00 %)," ","99,490","737,000,000",0,0,7.40,7.48,7.35
23/07/2019,6.79,7.40,-0.15 (-1.99 %)," ","101,910","763,000,000",0,0,7.50,7.58,7.40
22/07/2019,6.93,7.55,-0.25 (-3.21 %)," ","128,720","981,000,000",0,0,7.80,7.90,7.50
19/07/2019,7.16,7.80,-0.06 (-0.76 %)," ","106,390","834,000,000",0,0,7.95,7.95,7.70
18/07/2019,7.21,7.86,-0.09 (-1.13 %)," ","87,660","693,000,000",0,0,7.95,7.98,7.86
17/07/2019,7.29,7.95,-0.03 (-0.38 %)," ","121,000","957,000,000",0,0,8.00,8.10,7.85
16/07/2019,7.32,7.98,-0.02 (-0.25 %)," ","78,770","627,000,000",0,0,8.00,8.00,7.91
15/07/2019,7.34,8.00,0.20 (2.56 %)," ","91,730","716,000,000",0,0,7.80,8.00,7.75
12/07/2019,7.16,7.80,0.00 (0.00 %)," ","85,410","664,000,000",0,0,7.80,7.80,7.71
11/07/2019,7.16,7.80,0.00 (0.00 %)," ","102,660","793,000,000",0,0,7.82,7.82,7.60
10/07/2019,7.16,7.80,-0.08 (-1.02 %)," ","86,630","682,000,000",0,0,7.88,7.94,7.80
09/07/2019,7.23,7.88,0.05 (0.64 %)," ","112,210","883,000,000",0,0,7.90,7.92,7.83
08/07/2019,7.18,7.83,-0.04 (-0.51 %)," ","90,400","710,000,000",0,0,7.90,7.96,7.81
05/07/2019,7.22,7.87,-0.08 (-1.01 %)," ","136,860","1,081,000,000",0,0,7.96,7.96,7.86
04/07/2019,7.29,7.95,0.00 (0.00 %)," ","105,140","836,000,000",0,0,7.96,8.00,7.92
03/07/2019,7.29,7.95,-0.01 (-0.13 %)," ","71,220","566,000,000",0,0,7.96,7.98,7.90
02/07/2019,7.30,7.96,0.00 (0.00 %)," ","78,580","619,000,000",0,0,7.96,8.00,7.80
01/07/2019,7.30,7.96,-0.01 (-0.13 %)," ","115,300","914,000,000",0,0,7.96,8.06,7.83
28/06/2019,7.31,7.97,-0.03 (-0.38 %)," ","121,350","966,000,000",0,0,7.97,8.05,7.92
27/06/2019,7.34,8.00,-0.10 (-1.23 %)," ","85,440","685,000,000",0,0,8.00,8.12,7.90
26/06/2019,7.43,8.10,0.08 (1.00 %)," ","85,100","685,000,000",0,0,8.10,8.10,8.02
25/06/2019,7.36,8.02,0.01 (0.12 %)," ","129,580","1,043,000,000",0,0,8.00,8.20,7.90
24/06/2019,7.35,8.01,-0.14 (-1.72 %)," ","100,090","808,000,000",0,0,8.20,8.20,8.01
21/06/2019,7.48,8.15,-0.08 (-0.97 %)," ","80,490","660,000,000",0,0,8.25,8.30,8.10
20/06/2019,7.55,8.23,0.17 (2.11 %)," ","131,790","1,076,000,000",0,0,8.10,8.28,8.07
19/06/2019,7.39,8.06,-0.42 (-4.95 %)," ","100,540","816,000,000",0,0,8.06,8.48,7.92
18/06/2019,7.78,8.48,-0.48 (-5.36 %)," ","200,510","1,716,000,000",0,0,8.80,8.96,8.34
17/06/2019,8.22,8.96,0.16 (1.82 %)," ","353,580","3,139,000,000",0,0,8.82,9.06,8.50
14/06/2019,8.07,8.80,-0.50 (-5.38 %)," ","746,700","6,489,000,000",0,0,8.65,9.10,8.65
13/06/2019,8.53,9.30,-0.70 (-7.00 %)," ","95,540","891,000,000",0,0,9.50,9.70,9.30
12/06/2019,9.17,10.00,-0.50 (-4.76 %)," ","240,460","2,379,000,000",0,0,10.05,10.50,9.77
11/06/2019,9.63,10.50,-0.40 (-3.67 %)," ","768,560","8,287,000,000",0,0,11.05,11.35,10.15
10/06/2019,10.00,10.90,0.70 (6.86 %)," ","832,520","8,856,000,000",0,0,10.25,10.90,10.20
07/06/2019,9.36,10.20,0.25 (2.51 %)," ","190,160","1,915,000,000",0,0,9.95,10.20,9.90
06/06/2019,9.13,9.95,0.00 (0.00 %)," ","118,230","1,167,000,000",0,0,10.00,10.00,9.80
05/06/2019,9.13,9.95,-0.05 (-0.50 %)," ","87,470","869,000,000",0,0,9.95,10.00,9.80
04/06/2019,9.17,10.00,0.10 (1.01 %)," ","114,930","1,144,000,000",0,0,9.90,10.05,9.80
03/06/2019,9.08,9.90,-0.10 (-1.00 %)," ","127,110","1,266,000,000",0,0,10.00,10.00,9.80
31/05/2019,9.17,10.00,-0.10 (-0.99 %)," ","256,140","2,585,000,000",0,0,10.10,10.25,9.95
30/05/2019,9.27,10.10,0.10 (1.00 %)," ","98,010","986,000,000",0,0,10.00,10.15,9.90
29/05/2019,9.17,10.00,0.00 (0.00 %)," ","69,760","697,000,000",0,0,10.00,10.05,9.90
28/05/2019,9.17,10.00,0.10 (1.01 %)," ","225,590","2,231,000,000",0,0,9.90,10.00,9.80
27/05/2019,9.08,9.90,-0.07 (-0.70 %)," ","278,940","2,743,000,000",0,0,9.92,10.00,9.70
24/05/2019,9.15,9.97,0.00 (0.00 %)," ","82,210","818,000,000",0,0,10.00,10.00,9.91
23/05/2019,9.15,9.97,-0.43 (-4.13 %)," ","126,020","1,268,000,000",0,0,10.40,10.50,9.90
22/05/2019,9.54,10.40,0.10 (0.97 %)," ","472,570","4,941,000,000",0,0,10.40,10.70,10.20
21/05/2019,9.45,10.30,0.30 (3.00 %)," ","250,320","2,517,000,000",0,0,10.00,10.30,9.90
20/05/2019,9.17,10.00,0.05 (0.50 %)," ","146,200","1,453,000,000",0,0,9.90,10.10,9.80
17/05/2019,9.13,9.95,-0.04 (-0.40 %)," ","83,960","837,000,000",0,0,9.92,10.00,9.80
16/05/2019,9.16,9.99,-0.01 (-0.10 %)," ","93,770","936,000,000",0,0,10.00,10.05,9.90
15/05/2019,9.17,10.00,0.00 (0.00 %)," ","101,690","1,018,000,000",0,0,9.95,10.10,9.92
14/05/2019,9.17,10.00,0.11 (1.11 %)," ","96,950","963,000,000",0,0,9.89,10.05,9.80
13/05/2019,9.07,9.89,0.09 (0.92 %)," ","82,530","808,000,000",0,0,9.90,9.90,9.65
10/05/2019,8.99,9.80,-0.35 (-3.45 %)," ","139,390","1,365,000,000",0,0,10.00,10.05,9.70
09/05/2019,9.31,10.15,-0.20 (-1.93 %)," ","90,380","915,000,000",0,0,10.25,10.25,10.00
08/05/2019,9.50,10.35,0.00 (0.00 %)," ","160,320","1,663,000,000",0,0,10.30,10.50,10.15
07/05/2019,9.50,10.35,0.25 (2.48 %)," ","266,670","2,745,000,000",0,0,10.10,10.45,10.00
06/05/2019,9.27,10.10,0.20 (2.02 %)," ","284,940","2,849,000,000",0,0,9.90,10.15,9.80
03/05/2019,9.08,9.90,0.00 (0.00 %)," ","123,380","1,223,000,000",0,0,9.80,9.97,9.76
02/05/2019,9.08,9.90,-0.10 (-1.00 %)," ","77,510","768,000,000",0,0,9.90,9.99,9.80
26/04/2019,9.17,10.00,0.00 (0.00 %)," ","211,690","2,129,000,000",0,0,10.05,10.25,9.90
25/04/2019,9.17,10.00,0.15 (1.52 %)," ","492,540","4,886,000,000",0,0,9.88,10.10,9.40
24/04/2019,9.04,9.85,0.25 (2.60 %)," ","188,040","1,831,000,000",0,0,9.60,9.90,9.50
23/04/2019,8.81,9.60,0.39 (4.23 %)," ","467,550","4,409,000,000",0,0,9.20,9.69,9.10
22/04/2019,8.45,9.21,0.25 (2.79 %)," ","284,230","2,576,000,000",0,0,8.90,9.22,8.80
19/04/2019,8.22,8.96,0.16 (1.82 %)," ","203,530","1,811,000,000",0,0,8.80,9.02,8.70
18/04/2019,8.07,8.80,-0.10 (-1.12 %)," ","80,570","711,000,000",0,0,8.80,9.00,8.72
17/04/2019,8.16,8.90,-0.08 (-0.89 %)," ","231,150","2,084,000,000",0,0,8.95,9.20,8.80
16/04/2019,8.24,8.98,0.14 (1.58 %)," ","230,370","2,051,000,000",0,0,8.84,9.05,8.60
12/04/2019,8.11,8.84,0.24 (2.79 %)," ","322,180","2,793,000,000",0,0,8.50,8.84,8.40
11/04/2019,7.89,8.60,0.10 (1.18 %)," ","344,740","2,910,000,000",0,0,8.45,8.65,8.20
10/04/2019,7.80,8.50,0.20 (2.41 %)," ","240,920","2,007,000,000",0,0,8.30,8.50,8.15
09/04/2019,7.61,8.30,-0.30 (-3.49 %)," ","242,460","2,022,000,000",0,0,8.50,8.64,8.20
08/04/2019,7.89,8.60,-0.20 (-2.27 %)," ","132,270","1,142,000,000",0,0,8.72,8.90,8.50
05/04/2019,8.07,8.80,-0.20 (-2.22 %)," ","423,240","3,716,000,000",0,0,8.82,8.99,8.56
04/04/2019,8.26,9.00,-0.28 (-3.02 %)," ","505,860","4,618,000,000",0,0,9.27,9.38,8.80
03/04/2019,8.51,9.28,0.28 (3.11 %)," ","505,060","4,599,000,000",0,0,8.80,9.28,8.56
02/04/2019,8.26,9.00,-0.20 (-2.17 %)," ","762,740","6,593,000,000",0,0,8.56,9.10,8.56
01/04/2019,8.44,9.20,-0.69 (-6.98 %)," ","220,970","2,045,000,000",0,0,9.50,9.70,9.20
29/03/2019,9.07,9.89,-0.51 (-4.90 %)," ","709,900","7,018,000,000",0,0,10.10,10.55,9.68
28/03/2019,9.54,10.40,-0.45 (-4.15 %)," ","323,160","3,332,000,000",0,0,10.80,11.00,10.10
27/03/2019,9.95,10.85,0.45 (4.33 %)," ","535,750","5,553,000,000",0,0,10.40,10.85,9.96
26/03/2019,9.54,10.40,-0.65 (-5.88 %)," ","853,140","8,795,000,000",0,0,10.30,10.60,10.30
25/03/2019,10.14,11.05,-0.80 (-6.75 %)," ","14,970","165,000,000",0,0,11.05,11.05,11.05
22/03/2019,10.87,11.85,-0.85 (-6.69 %)," ","190,190","2,255,000,000",0,0,12.00,12.50,11.85
21/03/2019,11.65,12.70,-0.05 (-0.39 %)," ","659,760","8,436,000,000",0,0,12.85,13.30,12.00
20/03/2019,11.70,12.75,0.80 (6.69 %)," ","1,218,380","15,088,000,000",0,0,12.10,12.75,11.80
19/03/2019,10.96,11.95,0.75 (6.70 %)," ","1,204,040","14,025,000,000",0,0,11.25,11.95,11.10
18/03/2019,10.27,11.20,0.20 (1.82 %)," ","711,270","7,859,000,000",0,0,10.95,11.25,10.95
15/03/2019,10.09,11.00,-0.25 (-2.22 %)," ","103,060","1,149,000,000",0,0,11.30,11.30,11.00
14/03/2019,10.32,11.25,0.25 (2.27 %)," ","276,420","3,065,000,000",0,0,11.00,11.35,10.80
13/03/2019,10.09,11.00,0.20 (1.85 %)," ","149,320","1,621,000,000",0,0,10.75,11.00,10.70
12/03/2019,9.91,10.80,0.20 (1.89 %)," ","114,440","1,222,000,000",0,0,10.60,10.80,10.50
11/03/2019,9.72,10.60,0.20 (1.92 %)," ","82,160","858,000,000",0,0,10.50,10.60,10.30
08/03/2019,9.54,10.40,-0.20 (-1.89 %)," ","69,600","728,000,000",0,0,10.55,10.60,10.40
07/03/2019,9.72,10.60,-0.20 (-1.85 %)," ","55,950","594,000,000",0,0,10.80,10.80,10.50
06/03/2019,9.91,10.80,-0.50 (-4.42 %)," ","255,780","2,827,000,000",0,0,11.40,11.50,10.60
05/03/2019,10.37,11.30,0.70 (6.60 %)," ","658,820","7,283,000,000",0,0,10.65,11.30,10.60
04/03/2019,9.72,10.60,0.25 (2.42 %)," ","208,390","2,182,000,000",0,0,10.35,10.60,10.30
01/03/2019,9.50,10.35,0.25 (2.48 %)," ","125,780","1,290,000,000",0,0,10.15,10.40,10.00
28/02/2019,9.27,10.10,0.10 (1.00 %)," ","156,450","1,581,000,000",0,0,10.00,10.20,9.98
27/02/2019,9.17,10.00,0.00 (0.00 %)," ","60,650","607,000,000",0,0,10.05,10.15,9.95
26/02/2019,9.17,10.00,0.00 (0.00 %)," ","65,270","651,000,000",0,0,9.98,10.10,9.93
25/02/2019,9.17,10.00,0.00 (0.00 %)," ","63,810","635,000,000",0,0,10.00,10.10,9.92
22/02/2019,9.17,10.00,0.00 (0.00 %)," ","72,340","721,000,000",0,0,10.00,10.05,9.92
21/02/2019,9.17,10.00,-0.10 (-0.99 %)," ","45,480","456,000,000",0,0,10.10,10.15,9.98
20/02/2019,9.27,10.10,0.10 (1.00 %)," ","176,130","1,768,000,000",0,0,10.00,10.20,9.96
19/02/2019,9.17,10.00,0.00 (0.00 %)," ","268,240","2,674,000,000",0,0,10.00,10.05,9.94
18/02/2019,9.17,10.00,-0.50 (-4.76 %)," ","233,140","2,358,000,000",0,0,10.40,10.60,10.00
15/02/2019,9.63,10.50,-0.20 (-1.87 %)," ","162,130","1,705,000,000",0,0,10.70,10.80,10.30
14/02/2019,9.82,10.70,0.15 (1.42 %)," ","461,920","4,957,000,000",0,0,10.55,11.00,10.40
13/02/2019,9.68,10.55,0.30 (2.93 %)," ","160,610","1,670,000,000",0,0,10.25,10.55,10.20
12/02/2019,9.40,10.25,0.15 (1.49 %)," ","70,810","719,000,000",0,0,10.10,10.25,10.00
11/02/2019,9.27,10.10,0.10 (1.00 %)," ","44,580","449,000,000",0,0,10.00,10.15,9.98
01/02/2019,9.17,10.00,0.00 (0.00 %)," ","86,960","878,000,000",0,0,10.10,10.25,9.98
31/01/2019,9.17,10.00,0.04 (0.40 %)," ","98,890","985,000,000",0,0,9.96,10.10,9.93
30/01/2019,9.14,9.96,-0.14 (-1.39 %)," ","54,750","548,000,000",0,0,10.10,10.20,9.96
29/01/2019,9.27,10.10,-0.20 (-1.94 %)," ","73,960","754,000,000",0,0,10.25,10.35,10.05
28/01/2019,9.45,10.30,0.15 (1.48 %)," ","73,700","756,000,000",0,0,10.10,10.35,10.10
25/01/2019,9.31,10.15,0.05 (0.50 %)," ","99,890","1,009,000,000",0,0,10.10,10.25,9.98
24/01/2019,9.27,10.10,-0.10 (-0.98 %)," ","119,160","1,198,000,000",0,0,10.10,10.20,10.00
23/01/2019,9.36,10.20,-0.65 (-5.99 %)," ","293,590","3,006,000,000",0,0,10.85,10.90,10.10
22/01/2019,9.95,10.85,0.15 (1.40 %)," ","145,440","1,568,000,000",0,0,10.70,10.95,10.60
21/01/2019,9.82,10.70,-0.60 (-5.31 %)," ","191,310","2,025,000,000",0,0,10.55,11.00,10.55
18/01/2019,10.37,11.30,-0.80 (-6.61 %)," ","330,720","3,741,000,000",0,0,11.30,11.60,11.30
17/01/2019,11.10,12.10,-0.90 (-6.92 %)," ","260,480","3,153,000,000",0,0,12.10,12.80,12.10
16/01/2019,11.93,13.00,-0.80 (-5.80 %)," ","124,560","1,660,000,000",0,0,13.00,14.00,12.85
15/01/2019,12.66,13.80,0.65 (4.94 %)," ","503,180","6,813,000,000",0,0,13.40,13.80,13.20
14/01/2019,12.06,13.15,0.85 (6.91 %)," ","920,120","11,789,000,000",0,0,12.40,13.15,12.30
11/01/2019,11.28,12.30,0.30 (2.50 %)," ","275,550","3,339,000,000",0,0,12.00,12.30,11.95
10/01/2019,11.01,12.00,-0.05 (-0.41 %)," ","65,470","787,000,000",0,0,12.00,12.10,11.95
09/01/2019,11.05,12.05,0.05 (0.42 %)," ","66,700","803,000,000",0,0,12.00,12.10,11.95
08/01/2019,11.01,12.00,-0.05 (-0.41 %)," ","144,090","1,730,000,000",0,0,12.05,12.10,11.95
07/01/2019,11.05,12.05,0.15 (1.26 %)," ","205,900","2,470,000,000",0,0,11.90,12.10,11.85
04/01/2019,10.92,11.90,-0.10 (-0.83 %)," ","77,760","925,000,000",0,0,12.00,12.00,11.80
03/01/2019,11.01,12.00,-0.10 (-0.83 %)," ","318,610","3,808,000,000",0,0,12.00,12.10,11.90
02/01/2019,11.10,12.10,0.00 (0.00 %)," ","337,070","4,092,000,000",0,0,12.10,12.25,12.00
28/12/2018,11.10,12.10,-0.10 (-0.82 %)," ","84,840","1,023,000,000",0,0,12.20,12.25,12.00
27/12/2018,11.19,12.20,0.20 (1.67 %)," ","396,610","4,806,000,000",0,0,12.00,12.20,12.00
26/12/2018,11.01,12.00,0.20 (1.69 %)," ","400,020","4,760,000,000",0,0,11.80,12.00,11.75
25/12/2018,10.83,11.80,-0.20 (-1.67 %)," ","424,430","4,955,000,000",0,0,11.80,12.00,11.50
24/12/2018,11.01,12.00,0.00 (0.00 %)," ","98,280","1,169,000,000",0,0,12.00,12.10,11.70
21/12/2018,11.01,12.00,-0.15 (-1.23 %)," ","122,910","1,456,000,000",0,0,12.15,12.20,11.65
20/12/2018,11.15,12.15,0.15 (1.25 %)," ","296,050","3,589,000,000",0,0,12.00,12.20,11.80
19/12/2018,11.01,12.00,0.20 (1.69 %)," ","179,340","2,136,000,000",0,0,11.70,12.00,11.60
18/12/2018,10.83,11.80,-0.20 (-1.67 %)," ","538,290","6,213,000,000",0,0,11.80,12.00,11.30
17/12/2018,11.01,12.00,-0.30 (-2.44 %)," ","1,073,010","12,828,000,000",0,0,12.40,12.40,11.80
14/12/2018,11.28,12.30,-0.40 (-3.15 %)," ","242,380","3,046,000,000",0,0,12.80,12.90,12.10
13/12/2018,11.65,12.70,0.70 (5.83 %)," ","363,870","4,530,000,000",0,0,12.10,12.75,12.00
12/12/2018,11.01,12.00,-0.60 (-4.76 %)," ","184,920","2,196,000,000",0,0,11.80,12.50,11.75
11/12/2018,11.56,12.60,-0.90 (-6.67 %)," ","141,810","1,795,000,000",0,0,13.00,13.50,12.60
10/12/2018,12.38,13.50,-1.00 (-6.90 %)," ","93,030","1,265,000,000",0,0,14.00,14.60,13.50
07/12/2018,13.30,15.10,-0.60 (-3.82 %)," ","351,830","5,172,000,000",0,0,15.20,15.65,14.65
06/12/2018,13.83,15.70,-0.30 (-1.88 %)," ","325,830","4,906,000,000",0,0,15.80,16.10,14.90
05/12/2018,14.10,16.00,-0.20 (-1.23 %)," ","345,720","5,282,000,000",0,0,16.00,16.10,15.10
04/12/2018,14.27,16.20,-0.55 (-3.28 %)," ","364,720","5,935,000,000",0,0,16.75,16.90,15.60
03/12/2018,14.76,16.75,0.20 (1.21 %)," ","257,130","4,276,000,000",0,0,16.55,16.75,16.50
30/11/2018,14.58,16.55,0.35 (2.16 %)," ","274,690","4,496,000,000",0,0,16.20,16.55,16.00
29/11/2018,14.27,16.20,-0.30 (-1.82 %)," ","189,420","3,052,000,000",0,0,16.20,16.50,15.80
28/11/2018,14.54,16.50,-0.70 (-4.07 %)," ","286,510","4,628,000,000",0,0,17.00,17.20,16.00
27/11/2018,15.15,17.20,-0.60 (-3.37 %)," ","305,410","5,291,000,000",0,0,17.50,17.85,16.90
26/11/2018,15.68,17.80,-0.45 (-2.47 %)," ","444,230","8,218,000,000",0,0,18.45,18.90,17.50
23/11/2018,16.08,18.25,0.75 (4.29 %)," ","405,620","7,302,000,000",0,0,17.60,18.35,17.40
22/11/2018,15.42,17.50,0.20 (1.16 %)," ","144,350","2,522,000,000",0,0,17.40,17.50,17.30
21/11/2018,15.24,17.30,-0.10 (-0.57 %)," ","85,760","1,483,000,000",0,0,17.30,17.40,17.20
20/11/2018,15.33,17.40,-0.10 (-0.57 %)," ","138,720","2,398,000,000",0,0,17.40,17.50,17.20
19/11/2018,15.42,17.50,0.20 (1.16 %)," ","201,840","3,512,000,000",0,0,17.30,17.50,17.20
16/11/2018,15.24,17.30,0.10 (0.58 %)," ","156,940","2,706,000,000",0,0,17.20,17.30,17.05
15/11/2018,15.15,17.20,0.10 (0.58 %)," ","151,760","2,605,000,000",0,0,17.10,17.25,17.00
14/11/2018,15.06,17.10,0.00 (0.00 %)," ","103,390","1,766,000,000",0,0,17.10,17.20,17.00
13/11/2018,15.06,17.10,-0.30 (-1.72 %)," ","142,260","2,415,000,000",0,0,17.20,17.40,16.75
12/11/2018,15.33,17.40,0.30 (1.75 %)," ","156,470","2,695,000,000",0,0,17.00,17.45,16.80
09/11/2018,15.06,17.10,-0.10 (-0.58 %)," ","136,210","2,295,000,000",0,0,17.10,17.10,16.60
08/11/2018,15.15,17.20,-0.80 (-4.44 %)," ","201,130","3,541,000,000",0,0,17.90,18.15,17.00
07/11/2018,15.86,18.00,0.50 (2.86 %)," ","496,060","8,833,000,000",0,0,17.50,18.10,17.40
06/11/2018,15.42,17.50,-0.45 (-2.51 %)," ","588,900","9,987,000,000",0,0,16.70,17.50,16.70
05/11/2018,15.81,17.95,-1.30 (-6.75 %)," ","139,620","2,509,000,000",0,0,17.95,19.00,17.95
02/11/2018,16.96,19.25,-1.40 (-6.78 %)," ",900,"17,000,000",0,0,19.25,19.25,19.25
01/11/2018,18.19,20.65,-1.55 (-6.98 %)," ","2,540","52,000,000",0,0,20.65,20.65,20.65
31/10/2018,19.56,22.20,-1.65 (-6.92 %)," ","496,690","11,979,000,000",0,0,24.50,25.10,22.20
30/10/2018,21.01,23.85,1.55 (6.95 %)," ","891,520","20,827,000,000",0,0,22.80,23.85,22.50
29/10/2018,19.65,22.30,1.45 (6.95 %)," ","908,380","19,404,000,000",0,0,20.20,22.30,19.40
26/10/2018,18.37,20.85,1.35 (6.92 %)," ","674,510","13,679,000,000",0,0,19.60,20.85,19.50
25/10/2018,17.18,19.50,0.55 (2.90 %)," ","293,820","5,669,000,000",0,0,19.20,19.50,18.95
24/10/2018,16.69,18.95,1.20 (6.76 %)," ","851,670","15,751,000,000",0,0,17.75,18.95,17.75
23/10/2018,15.64,17.75,0.15 (0.85 %)," ","154,260","2,734,000,000",0,0,17.65,17.80,17.60
22/10/2018,15.51,17.60,0.10 (0.57 %)," ","129,890","2,284,000,000",0,0,17.50,17.60,17.45
19/10/2018,15.42,17.50,0.00 (0.00 %)," ","91,450","1,600,000,000",0,0,17.45,17.50,17.40
18/10/2018,15.42,17.50,0.05 (0.29 %)," ","127,650","2,232,000,000",0,0,17.40,17.55,17.40
17/10/2018,15.37,17.45,-0.05 (-0.29 %)," ","114,060","1,990,000,000",0,0,17.45,17.55,17.40
16/10/2018,15.42,17.50,-0.10 (-0.57 %)," ","89,520","1,572,000,000",0,0,17.55,17.65,17.50
15/10/2018,15.51,17.60,0.00 (0.00 %)," ","130,850","2,303,000,000",0,0,17.60,17.65,17.50
"                GD khp lnh"
"                GD tha thun"
"                Gi m ca               "
"                Gi cao nht"
"                Gi thp nht"
"                KL  t 1"
"                KL  t 2"
"                KL  t 3"
"            "
"            "
"                KL"
"                GT"
"                KL"
"                GT"
"                 "
"       "
"    "
"        "
,09/11/2018
,15.06
,17.10
,-0.10 (-0.58 %)
,"  "
,"136,210"
,"2,295,000,000"
,0
,0
,17.10
,17.10
,16.60
,0
,0
,0


"    "
"        "
,08/11/2018
,15.15
,17.20
,-0.80 (-4.44 %)
,"  "
,"201,130"
,"3,541,000,000"
,0
,0
,17.90
,18.15
,17.00
,0
,0
,0


"    "
"        "
,07/11/2018
,15.86
,18.00
,0.50 (2.86 %)
,"  "
,"496,060"
,"8,833,000,000"
,0
,0
,17.50
,18.10
,17.40
,0
,0
,0


"    "
"        "
,06/11/2018
,15.42
,17.50
,-0.45 (-2.51 %)
,"  "
,"588,900"
,"9,987,000,000"
,0
,0
,16.70
,17.50
,16.70
,0
,0
,0


"    "
"        "
,05/11/2018
,15.81
,17.95
,-1.30 (-6.75 %)
,"  "
,"139,620"
,"2,509,000,000"
,0
,0
,17.95
,19.00
,17.95
,0
,0
,0


"    "
"        "
,02/11/2018
,16.96
,19.25
,-1.40 (-6.78 %)
,"  "
,900
,"17,000,000"
,0
,0
,19.25
,19.25
,19.25
,0
,0
,0


"    "
"        "
,01/11/2018
,18.19
,20.65
,-1.55 (-6.98 %)
,"  "
,"2,540"
,"52,000,000"
,0
,0
,20.65
,20.65
,20.65
,0
,0
,0


"    "
"        "
,31/10/2018
,19.56
,22.20
,-1.65 (-6.92 %)
,"  "
,"496,690"
,"11,979,000,000"
,0
,0
,24.50
,25.10
,22.20
,0
,0
,0


"    "
"        "
,30/10/2018
,21.01
,23.85
,1.55 (6.95 %)
,"  "
,"891,520"
,"20,827,000,000"
,0
,0
,22.80
,23.85
,22.50
,0
,0
,0


"    "
"        "
,29/10/2018
,19.65
,22.30
,1.45 (6.95 %)
,"  "
,"908,380"
,"19,404,000,000"
,0
,0
,20.20
,22.30
,19.40
,0
,0
,0


"    "
"        "
,26/10/2018
,18.37
,20.85
,1.35 (6.92 %)
,"  "
,"674,510"
,"13,679,000,000"
,0
,0
,19.60
,20.85
,19.50
,0
,0
,0


"    "
"        "
,25/10/2018
,17.18
,19.50
,0.55 (2.90 %)
,"  "
,"293,820"
,"5,669,000,000"
,0
,0
,19.20
,19.50
,18.95
,0
,0
,0


"    "
"        "
,24/10/2018
,16.69
,18.95
,1.20 (6.76 %)
,"  "
,"851,670"
,"15,751,000,000"
,0
,0
,17.75
,18.95
,17.75
,0
,0
,0


"    "
"        "
,23/10/2018
,15.64
,17.75
,0.15 (0.85 %)
,"  "
,"154,260"
,"2,734,000,000"
,0
,0
,17.65
,17.80
,17.60
,0
,0
,0


"    "
"        "
,22/10/2018
,15.51
,17.60
,0.10 (0.57 %)
,"  "
,"129,890"
,"2,284,000,000"
,0
,0
,17.50
,17.60
,17.45
,0
,0
,0


"    "
"        "
,19/10/2018
,15.42
,17.50
,0.00 (0.00 %)
,"  "
,"91,450"
,"1,600,000,000"
,0
,0
,17.45
,17.50
,17.40
,0
,0
,0


"    "
"        "
,18/10/2018
,15.42
,17.50
,0.05 (0.29 %)
,"  "
,"127,650"
,"2,232,000,000"
,0
,0
,17.40
,17.55
,17.40
,0
,0
,0


"    "
"        "
,17/10/2018
,15.37
,17.45
,-0.05 (-0.29 %)
,"  "
,"114,060"
,"1,990,000,000"
,0
,0
,17.45
,17.55
,17.40
,0
,0
,0


"    "
"        "
,16/10/2018
,15.42
,17.50
,-0.10 (-0.57 %)
,"  "
,"89,520"
,"1,572,000,000"
,0
,0
,17.55
,17.65
,17.50
,0
,0
,0


"    "
"        "
,15/10/2018
,15.51
,17.60
,0.00 (0.00 %)
,"  "
,"130,850"
,"2,303,000,000"
,0
,0
,17.60
,17.65
,17.50
,0
,0
,0


"    "
"        "
14/09/2018,14.52,20.60,0.40 (1.98 %)," ","172,270","3,536,000,000",0,0,20.30,20.70,20.20
13/09/2018,14.24,20.20,-0.10 (-0.49 %)," ","71,020","1,434,000,000",0,0,20.20,20.30,20.10
12/09/2018,14.31,20.30,-0.30 (-1.46 %)," ","74,000","1,503,000,000",0,0,20.60,20.60,20.20
11/09/2018,14.52,20.60,-0.50 (-2.37 %)," ","87,450","1,806,000,000",0,0,21.00,21.10,20.50
10/09/2018,14.87,21.10,-0.45 (-2.09 %)," ","105,250","2,213,000,000",0,0,21.55,21.55,20.80
07/09/2018,15.19,21.55,0.55 (2.62 %)," ","240,260","5,085,000,000",0,0,20.80,21.60,20.60
06/09/2018,14.80,21.00,-0.40 (-1.87 %)," ","117,950","2,482,000,000",0,0,21.30,21.40,20.95
05/09/2018,15.08,21.40,-0.15 (-0.70 %)," ","118,750","2,546,000,000",0,0,21.60,21.60,21.30
04/09/2018,15.19,21.55,0.25 (1.17 %)," ","119,520","2,573,000,000",0,0,21.35,21.60,21.30
31/08/2018,15.01,21.30,0.00 (0.00 %)," ","65,510","1,396,000,000",0,0,21.30,21.40,21.20
30/08/2018,15.01,21.30,-0.10 (-0.47 %)," ","88,760","1,891,000,000",0,0,21.30,21.50,21.20
29/08/2018,15.08,21.40,-0.30 (-1.38 %)," ","105,480","2,261,000,000",0,0,21.60,21.80,21.30
28/08/2018,15.29,21.70,0.40 (1.88 %)," ","236,660","5,092,000,000",0,0,21.30,21.70,21.20
27/08/2018,15.01,21.30,-0.10 (-0.47 %)," ","75,670","1,612,000,000",0,0,21.30,21.60,21.20
24/08/2018,15.08,21.40,-0.10 (-0.47 %)," ","67,970","1,453,000,000",0,0,21.50,21.80,21.25
23/08/2018,15.15,21.50,0.30 (1.42 %)," ","203,110","4,358,000,000",0,0,21.30,21.60,21.20
22/08/2018,14.94,21.20,-0.10 (-0.47 %)," ","90,080","1,914,000,000",0,0,21.30,21.60,21.10
21/08/2018,15.01,21.30,0.30 (1.43 %)," ","130,550","2,774,000,000",0,0,21.10,21.35,21.00
20/08/2018,14.80,21.00,0.40 (1.94 %)," ","113,770","2,380,000,000",0,0,20.60,21.00,20.50
17/08/2018,14.52,20.60,0.00 (0.00 %)," ","86,930","1,791,000,000",0,0,20.60,21.00,20.45
16/08/2018,14.52,20.60,-0.40 (-1.90 %)," ","68,060","1,406,000,000",0,0,21.00,21.20,20.55
15/08/2018,14.80,21.00,-0.10 (-0.47 %)," ","85,220","1,796,000,000",0,0,21.00,21.30,20.80
14/08/2018,14.87,21.10,-0.30 (-1.40 %)," ","119,360","2,523,000,000",0,0,21.40,21.60,21.00
13/08/2018,15.08,21.40,0.20 (0.94 %)," ","108,390","2,319,000,000",0,0,21.30,21.50,21.20
10/08/2018,14.94,21.20,-0.10 (-0.47 %)," ","91,060","1,934,000,000",0,0,21.30,21.45,21.10
09/08/2018,15.01,21.30,-0.20 (-0.93 %)," ","86,500","1,846,000,000",0,0,21.50,21.60,21.20
08/08/2018,15.15,21.50,0.50 (2.38 %)," ","270,360","5,775,000,000",0,0,21.00,21.50,20.80
07/08/2018,14.80,21.00,-1.00 (-4.55 %)," ","96,290","2,025,000,000",0,0,21.20,22.00,20.80
06/08/2018,15.51,22.00,-0.95 (-4.14 %)," ","212,560","4,779,000,000",0,0,23.00,23.30,21.50
03/08/2018,16.17,22.95,0.65 (2.91 %)," ","205,510","4,676,000,000",0,0,22.55,23.00,22.40
02/08/2018,15.72,22.30,1.45 (6.95 %)," ","706,130","15,315,000,000",0,0,20.90,22.30,20.85
01/08/2018,14.69,20.85,0.15 (0.72 %)," ","115,740","2,407,000,000",0,0,20.75,20.85,20.65
31/07/2018,14.59,20.70,0.05 (0.24 %)," ","58,250","1,204,000,000",0,0,20.70,20.80,20.55
30/07/2018,14.55,20.65,0.05 (0.24 %)," ","59,350","1,226,000,000",0,0,20.65,20.80,20.50
27/07/2018,14.52,20.60,0.00 (0.00 %)," ","71,790","1,474,000,000",0,0,20.60,20.70,20.45
26/07/2018,14.52,20.60,-0.20 (-0.96 %)," ","86,270","1,781,000,000",0,0,20.80,20.85,20.50
25/07/2018,14.66,20.80,0.25 (1.22 %)," ","110,440","2,293,000,000",0,0,20.55,20.90,20.55
24/07/2018,14.48,20.55,-0.05 (-0.24 %)," ","86,310","1,776,000,000",0,0,20.60,20.75,20.45
23/07/2018,14.52,20.60,-0.20 (-0.96 %)," ","107,300","2,220,000,000",0,0,20.60,20.95,20.50
20/07/2018,14.66,20.80,0.35 (1.71 %)," ","100,410","2,069,000,000",0,0,20.80,20.80,20.35
19/07/2018,14.41,20.45,0.35 (1.74 %)," ","117,340","2,382,000,000",0,0,20.15,20.50,20.00
18/07/2018,14.17,20.10,0.00 (0.00 %)," ","75,780","1,527,000,000",0,0,20.10,20.25,20.00
17/07/2018,14.17,20.10,-0.10 (-0.50 %)," ","122,270","2,460,000,000",0,0,20.20,20.50,20.00
16/07/2018,14.24,20.20,-0.30 (-1.46 %)," ","116,850","2,369,000,000",0,0,20.50,20.55,20.10
13/07/2018,14.45,20.50,0.30 (1.49 %)," ","534,530","10,864,000,000",0,0,20.20,20.50,20.00
12/07/2018,14.24,20.20,-0.60 (-2.88 %)," ","466,160","9,579,000,000",0,0,20.20,21.00,20.00
11/07/2018,14.66,20.80,-1.00 (-4.59 %)," ","464,540","9,738,000,000",0,0,21.85,21.90,20.30
10/07/2018,15.36,21.80,0.30 (1.40 %)," ","735,980","15,991,000,000",0,0,21.55,21.90,21.50
09/07/2018,15.15,21.50,0.50 (2.38 %)," ","935,220","20,027,000,000",0,0,21.05,21.50,21.00
06/07/2018,14.80,21.00,0.30 (1.45 %)," ","289,980","6,051,000,000",0,0,20.70,21.10,20.65
05/07/2018,14.59,20.70,0.20 (0.98 %)," ","113,120","2,329,000,000",0,0,20.50,20.75,20.40
04/07/2018,14.45,20.50,0.35 (1.74 %)," ","187,520","3,808,000,000",0,0,20.10,20.50,20.00
03/07/2018,14.20,20.15,0.15 (0.75 %)," ","148,070","2,986,000,000",0,0,20.00,20.35,19.95
02/07/2018,14.10,20.00,-0.60 (-2.91 %)," ","59,740","1,195,000,000",0,0,20.60,20.60,19.90
29/06/2018,14.52,20.60,-0.85 (-3.96 %)," ","193,730","4,098,000,000",0,0,21.50,21.80,19.95
28/06/2018,15.12,21.45,0.55 (2.63 %)," ","236,030","5,001,000,000",0,0,20.90,21.50,20.70
27/06/2018,14.73,20.90,-0.45 (-2.11 %)," ","497,570","10,019,000,000",0,0,19.90,21.00,19.90
26/06/2018,15.05,21.35,-1.60 (-6.97 %)," ",30,"1,000,000",0,0,21.35,21.35,21.35
25/06/2018,16.17,22.95,-1.70 (-6.90 %)," ",20,0,0,0,22.95,22.95,22.95
22/06/2018,17.37,24.65,-1.85 (-6.98 %)," ","66,970","1,651,000,000",0,0,24.65,25.00,24.65
21/06/2018,18.68,26.50,-1.30 (-4.68 %)," ","294,350","8,217,000,000",0,0,27.90,28.40,26.30
20/06/2018,19.59,27.80,1.80 (6.92 %)," ","741,720","19,969,000,000",0,0,26.05,27.80,26.00
19/06/2018,18.32,26.00,1.15 (4.63 %)," ","399,690","10,178,000,000",0,0,24.90,26.00,24.85
18/06/2018,17.51,24.85,0.30 (1.22 %)," ","71,940","1,779,000,000",0,0,24.55,24.90,24.50
15/06/2018,17.30,24.55,0.00 (0.00 %)," ","6,250","153,000,000",0,0,24.55,24.60,24.50
14/06/2018,17.30,24.55,0.15 (0.61 %)," ","8,660","212,000,000",0,0,24.40,24.55,24.35
13/06/2018,17.20,24.40,0.05 (0.21 %)," ","3,440","84,000,000",0,0,24.35,24.40,24.30
12/06/2018,17.16,24.35,-0.10 (-0.41 %)," ","6,120","149,000,000",0,0,24.45,24.45,24.35
11/06/2018,17.23,24.45,-0.10 (-0.41 %)," ","4,580","112,000,000",0,0,24.50,24.55,24.45
08/06/2018,17.30,24.55,0.05 (0.20 %)," ","6,910","169,000,000",0,0,24.50,24.55,24.45
07/06/2018,17.27,24.50,0.00 (0.00 %)," ","4,070","100,000,000",0,0,24.45,24.55,24.45
06/06/2018,17.27,24.50,0.00 (0.00 %)," ","5,090","124,000,000",0,0,24.50,24.50,24.40
05/06/2018,17.27,24.50,0.00 (0.00 %)," ","4,490","110,000,000",0,0,24.50,24.50,24.40
04/06/2018,17.27,24.50,0.10 (0.41 %)," ","6,140","150,000,000",0,0,24.30,24.50,24.30
01/06/2018,17.20,24.40,0.05 (0.21 %)," ","5,570","136,000,000",0,0,24.35,24.40,24.35
31/05/2018,17.16,24.35,0.00 (0.00 %)," ","17,630","425,000,000",0,0,24.35,24.35,24.00
30/05/2018,17.16,24.35,0.05 (0.21 %)," ","7,460","181,000,000",0,0,24.05,24.35,24.00
29/05/2018,17.13,24.30,0.10 (0.41 %)," ","8,960","217,000,000",0,0,24.20,24.30,24.20
28/05/2018,17.06,24.20,0.00 (0.00 %)," ","4,410","107,000,000",0,0,24.20,24.25,24.10
25/05/2018,17.06,24.20,-0.10 (-0.41 %)," ","6,350","154,000,000",0,0,24.30,24.30,24.10
24/05/2018,17.13,24.30,0.00 (0.00 %)," ","8,410","204,000,000",0,0,24.30,24.35,24.15
23/05/2018,17.13,24.30,0.05 (0.21 %)," ","8,580","208,000,000",0,0,24.25,24.30,24.25
22/05/2018,17.09,24.25,0.25 (1.04 %)," ","26,050","629,000,000",0,0,24.05,24.25,24.00
21/05/2018,16.91,24.00,-0.60 (-2.44 %)," ","29,590","708,000,000",0,0,24.00,24.45,23.50
18/05/2018,17.34,24.60,-1.40 (-5.38 %)," ","32,250","811,000,000",0,0,25.50,26.00,24.50
17/05/2018,18.32,26.00,0.20 (0.78 %)," ","195,340","5,112,000,000",0,0,26.10,26.80,25.80
16/05/2018,18.18,25.80,1.65 (6.83 %)," ","178,780","4,612,000,000",0,0,25.80,25.80,25.75
15/05/2018,17.02,24.15,1.55 (6.86 %)," ",300,"7,000,000",0,0,24.00,24.15,24.00
14/05/2018,15.93,22.60,1.45 (6.86 %)," ",500,"11,000,000",0,0,22.60,22.60,22.60
11/05/2018,14.91,21.15,1.35 (6.82 %)," ",500,"11,000,000",0,0,21.15,21.15,21.15
10/05/2018,13.95,19.80,3.30 (20.00 %)," ",100,"2,000,000",0,0,19.80,19.80,19.80
