04/05/2022,9.00,9.00,0.50 (5.88 %)," ","1,300","11,000,000",0,0,9.09,9.09,8.50
29/04/2022,8.52,8.52,-0.18 (-2.07 %)," ",600,"5,000,000",0,0,8.50,9.18,8.50
28/04/2022,8.66,8.66,-0.04 (-0.46 %)," ",700,"6,000,000",0,0,8.66,8.67,8.66
27/04/2022,8.66,8.66,0.56 (6.91 %)," ","20,500","177,000,000",0,0,8.60,8.66,8.10
26/04/2022,8.10,8.10,-0.40 (-4.71 %)," ","9,800","83,000,000",0,0,7.99,8.78,7.99
25/04/2022,8.50,8.50,-0.50 (-5.56 %)," ","11,200","96,000,000",0,0,8.70,8.71,8.50
22/04/2022,9.00,9.00,0.00 (0.00 %)," ","13,300","119,000,000",0,0,9.00,9.00,9.00
21/04/2022,9.00,9.00,0.10 (1.12 %)," ","51,600","457,000,000",0,0,8.81,9.00,8.70
20/04/2022,8.90,8.90,-0.03 (-0.34 %)," ","33,100","295,000,000",0,0,8.90,8.93,8.90
19/04/2022,8.93,8.93,-0.17 (-1.87 %)," ","30,500","276,000,000",0,0,8.80,9.20,8.80
18/04/2022,9.10,9.10,-0.20 (-2.15 %)," ","24,800","226,000,000",0,0,8.68,9.59,8.68
15/04/2022,9.31,9.31,0.01 (0.11 %)," ","45,000","420,000,000",0,0,9.32,9.55,9.30
14/04/2022,9.31,9.31,0.01 (0.11 %)," ","30,300","284,000,000",0,0,9.32,9.55,9.31
13/04/2022,9.30,9.30,-0.10 (-1.06 %)," ","30,300","281,000,000",0,0,9.05,9.40,9.05
12/04/2022,9.40,9.40,0.10 (1.08 %)," ","61,700","579,000,000",0,0,9.30,9.55,9.25
08/04/2022,9.34,9.34,-0.06 (-0.64 %)," ","6,900","64,000,000",0,0,9.40,9.60,9.31
07/04/2022,9.40,9.40,0.00 (0.00 %)," ","10,900","102,000,000",0,0,9.41,9.58,9.40
06/04/2022,9.40,9.40,-0.20 (-2.08 %)," ","6,700","62,000,000",0,0,9.03,9.58,9.03
05/04/2022,9.60,9.60,0.20 (2.13 %)," ","11,300","107,000,000",0,0,9.89,9.89,9.48
04/04/2022,9.41,9.41,0.11 (1.18 %)," ","14,200","135,000,000",0,0,9.32,9.60,9.32
"                GD khớp lệnh"
"                GD thỏa thuận"
"                Giá mở cửa               "
"                Giá cao nhất"
"                Giá thấp nhất"
"                KL  đợt 1"
"                KL  đợt 2"
"                KL  đợt 3"
"            "
"            "
"                KL"
"                GT"
"                KL"
"                GT"
"                 "
"       "
"    "
"        "
,,04/05/2022
,,9.00
,,9.00
,,0.50 (5.88 %)
,,"  "
,,"1,300"
,,"11,000,000"
,,0
,,0
,,9.09
,,9.09
,,8.50
,,0
,,0
,,0
,
,
"    "
"        "
,,29/04/2022
,,8.52
,,8.52
,,-0.18 (-2.07 %)
,,"  "
,,600
,,"5,000,000"
,,0
,,0
,,8.50
,,9.18
,,8.50
,,0
,,0
,,0
,
,
"    "
"        "
,,28/04/2022
,,8.66
,,8.66
,,-0.04 (-0.46 %)
,,"  "
,,700
,,"6,000,000"
,,0
,,0
,,8.66
,,8.67
,,8.66
,,0
,,0
,,0
,
,
"    "
"        "
,,27/04/2022
,,8.66
,,8.66
,,0.56 (6.91 %)
,,"  "
,,"20,500"
,,"177,000,000"
,,0
,,0
,,8.60
,,8.66
,,8.10
,,0
,,0
,,0
,
,
"    "
"        "
,,26/04/2022
,,8.10
,,8.10
,,-0.40 (-4.71 %)
,,"  "
,,"9,800"
,,"83,000,000"
,,0
,,0
,,7.99
,,8.78
,,7.99
,,0
,,0
,,0
,
,
"    "
"        "
,,25/04/2022
,,8.50
,,8.50
,,-0.50 (-5.56 %)
,,"  "
,,"11,200"
,,"96,000,000"
,,0
,,0
,,8.70
,,8.71
,,8.50
,,0
,,0
,,0
,
,
"    "
"        "
,,22/04/2022
,,9.00
,,9.00
,,0.00 (0.00 %)
,,"  "
,,"13,300"
,,"119,000,000"
,,0
,,0
,,9.00
,,9.00
,,9.00
,,0
,,0
,,0
,
,
"    "
"        "
,,21/04/2022
,,9.00
,,9.00
,,0.10 (1.12 %)
,,"  "
,,"51,600"
,,"457,000,000"
,,0
,,0
,,8.81
,,9.00
,,8.70
,,0
,,0
,,0
,
,
"    "
"        "
,,20/04/2022
,,8.90
,,8.90
,,-0.03 (-0.34 %)
,,"  "
,,"33,100"
,,"295,000,000"
,,0
,,0
,,8.90
,,8.93
,,8.90
,,0
,,0
,,0
,
,
"    "
"        "
,,19/04/2022
,,8.93
,,8.93
,,-0.17 (-1.87 %)
,,"  "
,,"30,500"
,,"276,000,000"
,,0
,,0
,,8.80
,,9.20
,,8.80
,,0
,,0
,,0
,
,
"    "
"        "
,,18/04/2022
,,9.10
,,9.10
,,-0.20 (-2.15 %)
,,"  "
,,"24,800"
,,"226,000,000"
,,0
,,0
,,8.68
,,9.59
,,8.68
,,0
,,0
,,0
,
,
"    "
"        "
,,15/04/2022
,,9.31
,,9.31
,,0.01 (0.11 %)
,,"  "
,,"45,000"
,,"420,000,000"
,,0
,,0
,,9.32
,,9.55
,,9.30
,,0
,,0
,,0
,
,
"    "
"        "
,,14/04/2022
,,9.31
,,9.31
,,0.01 (0.11 %)
,,"  "
,,"30,300"
,,"284,000,000"
,,0
,,0
,,9.32
,,9.55
,,9.31
,,0
,,0
,,0
,
,
"    "
"        "
,,13/04/2022
,,9.30
,,9.30
,,-0.10 (-1.06 %)
,,"  "
,,"30,300"
,,"281,000,000"
,,0
,,0
,,9.05
,,9.40
,,9.05
,,0
,,0
,,0
,
,
"    "
"        "
,,12/04/2022
,,9.40
,,9.40
,,0.10 (1.08 %)
,,"  "
,,"61,700"
,,"579,000,000"
,,0
,,0
,,9.30
,,9.55
,,9.25
,,0
,,0
,,0
,
,
"    "
"        "
,,08/04/2022
,,9.34
,,9.34
,,-0.06 (-0.64 %)
,,"  "
,,"6,900"
,,"64,000,000"
,,0
,,0
,,9.40
,,9.60
,,9.31
,,0
,,0
,,0
,
,
"    "
"        "
,,07/04/2022
,,9.40
,,9.40
,,0.00 (0.00 %)
,,"  "
,,"10,900"
,,"102,000,000"
,,0
,,0
,,9.41
,,9.58
,,9.40
,,0
,,0
,,0
,
,
"    "
"        "
,,06/04/2022
,,9.40
,,9.40
,,-0.20 (-2.08 %)
,,"  "
,,"6,700"
,,"62,000,000"
,,0
,,0
,,9.03
,,9.58
,,9.03
,,0
,,0
,,0
,
,
"    "
"        "
,,05/04/2022
,,9.60
,,9.60
,,0.20 (2.13 %)
,,"  "
,,"11,300"
,,"107,000,000"
,,0
,,0
,,9.89
,,9.89
,,9.48
,,0
,,0
,,0
,
,
"    "
"        "
,,04/04/2022
,,9.41
,,9.41
,,0.11 (1.18 %)
,,"  "
,,"14,200"
,,"135,000,000"
,,0
,,0
,,9.32
,,9.60
,,9.32
,,0
,,0
,,0
,
,
"    "
"        "
04/03/2022,8.66,8.93,0.23 (2.64 %)," ","27,700","243,000,000",0,0,8.65,8.94,8.64
03/03/2022,8.39,8.65,0.15 (1.76 %)," ","12,900","110,000,000",0,0,8.10,8.65,8.10
02/03/2022,8.24,8.50,0.00 (0.00 %)," ","4,100","34,000,000",0,0,8.31,8.59,8.31
01/03/2022,8.24,8.50,-0.10 (-1.16 %)," ","12,800","108,000,000",0,0,8.11,8.53,8.11
28/02/2022,8.29,8.55,0.05 (0.59 %)," ","7,000","58,000,000",0,0,8.50,8.64,8.25
25/02/2022,8.24,8.50,0.10 (1.19 %)," ","4,800","40,000,000",0,0,8.58,8.58,8.21
24/02/2022,8.11,8.36,0.06 (0.72 %)," ","27,200","224,000,000",0,0,8.90,8.90,7.79
23/02/2022,8.09,8.34,-0.46 (-5.23 %)," ","7,400","63,000,000",0,0,8.31,8.80,8.31
22/02/2022,8.53,8.80,-0.10 (-1.12 %)," ","41,600","350,000,000",0,0,8.80,8.90,8.30
21/02/2022,8.63,8.90,0.00 (0.00 %)," ","7,400","65,000,000",0,0,8.90,9.00,8.70
18/02/2022,8.63,8.90,0.20 (2.30 %)," ","5,000","43,000,000",0,0,8.70,8.90,8.69
17/02/2022,8.44,8.70,-0.10 (-1.14 %)," ","6,100","53,000,000",0,0,8.80,9.00,8.70
16/02/2022,8.53,8.80,0.00 (0.00 %)," ","5,200","45,000,000",0,0,8.80,8.80,8.51
15/02/2022,8.53,8.80,0.00 (0.00 %)," ","2,500","22,000,000",0,0,8.80,9.00,8.80
14/02/2022,8.53,8.80,-0.10 (-1.12 %)," ","7,400","65,000,000",0,0,9.00,9.00,8.80
11/02/2022,8.60,8.87,-0.03 (-0.34 %)," ","9,800","83,000,000",0,0,8.89,8.89,8.27
10/02/2022,8.62,8.89,-0.01 (-0.11 %)," ","4,500","39,000,000",0,0,8.30,8.89,8.30
09/02/2022,8.62,8.89,0.09 (1.02 %)," ",500,"4,000,000",0,0,8.77,8.89,8.70
08/02/2022,8.50,8.77,0.37 (4.40 %)," ","1,100","9,000,000",0,0,8.89,8.89,8.77
07/02/2022,8.15,8.41,0.21 (2.56 %)," ","9,300","80,000,000",0,0,8.50,8.70,8.30
28/01/2022,7.95,8.20,0.20 (2.50 %)," ","4,900","41,000,000",0,0,8.50,8.56,8.20
27/01/2022,7.76,8.00,-0.60 (-6.98 %)," ","17,800","142,000,000",0,0,8.60,9.00,8.00
26/01/2022,8.34,8.60,-0.30 (-3.37 %)," ","7,600","66,000,000",0,0,8.50,8.90,8.50
25/01/2022,8.63,8.90,0.10 (1.14 %)," ","13,200","114,000,000",0,0,8.38,8.90,8.38
24/01/2022,8.49,8.76,-0.54 (-5.81 %)," ","10,400","93,000,000",0,0,9.30,9.30,8.66
21/01/2022,9.02,9.30,0.10 (1.09 %)," ","7,000","63,000,000",0,0,9.20,9.50,8.61
20/01/2022,8.73,9.00,0.00 (0.00 %)," ","13,300","119,000,000",0,0,9.00,9.00,8.70
19/01/2022,8.72,8.99,-0.11 (-1.21 %)," ","6,300","55,000,000",0,0,8.49,9.38,8.49
18/01/2022,8.82,9.10,0.00 (0.00 %)," ","8,900","81,000,000",0,0,9.10,9.40,8.70
17/01/2022,8.82,9.10,-0.15 (-1.62 %)," ","22,900","214,000,000",0,0,9.50,9.50,9.10
14/01/2022,8.97,9.25,0.05 (0.54 %)," ","14,100","129,000,000",0,0,9.20,9.40,9.06
13/01/2022,8.92,9.20,-0.20 (-2.13 %)," ","56,500","522,000,000",0,0,9.10,9.40,9.10
12/01/2022,9.09,9.38,-0.52 (-5.25 %)," ","44,400","423,000,000",0,0,9.50,9.88,9.38
11/01/2022,9.60,9.90,-0.40 (-3.88 %)," ","22,200","219,000,000",0,0,10.00,10.00,9.73
10/01/2022,9.99,10.30,0.60 (6.19 %)," ","118,200","1,214,000,000",0,0,9.90,10.35,9.90
07/01/2022,9.41,9.70,-0.10 (-1.02 %)," ","92,800","904,000,000",0,0,9.80,9.80,9.70
06/01/2022,9.50,9.80,0.20 (2.08 %)," ","48,500","471,000,000",0,0,9.56,9.90,9.55
05/01/2022,9.26,9.55,-0.05 (-0.52 %)," ","21,800","208,000,000",0,0,9.60,9.70,9.50
04/01/2022,9.30,9.59,-0.01 (-0.10 %)," ","56,500","548,000,000",0,0,9.59,9.90,9.59
31/12/2021,9.30,9.59,0.39 (4.24 %)," ","48,900","463,000,000",0,0,9.30,9.62,9.22
30/12/2021,8.92,9.20,-0.10 (-1.08 %)," ","13,300","120,000,000",0,0,8.92,9.30,8.91
29/12/2021,9.02,9.30,0.00 (0.00 %)," ","19,800","183,000,000",0,0,9.33,9.33,9.20
28/12/2021,9.02,9.30,0.00 (0.00 %)," ","31,400","292,000,000",0,0,9.40,9.45,9.20
27/12/2021,9.05,9.33,0.23 (2.53 %)," ","35,500","330,000,000",0,0,9.48,9.48,9.20
24/12/2021,8.81,9.09,-0.01 (-0.11 %)," ","24,800","225,000,000",0,0,9.10,9.10,9.06
23/12/2021,8.82,9.10,-0.10 (-1.09 %)," ","55,700","507,000,000",0,0,9.20,9.20,9.10
22/12/2021,8.92,9.20,-0.10 (-1.08 %)," ","36,900","339,000,000",0,0,9.40,9.40,9.15
21/12/2021,9.03,9.31,-0.04 (-0.43 %)," ","33,500","312,000,000",0,0,9.35,9.40,9.30
20/12/2021,9.07,9.35,-0.06 (-0.64 %)," ","25,900","241,000,000",0,0,9.41,9.41,9.28
17/12/2021,9.12,9.41,0.00 (0.00 %)," ","33,500","316,000,000",0,0,9.41,9.50,9.41
16/12/2021,9.12,9.41,-0.08 (-0.84 %)," ","22,400","210,000,000",0,0,9.49,9.49,9.31
15/12/2021,9.20,9.49,-0.06 (-0.63 %)," ","48,800","460,000,000",0,0,9.40,9.55,9.36
14/12/2021,9.26,9.55,0.00 (0.00 %)," ","14,100","133,000,000",0,0,9.55,9.55,9.40
13/12/2021,9.26,9.55,0.15 (1.60 %)," ","50,000","477,000,000",0,0,9.40,9.60,9.40
10/12/2021,9.11,9.40,-0.20 (-2.08 %)," ","58,100","550,000,000",0,0,9.60,9.60,9.40
09/12/2021,9.31,9.60,0.08 (0.84 %)," ","22,000","209,000,000",0,0,9.60,9.70,9.40
08/12/2021,9.23,9.52,0.02 (0.21 %)," ","37,300","357,000,000",0,0,9.99,9.99,9.50
07/12/2021,9.21,9.50,-0.02 (-0.21 %)," ","52,500","500,000,000",0,0,9.52,10.00,9.45
06/12/2021,9.23,9.52,-0.36 (-3.64 %)," ","17,200","167,000,000",0,0,10.35,10.35,9.50
03/12/2021,9.58,9.88,-0.02 (-0.20 %)," ","10,800","107,000,000",0,0,10.25,10.25,9.81
02/12/2021,9.60,9.90,0.19 (1.96 %)," ","13,800","137,000,000",0,0,9.65,10.10,9.65
01/12/2021,9.41,9.71,-0.29 (-2.90 %)," ","33,300","324,000,000",0,0,10.00,10.00,9.60
30/11/2021,9.70,10.00,0.40 (4.17 %)," ","69,500","682,000,000",0,0,10.15,10.25,9.63
29/11/2021,9.31,9.60,-0.40 (-4.00 %)," ","49,300","478,000,000",0,0,10.00,10.15,9.50
26/11/2021,9.70,10.00,-0.20 (-1.96 %)," ","42,900","429,000,000",0,0,10.00,10.50,9.93
25/11/2021,9.89,10.20,-0.25 (-2.39 %)," ","28,600","287,000,000",0,0,10.30,10.30,9.90
24/11/2021,10.13,10.45,0.45 (4.50 %)," ","44,400","447,000,000",0,0,10.00,10.45,10.00
23/11/2021,9.70,10.00,-0.30 (-2.91 %)," ","36,100","361,000,000",0,0,10.20,10.90,9.60
22/11/2021,9.99,10.30,-0.20 (-1.90 %)," ","73,000","759,000,000",0,0,10.50,10.90,9.97
19/11/2021,10.18,10.50,-0.50 (-4.55 %)," ","110,900","1,220,000,000",0,0,10.50,11.60,10.50
18/11/2021,10.67,11.00,-0.80 (-6.78 %)," ","144,200","1,614,000,000",0,0,11.10,11.70,11.00
17/11/2021,11.44,11.80,0.55 (4.89 %)," ","286,100","3,016,000,000",0,0,10.50,12.00,10.50
16/11/2021,10.91,11.25,-0.80 (-6.64 %)," ","218,500","2,460,000,000",0,0,11.25,11.60,11.25
15/11/2021,11.68,12.05,0.65 (5.70 %)," ","189,100","2,293,000,000",0,0,12.15,12.15,11.65
12/11/2021,11.05,11.40,0.70 (6.54 %)," ","159,400","1,817,000,000",0,0,11.40,11.40,11.20
11/11/2021,10.37,10.70,0.70 (7.00 %)," ","456,800","4,812,000,000",0,0,10.00,10.70,10.00
10/11/2021,9.70,10.00,0.40 (4.17 %)," ","33,000","328,000,000",0,0,8.95,10.10,8.95
09/11/2021,9.31,9.60,0.09 (0.95 %)," ","16,600","165,000,000",0,0,10.15,10.15,9.60
08/11/2021,9.22,9.51,-0.69 (-6.76 %)," ","25,500","243,000,000",0,0,10.15,10.15,9.50
05/11/2021,9.89,10.20,-0.35 (-3.32 %)," ","27,200","280,000,000",0,0,10.55,10.55,10.00
04/11/2021,10.23,10.55,-0.05 (-0.47 %)," ","53,500","555,000,000",0,0,11.30,11.30,9.93
03/11/2021,10.28,10.60,0.68 (6.85 %)," ","189,300","2,006,000,000",0,0,10.60,10.60,10.50
02/11/2021,9.62,9.92,0.64 (6.90 %)," ","33,500","332,000,000",0,0,9.92,9.92,9.92
01/11/2021,9.00,9.28,0.60 (6.91 %)," ","25,900","240,000,000",0,0,9.28,9.28,9.28
29/10/2021,8.42,8.68,0.56 (6.90 %)," ","18,300","157,000,000",0,0,8.20,8.68,8.20
28/10/2021,7.87,8.12,0.00 (0.00 %)," ","11,400","89,000,000",0,0,8.12,8.12,7.70
27/10/2021,7.87,8.12,-0.03 (-0.37 %)," ","22,600","184,000,000",0,0,8.15,8.20,8.10
26/10/2021,7.90,8.15,0.00 (0.00 %)," ","38,400","312,000,000",0,0,8.15,8.15,8.10
25/10/2021,7.90,8.15,0.25 (3.16 %)," ","21,600","176,000,000",0,0,7.89,8.20,7.89
22/10/2021,7.66,7.90,0.00 (0.00 %)," ","1,600","12,000,000",0,0,7.90,7.90,7.90
21/10/2021,7.66,7.90,0.00 (0.00 %)," ",100,0,0,0,7.90,7.90,7.90
20/10/2021,7.66,7.90,0.00 (0.00 %)," ",700,"5,000,000",0,0,7.90,7.90,7.50
19/10/2021,7.66,7.90,-0.52 (-6.18 %)," ","7,200","56,000,000",0,0,7.90,7.90,7.90
18/10/2021,8.16,8.42,0.44 (5.51 %)," ",100,0,0,0,8.42,8.42,8.42
15/10/2021,7.74,7.98,0.00 (0.00 %)," ","6,400","50,000,000",0,0,7.90,8.49,7.90
14/10/2021,7.74,7.98,0.08 (1.01 %)," ",300,"2,000,000",0,0,8.00,8.00,7.98
13/10/2021,7.66,7.90,-0.20 (-2.47 %)," ","4,300","34,000,000",0,0,8.00,8.00,7.90
12/10/2021,7.85,8.10,0.00 (0.00 %)," ",0,0,0,0,8.10,8.10,8.10
11/10/2021,7.85,8.10,0.20 (2.53 %)," ",100,0,0,0,8.10,8.10,8.10
08/10/2021,7.66,7.90,0.00 (0.00 %)," ","24,500","190,000,000",0,0,7.90,8.38,7.60
07/10/2021,7.66,7.90,-0.08 (-1.00 %)," ",200,"1,000,000",0,0,7.90,7.90,7.90
06/10/2021,7.74,7.98,-0.01 (-0.13 %)," ",200,"1,000,000",0,0,7.98,7.98,7.98
05/10/2021,7.75,7.99,0.00 (0.00 %)," ","3,800","29,000,000",0,0,7.99,7.99,7.45
04/10/2021,7.75,7.99,-0.01 (-0.12 %)," ","3,000","23,000,000",0,0,7.80,7.99,7.80
01/10/2021,7.76,8.00,0.15 (1.91 %)," ","3,000","23,000,000",0,0,7.85,8.00,7.85
30/09/2021,7.61,7.85,0.00 (0.00 %)," ","3,500","27,000,000",0,0,7.85,7.85,7.85
29/09/2021,7.61,7.85,0.35 (4.67 %)," ","7,600","58,000,000",0,0,7.72,7.85,7.35
28/09/2021,7.27,7.50,-0.45 (-5.66 %)," ","8,000","60,000,000",0,0,7.42,7.62,7.41
27/09/2021,7.71,7.95,0.00 (0.00 %)," ",0,0,0,0,7.95,7.95,7.95
24/09/2021,7.71,7.95,0.15 (1.92 %)," ","3,800","29,000,000",0,0,7.81,7.95,7.59
23/09/2021,7.56,7.80,0.00 (0.00 %)," ","15,200","120,000,000",0,0,7.90,8.34,7.80
22/09/2021,7.56,7.80,0.11 (1.43 %)," ","23,100","179,000,000",0,0,7.69,7.88,7.69
21/09/2021,7.46,7.69,0.28 (3.78 %)," ","5,700","42,000,000",0,0,7.41,7.69,7.40
20/09/2021,7.18,7.41,-0.16 (-2.11 %)," ","12,000","90,000,000",0,0,7.57,7.58,7.30
17/09/2021,7.34,7.57,0.11 (1.47 %)," ","25,800","195,000,000",0,0,7.30,7.65,7.30
16/09/2021,7.23,7.46,0.11 (1.50 %)," ","24,900","188,000,000",0,0,7.50,7.65,7.40
15/09/2021,7.13,7.35,0.05 (0.68 %)," ","9,400","70,000,000",0,0,7.45,7.55,7.35
14/09/2021,7.08,7.30,-0.18 (-2.41 %)," ","5,200","39,000,000",0,0,7.60,7.60,7.30
13/09/2021,7.25,7.48,0.16 (2.19 %)," ","14,600","108,000,000",0,0,7.33,7.48,7.33
10/09/2021,7.10,7.32,0.05 (0.69 %)," ","5,600","41,000,000",0,0,7.27,7.45,7.27
09/09/2021,7.05,7.27,0.00 (0.00 %)," ","11,100","81,000,000",0,0,7.45,7.45,7.27
08/09/2021,7.05,7.27,-0.53 (-6.79 %)," ",900,"6,000,000",0,0,7.28,7.28,7.27
07/09/2021,7.56,7.80,0.41 (5.55 %)," ","1,500","11,000,000",0,0,7.80,7.81,7.20
06/09/2021,7.17,7.39,0.00 (0.00 %)," ","8,300","61,000,000",0,0,7.50,7.50,7.38
01/09/2021,7.17,7.39,0.03 (0.41 %)," ","12,400","91,000,000",0,0,7.21,7.40,7.21
31/08/2021,7.14,7.36,0.06 (0.82 %)," ","2,000","14,000,000",0,0,7.38,7.38,7.36
30/08/2021,7.08,7.30,0.29 (4.14 %)," ","2,500","18,000,000",0,0,7.10,7.38,7.10
27/08/2021,6.80,7.01,-0.09 (-1.27 %)," ",100,0,0,0,7.01,7.01,7.01
26/08/2021,6.88,7.10,-0.10 (-1.39 %)," ","1,800","12,000,000",0,0,7.48,7.48,7.10
25/08/2021,6.98,7.20,0.00 (0.00 %)," ",0,0,0,0,7.20,7.20,7.20
24/08/2021,6.98,7.20,-0.10 (-1.37 %)," ","2,800","20,000,000",0,0,7.10,7.25,7.10
23/08/2021,7.08,7.30,0.19 (2.67 %)," ",800,"5,000,000",0,0,7.48,7.48,7.30
20/08/2021,6.89,7.11,-0.38 (-5.07 %)," ",400,"2,000,000",0,0,7.49,7.49,7.11
19/08/2021,7.26,7.49,0.19 (2.60 %)," ",800,"5,000,000",0,0,7.40,7.49,7.40
18/08/2021,7.08,7.30,0.00 (0.00 %)," ",0,0,0,0,7.30,7.30,7.30
17/08/2021,7.08,7.30,0.00 (0.00 %)," ",0,0,0,0,7.30,7.30,7.30
16/08/2021,7.08,7.30,0.00 (0.00 %)," ","14,600","106,000,000",0,0,7.11,7.30,7.11
13/08/2021,7.08,7.30,-0.20 (-2.67 %)," ","1,300","9,000,000",0,0,7.10,7.30,7.10
12/08/2021,7.27,7.50,0.10 (1.35 %)," ",100,0,0,0,7.50,7.50,7.50
11/08/2021,7.18,7.40,-0.45 (-5.73 %)," ","1,400","10,000,000",0,0,7.84,7.84,7.40
10/08/2021,7.61,7.85,0.50 (6.80 %)," ",200,"1,000,000",0,0,7.85,7.85,7.85
09/08/2021,7.13,7.35,-0.55 (-6.96 %)," ","2,600","19,000,000",0,0,7.89,7.89,7.35
06/08/2021,7.66,7.90,0.13 (1.67 %)," ",100,0,0,0,7.90,7.90,7.90
05/08/2021,7.53,7.77,0.00 (0.00 %)," ",100,0,0,0,7.77,7.77,7.77
04/08/2021,7.53,7.77,0.47 (6.44 %)," ","3,700","26,000,000",0,0,6.80,7.79,6.80
03/08/2021,7.08,7.30,0.00 (0.00 %)," ",0,0,0,0,7.30,7.30,7.30
02/08/2021,7.08,7.30,0.00 (0.00 %)," ",0,0,0,0,7.30,7.30,7.30
30/07/2021,7.08,7.30,0.10 (1.39 %)," ","9,800","71,000,000",0,0,7.33,7.33,7.30
29/07/2021,6.98,7.20,0.00 (0.00 %)," ",0,0,0,0,7.20,7.20,7.20
28/07/2021,6.98,7.20,0.00 (0.00 %)," ",0,0,0,0,7.20,7.20,7.20
27/07/2021,6.98,7.20,-0.40 (-5.26 %)," ","3,000","21,000,000",0,0,7.20,7.20,7.20
26/07/2021,7.37,7.60,-0.50 (-6.17 %)," ","7,000","53,000,000",0,0,7.60,7.60,7.60
23/07/2021,7.85,8.10,0.00 (0.00 %)," ",0,0,0,0,8.10,8.10,8.10
22/07/2021,7.85,8.10,0.00 (0.00 %)," ",0,0,0,0,8.10,8.10,8.10
21/07/2021,7.85,8.10,0.30 (3.85 %)," ",200,"1,000,000",0,0,8.11,8.11,8.10
20/07/2021,7.56,7.80,0.00 (0.00 %)," ",0,0,0,0,7.80,7.80,7.80
19/07/2021,7.56,7.80,0.00 (0.00 %)," ",0,0,0,0,7.80,7.80,7.80
16/07/2021,7.56,7.80,-0.20 (-2.50 %)," ",600,"4,000,000",0,0,8.15,8.15,7.80
15/07/2021,7.76,8.00,-0.30 (-3.61 %)," ","15,400","118,000,000",0,0,7.72,8.00,7.72
14/07/2021,8.05,8.30,0.00 (0.00 %)," ",0,0,0,0,8.30,8.30,8.30
13/07/2021,8.05,8.30,-0.05 (-0.60 %)," ",500,"4,000,000",0,0,8.50,8.50,7.77
12/07/2021,8.10,8.35,0.44 (5.56 %)," ","3,100","22,000,000",0,0,7.36,8.35,7.36
09/07/2021,7.67,7.91,0.00 (0.00 %)," ",0,0,0,0,7.91,7.91,7.91
08/07/2021,7.67,7.91,-0.59 (-6.94 %)," ",100,0,0,0,7.91,7.91,7.91
07/07/2021,8.24,8.50,0.00 (0.00 %)," ",0,0,0,0,8.50,8.50,8.50
06/07/2021,8.24,8.50,0.20 (2.41 %)," ",100,0,0,0,8.50,8.50,8.50
05/07/2021,8.05,8.30,0.00 (0.00 %)," ",0,0,0,0,8.30,8.30,8.30
02/07/2021,8.05,8.30,0.00 (0.00 %)," ",0,0,0,0,8.30,8.30,8.30
01/07/2021,8.05,8.30,0.00 (0.00 %)," ",0,0,0,0,8.30,8.30,8.30
30/06/2021,8.05,8.30,0.00 (0.00 %)," ",0,0,0,0,8.30,8.30,8.30
29/06/2021,8.05,8.30,0.00 (0.00 %)," ",0,0,0,0,8.30,8.30,8.30
28/06/2021,8.05,8.30,0.00 (0.00 %)," ",0,0,0,0,8.30,8.30,8.30
25/06/2021,8.05,8.30,0.00 (0.00 %)," ",0,0,0,0,8.30,8.30,8.30
24/06/2021,8.05,8.30,0.00 (0.00 %)," ",0,0,0,0,8.30,8.30,8.30
23/06/2021,8.05,8.30,0.00 (0.00 %)," ",0,0,0,0,8.30,8.30,8.30
22/06/2021,8.05,8.30,0.20 (2.47 %)," ","2,200","18,000,000",0,0,8.10,8.30,7.95
21/06/2021,7.85,8.10,0.00 (0.00 %)," ",0,0,0,0,8.10,8.10,8.10
18/06/2021,7.85,8.10,-0.30 (-3.57 %)," ","1,100","9,000,000",0,0,8.10,8.10,8.10
17/06/2021,8.14,8.40,0.40 (5.00 %)," ",300,"3,000,000",0,0,8.50,8.50,8.40
16/06/2021,7.76,8.00,0.00 (0.00 %)," ",0,0,0,0,8.00,8.00,8.00
13/07/2021,8.05,8.30,-0.05 (-0.60 %)," ",500,"4,000,000",0,0,8.50,8.50,7.77
12/07/2021,8.10,8.35,0.44 (5.56 %)," ","3,100","22,000,000",0,0,7.36,8.35,7.36
09/07/2021,7.67,7.91,0.00 (0.00 %)," ",0,0,0,0,7.91,7.91,7.91
08/07/2021,7.67,7.91,-0.59 (-6.94 %)," ",100,0,0,0,7.91,7.91,7.91
07/07/2021,8.24,8.50,0.00 (0.00 %)," ",0,0,0,0,8.50,8.50,8.50
06/07/2021,8.24,8.50,0.20 (2.41 %)," ",100,0,0,0,8.50,8.50,8.50
05/07/2021,8.05,8.30,0.00 (0.00 %)," ",0,0,0,0,8.30,8.30,8.30
02/07/2021,8.05,8.30,0.00 (0.00 %)," ",0,0,0,0,8.30,8.30,8.30
01/07/2021,8.05,8.30,0.00 (0.00 %)," ",0,0,0,0,8.30,8.30,8.30
30/06/2021,8.05,8.30,0.00 (0.00 %)," ",0,0,0,0,8.30,8.30,8.30
29/06/2021,8.05,8.30,0.00 (0.00 %)," ",0,0,0,0,8.30,8.30,8.30
28/06/2021,8.05,8.30,0.00 (0.00 %)," ",0,0,0,0,8.30,8.30,8.30
25/06/2021,8.05,8.30,0.00 (0.00 %)," ",0,0,0,0,8.30,8.30,8.30
24/06/2021,8.05,8.30,0.00 (0.00 %)," ",0,0,0,0,8.30,8.30,8.30
23/06/2021,8.05,8.30,0.00 (0.00 %)," ",0,0,0,0,8.30,8.30,8.30
22/06/2021,8.05,8.30,0.20 (2.47 %)," ","2,200","18,000,000",0,0,8.10,8.30,7.95
21/06/2021,7.85,8.10,0.00 (0.00 %)," ",0,0,0,0,8.10,8.10,8.10
18/06/2021,7.85,8.10,-0.30 (-3.57 %)," ","1,100","9,000,000",0,0,8.10,8.10,8.10
17/06/2021,8.14,8.40,0.40 (5.00 %)," ",300,"3,000,000",0,0,8.50,8.50,8.40
16/06/2021,7.76,8.00,0.00 (0.00 %)," ",0,0,0,0,8.00,8.00,8.00
15/06/2021,7.76,8.00,-0.05 (-0.62 %)," ",900,"7,000,000",0,0,8.00,8.00,8.00
14/06/2021,7.81,8.05,-0.05 (-0.62 %)," ",300,"2,000,000",0,0,8.05,8.05,8.05
11/06/2021,7.85,8.10,0.05 (0.62 %)," ",400,"3,000,000",0,0,8.00,8.10,8.00
10/06/2021,7.81,8.05,0.00 (0.00 %)," ",0,0,0,0,8.05,8.05,8.05
09/06/2021,7.81,8.05,-0.05 (-0.62 %)," ","4,700","38,000,000",0,0,8.00,8.05,8.00
08/06/2021,7.85,8.10,0.00 (0.00 %)," ",0,0,0,0,8.10,8.10,8.10
07/06/2021,7.85,8.10,-0.10 (-1.22 %)," ","3,300","27,000,000",0,0,8.00,8.10,8.00
04/06/2021,7.95,8.20,0.10 (1.23 %)," ",400,"3,000,000",0,0,8.20,8.20,8.20
03/06/2021,7.85,8.10,0.10 (1.25 %)," ",100,"1,000,000",0,0,8.10,8.10,8.10
02/06/2021,7.76,8.00,0.00 (0.00 %)," ",0,0,0,0,8.00,8.00,8.00
01/06/2021,7.76,8.00,0.00 (0.00 %)," ",0,0,0,0,8.00,8.00,8.00
31/05/2021,7.76,8.00,0.00 (0.00 %)," ",0,0,0,0,8.00,8.00,8.00
28/05/2021,7.76,8.00,0.00 (0.00 %)," ",0,0,0,0,8.00,8.00,8.00
27/05/2021,7.76,8.00,0.00 (0.00 %)," ",0,0,0,0,8.00,8.00,8.00
26/05/2021,7.76,8.00,0.00 (0.00 %)," ",0,0,0,0,8.00,8.00,8.00
25/05/2021,7.76,8.00,0.00 (0.00 %)," ",0,0,0,0,8.00,8.00,8.00
24/05/2021,7.76,8.00,0.00 (0.00 %)," ",0,0,0,0,8.00,8.00,8.00
21/05/2021,7.76,8.00,0.00 (0.00 %)," ",0,0,0,0,8.00,8.00,8.00
20/05/2021,7.76,8.00,0.00 (0.00 %)," ",0,0,0,0,8.00,8.00,8.00
19/05/2021,7.76,8.00,0.00 (0.00 %)," ",0,0,0,0,8.00,8.00,8.00
18/05/2021,7.76,8.00,0.00 (0.00 %)," ",0,0,0,0,8.00,8.00,8.00
17/05/2021,7.76,8.00,-0.02 (-0.25 %)," ","5,000","40,000,000",0,0,8.02,8.02,8.00
14/05/2021,7.78,8.02,0.00 (0.00 %)," ",0,0,0,0,8.02,8.02,8.02
13/05/2021,7.78,8.02,0.00 (0.00 %)," ",0,0,0,0,8.02,8.02,8.02
12/05/2021,7.78,8.02,0.52 (6.93 %)," ",200,"2,000,000",0,0,7.55,8.02,7.55
11/05/2021,7.27,7.50,-0.40 (-5.06 %)," ","10,200","77,000,000",0,0,7.50,7.80,7.50
10/05/2021,7.66,7.90,0.00 (0.00 %)," ",0,0,0,0,7.90,7.90,7.90
07/05/2021,7.66,7.90,0.00 (0.00 %)," ",0,0,0,0,7.90,7.90,7.90
06/05/2021,7.66,7.90,0.00 (0.00 %)," ",100,"1,000,000",0,0,7.90,7.90,7.90
05/05/2021,7.66,7.90,0.10 (1.28 %)," ","6,100","48,000,000",0,0,7.60,7.91,7.60
04/05/2021,7.56,7.80,-0.20 (-2.50 %)," ","2,000","16,000,000",0,0,7.90,7.90,7.80
29/04/2021,7.76,8.00,-0.22 (-2.68 %)," ","5,000","40,000,000",0,0,8.00,8.00,8.00
28/04/2021,7.97,8.22,0.00 (0.00 %)," ",0,0,0,0,8.22,8.22,8.22
27/04/2021,7.97,8.22,0.52 (6.75 %)," ","2,100","17,000,000",0,0,8.22,8.22,8.22
26/04/2021,7.47,7.70,-0.30 (-3.75 %)," ","5,700","43,000,000",0,0,7.71,7.71,7.44
23/04/2021,7.76,8.00,0.00 (0.00 %)," ","1,000","8,000,000",0,0,8.00,8.00,8.00
22/04/2021,7.76,8.00,-0.20 (-2.44 %)," ","5,200","42,000,000",0,0,8.10,8.10,8.00
20/04/2021,7.95,8.20,0.00 (0.00 %)," ","1,000","8,000,000",0,0,8.20,8.20,8.20
19/04/2021,7.95,8.20,0.00 (0.00 %)," ",0,0,0,0,8.20,8.20,8.20
16/04/2021,7.95,8.20,0.00 (0.00 %)," ",0,0,0,0,8.20,8.20,8.20
15/04/2021,7.95,8.20,-0.08 (-0.97 %)," ","34,700","286,000,000",0,0,8.20,8.30,8.00
14/04/2021,8.03,8.28,0.00 (0.00 %)," ",0,0,0,0,8.28,8.28,8.28
13/04/2021,8.03,8.28,0.08 (0.98 %)," ","2,800","23,000,000",0,0,8.25,8.30,8.25
12/04/2021,7.95,8.20,-0.10 (-1.20 %)," ","3,700","30,000,000",0,0,8.20,8.25,8.20
09/04/2021,8.05,8.30,0.00 (0.00 %)," ","5,000","42,000,000",0,0,8.30,8.30,8.30
08/04/2021,8.05,8.30,0.30 (3.75 %)," ","2,800","23,000,000",0,0,8.10,8.40,8.10
07/04/2021,7.76,8.00,0.00 (0.00 %)," ","2,900","23,000,000",0,0,8.00,8.00,8.00
06/04/2021,7.76,8.00,-0.20 (-2.44 %)," ",500,"4,000,000",0,0,8.00,8.00,8.00
05/04/2021,7.95,8.20,0.00 (0.00 %)," ","5,100","42,000,000",0,0,8.20,8.20,8.20
02/04/2021,7.95,8.20,0.05 (0.61 %)," ","7,600","62,000,000",0,0,8.20,8.20,8.20
01/04/2021,7.90,8.15,0.15 (1.88 %)," ","2,800","22,000,000",0,0,7.71,8.15,7.71
31/03/2021,7.76,8.00,-0.20 (-2.44 %)," ","2,800","22,000,000",0,0,8.00,8.00,8.00
30/03/2021,7.95,8.20,0.00 (0.00 %)," ","3,000","25,000,000",0,0,8.20,8.20,8.20
29/03/2021,7.95,8.20,0.50 (6.49 %)," ","9,100","75,000,000",0,0,7.90,8.23,7.90
26/03/2021,7.47,7.70,-0.53 (-6.44 %)," ","13,500","106,000,000",0,0,8.10,8.20,7.70
25/03/2021,7.98,8.23,0.00 (0.00 %)," ","13,200","108,000,000",0,0,8.00,8.23,8.00
24/03/2021,7.98,8.23,0.53 (6.88 %)," ","3,200","26,000,000",0,0,8.23,8.23,8.23
23/03/2021,7.47,7.70,-0.30 (-3.75 %)," ","37,600","301,000,000",0,0,8.00,8.00,7.70
22/03/2021,7.76,8.00,0.00 (0.00 %)," ",300,"2,000,000",0,0,8.00,8.00,8.00
19/03/2021,7.76,8.00,0.00 (0.00 %)," ",0,0,0,0,8.00,8.00,8.00
18/03/2021,7.76,8.00,-0.20 (-2.44 %)," ","11,900","96,000,000",0,0,8.65,8.65,8.00
17/03/2021,7.95,8.20,-0.36 (-4.21 %)," ","7,500","64,000,000",0,0,8.56,8.56,8.00
16/03/2021,7.76,8.00,0.50 (6.67 %)," ","4,800","38,000,000",0,0,8.01,8.01,8.00
15/03/2021,7.27,7.50,-0.50 (-6.25 %)," ","5,000","38,000,000",0,0,7.80,7.80,7.50
12/03/2021,7.76,8.00,0.00 (0.00 %)," ",200,"2,000,000",0,0,8.00,8.00,8.00
11/03/2021,7.76,8.00,0.00 (0.00 %)," ",0,0,0,0,8.00,8.00,8.00
10/03/2021,7.76,8.00,0.00 (0.00 %)," ",400,"3,000,000",0,0,8.00,8.00,8.00
09/03/2021,7.76,8.00,0.30 (3.90 %)," ","12,100","97,000,000",0,0,8.23,8.23,7.99
08/03/2021,7.47,7.70,0.01 (0.13 %)," ","9,900","76,000,000",0,0,7.69,8.22,7.69
05/03/2021,7.46,7.69,-0.01 (-0.13 %)," ","4,800","37,000,000",0,0,8.23,8.23,7.50
04/03/2021,7.47,7.70,0.14 (1.85 %)," ","2,300","17,000,000",0,0,7.41,7.70,7.41
03/03/2021,7.33,7.56,-0.04 (-0.53 %)," ","7,800","59,000,000",0,0,7.30,7.70,7.30
02/03/2021,7.37,7.60,0.00 (0.00 %)," ","3,700","28,000,000",0,0,7.60,7.60,7.60
01/03/2021,7.37,7.60,0.15 (2.01 %)," ","20,700","155,000,000",0,0,7.45,7.96,7.31
26/02/2021,7.22,7.45,-0.34 (-4.36 %)," ","2,000","15,000,000",0,0,7.80,7.80,7.45
25/02/2021,7.55,7.79,0.19 (2.50 %)," ",300,"2,000,000",0,0,8.13,8.13,7.79
24/02/2021,7.37,7.60,0.00 (0.00 %)," ",0,0,0,0,7.60,7.60,7.60
23/02/2021,7.37,7.60,0.00 (0.00 %)," ","2,300","17,000,000",0,0,7.60,7.60,7.60
22/02/2021,7.37,7.60,0.00 (0.00 %)," ","6,300","48,000,000",0,0,7.50,7.69,7.50
19/02/2021,7.37,7.60,0.04 (0.53 %)," ","7,100","54,000,000",0,0,7.70,7.70,7.59
18/02/2021,7.33,7.56,-0.44 (-5.50 %)," ",100,"1,000,000",0,0,7.56,7.56,7.56
17/02/2021,7.76,8.00,0.49 (6.52 %)," ","4,700","36,000,000",0,0,7.51,8.00,7.51
09/02/2021,7.28,7.51,0.00 (0.00 %)," ",0,0,0,0,7.51,7.51,7.51
08/02/2021,7.28,7.51,-0.19 (-2.47 %)," ",100,"1,000,000",0,0,7.70,7.51,7.51
05/02/2021,7.47,7.70,0.00 (0.00 %)," ",0,0,0,0,7.70,7.70,7.70
04/02/2021,7.47,7.70,0.19 (2.53 %)," ","1,000","8,000,000",0,0,7.70,7.70,7.70
03/02/2021,7.28,7.51,0.00 (0.00 %)," ",0,0,0,0,7.51,7.51,7.51
02/02/2021,7.28,7.51,0.00 (0.00 %)," ",0,0,0,0,7.51,7.51,7.51
01/02/2021,7.28,7.51,0.01 (0.13 %)," ","2,200","17,000,000",0,0,7.51,7.51,7.50
29/01/2021,7.27,7.50,-0.10 (-1.32 %)," ","2,100","16,000,000",0,0,7.10,7.50,7.10
28/01/2021,7.37,7.60,-0.50 (-6.17 %)," ","6,700","56,000,000",0,0,8.40,8.40,7.60
27/01/2021,7.85,8.10,0.10 (1.25 %)," ",100,"1,000,000",0,0,8.10,8.10,8.10
26/01/2021,7.76,8.00,0.00 (0.00 %)," ",0,0,0,0,8.00,8.00,8.00
25/01/2021,7.76,8.00,-0.20 (-2.44 %)," ","2,800","22,000,000",0,0,8.00,8.00,8.00
22/01/2021,7.95,8.20,0.00 (0.00 %)," ",0,0,0,0,8.20,8.20,8.20
21/01/2021,7.95,8.20,0.00 (0.00 %)," ",0,0,0,0,8.20,8.20,8.20
20/01/2021,7.95,8.20,0.00 (0.00 %)," ",0,0,0,0,8.20,8.20,8.20
19/01/2021,7.95,8.20,0.00 (0.00 %)," ","4,000","33,000,000",0,0,8.20,8.20,8.20
18/01/2021,7.95,8.20,-0.10 (-1.20 %)," ","1,500","12,000,000",0,0,8.20,8.20,8.10
15/01/2021,8.05,8.30,0.00 (0.00 %)," ",0,0,0,0,8.30,8.30,8.30
14/01/2021,8.05,8.30,0.30 (3.75 %)," ","22,100","184,000,000",0,0,8.20,8.40,8.10
13/01/2021,7.76,8.00,0.19 (2.43 %)," ",600,"5,000,000",0,0,7.90,8.00,7.90
12/01/2021,7.57,7.81,0.01 (0.13 %)," ","1,400","11,000,000",0,0,7.80,7.81,7.80
11/01/2021,7.56,7.80,-0.10 (-1.27 %)," ","2,800","22,000,000",0,0,7.80,7.80,7.80
08/01/2021,7.66,7.90,0.10 (1.28 %)," ","3,200","25,000,000",0,0,7.90,7.95,7.90
07/01/2021,7.56,7.80,0.00 (0.00 %)," ","1,200","9,000,000",0,0,7.90,7.90,7.80
06/01/2021,7.56,7.80,-0.15 (-1.89 %)," ","3,100","24,000,000",0,0,7.80,7.80,7.80
05/01/2021,7.71,7.95,0.06 (0.76 %)," ","1,100","9,000,000",0,0,7.95,7.95,7.95
04/01/2021,7.65,7.89,-0.21 (-2.59 %)," ","8,800","69,000,000",0,0,7.92,7.92,7.80
31/12/2020,7.85,8.10,0.20 (2.53 %)," ","3,950","32,000,000",0,0,7.80,8.10,7.80
30/12/2020,7.66,7.90,0.00 (0.00 %)," ","2,000","16,000,000",0,0,7.90,7.92,7.90
29/12/2020,7.66,7.90,0.13 (1.67 %)," ","6,430","50,000,000",0,0,7.90,7.90,7.80
28/12/2020,7.53,7.77,-0.03 (-0.38 %)," ",510,"4,000,000",0,0,7.77,7.77,7.77
25/12/2020,7.56,7.80,0.20 (2.63 %)," ",450,"4,000,000",0,0,7.80,7.80,7.80
24/12/2020,7.37,7.60,-0.20 (-2.56 %)," ",630,"5,000,000",0,0,7.80,7.80,7.60
23/12/2020,7.56,7.80,0.00 (0.00 %)," ",0,0,0,0,7.80,7.80,7.80
22/12/2020,7.56,7.80,0.20 (2.63 %)," ","1,630","13,000,000",0,0,7.50,7.80,7.50
21/12/2020,7.37,7.60,0.00 (0.00 %)," ",440,"3,000,000",0,0,7.60,7.60,7.60
18/12/2020,7.37,7.60,0.43 (6.00 %)," ","1,500","11,000,000",0,0,7.50,7.60,7.50
17/12/2020,6.95,7.17,0.46 (6.86 %)," ",510,"4,000,000",0,0,7.00,7.17,7.00
16/12/2020,6.51,6.71,-0.41 (-5.76 %)," ","2,210","15,000,000",0,0,7.30,7.30,6.65
15/12/2020,6.90,7.12,-0.19 (-2.60 %)," ",50,0,0,0,7.31,7.31,7.12
14/12/2020,7.09,7.31,0.31 (4.43 %)," ",50,0,0,0,7.31,7.31,7.31
11/12/2020,6.79,7.00,-0.50 (-6.67 %)," ",260,"2,000,000",0,0,6.99,7.00,6.99
10/12/2020,7.27,7.50,0.00 (0.00 %)," ",650,"5,000,000",0,0,7.20,7.50,7.20
09/12/2020,7.27,7.50,0.00 (0.00 %)," ",100,"1,000,000",0,0,7.50,7.50,7.50
08/12/2020,7.27,7.50,0.05 (0.67 %)," ",10,0,0,0,7.50,7.50,7.50
07/12/2020,7.22,7.45,0.00 (0.00 %)," ",0,0,0,0,7.45,7.45,7.45
04/12/2020,7.22,7.45,-0.05 (-0.67 %)," ",300,"2,000,000",0,0,7.50,7.50,7.45
03/12/2020,7.27,7.50,0.00 (0.00 %)," ",60,0,0,0,7.50,7.50,7.50
02/12/2020,7.27,7.50,0.29 (4.02 %)," ",40,0,0,0,7.50,7.50,7.50
01/12/2020,6.99,7.21,0.00 (0.00 %)," ",0,0,0,0,7.21,7.21,7.21
30/11/2020,6.99,7.21,0.00 (0.00 %)," ",0,0,0,0,7.21,7.21,7.21
27/11/2020,6.99,7.21,0.00 (0.00 %)," ",0,0,0,0,7.21,7.21,7.21
26/11/2020,6.99,7.21,0.01 (0.14 %)," ",10,0,0,0,7.21,7.21,7.21
25/11/2020,6.98,7.20,0.00 (0.00 %)," ",430,"3,000,000",0,0,7.50,7.50,7.20
24/11/2020,6.98,7.20,-0.30 (-4.00 %)," ",20,0,0,0,7.20,7.20,7.20
23/11/2020,7.27,7.50,0.00 (0.00 %)," ",0,0,0,0,7.50,7.50,7.50
20/11/2020,7.27,7.50,0.29 (4.02 %)," ","1,550","12,000,000",0,0,7.00,7.50,7.00
19/11/2020,6.99,7.21,0.19 (2.71 %)," ",360,"3,000,000",0,0,7.21,7.22,7.10
18/11/2020,6.81,7.02,-0.39 (-5.26 %)," ",980,"7,000,000",0,0,6.90,7.03,6.90
17/11/2020,7.18,7.41,0.00 (0.00 %)," ","1,330","10,000,000",0,0,7.41,7.41,7.41
16/11/2020,7.18,7.41,0.11 (1.51 %)," ","5,620","42,000,000",0,0,7.40,7.50,7.40
13/11/2020,7.08,7.30,0.05 (0.69 %)," ",90,"1,000,000",0,0,7.70,7.70,7.30
12/11/2020,7.03,7.25,0.13 (1.83 %)," ","2,310","17,000,000",0,0,7.12,7.50,7.12
11/11/2020,6.90,7.12,0.00 (0.00 %)," ",0,0,0,0,7.12,7.12,7.12
10/11/2020,6.90,7.12,-0.10 (-1.39 %)," ","1,000","7,000,000",0,0,7.12,7.12,7.12
09/11/2020,7.00,7.22,0.12 (1.69 %)," ","19,710","149,000,000",0,0,7.57,7.59,7.22
06/11/2020,6.88,7.10,0.03 (0.42 %)," ","1,590","11,000,000",0,0,7.50,7.50,7.10
05/11/2020,6.86,7.07,-0.25 (-3.42 %)," ","1,520","11,000,000",0,0,7.01,7.74,7.01
04/11/2020,7.10,7.32,-0.50 (-6.39 %)," ","2,100","15,000,000",0,0,7.32,7.32,7.32
03/11/2020,7.58,7.82,-0.58 (-6.90 %)," ","28,690","224,000,000",0,0,7.82,8.19,7.82
02/11/2020,8.14,8.40,0.51 (6.46 %)," ",110,"1,000,000",0,0,8.43,8.43,8.40
30/10/2020,7.65,7.89,-0.11 (-1.38 %)," ","11,320","86,000,000",0,0,7.90,7.90,7.45
29/10/2020,7.76,8.00,-0.61 (-7.08 %)," ","6,050","48,000,000",0,0,7.99,8.00,7.95
28/10/2020,7.48,8.61,0.21 (2.50 %)," ","2,230","19,000,000",0,0,8.70,8.70,7.94
27/10/2020,7.29,8.40,-0.17 (-1.98 %)," ","11,750","96,000,000",0,0,8.04,8.68,8.04
26/10/2020,7.44,8.57,0.02 (0.23 %)," ","15,990","137,000,000",0,0,8.54,8.65,8.54
23/10/2020,7.42,8.55,0.05 (0.59 %)," ","5,840","50,000,000",0,0,8.75,8.75,8.50
22/10/2020,7.38,8.50,-0.30 (-3.41 %)," ","6,050","52,000,000",0,0,8.80,8.80,8.40
21/10/2020,7.64,8.80,0.45 (5.39 %)," ","9,440","80,000,000",0,0,8.35,8.80,8.35
20/10/2020,7.25,8.35,-0.05 (-0.60 %)," ","4,580","37,000,000",0,0,8.35,8.35,7.85
19/10/2020,7.29,8.40,0.45 (5.66 %)," ","34,320","286,000,000",0,0,8.00,8.40,8.00
16/10/2020,6.90,7.95,0.03 (0.38 %)," ","25,640","203,000,000",0,0,7.92,7.95,7.92
15/10/2020,6.88,7.92,0.11 (1.41 %)," ","17,270","136,000,000",0,0,7.85,7.97,7.85
14/10/2020,6.78,7.81,-0.04 (-0.51 %)," ","12,200","96,000,000",0,0,7.85,7.85,7.81
13/10/2020,6.82,7.85,0.00 (0.00 %)," ","24,020","189,000,000",0,0,7.85,7.97,7.85
12/10/2020,6.82,7.85,0.00 (0.00 %)," ","11,810","92,000,000",0,0,7.82,7.85,7.80
09/10/2020,6.82,7.85,-0.02 (-0.25 %)," ","5,860","46,000,000",0,0,7.87,7.87,7.85
08/10/2020,6.83,7.87,-0.08 (-1.01 %)," ","4,970","39,000,000",0,0,7.95,7.95,7.81
07/10/2020,6.90,7.95,-0.03 (-0.38 %)," ","3,440","27,000,000",0,0,7.98,7.98,7.95
06/10/2020,6.93,7.98,-0.02 (-0.25 %)," ","5,510","44,000,000",0,0,7.99,7.99,7.82
05/10/2020,6.95,8.00,0.16 (2.04 %)," ","20,870","164,000,000",0,0,7.84,8.00,7.84
02/10/2020,6.81,7.84,0.00 (0.00 %)," ","19,930","157,000,000",0,0,7.84,7.95,7.70
01/10/2020,6.81,7.84,-0.03 (-0.38 %)," ","1,500","11,000,000",0,0,7.84,7.84,7.60
30/09/2020,6.83,7.87,-0.03 (-0.38 %)," ","2,030","15,000,000",0,0,7.46,7.90,7.46
29/09/2020,6.86,7.90,0.44 (5.90 %)," ","3,650","27,000,000",0,0,7.46,7.90,7.35
28/09/2020,6.48,7.46,0.04 (0.54 %)," ","4,570","34,000,000",0,0,7.42,7.46,7.31
25/09/2020,6.44,7.42,0.01 (0.13 %)," ","2,140","16,000,000",0,0,7.91,7.91,7.42
24/09/2020,6.43,7.41,-0.19 (-2.50 %)," ",130,"1,000,000",0,0,7.78,7.78,7.40
23/09/2020,6.60,7.60,0.00 (0.00 %)," ",0,0,0,0,7.60,7.60,7.60
22/09/2020,6.60,7.60,-0.18 (-2.31 %)," ",30,"23,000,000",0,0,7.41,7.77,7.41
21/09/2020,6.76,7.78,0.50 (6.87 %)," ","2,990","23,000,000",0,0,7.50,7.78,7.50
18/09/2020,6.32,7.28,-0.52 (-6.67 %)," ","6,240","50,000,000",0,0,7.80,8.00,7.28
17/09/2020,6.77,7.80,0.00 (0.00 %)," ",0,0,0,0,7.80,7.80,7.80
16/09/2020,6.77,7.80,0.00 (0.00 %)," ",0,0,0,0,7.80,7.80,7.80
15/09/2020,6.77,7.80,0.30 (4.00 %)," ",60,0,0,0,7.80,7.80,7.80
14/09/2020,6.51,7.50,0.30 (4.17 %)," ","2,900","22,000,000",0,0,7.50,7.50,7.50
11/09/2020,6.25,7.20,-0.30 (-4.00 %)," ",100,"1,000,000",0,0,7.20,7.20,7.20
10/09/2020,6.51,7.50,0.00 (0.00 %)," ","4,300","32,000,000",0,0,7.50,7.50,7.50
09/09/2020,6.51,7.50,0.20 (2.74 %)," ","2,430","18,000,000",0,0,7.30,7.50,7.30
08/09/2020,6.34,7.30,-0.20 (-2.67 %)," ","1,030","8,000,000",0,0,7.30,7.30,7.30
07/09/2020,6.51,7.50,0.00 (0.00 %)," ",0,0,0,0,7.50,7.50,7.50
04/09/2020,6.51,7.50,0.30 (4.17 %)," ","1,600","12,000,000",0,0,7.30,7.50,7.30
03/09/2020,6.25,7.20,0.00 (0.00 %)," ",0,0,0,0,7.20,7.20,7.20
01/09/2020,6.25,7.20,0.00 (0.00 %)," ",0,0,0,0,7.20,7.20,7.20
31/08/2020,6.25,7.20,0.00 (0.00 %)," ",0,0,0,0,7.20,7.20,7.20
28/08/2020,6.25,7.20,-0.30 (-4.00 %)," ","1,000","7,000,000",0,0,7.20,7.20,7.20
27/08/2020,6.51,7.50,0.20 (2.74 %)," ","1,060","8,000,000",0,0,7.81,7.81,7.50
26/08/2020,6.34,7.30,0.00 (0.00 %)," ",0,0,0,0,7.30,7.30,7.30
25/08/2020,6.34,7.30,0.20 (2.82 %)," ",500,"4,000,000",0,0,7.01,7.30,7.00
24/08/2020,6.16,7.10,0.00 (0.00 %)," ","1,070","8,000,000",0,0,7.50,7.50,7.10
21/08/2020,6.16,7.10,-0.20 (-2.74 %)," ",790,"6,000,000",0,0,7.40,7.40,7.00
20/08/2020,6.34,7.30,-0.18 (-2.41 %)," ","1,510","11,000,000",0,0,7.30,7.30,7.30
19/08/2020,6.49,7.48,0.00 (0.00 %)," ",0,0,0,0,7.48,7.48,7.48
18/08/2020,6.49,7.48,0.00 (0.00 %)," ",0,0,0,0,7.48,7.48,7.48
17/08/2020,6.49,7.48,0.36 (5.06 %)," ",20,0,0,0,7.48,7.48,7.00
14/08/2020,6.18,7.12,0.00 (0.00 %)," ",0,0,0,0,7.12,7.12,7.12
13/08/2020,6.18,7.12,0.00 (0.00 %)," ",0,0,0,0,7.12,7.12,7.12
12/08/2020,6.18,7.12,-0.17 (-2.33 %)," ","2,090","15,000,000",0,0,7.21,7.21,7.00
11/08/2020,6.33,7.29,0.00 (0.00 %)," ",0,0,0,0,7.29,7.29,7.29
10/08/2020,6.33,7.29,0.00 (0.00 %)," ",0,0,0,0,7.29,7.29,7.29
07/08/2020,6.33,7.29,0.00 (0.00 %)," ","1,000","7,000,000",0,0,7.29,7.29,7.29
06/08/2020,6.33,7.29,0.00 (0.00 %)," ",10,0,0,0,7.29,7.29,7.29
05/08/2020,6.33,7.29,0.00 (0.00 %)," ",570,"4,000,000",0,0,7.29,7.29,7.29
04/08/2020,6.33,7.29,0.29 (4.14 %)," ",270,"2,000,000",0,0,7.29,7.29,7.29
03/08/2020,6.08,7.00,0.00 (0.00 %)," ",0,0,0,0,7.00,7.00,7.00
31/07/2020,6.08,7.00,-0.42 (-5.66 %)," ","1,730","12,000,000",0,0,7.00,7.00,7.00
30/07/2020,6.44,7.42,-0.51 (-6.43 %)," ",950,"7,000,000",0,0,7.42,7.42,7.42
29/07/2020,6.89,7.93,-0.04 (-0.50 %)," ","1,220","9,000,000",0,0,7.42,7.93,7.42
28/07/2020,6.92,7.97,0.28 (3.64 %)," ",10,0,0,0,7.97,7.97,7.97
27/07/2020,6.68,7.69,-0.10 (-1.28 %)," ","2,980","22,000,000",0,0,7.25,7.78,7.25
24/07/2020,6.76,7.79,0.29 (3.87 %)," ","1,650","12,000,000",0,0,7.00,7.79,6.98
23/07/2020,6.51,7.50,0.00 (0.00 %)," ",0,0,0,0,7.50,7.50,7.50
22/07/2020,6.51,7.50,0.00 (0.00 %)," ",0,0,0,0,7.50,7.50,7.50
21/07/2020,6.51,7.50,-0.12 (-1.57 %)," ",90,"1,000,000",0,0,8.00,8.00,7.50
20/07/2020,6.62,7.62,0.30 (4.10 %)," ",140,"1,000,000",0,0,7.62,7.62,7.62
17/07/2020,6.36,7.32,0.02 (0.27 %)," ","2,010","15,000,000",0,0,7.70,7.70,7.32
16/07/2020,6.34,7.30,-0.50 (-6.41 %)," ","1,100","8,000,000",0,0,7.31,7.31,7.30
15/07/2020,6.77,7.80,-0.40 (-4.88 %)," ","14,350","113,000,000",0,0,7.92,7.92,7.80
14/07/2020,7.12,8.20,0.43 (5.53 %)," ",10,0,0,0,8.20,8.20,8.20
13/07/2020,6.75,7.77,0.50 (6.88 %)," ",110,"1,000,000",0,0,7.77,7.77,7.77
10/07/2020,6.31,7.27,-0.53 (-6.79 %)," ","1,020","7,000,000",0,0,7.27,7.89,7.26
09/07/2020,6.77,7.80,0.00 (0.00 %)," ",0,0,0,0,7.80,7.80,7.80
08/07/2020,6.77,7.80,0.15 (1.96 %)," ",10,0,0,0,7.80,7.80,7.80
07/07/2020,6.64,7.65,0.00 (0.00 %)," ",0,0,0,0,7.65,7.65,7.65
06/07/2020,6.64,7.65,-0.35 (-4.38 %)," ","3,710","28,000,000",0,0,7.65,7.65,7.65
03/07/2020,6.95,8.00,0.00 (0.00 %)," ",0,0,0,0,8.00,8.00,8.00
02/07/2020,6.95,8.00,0.00 (0.00 %)," ",0,0,0,0,8.00,8.00,8.00
01/07/2020,6.95,8.00,-0.20 (-2.44 %)," ",320,"2,000,000",0,0,7.70,8.00,7.70
30/06/2020,7.12,8.20,0.00 (0.00 %)," ",0,0,0,0,8.20,8.20,8.20
29/06/2020,7.12,8.20,0.00 (0.00 %)," ",0,0,0,0,8.20,8.20,8.20
26/06/2020,7.12,8.20,0.00 (0.00 %)," ","1,520","12,000,000",0,0,7.63,8.40,7.63
25/06/2020,7.12,8.20,0.40 (5.13 %)," ","1,010","8,000,000",0,0,8.33,8.33,7.60
24/06/2020,6.77,7.80,0.00 (0.00 %)," ",0,0,0,0,7.80,7.80,7.80
23/06/2020,6.77,7.80,0.30 (4.00 %)," ",10,0,0,0,7.80,7.80,7.80
22/06/2020,6.51,7.50,0.00 (0.00 %)," ",0,0,0,0,7.50,7.50,7.50
19/06/2020,6.51,7.50,0.30 (4.17 %)," ","1,250","9,000,000",0,0,7.40,7.50,7.40
18/06/2020,6.25,7.20,0.10 (1.41 %)," ",20,0,0,0,7.20,7.20,7.20
17/06/2020,6.16,7.10,-0.30 (-4.05 %)," ",400,"3,000,000",0,0,7.30,7.30,7.10
16/06/2020,6.43,7.40,-0.20 (-2.63 %)," ",30,0,0,0,7.60,7.60,7.40
15/06/2020,6.60,7.60,0.00 (0.00 %)," ",0,0,0,0,7.60,7.60,7.60
12/06/2020,6.60,7.60,0.00 (0.00 %)," ",0,0,0,0,7.60,7.60,7.60
11/06/2020,6.60,7.60,-0.05 (-0.65 %)," ","11,250","85,000,000",0,0,7.65,7.65,7.41
10/06/2020,6.64,7.65,0.15 (2.00 %)," ","1,010","7,000,000",0,0,7.41,7.65,7.41
09/06/2020,6.51,7.50,0.09 (1.21 %)," ","1,010","8,000,000",0,0,7.30,7.50,7.30
08/06/2020,6.43,7.41,0.01 (0.14 %)," ","1,000","7,000,000",0,0,7.41,7.41,7.41
05/06/2020,6.43,7.40,0.00 (0.00 %)," ","1,100","8,000,000",0,0,7.35,7.40,7.35
04/06/2020,6.43,7.40,0.00 (0.00 %)," ","7,280","54,000,000",0,0,7.40,7.90,7.35
03/06/2020,6.43,7.40,0.00 (0.00 %)," ",0,0,0,0,7.40,7.40,7.40
02/06/2020,6.43,7.40,0.05 (0.68 %)," ","10,010","74,000,000",0,0,7.86,7.86,7.40
01/06/2020,6.38,7.35,-0.10 (-1.34 %)," ","1,310","10,000,000",0,0,7.40,7.40,7.35
29/05/2020,6.47,7.45,0.00 (0.00 %)," ",0,0,0,0,7.45,7.45,7.45
28/05/2020,6.47,7.45,-0.15 (-1.97 %)," ","2,810","21,000,000",0,0,7.55,7.55,7.30
27/05/2020,6.60,7.60,0.10 (1.33 %)," ",400,"3,000,000",0,0,7.50,7.60,7.50
26/05/2020,6.51,7.50,0.10 (1.35 %)," ",510,"4,000,000",0,0,7.40,7.60,7.40
25/05/2020,6.43,7.40,-0.20 (-2.63 %)," ","5,400","41,000,000",0,0,7.50,7.60,7.40
22/05/2020,6.60,7.60,0.20 (2.70 %)," ",40,0,0,0,7.60,7.60,7.60
21/05/2020,6.43,7.40,0.00 (0.00 %)," ",0,0,0,0,7.40,7.40,7.40
20/05/2020,6.43,7.40,0.00 (0.00 %)," ",710,"5,000,000",0,0,7.40,7.40,7.40
19/05/2020,6.43,7.40,-0.10 (-1.33 %)," ","13,870","104,000,000",0,0,7.50,7.50,7.40
18/05/2020,6.51,7.50,0.00 (0.00 %)," ",0,0,0,0,7.50,7.50,7.50
15/05/2020,6.51,7.50,0.10 (1.35 %)," ",10,0,0,0,7.50,7.50,7.50
14/05/2020,6.43,7.40,-0.09 (-1.20 %)," ",890,"6,000,000",0,0,7.30,7.40,7.28
13/05/2020,6.50,7.49,0.09 (1.22 %)," ",50,0,0,0,7.49,7.49,7.49
12/05/2020,6.43,7.40,-0.05 (-0.67 %)," ",240,"2,000,000",0,0,7.40,7.40,7.40
11/05/2020,6.47,7.45,-0.05 (-0.67 %)," ",10,0,0,0,7.45,7.45,7.45
08/05/2020,6.51,7.50,0.00 (0.00 %)," ",100,"1,000,000",0,0,7.50,7.50,7.50
07/05/2020,6.51,7.50,0.00 (0.00 %)," ","12,030","90,000,000",0,0,7.00,7.50,7.00
06/05/2020,6.51,7.50,0.00 (0.00 %)," ","2,100","15,000,000",0,0,7.00,7.50,6.98
05/05/2020,6.51,7.50,0.29 (4.02 %)," ",10,0,0,0,7.50,7.50,7.50
04/05/2020,6.26,7.21,0.00 (0.00 %)," ",0,0,0,0,7.21,7.21,7.21
29/04/2020,6.26,7.21,-0.19 (-2.57 %)," ","2,710","20,000,000",0,0,7.21,7.40,7.20
28/04/2020,6.43,7.40,-0.20 (-2.63 %)," ",500,"4,000,000",0,0,7.50,7.50,7.40
27/04/2020,6.60,7.60,0.00 (0.00 %)," ",0,0,0,0,7.60,7.60,7.60
24/04/2020,6.60,7.60,0.00 (0.00 %)," ",850,"7,000,000",0,0,7.70,8.13,7.60
23/04/2020,6.60,7.60,0.20 (2.70 %)," ","5,480","41,000,000","902,347","6,496,898,400",7.40,7.60,7.40
22/04/2020,6.43,7.40,-0.35 (-4.52 %)," ","1,000","7,000,000",0,0,7.30,7.40,7.30
21/04/2020,6.73,7.75,-0.52 (-6.29 %)," ","16,810","130,000,000",0,0,8.00,8.00,7.70
20/04/2020,7.18,8.27,0.27 (3.37 %)," ",120,"1,000,000",0,0,8.39,8.39,7.93
17/04/2020,6.95,8.00,0.01 (0.13 %)," ",130,"1,000,000",0,0,8.19,8.19,8.00
16/04/2020,6.94,7.99,0.09 (1.14 %)," ",10,0,0,0,7.99,7.99,7.99
15/04/2020,6.86,7.90,-0.29 (-3.54 %)," ","5,160","41,000,000",0,0,7.62,8.25,7.62
14/04/2020,7.11,8.19,0.29 (3.67 %)," ",10,0,0,0,8.19,8.19,8.19
13/04/2020,6.86,7.90,-0.58 (-6.84 %)," ","19,540","155,000,000",0,0,8.00,8.00,7.90
10/04/2020,7.36,8.48,-0.02 (-0.24 %)," ","5,010","42,000,000",0,0,8.48,8.48,8.48
09/04/2020,7.38,8.50,0.44 (5.46 %)," ",110,"1,000,000",0,0,8.55,8.55,8.50
08/04/2020,7.00,8.06,0.36 (4.68 %)," ",70,"1,000,000",0,0,7.17,8.06,7.17
07/04/2020,6.69,7.70,0.00 (0.00 %)," ",180,"1,000,000",0,0,7.17,7.70,7.17
06/04/2020,6.69,7.70,0.50 (6.94 %)," ",130,"1,000,000",0,0,7.20,7.70,7.20
03/04/2020,6.25,7.20,0.00 (0.00 %)," ",0,0,0,0,7.20,7.20,7.20
01/04/2020,6.25,7.20,0.38 (5.57 %)," ",10,0,0,0,7.20,7.20,7.20
31/03/2020,5.92,6.82,0.31 (4.76 %)," ",210,"1,000,000",0,0,6.53,6.82,6.53
30/03/2020,5.65,6.51,-0.49 (-7.00 %)," ",60,0,"36,447","255,129,000",6.51,6.51,6.51
27/03/2020,6.08,7.00,-0.10 (-1.41 %)," ",600,"4,000,000",0,0,7.00,7.00,7.00
26/03/2020,6.16,7.10,0.00 (0.00 %)," ",0,0,0,0,7.10,7.10,7.10
25/03/2020,6.16,7.10,0.30 (4.41 %)," ",110,"1,000,000",0,0,7.27,7.27,7.10
24/03/2020,5.90,6.80,-0.40 (-5.56 %)," ",500,"3,000,000",0,0,6.80,6.80,6.80
23/03/2020,6.25,7.20,-0.28 (-3.74 %)," ",500,"4,000,000",0,0,7.20,7.20,7.20
20/03/2020,6.49,7.48,0.09 (1.22 %)," ",100,"1,000,000",0,0,7.48,7.48,7.48
19/03/2020,6.42,7.39,0.20 (2.78 %)," ",20,0,0,0,6.80,7.39,6.80
18/03/2020,6.24,7.19,0.00 (0.00 %)," ",20,0,0,0,7.19,7.19,7.19
17/03/2020,6.24,7.19,0.00 (0.00 %)," ",0,0,0,0,7.19,7.19,7.19
16/03/2020,6.24,7.19,0.00 (0.00 %)," ",0,0,0,0,7.19,7.19,7.19
13/03/2020,6.24,7.19,-0.01 (-0.14 %)," ","3,030","21,000,000",0,0,7.20,7.20,6.80
12/03/2020,6.25,7.20,-0.10 (-1.37 %)," ","2,300","17,000,000",0,0,7.30,7.30,7.20
11/03/2020,6.34,7.30,0.05 (0.69 %)," ",510,"4,000,000",0,0,7.50,7.50,7.30
10/03/2020,6.30,7.25,0.05 (0.69 %)," ","5,100","37,000,000",0,0,7.20,7.25,7.20
09/03/2020,6.25,7.20,-0.38 (-5.01 %)," ","7,020","51,000,000",0,0,7.20,7.30,7.20
06/03/2020,6.58,7.58,0.00 (0.00 %)," ",0,0,0,0,7.58,7.58,7.58
05/03/2020,6.58,7.58,0.48 (6.76 %)," ","2,860","22,000,000",0,0,7.25,7.59,7.25
04/03/2020,6.16,7.10,-0.52 (-6.82 %)," ",100,"1,000,000",0,0,7.50,7.50,7.10
03/03/2020,6.62,7.62,0.00 (0.00 %)," ","1,000","8,000,000",0,0,7.62,7.62,7.62
02/03/2020,6.62,7.62,0.00 (0.00 %)," ",0,0,0,0,7.62,7.62,7.62
28/02/2020,6.62,7.62,0.00 (0.00 %)," ","3,130","24,000,000",0,0,7.62,7.62,7.62
27/02/2020,6.62,7.62,0.00 (0.00 %)," ",0,0,0,0,7.62,7.62,7.62
26/02/2020,6.62,7.62,0.00 (0.00 %)," ",0,0,0,0,7.62,7.62,7.62
25/02/2020,6.62,7.62,0.00 (0.00 %)," ","1,000","8,000,000",0,0,7.62,7.62,7.62
24/02/2020,6.62,7.62,0.00 (0.00 %)," ",120,"1,000,000",0,0,7.62,7.62,7.62
21/02/2020,6.62,7.62,-0.10 (-1.30 %)," ",980,"7,000,000",0,0,7.62,7.62,7.62
20/02/2020,6.70,7.72,-0.04 (-0.52 %)," ","2,500","19,000,000",0,0,7.72,7.72,7.72
19/02/2020,6.74,7.76,0.06 (0.78 %)," ","1,310","10,000,000",0,0,7.70,7.80,7.70
18/02/2020,6.69,7.70,0.00 (0.00 %)," ","1,000","8,000,000",0,0,7.70,7.70,7.70
17/02/2020,6.69,7.70,0.00 (0.00 %)," ",0,0,0,0,7.70,7.70,7.70
14/02/2020,6.69,7.70,0.00 (0.00 %)," ",30,0,0,0,7.70,7.80,7.70
13/02/2020,6.69,7.70,0.00 (0.00 %)," ",0,0,0,0,7.70,7.70,7.70
12/02/2020,6.69,7.70,-0.09 (-1.16 %)," ","21,880","168,000,000",0,0,7.79,7.79,7.70
11/02/2020,6.76,7.79,-0.01 (-0.13 %)," ","21,230","164,000,000",0,0,7.70,7.80,7.65
10/02/2020,6.77,7.80,0.00 (0.00 %)," ",0,0,0,0,7.80,7.80,7.80
07/02/2020,6.77,7.80,0.00 (0.00 %)," ",0,0,0,0,7.80,7.80,7.80
06/02/2020,6.77,7.80,0.40 (5.41 %)," ","6,840","51,000,000",0,0,7.40,7.80,7.40
05/02/2020,6.43,7.40,-0.10 (-1.33 %)," ","8,330","62,000,000",0,0,7.50,7.50,7.40
04/02/2020,6.51,7.50,0.00 (0.00 %)," ","15,870","119,000,000",0,0,7.80,7.80,7.50
03/02/2020,6.51,7.50,-0.10 (-1.32 %)," ","15,530","118,000,000",0,0,7.50,7.63,7.50
31/01/2020,6.60,7.60,-0.23 (-2.94 %)," ","5,700","43,000,000",0,0,7.60,7.60,7.50
30/01/2020,6.80,7.83,-0.02 (-0.25 %)," ",480,"4,000,000",0,0,7.85,7.85,7.82
22/01/2020,6.82,7.85,0.00 (0.00 %)," ",10,0,0,0,7.85,7.85,7.85
21/01/2020,6.82,7.85,0.00 (0.00 %)," ","2,170","17,000,000",0,0,7.80,7.85,7.80
20/01/2020,6.82,7.85,0.05 (0.64 %)," ","1,320","10,000,000",0,0,7.80,7.85,7.80
17/01/2020,6.77,7.80,0.00 (0.00 %)," ","1,640","13,000,000",0,0,7.80,7.80,7.80
16/01/2020,6.77,7.80,0.00 (0.00 %)," ",140,"1,000,000",0,0,7.80,7.80,7.80
15/01/2020,6.77,7.80,0.00 (0.00 %)," ",390,"3,000,000",0,0,7.90,7.90,7.80
14/01/2020,6.77,7.80,0.00 (0.00 %)," ",590,"5,000,000",0,0,7.80,7.80,7.80
13/01/2020,6.77,7.80,-0.05 (-0.64 %)," ",100,"1,000,000",0,0,7.80,7.80,7.80
10/01/2020,6.82,7.85,-0.09 (-1.13 %)," ",910,"7,000,000",0,0,7.39,7.93,7.39
09/01/2020,6.89,7.94,0.47 (6.29 %)," ",390,"3,000,000",0,0,7.52,7.94,7.52
08/01/2020,6.49,7.47,-0.33 (-4.23 %)," ",100,"1,000,000",0,0,7.47,7.47,7.47
07/01/2020,6.77,7.80,-0.08 (-1.02 %)," ","1,150","9,000,000",0,0,7.46,7.80,7.46
06/01/2020,6.84,7.88,0.00 (0.00 %)," ",0,0,0,0,7.88,7.88,7.88
03/01/2020,6.84,7.88,0.03 (0.38 %)," ",50,0,0,0,7.88,7.88,7.88
02/01/2020,6.82,7.85,-0.05 (-0.63 %)," ","10,000","79,000,000",0,0,7.90,7.90,7.84
31/12/2019,6.86,7.90,0.24 (3.13 %)," ",10,0,0,0,7.90,7.90,7.90
30/12/2019,6.65,7.66,0.00 (0.00 %)," ",100,"1,000,000",0,0,7.66,7.66,7.66
27/12/2019,6.65,7.66,-0.14 (-1.79 %)," ","32,690","251,000,000",0,0,7.80,7.80,7.66
26/12/2019,6.77,7.80,-0.15 (-1.89 %)," ","11,440","89,000,000",0,0,7.95,7.95,7.80
25/12/2019,6.90,7.95,-0.05 (-0.62 %)," ","8,120","64,000,000",0,0,7.81,7.95,7.81
24/12/2019,6.95,8.00,0.15 (1.91 %)," ",30,0,0,0,8.00,8.00,8.00
23/12/2019,6.82,7.85,-0.03 (-0.38 %)," ",620,"5,000,000",0,0,7.83,7.85,7.82
20/12/2019,6.84,7.88,0.00 (0.00 %)," ",0,0,0,0,7.88,7.88,7.88
19/12/2019,6.84,7.88,0.00 (0.00 %)," ",0,0,0,0,7.88,7.88,7.88
18/12/2019,6.84,7.88,0.05 (0.64 %)," ","3,180","25,000,000",0,0,7.95,7.95,7.70
17/12/2019,6.80,7.83,0.01 (0.13 %)," ",220,"2,000,000",0,0,7.83,7.83,7.83
16/12/2019,6.79,7.82,0.00 (0.00 %)," ",850,"7,000,000",0,0,7.82,7.82,7.82
13/12/2019,6.79,7.82,0.00 (0.00 %)," ","2,100","16,000,000",0,0,7.82,7.82,7.82
12/12/2019,6.79,7.82,0.01 (0.13 %)," ",240,"2,000,000",0,0,7.82,7.82,7.82
11/12/2019,6.78,7.81,0.00 (0.00 %)," ",80,"1,000,000",0,0,7.80,7.81,7.80
10/12/2019,6.78,7.81,0.00 (0.00 %)," ",270,"2,000,000",0,0,7.81,7.81,7.81
09/12/2019,6.78,7.81,-0.14 (-1.76 %)," ",200,"2,000,000",0,0,7.81,7.81,7.81
06/12/2019,6.90,7.95,0.00 (0.00 %)," ",0,0,0,0,7.95,7.95,7.95
05/12/2019,6.90,7.95,0.15 (1.92 %)," ",610,"5,000,000",0,0,7.80,7.95,7.80
04/12/2019,6.77,7.80,-0.09 (-1.14 %)," ",100,"1,000,000",0,0,7.80,7.80,7.80
03/12/2019,6.85,7.89,0.09 (1.15 %)," ","2,000","16,000,000",0,0,7.80,7.89,7.80
02/12/2019,6.77,7.80,0.00 (0.00 %)," ","4,510","35,000,000",0,0,7.90,7.90,7.63
29/11/2019,6.77,7.80,0.00 (0.00 %)," ",0,0,0,0,7.80,7.80,7.80
28/11/2019,6.77,7.80,0.00 (0.00 %)," ",340,"3,000,000",0,0,7.95,7.95,7.80
27/11/2019,6.77,7.80,0.00 (0.00 %)," ","1,300","10,000,000",0,0,7.62,7.80,7.62
26/11/2019,6.77,7.80,0.00 (0.00 %)," ","1,060","8,000,000",0,0,7.80,7.90,7.80
25/11/2019,6.77,7.80,0.00 (0.00 %)," ","2,020","16,000,000",0,0,7.80,7.80,7.80
22/11/2019,6.77,7.80,0.00 (0.00 %)," ","5,470","43,000,000",0,0,7.89,7.89,7.80
21/11/2019,6.77,7.80,-0.10 (-1.27 %)," ","14,080","110,000,000",0,0,7.85,7.90,7.80
20/11/2019,6.86,7.90,-0.03 (-0.38 %)," ","1,150","9,000,000",0,0,7.90,7.90,7.70
19/11/2019,6.89,7.93,0.18 (2.32 %)," ",10,0,0,0,7.93,7.93,7.93
18/11/2019,6.73,7.75,0.05 (0.65 %)," ",40,0,0,0,7.65,7.75,7.65
15/11/2019,6.69,7.70,-0.19 (-2.41 %)," ","1,670","13,000,000",0,0,7.70,7.70,7.62
14/11/2019,6.85,7.89,0.09 (1.15 %)," ","1,210","9,000,000",0,0,7.75,7.89,7.75
13/11/2019,6.77,7.80,0.00 (0.00 %)," ","4,540","36,000,000",0,0,7.85,7.94,7.78
12/11/2019,6.77,7.80,0.02 (0.26 %)," ","14,110","110,000,000",0,0,7.82,7.85,7.80
11/11/2019,6.76,7.78,-0.11 (-1.39 %)," ","8,250","65,000,000",0,0,7.94,7.94,7.70
08/11/2019,6.85,7.89,0.00 (0.00 %)," ","1,000","8,000,000",0,0,8.00,8.00,7.82
07/11/2019,6.85,7.89,-0.20 (-2.47 %)," ","1,640","13,000,000",0,0,8.09,8.09,7.85
06/11/2019,7.02,8.09,0.00 (0.00 %)," ",70,"1,000,000",0,0,7.85,8.09,7.85
05/11/2019,7.02,8.09,-0.12 (-1.46 %)," ","14,460","116,000,000",0,0,8.00,8.16,7.80
04/11/2019,7.13,8.21,-0.18 (-2.15 %)," ","12,230","97,000,000",0,0,8.10,8.39,7.82
01/11/2019,7.28,8.39,-0.08 (-0.94 %)," ","2,700","22,000,000",0,0,8.00,8.49,8.00
31/10/2019,7.35,8.47,-0.89 (-9.51 %)," ","3,850","33,000,000",0,0,8.73,8.73,8.40
30/10/2019,7.09,9.36,0.02 (0.21 %)," ","22,020","207,000,000",0,0,9.33,9.80,9.30
29/10/2019,7.07,9.34,0.04 (0.43 %)," ","12,280","114,000,000",0,0,9.40,9.40,9.30
28/10/2019,7.04,9.30,0.00 (0.00 %)," ","31,390","293,000,000",0,0,9.38,9.40,9.30
25/10/2019,7.04,9.30,0.00 (0.00 %)," ","8,320","77,000,000",0,0,9.40,9.40,9.25
24/10/2019,7.04,9.30,0.00 (0.00 %)," ","4,370","41,000,000",0,0,9.32,9.32,9.21
23/10/2019,7.04,9.30,0.10 (1.09 %)," ","2,270","21,000,000",0,0,9.30,9.30,9.30
22/10/2019,6.96,9.20,0.04 (0.44 %)," ","9,870","91,000,000",0,0,9.15,9.20,9.14
21/10/2019,6.93,9.16,-0.04 (-0.43 %)," ","3,300","30,000,000",0,0,9.20,9.30,9.16
18/10/2019,6.96,9.20,0.13 (1.43 %)," ","8,760","80,000,000",0,0,9.07,9.20,9.07
17/10/2019,6.87,9.07,-0.12 (-1.31 %)," ","2,670","25,000,000",0,0,9.20,9.20,9.07
16/10/2019,6.96,9.19,0.44 (5.03 %)," ","11,160","101,000,000",0,0,9.00,9.20,9.00
15/10/2019,6.62,8.75,0.03 (0.34 %)," ",350,"3,000,000",0,0,8.72,8.75,8.72
14/10/2019,6.60,8.72,0.29 (3.44 %)," ",520,"5,000,000",0,0,9.00,9.00,8.72
11/10/2019,6.38,8.43,-0.42 (-4.75 %)," ","1,050","9,000,000",0,0,8.42,8.43,8.42
10/10/2019,6.70,8.85,0.00 (0.00 %)," ",0,0,0,0,8.85,8.85,8.85
09/10/2019,6.70,8.85,0.00 (0.00 %)," ",0,0,0,0,8.85,8.85,8.85
08/10/2019,6.70,8.85,-0.05 (-0.56 %)," ",70,"1,000,000",0,0,9.00,9.00,8.71
07/10/2019,6.74,8.90,-0.10 (-1.11 %)," ","10,260","92,000,000",0,0,9.00,9.00,8.62
04/10/2019,6.81,9.00,0.20 (2.27 %)," ","9,120","82,000,000",0,0,8.72,9.00,8.71
03/10/2019,6.66,8.80,-0.05 (-0.56 %)," ","2,240","20,000,000",0,0,8.85,8.95,8.70
02/10/2019,6.70,8.85,-0.05 (-0.56 %)," ",170,"2,000,000",0,0,8.95,8.97,8.71
01/10/2019,6.74,8.90,0.05 (0.56 %)," ","2,010","18,000,000",0,0,8.80,8.90,8.80
30/09/2019,6.70,8.85,0.20 (2.31 %)," ",580,"5,000,000",0,0,8.65,8.85,8.65
27/09/2019,6.55,8.65,0.05 (0.58 %)," ",10,0,0,0,8.65,8.65,8.65
26/09/2019,6.51,8.60,0.09 (1.06 %)," ","1,040","9,000,000",0,0,8.39,8.75,8.39
25/09/2019,6.44,8.51,0.11 (1.31 %)," ",80,"1,000,000",0,0,8.45,8.70,8.45
24/09/2019,6.36,8.40,-0.15 (-1.75 %)," ","1,580","13,000,000",0,0,8.54,8.75,8.00
23/09/2019,6.47,8.55,-0.01 (-0.12 %)," ","1,360","12,000,000",0,0,8.52,8.55,8.52
20/09/2019,6.48,8.56,-0.19 (-2.17 %)," ","2,010","17,000,000",0,0,8.32,8.80,8.32
19/09/2019,6.62,8.75,0.23 (2.70 %)," ",10,0,0,0,8.75,8.75,8.75
18/09/2019,6.45,8.52,-0.03 (-0.35 %)," ",370,"3,000,000",0,0,8.70,8.52,8.50
17/09/2019,6.47,8.55,0.03 (0.35 %)," ",510,"4,000,000",0,0,8.70,8.70,8.52
16/09/2019,6.45,8.52,-0.11 (-1.27 %)," ","5,580","46,000,000",0,0,8.52,8.70,8.07
13/09/2019,6.53,8.63,0.00 (0.00 %)," ",0,0,0,0,8.63,8.63,8.63
12/09/2019,6.53,8.63,0.05 (0.58 %)," ","1,120","10,000,000",0,0,8.63,8.64,8.62
11/09/2019,6.49,8.58,-0.05 (-0.58 %)," ",20,0,0,0,8.58,8.58,8.58
10/09/2019,6.53,8.63,0.01 (0.12 %)," ",130,"1,000,000",0,0,9.00,9.00,8.63
09/09/2019,6.53,8.62,-0.06 (-0.69 %)," ",20,0,0,0,8.68,8.62,8.62
06/09/2019,6.57,8.68,-0.32 (-3.56 %)," ","1,050","9,000,000",0,0,8.68,8.68,8.68
05/09/2019,6.81,9.00,0.00 (0.00 %)," ","2,480","22,000,000",0,0,8.73,9.00,8.73
04/09/2019,6.81,9.00,-0.05 (-0.55 %)," ","4,200","36,000,000",0,0,9.00,9.00,8.50
03/09/2019,6.85,9.05,0.05 (0.56 %)," ","3,810","34,000,000",0,0,9.00,9.05,9.00
30/08/2019,6.81,9.00,0.00 (0.00 %)," ","3,560","32,000,000",0,0,8.99,9.00,8.99
29/08/2019,6.81,9.00,0.00 (0.00 %)," ","2,050","17,000,000",0,0,8.47,9.00,8.47
28/08/2019,6.81,9.00,0.20 (2.27 %)," ","4,010","36,000,000",0,0,8.95,9.00,8.95
27/08/2019,6.66,8.80,-0.20 (-2.22 %)," ","4,020","36,000,000",0,0,8.70,9.00,8.70
26/08/2019,6.81,9.00,0.29 (3.33 %)," ","5,030","45,000,000",0,0,8.65,9.00,8.65
23/08/2019,6.59,8.71,-0.29 (-3.22 %)," ","5,630","50,000,000",0,0,8.61,9.00,8.61
22/08/2019,6.81,9.00,0.00 (0.00 %)," ","1,400","13,000,000",0,0,9.00,9.00,9.00
21/08/2019,6.81,9.00,0.00 (0.00 %)," ","18,980","171,000,000",0,0,9.00,9.10,9.00
20/08/2019,6.81,9.00,-0.30 (-3.23 %)," ","1,900","17,000,000",0,0,9.00,9.00,9.00
19/08/2019,7.04,9.30,0.00 (0.00 %)," ",0,0,0,0,9.30,9.30,9.30
16/08/2019,7.04,9.30,0.30 (3.33 %)," ","21,500","198,000,000",0,0,9.00,9.30,9.00
15/08/2019,6.81,9.00,0.05 (0.56 %)," ","25,430","229,000,000",0,0,9.10,9.10,8.95
14/08/2019,6.77,8.95,-0.04 (-0.44 %)," ","27,660","249,000,000",0,0,9.00,9.10,8.95
13/08/2019,6.81,8.99,0.00 (0.00 %)," ","21,420","192,000,000",0,0,8.99,9.00,8.90
12/08/2019,6.81,8.99,-0.01 (-0.11 %)," ","2,180","20,000,000",0,0,9.00,9.00,8.99
09/08/2019,6.81,9.00,0.00 (0.00 %)," ","4,500","41,000,000",0,0,9.00,9.00,9.00
08/08/2019,6.81,9.00,0.00 (0.00 %)," ",0,0,0,0,9.00,9.00,9.00
07/08/2019,6.81,9.00,0.00 (0.00 %)," ",0,0,0,0,9.00,9.00,9.00
06/08/2019,6.81,9.00,0.10 (1.12 %)," ",400,"4,000,000",0,0,8.70,9.00,8.70
05/08/2019,6.74,8.90,-0.09 (-1.00 %)," ",120,"1,000,000",0,0,8.90,8.90,8.70
02/08/2019,6.81,8.99,0.19 (2.16 %)," ",310,"3,000,000",0,0,8.60,8.99,8.50
01/08/2019,6.66,8.80,0.00 (0.00 %)," ",0,0,0,0,8.80,8.80,8.80
31/07/2019,6.66,8.80,-0.19 (-2.11 %)," ",720,"6,000,000",0,0,8.80,8.80,8.80
30/07/2019,6.81,8.99,0.09 (1.01 %)," ",10,0,0,0,8.99,8.99,8.99
29/07/2019,6.74,8.90,0.00 (0.00 %)," ",0,0,0,0,8.90,8.90,8.90
26/07/2019,6.74,8.90,0.00 (0.00 %)," ",30,0,0,0,8.90,8.90,8.90
25/07/2019,6.74,8.90,0.10 (1.14 %)," ",180,"2,000,000",0,0,8.80,8.90,8.80
24/07/2019,6.66,8.80,0.01 (0.11 %)," ",400,"4,000,000",0,0,8.75,9.00,8.75
23/07/2019,6.65,8.79,-0.01 (-0.11 %)," ","1,040","9,000,000",0,0,8.60,8.79,8.60
22/07/2019,6.66,8.80,0.00 (0.00 %)," ",0,0,0,0,8.80,8.80,8.80
19/07/2019,6.66,8.80,-0.10 (-1.12 %)," ","13,210","112,000,000",0,0,8.80,8.80,8.50
18/07/2019,6.74,8.90,0.40 (4.71 %)," ",10,0,0,0,8.90,8.90,8.90
17/07/2019,6.43,8.50,-0.30 (-3.41 %)," ",490,"4,000,000",0,0,8.50,8.50,8.50
16/07/2019,6.66,8.80,-0.20 (-2.22 %)," ","4,670","41,000,000",0,0,8.60,8.90,8.37
15/07/2019,6.81,9.00,0.00 (0.00 %)," ",0,0,0,0,9.00,9.00,9.00
12/07/2019,6.81,9.00,0.10 (1.12 %)," ","1,530","14,000,000",0,0,8.90,9.00,8.90
11/07/2019,6.74,8.90,0.14 (1.60 %)," ","3,150","28,000,000",0,0,8.79,8.90,8.79
10/07/2019,6.63,8.76,0.00 (0.00 %)," ",30,0,0,0,8.50,8.76,8.50
09/07/2019,6.63,8.76,-0.09 (-1.02 %)," ",250,"2,000,000",0,0,8.33,8.77,8.33
08/07/2019,6.70,8.85,0.06 (0.68 %)," ",10,0,0,0,8.85,8.85,8.85
05/07/2019,6.65,8.79,0.00 (0.00 %)," ",290,"3,000,000",0,0,8.79,8.79,8.79
04/07/2019,6.65,8.79,-0.01 (-0.11 %)," ",910,"7,000,000",0,0,8.80,8.79,8.20
03/07/2019,6.66,8.80,-0.19 (-2.11 %)," ",720,"6,000,000",0,0,8.80,8.80,8.50
02/07/2019,6.81,8.99,-0.01 (-0.11 %)," ",90,"1,000,000",0,0,8.99,8.99,8.99
01/07/2019,6.81,9.00,0.00 (0.00 %)," ",50,0,0,0,9.00,9.00,9.00
28/06/2019,6.81,9.00,0.11 (1.24 %)," ",110,"1,000,000",0,0,9.00,9.00,8.60
27/06/2019,6.73,8.89,0.00 (0.00 %)," ",0,0,0,0,8.89,8.89,8.89
26/06/2019,6.73,8.89,0.00 (0.00 %)," ",0,0,0,0,8.89,8.89,8.89
25/06/2019,6.73,8.89,0.00 (0.00 %)," ",600,"5,000,000",0,0,8.89,8.89,8.89
24/06/2019,6.73,8.89,0.00 (0.00 %)," ",460,"4,000,000",0,0,8.89,8.89,8.89
21/06/2019,6.73,8.89,0.09 (1.02 %)," ","1,620","14,000,000",0,0,8.89,8.90,8.88
20/06/2019,6.66,8.80,-0.09 (-1.01 %)," ","5,150","46,000,000",0,0,8.89,8.89,8.80
19/06/2019,6.73,8.89,0.10 (1.14 %)," ",10,0,0,0,8.89,8.89,8.89
18/06/2019,6.65,8.79,-0.01 (-0.11 %)," ",220,"2,000,000",0,0,8.78,8.79,8.22
17/06/2019,6.66,8.80,0.05 (0.57 %)," ",370,"3,000,000",0,0,8.80,8.80,8.80
14/06/2019,6.62,8.75,0.00 (0.00 %)," ",0,0,0,0,8.75,8.75,8.75
13/06/2019,6.62,8.75,0.00 (0.00 %)," ",0,0,0,0,8.75,8.75,8.75
12/06/2019,6.62,8.75,0.10 (1.16 %)," ",480,"4,000,000",0,0,8.75,8.75,8.45
11/06/2019,6.55,8.65,-0.15 (-1.70 %)," ","1,040","9,000,000",0,0,8.60,8.70,8.60
10/06/2019,6.66,8.80,0.20 (2.33 %)," ",10,0,0,0,8.80,8.80,8.80
07/06/2019,6.51,8.60,0.00 (0.00 %)," ",0,0,0,0,8.60,8.60,8.60
06/06/2019,6.51,8.60,0.00 (0.00 %)," ",210,"2,000,000",0,0,8.60,8.65,8.60
05/06/2019,6.51,8.60,0.00 (0.00 %)," ",0,0,0,0,8.60,8.60,8.60
04/06/2019,6.51,8.60,-0.09 (-1.04 %)," ",100,"1,000,000",0,0,8.60,8.60,8.35
03/06/2019,6.58,8.69,0.00 (0.00 %)," ",0,0,0,0,8.69,8.69,8.69
31/05/2019,6.58,8.69,0.00 (0.00 %)," ",0,0,0,0,8.69,8.69,8.69
30/05/2019,6.58,8.69,0.00 (0.00 %)," ","2,520","22,000,000",0,0,8.69,8.69,8.36
29/05/2019,6.58,8.69,-0.10 (-1.14 %)," ",390,"3,000,000",0,0,8.79,8.79,8.35
28/05/2019,6.65,8.79,0.00 (0.00 %)," ",0,0,0,0,8.79,8.79,8.79
27/05/2019,6.65,8.79,0.00 (0.00 %)," ",0,0,0,0,8.79,8.79,8.79
24/05/2019,6.65,8.79,0.19 (2.21 %)," ",610,"5,000,000",0,0,8.50,8.79,8.50
23/05/2019,6.51,8.60,0.00 (0.00 %)," ","2,800","24,000,000",0,0,8.50,8.60,8.50
22/05/2019,6.51,8.60,0.00 (0.00 %)," ",700,"6,000,000",0,0,8.60,8.60,8.50
21/05/2019,6.51,8.60,0.00 (0.00 %)," ","6,050","52,000,000",0,0,8.60,8.60,8.60
20/05/2019,6.51,8.60,-0.19 (-2.16 %)," ","7,320","61,000,000",0,0,8.79,8.79,8.30
17/05/2019,6.65,8.79,0.00 (0.00 %)," ",580,"5,000,000",0,0,8.79,8.79,8.79
16/05/2019,6.65,8.79,0.00 (0.00 %)," ",700,"6,000,000",0,0,8.79,8.79,8.79
15/05/2019,6.65,8.79,0.00 (0.00 %)," ",500,"4,000,000",0,0,8.79,8.79,8.79
14/05/2019,6.65,8.79,0.00 (0.00 %)," ",0,0,0,0,8.79,8.79,8.79
13/05/2019,6.65,8.79,0.29 (3.41 %)," ","2,010","17,000,000",0,0,8.50,8.79,8.50
10/05/2019,6.43,8.50,-0.25 (-2.86 %)," ","1,180","10,000,000",0,0,8.50,8.75,8.50
09/05/2019,6.62,8.75,-0.05 (-0.57 %)," ","2,110","18,000,000",0,0,8.50,8.75,8.50
08/05/2019,6.66,8.80,0.10 (1.15 %)," ",260,"2,000,000",0,0,8.50,8.80,8.50
07/05/2019,6.59,8.70,0.00 (0.00 %)," ","2,110","18,000,000",0,0,8.60,8.70,8.40
06/05/2019,6.59,8.70,-0.10 (-1.14 %)," ","4,510","39,000,000",0,0,9.00,9.00,8.60
03/05/2019,6.66,8.80,0.10 (1.15 %)," ","1,360","12,000,000",0,0,8.80,8.80,8.70
02/05/2019,6.59,8.70,0.16 (1.87 %)," ",950,"8,000,000",0,0,8.80,8.80,8.70
26/04/2019,6.46,8.54,-0.26 (-2.95 %)," ","11,540","101,000,000",0,0,8.80,8.81,8.54
25/04/2019,6.66,8.80,0.00 (0.00 %)," ","1,040","9,000,000",0,0,8.89,8.90,8.80
24/04/2019,6.66,8.80,-0.10 (-1.12 %)," ","5,190","46,000,000",0,0,8.90,8.90,8.80
23/04/2019,6.74,8.90,0.00 (0.00 %)," ",610,"5,000,000",0,0,8.90,8.90,8.90
22/04/2019,6.74,8.90,0.00 (0.00 %)," ",0,0,0,0,8.90,8.90,8.90
19/04/2019,6.74,8.90,0.40 (4.71 %)," ",10,0,0,0,8.90,8.90,8.90
18/04/2019,6.43,8.50,-0.50 (-5.56 %)," ",380,"3,000,000",0,0,8.50,8.50,8.50
17/04/2019,6.81,9.00,0.00 (0.00 %)," ","1,040","9,000,000",0,0,9.00,9.00,8.99
16/04/2019,6.81,9.00,-0.10 (-1.10 %)," ",420,"4,000,000",0,0,8.54,9.10,8.54
12/04/2019,6.89,9.10,0.14 (1.56 %)," ",10,0,0,0,9.10,9.10,9.10
11/04/2019,6.78,8.96,-0.14 (-1.54 %)," ","3,120","28,000,000",0,0,9.20,9.30,8.96
10/04/2019,6.89,9.10,0.00 (0.00 %)," ",0,0,0,0,9.10,9.10,9.10
09/04/2019,6.89,9.10,-0.09 (-0.98 %)," ","2,100","19,000,000",0,0,9.19,9.19,9.00
08/04/2019,6.96,9.19,0.00 (0.00 %)," ",90,"1,000,000",0,0,9.00,9.19,9.00
05/04/2019,6.96,9.19,0.39 (4.43 %)," ",470,"4,000,000",0,0,9.00,9.19,8.90
04/04/2019,6.66,8.80,-0.20 (-2.22 %)," ","22,000","194,000,000",0,0,8.86,8.86,8.80
03/04/2019,6.81,9.00,-0.15 (-1.64 %)," ","6,170","55,000,000",0,0,9.15,9.15,8.80
02/04/2019,6.93,9.15,-0.05 (-0.54 %)," ","18,150","166,000,000",0,0,9.20,9.20,9.10
01/04/2019,6.96,9.20,-0.10 (-1.08 %)," ","17,000","156,000,000",0,0,9.21,9.21,9.20
29/03/2019,7.04,9.30,0.10 (1.09 %)," ","2,910","27,000,000",0,0,9.20,9.30,9.20
28/03/2019,6.96,9.20,-0.10 (-1.08 %)," ","6,090","56,000,000",0,0,9.20,9.20,9.20
27/03/2019,7.04,9.30,0.00 (0.00 %)," ",100,"1,000,000",0,0,9.30,9.30,9.30
26/03/2019,7.04,9.30,-0.05 (-0.53 %)," ",100,"1,000,000",0,0,9.30,9.30,9.30
25/03/2019,7.08,9.35,0.00 (0.00 %)," ",0,0,0,0,9.35,9.35,9.35
22/03/2019,7.08,9.35,0.05 (0.54 %)," ","3,000","28,000,000",0,0,9.35,9.35,9.35
21/03/2019,7.04,9.30,0.05 (0.54 %)," ","2,000","19,000,000",0,0,9.21,9.30,9.21
20/03/2019,7.00,9.25,-0.05 (-0.54 %)," ","1,200","11,000,000",0,0,9.30,9.30,9.25
19/03/2019,7.04,9.30,0.00 (0.00 %)," ","4,710","44,000,000",0,0,9.30,9.35,9.20
18/03/2019,7.04,9.30,-0.02 (-0.21 %)," ","6,510","61,000,000",0,0,9.30,9.35,9.30
15/03/2019,7.05,9.32,-0.03 (-0.32 %)," ",510,"5,000,000",0,0,9.35,9.35,9.32
14/03/2019,7.08,9.35,-0.05 (-0.53 %)," ","7,990","74,000,000",0,0,9.25,9.35,9.20
13/03/2019,7.12,9.40,0.00 (0.00 %)," ","5,260","49,000,000",0,0,9.40,9.50,9.25
12/03/2019,7.12,9.40,0.05 (0.53 %)," ",110,"1,000,000",0,0,9.25,9.40,9.25
11/03/2019,7.08,9.35,-0.05 (-0.53 %)," ","3,500","33,000,000",0,0,9.40,9.40,9.35
08/03/2019,7.12,9.40,0.00 (0.00 %)," ",200,"2,000,000",0,0,9.40,9.40,9.40
07/03/2019,7.12,9.40,0.00 (0.00 %)," ",10,0,0,0,9.40,9.40,9.40
06/03/2019,7.12,9.40,0.00 (0.00 %)," ","11,790","110,000,000",0,0,9.30,9.40,9.25
05/03/2019,7.12,9.40,0.08 (0.86 %)," ","1,200","11,000,000",0,0,9.30,9.40,9.30
04/03/2019,7.05,9.32,-0.18 (-1.89 %)," ","30,800","288,000,000",0,0,9.40,9.40,9.30
01/03/2019,7.19,9.50,0.10 (1.06 %)," ","2,580","25,000,000",0,0,9.50,9.50,9.50
28/02/2019,7.12,9.40,0.00 (0.00 %)," ",500,"5,000,000",0,0,9.40,9.40,9.40
27/02/2019,7.12,9.40,-0.10 (-1.05 %)," ",810,"8,000,000",0,0,9.40,9.40,9.40
26/02/2019,7.19,9.50,-0.05 (-0.52 %)," ","33,040","315,000,000",0,0,9.50,9.55,9.50
25/02/2019,7.23,9.55,0.15 (1.60 %)," ","7,090","66,000,000",0,0,9.40,9.60,9.30
22/02/2019,7.12,9.40,0.00 (0.00 %)," ",10,0,0,0,9.40,9.40,9.40
21/02/2019,7.12,9.40,0.10 (1.08 %)," ","3,810","36,000,000",0,0,9.40,9.40,9.30
20/02/2019,7.04,9.30,0.00 (0.00 %)," ","5,210","48,000,000",0,0,9.30,9.30,9.24
19/02/2019,7.04,9.30,0.00 (0.00 %)," ","2,840","26,000,000",0,0,9.30,9.30,9.30
18/02/2019,7.04,9.30,-0.50 (-5.10 %)," ","2,440","23,000,000",0,0,9.35,9.50,9.22
15/02/2019,7.42,9.80,0.25 (2.62 %)," ",900,"8,000,000",0,0,9.30,9.80,9.30
14/02/2019,7.23,9.55,-0.35 (-3.54 %)," ",90,"1,000,000",0,0,9.80,9.80,9.32
13/02/2019,7.49,9.90,0.40 (4.21 %)," ","1,240","12,000,000",0,0,9.50,9.90,9.50
12/02/2019,7.19,9.50,0.00 (0.00 %)," ","9,280","88,000,000",0,0,9.50,9.50,9.30
11/02/2019,7.19,9.50,-1.00 (-9.52 %)," ","8,830","85,000,000",0,0,9.90,9.90,9.50
01/02/2019,7.19,10.50,-0.20 (-1.87 %)," ","2,310","23,000,000",0,0,10.20,10.50,10.10
31/01/2019,7.33,10.70,0.70 (7.00 %)," ","4,520","46,000,000",0,0,10.10,10.70,10.00
30/01/2019,6.85,10.00,0.00 (0.00 %)," ","19,800","198,000,000",0,0,10.00,10.00,10.00
29/01/2019,6.85,10.00,-0.35 (-3.38 %)," ","4,900","49,000,000",0,0,10.35,10.35,10.00
28/01/2019,7.09,10.35,-0.05 (-0.48 %)," ",100,"1,000,000",0,0,10.35,10.35,10.35
25/01/2019,7.12,10.40,0.15 (1.46 %)," ","1,100","11,000,000",0,0,10.40,10.40,10.40
24/01/2019,7.02,10.25,-0.35 (-3.30 %)," ","18,500","194,000,000",0,0,10.50,10.60,10.10
23/01/2019,7.26,10.60,0.10 (0.95 %)," ","2,110","22,000,000",0,0,10.50,10.60,10.10
22/01/2019,7.19,10.50,0.00 (0.00 %)," ","2,780","29,000,000",0,0,10.50,10.50,10.30
21/01/2019,7.19,10.50,-0.10 (-0.94 %)," ",510,"5,000,000",0,0,9.90,10.50,9.90
18/01/2019,7.26,10.60,0.10 (0.95 %)," ","3,640","39,000,000",0,0,10.65,10.65,10.60
17/01/2019,7.19,10.50,0.20 (1.94 %)," ","2,100","22,000,000",0,0,10.30,10.50,10.30
16/01/2019,7.05,10.30,0.10 (0.98 %)," ",10,0,0,0,10.20,10.30,10.30
15/01/2019,6.99,10.20,0.30 (3.03 %)," ","1,720","17,000,000",0,0,9.90,10.20,9.90
14/01/2019,6.78,9.90,-0.20 (-1.98 %)," ","34,610","342,000,000",0,0,9.90,10.10,9.70
11/01/2019,6.92,10.10,0.29 (2.96 %)," ",10,0,0,0,10.10,10.10,10.10
10/01/2019,6.72,9.81,-0.29 (-2.87 %)," ","5,000","49,000,000",0,0,9.81,9.81,9.81
09/01/2019,6.92,10.10,-0.10 (-0.98 %)," ",30,0,0,0,9.61,10.10,9.61
08/01/2019,6.99,10.20,0.50 (5.15 %)," ",10,0,0,0,10.20,10.20,10.20
07/01/2019,6.64,9.70,-0.40 (-3.96 %)," ","4,000","39,000,000",0,0,9.65,9.71,9.65
04/01/2019,6.92,10.10,0.10 (1.00 %)," ","2,420","24,000,000",0,0,9.90,10.10,9.90
03/01/2019,6.85,10.00,0.00 (0.00 %)," ",0,0,0,0,10.00,10.00,10.00
02/01/2019,6.85,10.00,0.00 (0.00 %)," ",0,0,0,0,10.00,10.00,10.00
28/12/2018,6.85,10.00,0.17 (1.73 %)," ",10,0,0,0,10.00,10.00,10.00
27/12/2018,6.73,9.83,-0.42 (-4.10 %)," ",590,"6,000,000",0,0,10.20,10.20,9.83
26/12/2018,7.02,10.25,0.00 (0.00 %)," ",0,0,0,0,10.25,10.25,10.25
25/12/2018,7.02,10.25,0.00 (0.00 %)," ",0,0,0,0,10.25,10.25,10.25
24/12/2018,7.02,10.25,0.00 (0.00 %)," ",0,0,0,0,10.25,10.25,10.25
21/12/2018,7.02,10.25,0.00 (0.00 %)," ",0,0,0,0,10.25,10.25,10.25
20/12/2018,7.02,10.25,0.00 (0.00 %)," ",0,0,0,0,10.25,10.25,10.25
19/12/2018,7.02,10.25,0.00 (0.00 %)," ",0,0,0,0,10.25,10.25,10.25
18/12/2018,7.02,10.25,0.43 (4.38 %)," ","5,390","53,000,000",0,0,9.82,10.25,9.82
