29/04/2022,5.80,5.80,0.10 (1.75 %)," ","6,000","33,850,000",0,0,5.70,5.5,5.80,5.50
28/04/2022,5.70,5.70,0.00 (0.00 %)," ","2,500","14,390,000",0,0,5.70,5.70,5.80,5.70
27/04/2022,5.70,5.70,0.00 (0.00 %)," ","2,500","13,460,000",0,0,5.70,5.8,5.80,5.30
26/04/2022,5.70,5.70,0.40 (7.55 %)," ","2,100","11,790,000",0,0,5.30,5.70,5.70,5.50
25/04/2022,5.30,5.30,-0.50 (-8.62 %)," ","16,600","88,450,000",0,0,5.80,5.8,5.80,5.30
22/04/2022,5.80,5.80,0.40 (7.41 %)," ","7,805","42,779,500",0,0,5.40,5.40,5.90,5.40
21/04/2022,5.40,5.40,-0.50 (-8.47 %)," ","24,400","131,940,000",0,0,5.90,5.9,5.90,5.40
20/04/2022,5.90,5.90,0.30 (5.36 %)," ","3,600","20,590,000",0,0,5.60,5.30,5.90,5.30
19/04/2022,5.60,5.60,-0.60 (-9.68 %)," ","34,006","193,076,000",0,0,6.20,5.8,6.00,5.60
18/04/2022,6.20,6.20,-0.60 (-8.82 %)," ","47,843","297,286,600",0,0,6.80,6.60,6.80,6.20
14/04/2022,6.60,6.60,0.10 (1.54 %)," ","4,600","30,470,000",0,0,6.50,6.8,6.80,6.40
13/04/2022,6.50,6.50,-0.40 (-5.80 %)," ","8,200","54,110,000",0,0,6.90,6.60,6.90,6.50
12/04/2022,6.90,6.90,0.40 (6.15 %)," ","28,300","192,760,000",0,0,6.50,6.5,7.10,6.50
08/04/2022,6.50,6.50,-0.60 (-8.45 %)," ","27,900","186,130,000",0,0,7.10,7.10,7.10,6.50
07/04/2022,7.10,7.10,-0.20 (-2.74 %)," ","49,000","343,140,000",0,0,7.30,7.1,7.70,6.90
06/04/2022,7.30,7.30,0.00 (0.00 %)," ","33,900","243,100,000",0,0,7.30,7.10,7.70,7.10
05/04/2022,7.30,7.30,-0.80 (-9.88 %)," ","102,308","748,404,800",0,0,8.10,8.0,8.00,7.30
04/04/2022,8.10,8.10,0.00 (0.00 %)," ","15,838","127,547,800",0,0,8.10,7.50,8.50,7.50
01/04/2022,8.10,8.10,0.10 (1.25 %)," ","24,190","190,429,900",0,0,8.00,7.3,8.50,7.30
30/03/2022,8.30,8.30,-0.90 (-9.78 %)," ","104,966","874,582,600",0,0,9.20,8.3,8.80,8.30
29/03/2022,9.20,9.20,-1.00 (-9.80 %)," ","57,913","549,340,900",0,0,10.20,10.20,10.20,9.20
28/03/2022,10.20,10.20,0.80 (8.51 %)," ","197,864","1,976,466,500",0,0,9.40,10.3,10.30,8.60
25/03/2022,9.40,9.40,0.80 (9.30 %)," ","269,829","2,536,392,600",0,0,8.60,9.40,9.40,9.40
24/03/2022,8.60,8.60,0.70 (8.86 %)," ","79,040","679,744,000",0,0,7.90,8.6,8.60,8.60
23/03/2022,7.90,7.90,0.70 (9.72 %)," ","95,482","754,292,300",0,0,7.20,7.90,7.90,7.90
22/03/2022,7.20,7.20,0.60 (9.09 %)," ","102,900","705,260,000",0,0,6.60,6.6,7.20,6.60
21/03/2022,6.60,6.60,-0.10 (-1.49 %)," ","14,863","97,892,100",0,0,6.70,6.70,6.70,6.50
18/03/2022,6.70,6.70,0.10 (1.52 %)," ","9,000","59,350,000",0,0,6.60,6.6,6.70,6.50
17/03/2022,6.60,6.60,-0.20 (-2.94 %)," ","8,400","55,670,000",0,0,6.80,6.70,6.70,6.60
16/03/2022,6.80,6.80,0.50 (7.94 %)," ","22,064","140,837,600",0,0,6.30,6.3,6.80,6.30
15/03/2022,6.30,6.30,-0.30 (-4.55 %)," ","21,100","133,660,000",0,0,6.60,6.40,6.40,6.30
14/03/2022,6.60,6.60,-0.10 (-1.49 %)," ","5,200","33,920,000",0,0,6.70,6.6,6.70,6.40
11/03/2022,6.70,6.70,0.00 (0.00 %)," ","2,400","16,080,000",0,0,6.70,6.70,6.70,6.70
10/03/2022,6.70,6.70,0.00 (0.00 %)," ","13,500","90,580,000",0,0,6.70,6.7,6.80,6.70
09/03/2022,6.70,6.70,0.00 (0.00 %)," ","33,200","216,710,000",0,0,6.70,6.60,6.70,6.30
08/03/2022,6.70,6.70,-0.20 (-2.90 %)," ","18,400","122,310,000",0,0,6.90,6.5,6.70,6.50
07/03/2022,6.90,6.90,0.10 (1.47 %)," ","4,022","27,489,600",0,0,6.80,6.90,6.90,6.80
04/03/2022,6.80,6.80,0.50 (7.94 %)," ","1,000","6,760,000",0,0,6.30,6.6,6.80,6.60
02/03/2022,6.30,6.30,-0.20 (-3.08 %)," ","12,100","77,230,000",0,0,6.50,6.4,6.40,6.30
01/03/2022,6.50,6.50,0.10 (1.56 %)," ",600,"3,900,000",0,0,6.40,6.50,6.50,6.50
28/02/2022,6.40,6.40,-0.30 (-4.48 %)," ","1,122","6,995,200",0,0,6.70,6.3,6.40,6.20
25/02/2022,6.70,6.70,0.10 (1.52 %)," ",200,"1,330,000",0,0,6.60,6.60,6.70,6.60
24/02/2022,6.60,6.60,-0.10 (-1.49 %)," ","14,000","92,510,000",0,0,6.70,6.9,6.90,6.60
23/02/2022,6.70,6.70,0.10 (1.52 %)," ","1,900","13,130,000",0,0,6.60,7.00,7.00,6.70
22/02/2022,6.60,6.60,-0.10 (-1.49 %)," ","6,200","41,230,000",0,0,6.70,6.7,6.70,6.60
21/02/2022,6.70,6.70,0.00 (0.00 %)," ","11,924","78,798,400",0,0,6.70,6.60,6.70,6.60
18/02/2022,6.70,6.70,0.10 (1.52 %)," ","7,900","52,930,000",0,0,6.60,6.7,6.70,6.70
17/02/2022,6.60,6.60,0.10 (1.54 %)," ","1,710","11,296,000",0,0,6.50,6.50,6.80,6.50
16/02/2022,6.50,6.50,0.00 (0.00 %)," ","4,243","27,585,200",0,0,6.50,6.5,6.60,6.50
15/02/2022,6.50,6.50,0.00 (0.00 %)," ",335,"2,207,500",0,0,6.50,6.70,6.70,6.50
14/02/2022,6.50,6.50,-0.30 (-4.41 %)," ","1,000","6,520,000",0,0,6.80,6.5,6.70,6.50
11/02/2022,6.80,6.80,-0.10 (-1.45 %)," ","5,554","36,163,400",0,0,6.90,6.50,6.80,6.50
10/02/2022,6.90,6.90,0.50 (7.81 %)," ",937,"6,468,400",0,0,6.40,6.9,6.90,6.90
09/02/2022,6.40,6.40,-0.20 (-3.03 %)," ","17,744","113,670,400",0,0,6.60,6.40,6.90,6.40
08/02/2022,6.60,6.60,-0.40 (-5.71 %)," ",200,"1,360,000",0,0,7.00,7.0,7.00,6.60
07/02/2022,7.00,7.00,0.00 (0.00 %)," ",500,"3,500,000",0,0,7.00,7.00,7.00,7.00
28/01/2022,7.00,7.00,0.30 (4.48 %)," ",735,"5,155,500",0,0,6.70,7.0,7.00,7.00
26/01/2022,6.10,6.10,-0.30 (-4.69 %)," ","1,400","8,600,000",0,0,6.40,6.4,6.40,6.10
25/01/2022,6.40,6.40,-0.30 (-4.48 %)," ","1,144","7,351,600",0,0,6.70,6.50,6.50,6.40
24/01/2022,6.70,6.70,-0.40 (-5.63 %)," ",400,"2,740,000",0,0,7.10,7.0,7.00,6.70
21/01/2022,7.10,7.10,0.40 (5.97 %)," ","6,913","48,156,000",0,0,6.70,6.70,7.10,6.70
20/01/2022,6.70,6.70,0.60 (9.84 %)," ","1,400","9,160,000",0,0,6.10,6.1,6.70,6.10
19/01/2022,6.10,6.10,-0.30 (-4.69 %)," ",600,"3,630,000",0,0,6.40,5.90,6.20,5.90
18/01/2022,6.40,6.40,-0.60 (-8.57 %)," ","2,100","13,500,000",0,0,7.00,6.4,6.50,6.40
17/01/2022,7.00,7.00,0.00 (0.00 %)," ","1,000","7,000,000",0,0,7.00,7.00,7.00,7.00
14/01/2022,7.00,7.00,-0.50 (-6.67 %)," ","2,800","19,570,000",0,0,7.50,7.0,7.00,6.80
13/01/2022,7.50,7.50,-0.20 (-2.60 %)," ","16,000","120,160,000",0,0,7.70,7.70,7.70,7.40
12/01/2022,7.70,7.70,-0.30 (-3.75 %)," ","9,540","73,145,200",0,0,8.00,7.7,7.70,7.60
11/01/2022,8.00,8.00,-0.10 (-1.23 %)," ","57,640","469,554,000",0,0,8.10,8.20,8.50,8.00
10/01/2022,8.10,8.10,0.60 (8.00 %)," ","27,726","217,453,200",0,0,7.50,7.4,8.20,7.40
07/01/2022,7.50,7.50,0.00 (0.00 %)," ","5,000","37,500,000",0,0,7.50,7.50,7.50,7.50
06/01/2022,7.50,7.50,-0.10 (-1.32 %)," ","9,100","68,980,000",0,0,7.60,7.6,7.60,7.50
05/01/2022,7.60,7.60,0.00 (0.00 %)," ","9,426","71,311,000",0,0,7.60,7.60,7.60,7.30
04/01/2022,7.60,7.60,-0.30 (-3.80 %)," ","2,800","21,300,000",0,0,7.90,7.9,7.90,7.50
31/12/2021,7.90,7.90,0.40 (5.33 %)," ","1,100","7,990,000",0,0,7.50,7.20,7.90,7.20
30/12/2021,7.50,7.50,-0.40 (-5.06 %)," ","13,800","101,950,000",0,0,7.90,8.5,8.50,7.20
28/12/2021,7.40,7.40,-0.60 (-7.50 %)," ",400,"2,920,000",0,0,8.00,7.2,7.40,7.20
27/12/2021,8.00,8.00,0.00 (0.00 %)," ",0,0,0,0,8.00,8.00,8.00,8.00
24/12/2021,8.00,8.00,0.00 (0.00 %)," ","5,800","46,600,000",0,0,8.00,8.0,8.10,8.00
23/12/2021,8.00,8.00,0.00 (0.00 %)," ","17,400","138,800,000",0,0,8.00,8.00,8.00,7.90
22/12/2021,8.00,8.00,0.00 (0.00 %)," ","8,900","71,200,000",0,0,8.00,8.0,8.00,8.00
21/12/2021,8.00,8.00,0.00 (0.00 %)," ","7,200","56,160,000",0,0,8.00,7.50,8.00,7.50
20/12/2021,8.00,8.00,-0.10 (-1.23 %)," ","2,600","20,960,000",0,0,8.10,8.1,8.10,8.00
17/12/2021,8.10,8.10,0.70 (9.46 %)," ","25,300","198,860,000",0,0,7.40,7.40,8.10,7.40
16/12/2021,7.40,7.40,-0.30 (-3.90 %)," ","14,400","104,600,000",0,0,7.70,7.7,7.70,7.10
15/12/2021,7.70,7.70,-0.20 (-2.53 %)," ","3,300","25,450,000",0,0,7.90,7.90,7.90,7.70
14/12/2021,7.90,7.90,-0.10 (-1.25 %)," ","3,600","28,730,000",0,0,8.00,8.0,8.00,7.90
13/12/2021,8.00,8.00,-0.20 (-2.44 %)," ","6,800","52,080,000",0,0,8.20,7.50,8.20,7.40
10/12/2021,8.20,8.20,-0.10 (-1.20 %)," ","2,612","20,470,000",0,0,8.30,7.5,8.20,7.50
09/12/2021,8.30,8.30,-0.10 (-1.19 %)," ","6,900","53,460,000",0,0,8.40,8.30,8.30,7.60
08/12/2021,8.40,8.40,0.20 (2.44 %)," ","4,100","32,370,000",0,0,8.20,7.4,8.40,7.40
07/12/2021,8.20,8.20,-0.90 (-9.89 %)," ","7,300","60,700,000",0,0,9.10,8.80,9.10,8.20
06/12/2021,9.10,9.10,-0.10 (-1.09 %)," ","25,186","227,973,800",0,0,9.20,9.2,9.20,8.30
03/12/2021,9.20,9.20,-0.20 (-2.13 %)," ","77,300","716,230,000",0,0,9.40,9.40,10.10,9.00
02/12/2021,9.40,9.40,0.80 (9.30 %)," ","28,706","261,985,200",0,0,8.60,9.3,9.40,8.70
30/11/2021,7.90,7.90,0.00 (0.00 %)," ","16,800","132,550,000",0,0,7.90,7.8,7.90,7.80
29/11/2021,7.90,7.90,0.00 (0.00 %)," ","15,400","121,460,000",0,0,7.90,7.80,8.00,7.50
26/11/2021,7.90,7.90,0.20 (2.60 %)," ","27,000","201,750,000",0,0,7.70,7.7,7.90,7.00
25/11/2021,7.70,7.70,-0.30 (-3.75 %)," ","1,000","7,660,000",0,0,8.00,7.90,7.90,7.50
24/11/2021,8.00,8.00,0.20 (2.56 %)," ","5,202","41,105,600",0,0,7.80,7.8,8.00,7.80
23/11/2021,7.80,7.80,-0.50 (-6.02 %)," ","1,600","12,210,000",0,0,8.30,7.50,7.80,7.50
22/11/2021,8.30,8.30,-0.10 (-1.19 %)," ","16,800","129,640,000",0,0,8.40,7.7,8.30,7.60
19/11/2021,8.40,8.40,-0.40 (-4.55 %)," ","20,018","174,674,000",0,0,8.80,9.00,9.10,8.20
18/11/2021,8.80,8.80,0.80 (10.00 %)," ","80,100","654,410,000",0,0,8.00,8.0,8.80,7.20
17/11/2021,8.00,8.00,-0.20 (-2.44 %)," ","32,900","252,380,000",0,0,8.20,7.50,8.00,7.40
16/11/2021,8.20,8.20,-0.20 (-2.38 %)," ","22,500","175,130,000",0,0,8.40,8.4,8.40,7.60
15/11/2021,8.40,8.40,0.70 (9.09 %)," ","28,060","227,300,900",0,0,7.70,7.20,8.40,7.20
12/11/2021,7.70,7.70,0.50 (6.94 %)," ","27,256","194,213,200",0,0,7.20,7.0,7.70,6.70
11/11/2021,7.20,7.20,0.20 (2.86 %)," ","28,428","198,573,200",0,0,7.00,6.90,7.20,6.80
10/11/2021,7.00,7.00,0.00 (0.00 %)," ","29,700","202,750,000",0,0,7.00,7.1,7.20,6.70
09/11/2021,7.00,7.00,-0.10 (-1.41 %)," ",800,"5,590,000",0,0,7.10,6.80,7.10,6.80
08/11/2021,7.10,7.10,0.30 (4.41 %)," ","19,010","127,154,000",0,0,6.80,6.5,7.10,6.50
05/11/2021,6.80,6.80,-0.20 (-2.86 %)," ","42,646","287,788,100",0,0,7.00,6.80,6.90,6.70
04/11/2021,7.00,7.00,-0.40 (-5.41 %)," ","26,850","200,673,000",0,0,7.40,7.4,8.00,7.00
02/11/2021,6.80,6.80,0.60 (9.68 %)," ","78,171","522,016,100",0,0,6.20,6.2,6.80,6.20
01/11/2021,6.20,6.20,0.10 (1.64 %)," ","5,050","30,810,000",0,0,6.10,6.10,6.20,6.10
29/10/2021,6.10,6.10,-0.10 (-1.61 %)," ","7,400","45,180,000",0,0,6.20,6.2,6.20,6.10
28/10/2021,6.20,6.20,0.10 (1.64 %)," ","12,200","74,540,000",0,0,6.10,6.10,6.20,6.10
27/10/2021,6.10,6.10,0.10 (1.67 %)," ","12,382","74,137,800",0,0,6.00,5.7,6.10,5.70
26/10/2021,6.00,6.00,0.00 (0.00 %)," ",0,0,0,0,6.00,6.00,6.00,6.00
25/10/2021,6.00,6.00,0.00 (0.00 %)," ",0,0,0,0,6.00,6.0,6.00,6.00
22/10/2021,6.00,6.00,0.00 (0.00 %)," ",0,0,0,0,6.00,6.00,6.00,6.00
21/10/2021,6.00,6.00,0.00 (0.00 %)," ",0,0,0,0,6.00,6.0,6.00,6.00
20/10/2021,6.00,6.00,0.00 (0.00 %)," ",300,"1,710,000",0,0,6.00,5.40,6.00,5.40
19/10/2021,6.00,6.00,0.00 (0.00 %)," ",800,"4,580,000",0,0,6.00,5.9,6.00,5.50
18/10/2021,6.00,6.00,0.10 (1.69 %)," ",200,"1,200,000",0,0,5.90,6.00,6.00,6.00
15/10/2021,5.90,5.90,0.00 (0.00 %)," ","6,800","39,050,000",0,0,5.90,5.8,5.90,5.70
14/10/2021,5.90,5.90,0.00 (0.00 %)," ","1,047","6,052,600",0,0,5.90,5.50,5.90,5.50
13/10/2021,5.90,5.90,0.00 (0.00 %)," ","3,600","20,710,000",0,0,5.90,6.0,6.00,5.70
12/10/2021,5.90,5.90,0.20 (3.51 %)," ","2,600","15,030,000",0,0,5.70,5.70,6.00,5.50
11/10/2021,5.70,5.70,-0.10 (-1.72 %)," ","5,100","28,100,000",0,0,5.80,5.7,5.70,5.40
08/10/2021,5.80,5.80,-0.20 (-3.33 %)," ","5,000","28,430,000",0,0,6.00,5.80,6.00,5.50
07/10/2021,6.00,6.00,0.20 (3.45 %)," ",500,"2,930,000",0,0,5.80,5.7,6.00,5.70
05/10/2021,5.80,5.80,-0.10 (-1.69 %)," ",800,"4,640,000",0,0,5.90,5.8,5.80,5.80
04/10/2021,5.90,5.90,0.00 (0.00 %)," ",200,"1,140,000",61,"329,400",5.90,5.50,5.90,5.50
01/10/2021,5.90,5.90,-0.20 (-3.28 %)," ","1,100","6,530,000",0,0,6.10,5.5,6.00,5.50
30/09/2021,6.10,6.10,0.00 (0.00 %)," ","1,500","8,720,000",0,0,6.10,5.50,6.10,5.50
29/09/2021,6.10,6.10,0.00 (0.00 %)," ","1,278","7,239,000",0,0,6.10,5.6,6.10,5.60
28/09/2021,6.10,6.10,0.00 (0.00 %)," ","2,400","13,420,000",0,0,6.10,5.60,6.10,5.50
27/09/2021,6.10,6.10,-0.20 (-3.17 %)," ","5,102","29,621,400",0,0,6.30,5.8,6.10,5.80
24/09/2021,6.30,6.30,0.00 (0.00 %)," ","1,300","8,030,000",0,0,6.30,6.30,6.30,5.70
23/09/2021,6.30,6.30,0.20 (3.28 %)," ","5,039","31,462,900",0,0,6.10,6.2,6.30,6.20
22/09/2021,6.10,6.10,0.50 (8.93 %)," ","35,440","212,494,000",0,0,5.60,5.70,6.10,5.70
21/09/2021,5.60,5.60,-0.20 (-3.45 %)," ","5,200","29,690,000",0,0,5.80,5.8,5.80,5.60
20/09/2021,5.80,5.80,0.00 (0.00 %)," ","1,100","6,240,000",0,0,5.80,5.60,5.80,5.60
17/09/2021,5.80,5.80,0.10 (1.75 %)," ","9,110","51,346,000",0,0,5.70,5.7,5.80,5.50
16/09/2021,5.70,5.70,0.20 (3.64 %)," ","4,224","23,327,800",0,0,5.50,5.50,5.70,5.50
15/09/2021,5.50,5.50,-0.10 (-1.79 %)," ","26,240","142,092,000",0,0,5.60,5.6,5.60,5.30
14/09/2021,5.60,5.60,0.20 (3.70 %)," ","9,661","52,309,400",0,0,5.40,5.20,5.70,5.20
13/09/2021,5.40,5.40,0.00 (0.00 %)," ","4,200","21,080,000",0,0,5.40,5.0,5.40,5.00
10/09/2021,5.40,5.40,0.00 (0.00 %)," ","13,810","69,022,000",0,0,5.40,4.90,5.40,4.90
09/09/2021,5.40,5.40,0.00 (0.00 %)," ",300,"1,570,000",0,0,5.40,5.0,5.40,5.00
07/09/2021,5.40,5.40,0.00 (0.00 %)," ",0,0,0,0,5.40,5.4,5.40,5.40
06/09/2021,5.40,5.40,0.00 (0.00 %)," ",0,0,0,0,5.40,5.40,5.40,5.40
01/09/2021,5.40,5.40,0.00 (0.00 %)," ",0,0,0,0,5.40,5.4,5.40,5.40
31/08/2021,5.40,5.40,0.00 (0.00 %)," ",4,"19,600",0,0,5.40,5.40,5.40,5.40
30/08/2021,5.40,5.40,0.00 (0.00 %)," ",217,"1,155,000",0,0,5.40,5.3,5.40,5.30
27/08/2021,5.40,5.40,0.00 (0.00 %)," ",20,"98,000",0,0,5.40,5.40,5.40,5.40
26/08/2021,5.40,5.40,0.00 (0.00 %)," ",26,"127,400",0,0,5.40,5.4,5.40,5.40
25/08/2021,5.40,5.40,0.00 (0.00 %)," ","6,200","30,510,000",0,0,5.40,4.90,5.40,4.90
24/08/2021,5.40,5.40,0.00 (0.00 %)," ",0,0,0,0,5.40,5.4,5.40,5.40
23/08/2021,5.40,5.40,0.00 (0.00 %)," ",0,0,0,0,5.40,5.40,5.40,5.40
20/08/2021,5.40,5.40,0.00 (0.00 %)," ","9,300","47,720,000",0,0,5.40,4.9,5.40,4.90
19/08/2021,5.40,5.40,0.00 (0.00 %)," ",0,0,0,0,5.40,5.40,5.40,5.40
18/08/2021,5.40,5.40,0.00 (0.00 %)," ",101,"544,900",0,0,5.40,5.4,5.40,5.40
17/08/2021,5.40,5.40,0.00 (0.00 %)," ",1,"4,900",0,0,5.40,5.40,5.40,5.40
16/08/2021,5.40,5.40,0.00 (0.00 %)," ",1,"4,900",0,0,5.40,5.4,5.40,5.40
13/08/2021,5.40,5.40,0.00 (0.00 %)," ",17,"90,100",0,0,5.40,5.40,5.40,5.40
12/08/2021,5.40,5.40,0.00 (0.00 %)," ",20,"106,000",0,0,5.40,5.4,5.40,5.40
11/08/2021,5.40,5.40,0.00 (0.00 %)," ","2,813","13,923,700",0,0,5.40,4.90,5.40,4.90
10/08/2021,5.40,5.40,0.00 (0.00 %)," ",0,0,0,0,5.40,5.4,5.40,5.40
06/08/2021,5.40,5.40,0.00 (0.00 %)," ","1,200","6,120,000",0,0,5.40,5.0,5.40,5.00
05/08/2021,5.40,5.40,0.00 (0.00 %)," ",400,"2,070,000",0,0,5.40,5.40,5.40,4.90
04/08/2021,5.40,5.40,0.00 (0.00 %)," ","6,829","33,512,100",0,0,5.40,4.9,5.40,4.90
03/08/2021,5.40,5.40,0.20 (3.85 %)," ",100,"540,000",0,0,5.20,5.40,5.40,5.40
02/08/2021,5.20,5.20,0.00 (0.00 %)," ",0,0,0,0,5.20,5.2,5.20,5.20
30/07/2021,5.20,5.20,0.00 (0.00 %)," ",0,0,0,0,5.20,5.20,5.20,5.20
29/07/2021,5.20,5.20,0.00 (0.00 %)," ",0,0,0,0,5.20,5.2,5.20,5.20
28/07/2021,5.20,5.20,0.00 (0.00 %)," ",0,0,0,0,5.20,5.20,5.20,5.20
27/07/2021,5.20,5.20,0.00 (0.00 %)," ",0,0,0,0,5.20,5.2,5.20,5.20
26/07/2021,5.20,5.20,0.00 (0.00 %)," ",0,0,0,0,5.20,5.20,5.20,5.20
23/07/2021,5.20,5.20,0.00 (0.00 %)," ",0,0,0,0,5.20,5.2,5.20,5.20
22/07/2021,5.20,5.20,0.20 (4.00 %)," ",100,"520,000",0,0,5.00,5.20,5.20,5.20
21/07/2021,5.00,5.00,0.00 (0.00 %)," ",0,0,0,0,5.00,5.0,5.00,5.00
20/07/2021,5.00,5.00,0.00 (0.00 %)," ",0,0,0,0,5.00,5.00,5.00,5.00
19/07/2021,5.00,5.00,0.00 (0.00 %)," ",0,0,0,0,5.00,5.0,5.00,5.00
16/07/2021,5.00,5.00,0.10 (2.04 %)," ",136,"665,600",0,0,4.90,5.00,5.00,5.00
15/07/2021,4.90,4.90,-0.50 (-9.26 %)," ","19,800","97,660,000",0,0,5.40,4.9,5.40,4.90
14/07/2021,5.40,5.40,0.00 (0.00 %)," ","22,600","111,330,000",0,0,5.40,5.00,5.40,4.90
13/07/2021,5.40,5.40,0.00 (0.00 %)," ","32,300","159,370,000",0,0,5.40,5.0,5.40,4.90
09/07/2021,6.00,6.00,0.00 (0.00 %)," ",0,0,0,0,6.00,6.0,6.00,6.00
08/07/2021,6.00,6.00,0.00 (0.00 %)," ","3,100","17,600,000",0,0,6.00,5.50,6.00,5.50
07/07/2021,6.00,6.00,0.00 (0.00 %)," ","5,700","31,450,000",0,0,6.00,5.5,6.00,5.50
06/07/2021,6.00,6.00,0.00 (0.00 %)," ",200,"1,190,000",0,0,6.00,5.90,6.00,5.90
05/07/2021,6.00,6.00,0.00 (0.00 %)," ",0,0,0,0,6.00,6.0,6.00,6.00
02/07/2021,6.00,6.00,-0.30 (-4.76 %)," ",100,"600,000",0,0,6.30,6.00,6.00,6.00
01/07/2021,6.30,6.30,0.00 (0.00 %)," ",0,0,0,0,6.30,6.3,6.30,6.30
30/06/2021,6.30,6.30,0.00 (0.00 %)," ",0,0,0,0,6.30,6.30,6.30,6.30
29/06/2021,6.30,6.30,0.20 (3.28 %)," ","22,576","125,221,800",0,0,6.10,5.7,6.30,5.50
28/06/2021,6.10,6.30,0.00 (0.00 %)," ",154,"954,000",0,0,6.30,6.30,6.30,6.30
25/06/2021,6.10,6.30,0.00 (0.00 %)," ",500,"3,150,000",0,0,6.30,6.3,6.30,6.30
24/06/2021,6.10,6.30,0.00 (0.00 %)," ","1,700","10,390,000",0,0,6.30,6.10,6.30,6.10
23/06/2021,6.10,6.30,0.10 (1.61 %)," ","1,310","8,102,000",0,0,6.20,6.1,6.30,6.00
22/06/2021,6.00,6.20,-0.10 (-1.59 %)," ","2,000","12,580,000",0,0,6.30,6.30,6.30,6.20
21/06/2021,6.10,6.30,0.00 (0.00 %)," ","3,722","22,937,600",0,0,6.30,6.3,6.30,6.10
18/06/2021,6.10,6.30,0.00 (0.00 %)," ","2,100","13,030,000",0,0,6.30,6.20,6.30,6.20
17/06/2021,6.10,6.30,0.00 (0.00 %)," ",650,"4,065,800",0,0,6.30,6.3,6.30,6.30
16/06/2021,6.10,6.30,0.00 (0.00 %)," ",0,0,0,0,6.30,6.30,6.30,6.30
15/06/2021,6.10,6.30,0.00 (0.00 %)," ",0,0,0,0,6.30,6.3,6.30,6.30
11/06/2021,6.10,6.30,0.00 (0.00 %)," ",0,0,0,0,6.30,6.3,6.30,6.30
10/06/2021,6.10,6.30,0.00 (0.00 %)," ","5,600","33,500,000",0,0,6.30,5.90,6.30,5.70
09/06/2021,6.10,6.30,0.00 (0.00 %)," ",0,0,0,0,6.30,6.3,6.30,6.30
08/06/2021,6.10,6.30,0.00 (0.00 %)," ",0,0,0,0,6.30,6.30,6.30,6.30
07/06/2021,6.10,6.30,0.00 (0.00 %)," ","23,992","137,514,400",0,0,6.30,5.9,6.30,5.70
04/06/2021,6.10,6.30,0.00 (0.00 %)," ",800,"5,040,000",0,0,6.30,6.30,6.30,6.30
03/06/2021,6.10,6.30,0.40 (6.78 %)," ",150,"925,000",0,0,5.90,6.3,6.30,6.30
02/06/2021,5.71,5.90,-0.40 (-6.35 %)," ",200,"1,180,000",0,0,6.30,5.90,5.90,5.90
01/06/2021,6.10,6.30,-0.10 (-1.56 %)," ","1,200","7,500,000",0,0,6.40,6.0,6.30,6.00
31/05/2021,6.20,6.40,-0.10 (-1.54 %)," ","5,210","32,345,000",0,0,6.50,6.20,6.40,6.20
28/05/2021,6.29,6.50,-0.10 (-1.52 %)," ",600,"3,740,000",0,0,6.60,6.1,6.50,6.10
27/05/2021,6.39,6.60,0.00 (0.00 %)," ",0,0,0,0,6.60,6.60,6.60,6.60
26/05/2021,6.39,6.60,0.00 (0.00 %)," ",200,"1,290,000",0,0,6.60,6.3,6.60,6.30
25/05/2021,6.39,6.60,0.00 (0.00 %)," ",0,0,0,0,6.60,6.60,6.60,6.60
24/05/2021,6.39,6.60,0.00 (0.00 %)," ",60,"366,000",0,0,6.60,6.6,6.60,6.60
21/05/2021,6.39,6.60,0.00 (0.00 %)," ",0,0,0,0,6.60,6.60,6.60,6.60
20/05/2021,6.39,6.60,-0.10 (-1.49 %)," ",285,"1,841,000",0,0,6.70,6.2,6.60,6.20
19/05/2021,6.49,6.70,0.00 (0.00 %)," ",0,0,0,0,6.70,6.70,6.70,6.70
18/05/2021,6.49,6.70,0.00 (0.00 %)," ",0,0,0,0,6.70,6.7,6.70,6.70
14/05/2021,6.49,6.70,0.00 (0.00 %)," ",0,0,0,0,6.70,6.7,6.70,6.70
13/05/2021,6.49,6.70,0.00 (0.00 %)," ","2,400","15,620,000",0,0,6.70,6.50,6.70,6.50
12/05/2021,6.49,6.70,0.00 (0.00 %)," ",56,"347,200",0,0,6.70,6.7,6.70,6.70
11/05/2021,6.49,6.70,0.00 (0.00 %)," ",0,0,0,0,6.70,6.70,6.70,6.70
10/05/2021,6.49,6.70,0.00 (0.00 %)," ","6,000","38,420,000",0,0,6.70,6.4,6.70,6.30
07/05/2021,6.49,6.70,0.00 (0.00 %)," ","1,600","10,120,000",0,0,6.70,6.30,6.70,6.30
06/05/2021,6.49,6.70,0.00 (0.00 %)," ",0,0,0,0,6.70,6.7,6.70,6.70
05/05/2021,6.49,6.70,0.00 (0.00 %)," ",0,0,0,0,6.70,6.70,6.70,6.70
04/05/2021,6.49,6.70,-0.10 (-1.47 %)," ",500,"3,350,000",0,0,6.80,6.7,6.70,6.70
29/04/2021,6.58,6.80,0.10 (1.49 %)," ","1,500","9,520,000",0,0,6.70,6.30,6.80,6.30
28/04/2021,6.49,6.70,0.00 (0.00 %)," ","1,500","10,050,000",0,0,6.70,6.7,6.70,6.70
27/04/2021,6.49,6.70,-0.20 (-2.90 %)," ","6,400","41,890,000",0,0,6.90,6.40,6.70,6.40
26/04/2021,6.68,6.90,0.20 (2.99 %)," ",100,"690,000",0,0,6.70,6.9,6.90,6.90
23/04/2021,6.49,6.70,0.00 (0.00 %)," ",0,0,0,0,6.70,6.70,6.70,6.70
22/04/2021,6.49,6.70,-0.70 (-9.46 %)," ","3,600","24,120,000",0,0,7.40,6.7,6.70,6.70
20/04/2021,7.17,7.40,0.60 (8.82 %)," ","3,800","24,420,000",0,0,6.80,6.40,7.40,6.40
19/04/2021,6.58,6.80,-0.20 (-2.86 %)," ","3,500","22,300,000",0,0,7.00,6.4,6.80,6.30
16/04/2021,6.78,7.00,-0.50 (-6.67 %)," ","1,900","13,020,000",0,0,7.50,6.80,7.00,6.80
15/04/2021,7.26,7.50,0.00 (0.00 %)," ",0,0,0,0,7.50,7.5,7.50,7.50
13/04/2021,7.26,7.50,0.00 (0.00 %)," ",0,0,0,0,7.50,7.5,7.50,7.50
12/04/2021,7.26,7.50,0.00 (0.00 %)," ",0,0,0,0,7.50,7.50,7.50,7.50
09/04/2021,7.26,7.50,-0.60 (-7.41 %)," ","4,500","33,070,000",0,0,8.10,7.3,7.50,7.30
08/04/2021,7.84,8.10,0.00 (0.00 %)," ",0,0,0,0,8.10,8.10,8.10,8.10
07/04/2021,7.84,8.10,0.00 (0.00 %)," ",0,0,0,0,8.10,8.1,8.10,8.10
06/04/2021,7.84,8.10,0.00 (0.00 %)," ",0,0,0,0,8.10,8.10,8.10,8.10
05/04/2021,7.84,8.10,0.00 (0.00 %)," ",0,0,0,0,8.10,8.1,8.10,8.10
02/04/2021,7.84,8.10,0.00 (0.00 %)," ",0,0,70,"511,000",8.10,8.10,8.10,8.10
01/04/2021,7.84,8.10,-0.90 (-10.00 %)," ",500,"4,050,000",0,0,9.00,8.1,8.10,8.10
31/03/2021,8.71,9.00,0.00 (0.00 %)," ",0,0,0,0,9.00,9.00,9.00,9.00
30/03/2021,8.71,9.00,0.00 (0.00 %)," ",0,0,0,0,9.00,9.0,9.00,9.00
29/03/2021,8.71,9.00,0.00 (0.00 %)," ",0,0,0,0,9.00,9.00,9.00,9.00
26/03/2021,8.71,9.00,0.00 (0.00 %)," ",0,0,0,0,9.00,9.0,9.00,9.00
25/03/2021,8.71,9.00,0.00 (0.00 %)," ",0,0,0,0,9.00,9.00,9.00,9.00
24/03/2021,8.71,9.00,0.00 (0.00 %)," ",10,"90,000",0,0,9.00,9.0,9.00,9.00
23/03/2021,8.71,9.00,0.00 (0.00 %)," ",0,0,0,0,9.00,9.00,9.00,9.00
22/03/2021,8.71,9.00,0.00 (0.00 %)," ",0,0,0,0,9.00,9.0,9.00,9.00
19/03/2021,8.71,9.00,0.00 (0.00 %)," ",0,0,0,0,9.00,9.00,9.00,9.00
18/03/2021,8.71,9.00,-0.90 (-9.09 %)," ",100,"900,000",0,0,9.90,9.0,9.00,9.00
16/03/2021,9.59,9.90,0.00 (0.00 %)," ",0,0,67,"663,300",9.90,9.9,9.90,9.90
15/03/2021,9.59,9.90,0.00 (0.00 %)," ",0,0,89,"881,100",9.90,9.90,9.90,9.90
12/03/2021,9.59,9.90,0.00 (0.00 %)," ",0,0,0,0,9.90,9.9,9.90,9.90
11/03/2021,9.59,9.90,0.00 (0.00 %)," ",0,0,0,0,9.90,9.90,9.90,9.90
10/03/2021,9.59,9.90,0.00 (0.00 %)," ",0,0,0,0,9.90,9.9,9.90,9.90
09/03/2021,9.59,9.90,0.00 (0.00 %)," ",0,0,0,0,9.90,9.90,9.90,9.90
08/03/2021,9.59,9.90,0.00 (0.00 %)," ",0,0,0,0,9.90,9.9,9.90,9.90
05/03/2021,9.59,9.90,0.00 (0.00 %)," ",0,0,0,0,9.90,9.90,9.90,9.90
04/03/2021,9.59,9.90,0.00 (0.00 %)," ",0,0,0,0,9.90,9.9,9.90,9.90
03/03/2021,9.59,9.90,0.00 (0.00 %)," ",0,0,0,0,9.90,9.90,9.90,9.90
02/03/2021,9.59,9.90,0.00 (0.00 %)," ",0,0,0,0,9.90,9.9,9.90,9.90
01/03/2021,9.59,9.90,0.00 (0.00 %)," ",0,0,0,0,9.90,9.90,9.90,9.90
26/02/2021,9.59,9.90,0.00 (0.00 %)," ",0,0,0,0,9.90,9.9,9.90,9.90
25/02/2021,9.59,9.90,0.00 (0.00 %)," ",0,0,0,0,9.90,9.90,9.90,9.90
24/02/2021,9.59,9.90,0.00 (0.00 %)," ",0,0,0,0,9.90,9.9,9.90,9.90
23/02/2021,9.59,9.90,0.00 (0.00 %)," ",0,0,0,0,9.90,9.90,9.90,9.90
22/02/2021,9.59,9.90,0.00 (0.00 %)," ",0,0,0,0,9.90,9.9,9.90,9.90
19/02/2021,9.59,9.90,0.00 (0.00 %)," ",0,0,0,0,9.90,9.90,9.90,9.90
18/02/2021,9.59,9.90,0.00 (0.00 %)," ",0,0,0,0,9.90,9.9,9.90,9.90
09/02/2021,9.59,9.90,0.00 (0.00 %)," ",0,0,0,0,9.90,9.9,9.90,9.90
08/02/2021,9.59,9.90,0.00 (0.00 %)," ",0,0,0,0,9.90,9.90,9.90,9.90
05/02/2021,9.59,9.90,0.00 (0.00 %)," ",0,0,0,0,9.90,9.9,9.90,9.90
04/02/2021,9.59,9.90,0.00 (0.00 %)," ",0,0,0,0,9.90,9.90,9.90,9.90
03/02/2021,9.59,9.90,0.00 (0.00 %)," ",0,0,0,0,9.90,9.9,9.90,9.90
02/02/2021,9.59,9.90,0.00 (0.00 %)," ",0,0,0,0,9.90,9.90,9.90,9.90
01/02/2021,9.59,9.90,0.00 (0.00 %)," ",0,0,0,0,9.90,9.9,9.90,9.90
29/01/2021,9.59,9.90,0.00 (0.00 %)," ",0,0,0,0,9.90,9.90,9.90,9.90
28/01/2021,9.59,9.90,0.00 (0.00 %)," ",0,0,0,0,9.90,9.9,9.90,9.90
27/01/2021,9.59,9.90,0.00 (0.00 %)," ",0,0,0,0,9.90,9.90,9.90,9.90
26/01/2021,9.59,9.90,0.00 (0.00 %)," ",0,0,0,0,9.90,9.9,9.90,9.90
25/01/2021,9.59,9.90,0.00 (0.00 %)," ",0,0,0,0,9.90,9.90,9.90,9.90
22/01/2021,9.59,9.90,0.00 (0.00 %)," ",0,0,0,0,9.90,9.9,9.90,9.90
21/01/2021,9.59,9.90,0.00 (0.00 %)," ",0,0,0,0,9.90,9.90,9.90,9.90
20/01/2021,9.59,9.90,0.00 (0.00 %)," ",0,0,0,0,9.90,9.9,9.90,9.90
19/01/2021,9.59,9.90,0.00 (0.00 %)," ",0,0,0,0,9.90,9.90,9.90,9.90
18/01/2021,9.59,9.90,0.00 (0.00 %)," ",0,0,0,0,9.90,9.9,9.90,9.90
15/01/2021,9.59,9.90,0.00 (0.00 %)," ",0,0,67,"603,000",9.90,9.90,9.90,9.90
14/01/2021,9.59,9.90,0.00 (0.00 %)," ",0,0,0,0,9.90,9.9,9.90,9.90
12/01/2021,9.59,9.90,0.00 (0.00 %)," ",0,0,0,0,9.90,9.9,9.90,9.90
11/01/2021,9.59,9.90,0.00 (0.00 %)," ",0,0,0,0,9.90,9.90,9.90,9.90
08/01/2021,9.59,9.90,0.00 (0.00 %)," ",0,0,0,0,9.90,9.9,9.90,9.90
07/01/2021,9.59,9.90,0.00 (0.00 %)," ",0,0,0,0,9.90,9.90,9.90,9.90
06/01/2021,9.59,9.90,0.00 (0.00 %)," ",0,0,0,0,9.90,9.9,9.90,9.90
05/01/2021,9.59,9.90,0.00 (0.00 %)," ",0,0,0,0,9.90,9.90,9.90,9.90
04/01/2021,9.59,9.90,0.00 (0.00 %)," ",0,0,95,"855,000",9.90,9.9,9.90,9.90
31/12/2020,9.59,9.90,0.00 (0.00 %)," ",0,0,0,0,9.90,9.90,9.90,9.90
30/12/2020,9.59,9.90,0.00 (0.00 %)," ",0,0,0,0,9.90,9.9,9.90,9.90
29/12/2020,9.59,9.90,0.00 (0.00 %)," ",0,0,0,0,9.90,9.90,9.90,9.90
28/12/2020,9.59,9.90,0.00 (0.00 %)," ",0,0,0,0,9.90,9.9,9.90,9.90
25/12/2020,9.59,9.90,0.00 (0.00 %)," ",0,0,0,0,9.90,9.90,9.90,9.90
24/12/2020,9.59,9.90,0.00 (0.00 %)," ",0,0,0,0,9.90,9.9,9.90,9.90
23/12/2020,9.59,9.90,0.00 (0.00 %)," ",0,0,0,0,9.90,9.90,9.90,9.90
22/12/2020,9.59,9.90,0.00 (0.00 %)," ",0,0,0,0,9.90,9.9,9.90,9.90
21/12/2020,9.59,9.90,0.00 (0.00 %)," ",0,0,0,0,9.90,9.90,9.90,9.90
18/12/2020,9.59,9.90,0.00 (0.00 %)," ",0,0,0,0,9.90,9.9,9.90,9.90
17/12/2020,9.59,9.90,0.00 (0.00 %)," ",0,0,0,0,9.90,9.90,9.90,9.90
16/12/2020,9.59,9.90,0.00 (0.00 %)," ",0,0,0,0,9.90,9.9,9.90,9.90
14/12/2020,9.59,9.90,0.00 (0.00 %)," ",0,0,0,0,9.90,9.9,9.90,9.90
11/12/2020,9.59,9.90,0.00 (0.00 %)," ",0,0,0,0,9.90,9.90,9.90,9.90
10/12/2020,9.59,9.90,0.00 (0.00 %)," ",0,0,0,0,9.90,9.9,9.90,9.90
09/12/2020,9.59,9.90,0.00 (0.00 %)," ",0,0,0,0,9.90,9.90,9.90,9.90
08/12/2020,9.59,9.90,0.00 (0.00 %)," ",0,0,0,0,9.90,9.9,9.90,9.90
07/12/2020,9.59,9.90,0.00 (0.00 %)," ",0,0,0,0,9.90,9.90,9.90,9.90
04/12/2020,9.59,9.90,0.00 (0.00 %)," ",0,0,0,0,9.90,9.9,9.90,9.90
03/12/2020,9.59,9.90,0.00 (0.00 %)," ",0,0,0,0,9.90,9.90,9.90,9.90
02/12/2020,9.59,9.90,0.00 (0.00 %)," ",0,0,0,0,9.90,9.9,9.90,9.90
01/12/2020,9.59,9.90,0.00 (0.00 %)," ",0,0,0,0,9.90,9.90,9.90,9.90
30/11/2020,9.59,9.90,0.00 (0.00 %)," ",0,0,0,0,9.90,9.9,9.90,9.90
27/11/2020,9.59,9.90,0.00 (0.00 %)," ",0,0,0,0,9.90,9.90,9.90,9.90
26/11/2020,9.59,9.90,0.00 (0.00 %)," ",0,0,0,0,9.90,9.9,9.90,9.90
25/11/2020,9.59,9.90,0.00 (0.00 %)," ",0,0,0,0,9.90,9.90,9.90,9.90
24/11/2020,9.59,9.90,0.00 (0.00 %)," ",0,0,0,0,9.90,9.9,9.90,9.90
23/11/2020,9.59,9.90,0.00 (0.00 %)," ",0,0,0,0,9.90,9.90,9.90,9.90
20/11/2020,9.59,9.90,-1.10 (-10.00 %)," ",400,"3,960,000",0,0,11.00,9.9,9.90,9.90
19/11/2020,10.65,11.00,0.00 (0.00 %)," ",0,0,0,0,11.00,11.00,11.00,11.00
18/11/2020,10.65,11.00,0.00 (0.00 %)," ",0,0,0,0,11.00,11.0,11.00,11.00
16/11/2020,9.68,10.00,0.00 (0.00 %)," ",0,0,0,0,10.00,10.0,10.00,10.00
13/11/2020,9.68,10.00,0.00 (0.00 %)," ",0,0,0,0,10.00,10.00,10.00,10.00
12/11/2020,9.68,10.00,0.00 (0.00 %)," ",0,0,0,0,10.00,10.0,10.00,10.00
11/11/2020,9.68,10.00,0.00 (0.00 %)," ",0,0,0,0,10.00,10.00,10.00,10.00
10/11/2020,9.68,10.00,0.00 (0.00 %)," ",0,0,0,0,10.00,10.0,10.00,10.00
09/11/2020,9.68,10.00,0.00 (0.00 %)," ",0,0,0,0,10.00,10.00,10.00,10.00
06/11/2020,9.68,10.00,0.00 (0.00 %)," ",0,0,0,0,10.00,10.0,10.00,10.00
05/11/2020,9.68,10.00,0.00 (0.00 %)," ",0,0,0,0,10.00,10.00,10.00,10.00
04/11/2020,9.68,10.00,0.00 (0.00 %)," ",0,0,0,0,10.00,10.0,10.00,10.00
03/11/2020,9.68,10.00,0.00 (0.00 %)," ",0,0,0,0,10.00,10.00,10.00,10.00
02/11/2020,9.68,10.00,0.00 (0.00 %)," ",0,0,0,0,10.00,10.0,10.00,10.00
30/10/2020,9.68,10.00,0.00 (0.00 %)," ",0,0,0,0,10.00,10.00,10.00,10.00
29/10/2020,9.68,10.00,0.00 (0.00 %)," ",0,0,0,0,10.00,10.0,10.00,10.00
28/10/2020,9.68,10.00,0.00 (0.00 %)," ",0,0,0,0,10.00,10.00,10.00,10.00
27/10/2020,9.68,10.00,0.00 (0.00 %)," ",0,0,0,0,10.00,10.0,10.00,10.00
26/10/2020,9.68,10.00,0.00 (0.00 %)," ",0,0,0,0,10.00,10.00,10.00,10.00
23/10/2020,9.68,10.00,0.00 (0.00 %)," ",0,0,0,0,10.00,10.0,10.00,10.00
22/10/2020,9.68,10.00,0.00 (0.00 %)," ",0,0,0,0,10.00,10.00,10.00,10.00
21/10/2020,9.68,10.00,0.00 (0.00 %)," ",0,0,0,0,10.00,10.0,10.00,10.00
19/10/2020,9.68,10.00,0.00 (0.00 %)," ",0,0,0,0,10.00,10.0,10.00,10.00
16/10/2020,9.68,10.00,0.00 (0.00 %)," ",0,0,0,0,10.00,10.00,10.00,10.00
15/10/2020,9.68,10.00,0.90 (9.89 %)," ",100,"1,000,000",0,0,9.10,10.0,10.00,10.00
14/10/2020,8.81,9.10,0.00 (0.00 %)," ",0,0,0,0,9.10,9.10,9.10,9.10
13/10/2020,8.81,9.10,0.00 (0.00 %)," ",0,0,0,0,9.10,9.1,9.10,9.10
12/10/2020,8.81,9.10,0.00 (0.00 %)," ",0,0,0,0,9.10,9.10,9.10,9.10
09/10/2020,8.81,9.10,0.00 (0.00 %)," ",0,0,0,0,9.10,9.1,9.10,9.10
08/10/2020,8.81,9.10,0.00 (0.00 %)," ",0,0,0,0,9.10,9.10,9.10,9.10
07/10/2020,8.81,9.10,0.00 (0.00 %)," ",0,0,0,0,9.10,9.1,9.10,9.10
06/10/2020,8.81,9.10,0.00 (0.00 %)," ",0,0,0,0,9.10,9.10,9.10,9.10
05/10/2020,8.81,9.10,0.00 (0.00 %)," ",0,0,0,0,9.10,9.1,9.10,9.10
02/10/2020,8.81,9.10,0.00 (0.00 %)," ",0,0,0,0,9.10,9.10,9.10,9.10
01/10/2020,8.81,9.10,0.00 (0.00 %)," ",0,0,0,0,9.10,9.1,9.10,9.10
30/09/2020,8.81,9.10,0.80 (9.64 %)," ",100,"910,000",0,0,8.30,9.10,9.10,9.10
29/09/2020,8.04,8.30,0.00 (0.00 %)," ",0,0,0,0,8.30,8.3,8.30,8.30
28/09/2020,8.04,8.30,0.00 (0.00 %)," ",0,0,0,0,8.30,8.30,8.30,8.30
25/09/2020,8.04,8.30,0.00 (0.00 %)," ",0,0,0,0,8.30,8.3,8.30,8.30
24/09/2020,8.04,8.30,0.00 (0.00 %)," ",0,0,0,0,8.30,8.30,8.30,8.30
23/09/2020,8.04,8.30,0.00 (0.00 %)," ",0,0,0,0,8.30,8.3,8.30,8.30
21/09/2020,7.36,7.60,0.00 (0.00 %)," ",0,0,0,0,7.60,7.6,7.60,7.60
18/09/2020,7.36,7.60,0.00 (0.00 %)," ",0,0,0,0,7.60,7.60,7.60,7.60
17/09/2020,7.36,7.60,0.00 (0.00 %)," ",0,0,0,0,7.60,7.6,7.60,7.60
16/09/2020,7.36,7.60,0.00 (0.00 %)," ",0,0,0,0,7.60,7.60,7.60,7.60
15/09/2020,7.36,7.60,0.00 (0.00 %)," ",0,0,0,0,7.60,7.6,7.60,7.60
14/09/2020,7.36,7.60,0.00 (0.00 %)," ",0,0,0,0,7.60,7.60,7.60,7.60
11/09/2020,7.36,7.60,0.60 (8.57 %)," ",100,"760,000",0,0,7.00,7.6,7.60,7.60
10/09/2020,6.78,7.00,0.00 (0.00 %)," ",0,0,0,0,7.00,7.00,7.00,7.00
09/09/2020,6.78,7.00,0.00 (0.00 %)," ",0,0,0,0,7.00,7.0,7.00,7.00
08/09/2020,6.78,7.00,0.00 (0.00 %)," ",0,0,0,0,7.00,7.00,7.00,7.00
07/09/2020,6.78,7.00,0.00 (0.00 %)," ",19,"121,500",0,0,7.00,7.0,7.00,7.00
04/09/2020,6.78,7.00,0.00 (0.00 %)," ",0,0,0,0,7.00,7.00,7.00,7.00
03/09/2020,6.78,7.00,0.00 (0.00 %)," ",0,0,0,0,7.00,7.0,7.00,7.00
01/09/2020,6.78,7.00,0.00 (0.00 %)," ",0,0,0,0,7.00,7.00,7.00,7.00
31/08/2020,6.78,7.00,0.00 (0.00 %)," ",0,0,0,0,7.00,7.0,7.00,7.00
28/08/2020,6.78,7.00,0.00 (0.00 %)," ",1,"7,700",0,0,7.00,7.00,7.00,7.00
27/08/2020,6.78,7.00,0.00 (0.00 %)," ",0,0,0,0,7.00,7.0,7.00,7.00
26/08/2020,6.78,7.00,0.00 (0.00 %)," ",0,0,0,0,7.00,7.00,7.00,7.00
25/08/2020,6.78,7.00,0.00 (0.00 %)," ",0,0,0,0,7.00,7.0,7.00,7.00
21/08/2020,6.78,7.00,0.00 (0.00 %)," ",0,0,0,0,7.00,7.0,7.00,7.00
20/08/2020,6.78,7.00,0.00 (0.00 %)," ",0,0,0,0,7.00,7.00,7.00,7.00
19/08/2020,6.78,7.00,0.00 (0.00 %)," ",0,0,0,0,7.00,7.0,7.00,7.00
18/08/2020,6.78,7.00,0.00 (0.00 %)," ",0,0,0,0,7.00,7.00,7.00,7.00
17/08/2020,6.78,7.00,0.00 (0.00 %)," ",0,0,0,0,7.00,7.0,7.00,7.00
14/08/2020,6.78,7.00,0.00 (0.00 %)," ",82,"517,100",0,0,7.00,7.00,7.00,7.00
13/08/2020,6.78,7.00,0.00 (0.00 %)," ",0,0,0,0,7.00,7.0,7.00,7.00
12/08/2020,6.78,7.00,0.00 (0.00 %)," ",0,0,0,0,7.00,7.00,7.00,7.00
11/08/2020,6.78,7.00,0.00 (0.00 %)," ",0,0,0,0,7.00,7.0,7.00,7.00
10/08/2020,6.78,7.00,0.00 (0.00 %)," ",0,0,0,0,7.00,7.00,7.00,7.00
07/08/2020,6.78,7.00,0.00 (0.00 %)," ",0,0,0,0,7.00,7.0,7.00,7.00
06/08/2020,6.78,7.00,0.00 (0.00 %)," ",0,0,0,0,7.00,7.00,7.00,7.00
05/08/2020,6.78,7.00,0.00 (0.00 %)," ",0,0,0,0,7.00,7.0,7.00,7.00
04/08/2020,6.78,7.00,0.00 (0.00 %)," ",0,0,0,0,7.00,7.00,7.00,7.00
03/08/2020,6.78,7.00,0.00 (0.00 %)," ",0,0,0,0,7.00,7.0,7.00,7.00
31/07/2020,6.78,7.00,0.00 (0.00 %)," ",0,0,0,0,7.00,7.00,7.00,7.00
30/07/2020,6.78,7.00,0.00 (0.00 %)," ",0,0,0,0,7.00,7.0,7.00,7.00
29/07/2020,6.78,7.00,0.00 (0.00 %)," ",0,0,0,0,7.00,7.00,7.00,7.00
28/07/2020,6.78,7.00,0.00 (0.00 %)," ",0,0,0,0,7.00,7.0,7.00,7.00
24/07/2020,6.78,7.00,0.00 (0.00 %)," ",0,0,0,0,7.00,7.0,7.00,7.00
23/07/2020,6.78,7.00,0.00 (0.00 %)," ",0,0,0,0,7.00,7.00,7.00,7.00
22/07/2020,6.78,7.00,0.00 (0.00 %)," ",0,0,0,0,7.00,7.0,7.00,7.00
21/07/2020,6.78,7.00,0.00 (0.00 %)," ",0,0,0,0,7.00,7.00,7.00,7.00
20/07/2020,6.78,7.00,0.00 (0.00 %)," ",0,0,0,0,7.00,7.0,7.00,7.00
17/07/2020,6.78,7.00,0.00 (0.00 %)," ",0,0,0,0,7.00,7.00,7.00,7.00
16/07/2020,6.78,7.00,0.00 (0.00 %)," ",0,0,0,0,7.00,7.0,7.00,7.00
15/07/2020,6.78,7.00,0.00 (0.00 %)," ",0,0,0,0,7.00,7.00,7.00,7.00
14/07/2020,6.78,7.00,0.00 (0.00 %)," ",0,0,0,0,7.00,7.0,7.00,7.00
13/07/2020,6.78,7.00,0.00 (0.00 %)," ",0,0,0,0,7.00,7.00,7.00,7.00
10/07/2020,6.78,7.00,0.00 (0.00 %)," ",0,0,0,0,7.00,7.0,7.00,7.00
09/07/2020,6.78,7.00,0.00 (0.00 %)," ",0,0,0,0,7.00,7.00,7.00,7.00
08/07/2020,6.78,7.00,0.00 (0.00 %)," ",0,0,0,0,7.00,7.0,7.00,7.00
07/07/2020,6.78,7.00,0.00 (0.00 %)," ",0,0,0,0,7.00,7.00,7.00,7.00
06/07/2020,6.78,7.00,0.00 (0.00 %)," ",0,0,0,0,7.00,7.0,7.00,7.00
03/07/2020,6.78,7.00,0.00 (0.00 %)," ",0,0,0,0,7.00,7.00,7.00,7.00
02/07/2020,6.78,7.00,0.00 (0.00 %)," ",0,0,0,0,7.00,7.0,7.00,7.00
01/07/2020,6.78,7.00,0.00 (0.00 %)," ",0,0,0,0,7.00,7.00,7.00,7.00
30/06/2020,6.78,7.00,0.00 (0.00 %)," ",0,0,0,0,7.00,7.0,7.00,7.00
26/06/2020,6.78,7.00,0.00 (0.00 %)," ",0,0,0,0,7.00,7.0,7.00,7.00
25/06/2020,6.78,7.00,0.00 (0.00 %)," ",0,0,0,0,7.00,7.00,7.00,7.00
24/06/2020,6.78,7.00,0.00 (0.00 %)," ",0,0,0,0,7.00,7.0,7.00,7.00
23/06/2020,6.78,7.00,0.00 (0.00 %)," ",0,0,0,0,7.00,7.00,7.00,7.00
22/06/2020,6.78,7.00,0.00 (0.00 %)," ",0,0,0,0,7.00,7.0,7.00,7.00
19/06/2020,6.78,7.00,0.00 (0.00 %)," ",0,0,0,0,7.00,7.00,7.00,7.00
18/06/2020,6.78,7.00,0.00 (0.00 %)," ",0,0,0,0,7.00,7.0,7.00,7.00
16/06/2020,6.78,7.00,0.00 (0.00 %)," ",0,0,0,0,7.00,7.00,7.00,7.00
15/06/2020,6.78,7.00,0.00 (0.00 %)," ",11,"69,300",0,0,7.00,7.0,7.00,7.00
12/06/2020,6.78,7.00,0.00 (0.00 %)," ",0,0,0,0,7.00,7.00,7.00,7.00
11/06/2020,6.78,7.00,0.00 (0.00 %)," ",0,0,0,0,7.00,7.0,7.00,7.00
10/06/2020,6.78,7.00,0.00 (0.00 %)," ",0,0,0,0,7.00,7.00,7.00,7.00
09/06/2020,6.78,7.00,0.00 (0.00 %)," ",0,0,0,0,7.00,7.0,7.00,7.00
08/06/2020,6.78,7.00,0.00 (0.00 %)," ",0,0,0,0,7.00,7.00,7.00,7.00
05/06/2020,6.78,7.00,0.00 (0.00 %)," ",0,0,0,0,7.00,7.0,7.00,7.00
04/06/2020,6.78,7.00,0.00 (0.00 %)," ",0,0,0,0,7.00,7.00,7.00,7.00
03/06/2020,6.78,7.00,0.00 (0.00 %)," ",0,0,0,0,7.00,7.0,7.00,7.00
02/06/2020,6.78,7.00,0.00 (0.00 %)," ",0,0,0,0,7.00,7.00,7.00,7.00
01/06/2020,6.78,7.00,0.00 (0.00 %)," ",0,0,0,0,7.00,7.0,7.00,7.00
28/05/2020,6.78,7.00,0.00 (0.00 %)," ",0,0,0,0,7.00,7.0,7.00,7.00
27/05/2020,6.78,7.00,0.00 (0.00 %)," ",0,0,0,0,7.00,7.00,7.00,7.00
26/05/2020,6.78,7.00,0.00 (0.00 %)," ",0,0,0,0,7.00,7.0,7.00,7.00
25/05/2020,6.78,7.00,0.00 (0.00 %)," ",0,0,0,0,7.00,7.00,7.00,7.00
22/05/2020,6.78,7.00,0.00 (0.00 %)," ",0,0,0,0,7.00,7.0,7.00,7.00
21/05/2020,6.78,7.00,0.00 (0.00 %)," ",0,0,0,0,7.00,7.00,7.00,7.00
20/05/2020,6.78,7.00,0.00 (0.00 %)," ",0,0,0,0,7.00,7.0,7.00,7.00
19/05/2020,6.78,7.00,0.00 (0.00 %)," ",0,0,0,0,7.00,7.00,7.00,7.00
18/05/2020,6.78,7.00,0.00 (0.00 %)," ",0,0,0,0,7.00,7.0,7.00,7.00
15/05/2020,6.78,7.00,0.00 (0.00 %)," ",0,0,0,0,7.00,7.00,7.00,7.00
14/05/2020,6.78,7.00,0.00 (0.00 %)," ",0,0,0,0,7.00,7.0,7.00,7.00
13/05/2020,6.78,7.00,0.00 (0.00 %)," ",0,0,0,0,7.00,7.00,7.00,7.00
12/05/2020,6.78,7.00,0.00 (0.00 %)," ",0,0,0,0,7.00,7.0,7.00,7.00
11/05/2020,6.78,7.00,0.00 (0.00 %)," ",0,0,0,0,7.00,7.00,7.00,7.00
08/05/2020,6.78,7.00,0.00 (0.00 %)," ",0,0,0,0,7.00,7.0,7.00,7.00
07/05/2020,6.78,7.00,0.00 (0.00 %)," ",0,0,0,0,7.00,7.00,7.00,7.00
06/05/2020,6.78,7.00,0.00 (0.00 %)," ",0,0,0,0,7.00,7.0,7.00,7.00
05/05/2020,6.78,7.00,0.00 (0.00 %)," ",0,0,0,0,7.00,7.00,7.00,7.00
04/05/2020,6.78,7.00,0.00 (0.00 %)," ",0,0,0,0,7.00,7.0,7.00,7.00
28/04/2020,6.78,7.00,0.00 (0.00 %)," ",0,0,0,0,7.00,7.0,7.00,7.00
27/04/2020,6.78,7.00,0.00 (0.00 %)," ",0,0,0,0,7.00,7.00,7.00,7.00
24/04/2020,6.78,7.00,0.00 (0.00 %)," ",0,0,0,0,7.00,7.0,7.00,7.00
23/04/2020,6.78,7.00,0.00 (0.00 %)," ",0,0,0,0,7.00,7.00,7.00,7.00
22/04/2020,6.78,7.00,0.00 (0.00 %)," ",0,0,0,0,7.00,7.0,7.00,7.00
21/04/2020,6.78,7.00,0.00 (0.00 %)," ",0,0,0,0,7.00,7.00,7.00,7.00
20/04/2020,6.78,7.00,0.00 (0.00 %)," ",0,0,0,0,7.00,7.0,7.00,7.00
17/04/2020,6.78,7.00,0.00 (0.00 %)," ",0,0,0,0,7.00,7.00,7.00,7.00
16/04/2020,6.78,7.00,0.00 (0.00 %)," ",0,0,0,0,7.00,7.0,7.00,7.00
15/04/2020,6.78,7.00,0.00 (0.00 %)," ",0,0,0,0,7.00,7.00,7.00,7.00
14/04/2020,6.78,7.00,0.00 (0.00 %)," ",0,0,0,0,7.00,7.0,7.00,7.00
13/04/2020,6.78,7.00,0.00 (0.00 %)," ",0,0,0,0,7.00,7.00,7.00,7.00
10/04/2020,6.78,7.00,0.00 (0.00 %)," ",0,0,0,0,7.00,7.0,7.00,7.00
09/04/2020,6.78,7.00,0.00 (0.00 %)," ",0,0,0,0,7.00,7.00,7.00,7.00
08/04/2020,6.78,7.00,0.00 (0.00 %)," ",0,0,0,0,7.00,7.0,7.00,7.00
07/04/2020,6.78,7.00,0.00 (0.00 %)," ",0,0,0,0,7.00,7.00,7.00,7.00
06/04/2020,6.78,7.00,0.00 (0.00 %)," ",0,0,0,0,7.00,7.0,7.00,7.00
03/04/2020,6.78,7.00,0.00 (0.00 %)," ",0,0,0,0,7.00,7.00,7.00,7.00
01/04/2020,6.78,7.00,0.00 (0.00 %)," ",0,0,0,0,7.00,7.0,7.00,7.00
30/03/2020,6.78,7.00,0.00 (0.00 %)," ",0,0,0,0,7.00,7.0,7.00,7.00
27/03/2020,6.78,7.00,0.00 (0.00 %)," ",0,0,0,0,7.00,7.00,7.00,7.00
26/03/2020,6.78,7.00,0.00 (0.00 %)," ",0,0,0,0,7.00,7.0,7.00,7.00
25/03/2020,6.78,7.00,0.00 (0.00 %)," ",0,0,0,0,7.00,7.00,7.00,7.00
24/03/2020,6.78,7.00,0.00 (0.00 %)," ",0,0,0,0,7.00,7.0,7.00,7.00
23/03/2020,6.78,7.00,0.00 (0.00 %)," ",0,0,0,0,7.00,7.00,7.00,7.00
20/03/2020,6.78,7.00,0.00 (0.00 %)," ",0,0,0,0,7.00,7.0,7.00,7.00
19/03/2020,6.78,7.00,0.00 (0.00 %)," ",0,0,0,0,7.00,7.00,7.00,7.00
18/03/2020,6.78,7.00,0.00 (0.00 %)," ",0,0,0,0,7.00,7.0,7.00,7.00
17/03/2020,6.78,7.00,0.00 (0.00 %)," ",0,0,0,0,7.00,7.00,7.00,7.00
16/03/2020,6.78,7.00,0.00 (0.00 %)," ",0,0,0,0,7.00,7.0,7.00,7.00
13/03/2020,6.78,7.00,0.00 (0.00 %)," ",0,0,0,0,7.00,7.00,7.00,7.00
12/03/2020,6.78,7.00,0.00 (0.00 %)," ",0,0,0,0,7.00,7.0,7.00,7.00
11/03/2020,6.78,7.00,0.00 (0.00 %)," ",0,0,0,0,7.00,7.00,7.00,7.00
10/03/2020,6.78,7.00,0.00 (0.00 %)," ",0,0,0,0,7.00,7.0,7.00,7.00
09/03/2020,6.78,7.00,0.00 (0.00 %)," ",0,0,0,0,7.00,7.00,7.00,7.00
06/03/2020,6.78,7.00,0.00 (0.00 %)," ",0,0,0,0,7.00,7.0,7.00,7.00
05/03/2020,6.78,7.00,0.00 (0.00 %)," ",0,0,0,0,7.00,7.00,7.00,7.00
04/03/2020,6.78,7.00,0.00 (0.00 %)," ",0,0,0,0,7.00,7.0,7.00,7.00
02/03/2020,6.78,7.00,0.00 (0.00 %)," ",11,"69,300",0,0,7.00,7.0,7.00,7.00
28/02/2020,6.78,7.00,0.00 (0.00 %)," ",0,0,0,0,7.00,7.00,7.00,7.00
27/02/2020,6.78,7.00,0.00 (0.00 %)," ",0,0,0,0,7.00,7.0,7.00,7.00
26/02/2020,6.78,7.00,0.00 (0.00 %)," ",0,0,0,0,7.00,7.00,7.00,7.00
25/02/2020,6.78,7.00,0.00 (0.00 %)," ",0,0,0,0,7.00,7.0,7.00,7.00
24/02/2020,6.78,7.00,0.00 (0.00 %)," ",0,0,0,0,7.00,7.00,7.00,7.00
21/02/2020,6.78,7.00,0.00 (0.00 %)," ",0,0,0,0,7.00,7.0,7.00,7.00
20/02/2020,6.78,7.00,0.00 (0.00 %)," ",0,0,0,0,7.00,7.00,7.00,7.00
19/02/2020,6.78,7.00,0.00 (0.00 %)," ",0,0,0,0,7.00,7.0,7.00,7.00
18/02/2020,6.78,7.00,0.00 (0.00 %)," ",0,0,0,0,7.00,7.00,7.00,7.00
17/02/2020,6.78,7.00,0.00 (0.00 %)," ",0,0,0,0,7.00,7.0,7.00,7.00
14/02/2020,6.78,7.00,0.00 (0.00 %)," ",0,0,0,0,7.00,7.00,7.00,7.00
13/02/2020,6.78,7.00,0.00 (0.00 %)," ",0,0,0,0,7.00,7.0,7.00,7.00
12/02/2020,6.78,7.00,0.00 (0.00 %)," ",0,0,0,0,7.00,7.00,7.00,7.00
11/02/2020,6.78,7.00,0.00 (0.00 %)," ",0,0,0,0,7.00,7.0,7.00,7.00
10/02/2020,6.78,7.00,0.00 (0.00 %)," ",0,0,0,0,7.00,7.00,7.00,7.00
07/02/2020,6.78,7.00,0.00 (0.00 %)," ",0,0,0,0,7.00,7.0,7.00,7.00
06/02/2020,6.78,7.00,0.00 (0.00 %)," ",0,0,0,0,7.00,7.00,7.00,7.00
05/02/2020,6.78,7.00,0.00 (0.00 %)," ",0,0,0,0,7.00,7.0,7.00,7.00
03/02/2020,6.78,7.00,0.00 (0.00 %)," ",0,0,0,0,7.00,7.0,7.00,7.00
31/01/2020,6.78,7.00,0.00 (0.00 %)," ",0,0,0,0,7.00,7.00,7.00,7.00
30/01/2020,6.78,7.00,0.00 (0.00 %)," ",0,0,0,0,7.00,7.0,7.00,7.00
22/01/2020,6.78,7.00,0.00 (0.00 %)," ",0,0,0,0,7.00,7.00,7.00,7.00
21/01/2020,6.78,7.00,0.00 (0.00 %)," ",0,0,0,0,7.00,7.0,7.00,7.00
20/01/2020,6.78,7.00,0.00 (0.00 %)," ",0,0,0,0,7.00,7.00,7.00,7.00
17/01/2020,6.78,7.00,0.00 (0.00 %)," ",0,0,0,0,7.00,7.0,7.00,7.00
16/01/2020,6.78,7.00,0.00 (0.00 %)," ",0,0,0,0,7.00,7.00,7.00,7.00
15/01/2020,6.78,7.00,0.00 (0.00 %)," ",0,0,0,0,7.00,7.0,7.00,7.00
14/01/2020,6.78,7.00,0.00 (0.00 %)," ",0,0,0,0,7.00,7.00,7.00,7.00
13/01/2020,6.78,7.00,0.00 (0.00 %)," ",0,0,0,0,7.00,7.0,7.00,7.00
10/01/2020,6.78,7.00,0.00 (0.00 %)," ",0,0,0,0,7.00,7.00,7.00,7.00
09/01/2020,6.78,7.00,0.00 (0.00 %)," ",0,0,0,0,7.00,7.0,7.00,7.00
08/01/2020,6.78,7.00,0.00 (0.00 %)," ",0,0,0,0,7.00,7.00,7.00,7.00
07/01/2020,6.78,7.00,0.00 (0.00 %)," ",0,0,0,0,7.00,7.0,7.00,7.00
06/01/2020,6.78,7.00,0.00 (0.00 %)," ",0,0,0,0,7.00,7.00,7.00,7.00
03/01/2020,6.78,7.00,0.00 (0.00 %)," ",0,0,0,0,7.00,7.0,7.00,7.00
02/01/2020,6.78,7.00,0.00 (0.00 %)," ",0,0,0,0,7.00,7.00,7.00,7.00
31/12/2019,6.78,7.00,0.00 (0.00 %)," ",0,0,0,0,7.00,7.0,7.00,7.00
27/12/2019,6.78,7.00,0.00 (0.00 %)," ",0,0,0,0,7.00,7.0,7.00,7.00
26/12/2019,6.78,7.00,0.00 (0.00 %)," ",0,0,0,0,7.00,7.00,7.00,7.00
25/12/2019,6.78,7.00,0.00 (0.00 %)," ",0,0,0,0,7.00,7.0,7.00,7.00
24/12/2019,6.78,7.00,0.00 (0.00 %)," ",0,0,0,0,7.00,7.00,7.00,7.00
23/12/2019,6.78,7.00,0.00 (0.00 %)," ",0,0,0,0,7.00,7.0,7.00,7.00
20/12/2019,6.78,7.00,0.00 (0.00 %)," ",0,0,0,0,7.00,7.00,7.00,7.00
19/12/2019,6.78,7.00,0.00 (0.00 %)," ",0,0,0,0,7.00,7.0,7.00,7.00
18/12/2019,6.78,7.00,0.00 (0.00 %)," ",0,0,0,0,7.00,7.00,7.00,7.00
17/12/2019,6.78,7.00,0.00 (0.00 %)," ",0,0,0,0,7.00,7.0,7.00,7.00
16/12/2019,6.78,7.00,0.00 (0.00 %)," ",0,0,0,0,7.00,7.00,7.00,7.00
13/12/2019,6.78,7.00,0.00 (0.00 %)," ",0,0,0,0,7.00,7.0,7.00,7.00
12/12/2019,6.78,7.00,0.00 (0.00 %)," ",0,0,0,0,7.00,7.00,7.00,7.00
11/12/2019,6.78,7.00,0.00 (0.00 %)," ",0,0,0,0,7.00,7.0,7.00,7.00
10/12/2019,6.78,7.00,0.00 (0.00 %)," ",0,0,0,0,7.00,7.00,7.00,7.00
09/12/2019,6.78,7.00,0.00 (0.00 %)," ",0,0,"360,000","2,520,000,000",7.00,7.0,7.00,7.00
06/12/2019,6.78,7.00,0.00 (0.00 %)," ",0,0,0,0,7.00,7.00,7.00,7.00
05/12/2019,6.78,7.00,0.00 (0.00 %)," ",0,0,0,0,7.00,7.0,7.00,7.00
04/12/2019,6.78,7.00,0.00 (0.00 %)," ",0,0,0,0,7.00,7.00,7.00,7.00
03/12/2019,6.78,7.00,0.00 (0.00 %)," ",0,0,0,0,7.00,7.0,7.00,7.00
29/11/2019,6.78,7.00,0.00 (0.00 %)," ",0,0,0,0,7.00,7.0,7.00,7.00
28/11/2019,6.78,7.00,0.00 (0.00 %)," ",0,0,0,0,7.00,7.00,7.00,7.00
27/11/2019,6.78,7.00,0.00 (0.00 %)," ",0,0,0,0,7.00,7.0,7.00,7.00
26/11/2019,6.78,7.00,0.00 (0.00 %)," ",0,0,0,0,7.00,7.00,7.00,7.00
25/11/2019,6.78,7.00,0.00 (0.00 %)," ",0,0,0,0,7.00,7.0,7.00,7.00
22/11/2019,6.78,7.00,0.00 (0.00 %)," ",0,0,0,0,7.00,7.00,7.00,7.00
21/11/2019,6.78,7.00,0.00 (0.00 %)," ",0,0,0,0,7.00,7.0,7.00,7.00
20/11/2019,6.78,7.00,0.00 (0.00 %)," ",0,0,0,0,7.00,7.00,7.00,7.00
19/11/2019,6.78,7.00,0.00 (0.00 %)," ",0,0,0,0,7.00,7.0,7.00,7.00
18/11/2019,6.78,7.00,0.00 (0.00 %)," ",0,0,0,0,7.00,7.00,7.00,7.00
15/11/2019,6.78,7.00,0.00 (0.00 %)," ",0,0,0,0,7.00,7.0,7.00,7.00
14/11/2019,6.78,7.00,0.00 (0.00 %)," ",0,0,0,0,7.00,7.00,7.00,7.00
13/11/2019,6.78,7.00,0.00 (0.00 %)," ",0,0,0,0,7.00,7.0,7.00,7.00
12/11/2019,6.78,7.00,0.00 (0.00 %)," ",0,0,0,0,7.00,7.00,7.00,7.00
11/11/2019,6.78,7.00,0.00 (0.00 %)," ",0,0,0,0,7.00,7.0,7.00,7.00
08/11/2019,6.78,7.00,0.00 (0.00 %)," ",0,0,0,0,7.00,7.00,7.00,7.00
07/11/2019,6.78,7.00,0.00 (0.00 %)," ",0,0,0,0,7.00,7.0,7.00,7.00
06/11/2019,6.78,7.00,0.00 (0.00 %)," ",0,0,0,0,7.00,7.00,7.00,7.00
05/11/2019,6.78,7.00,0.00 (0.00 %)," ",0,0,0,0,7.00,7.0,7.00,7.00
01/11/2019,6.78,7.00,0.00 (0.00 %)," ",0,0,0,0,7.00,7.0,7.00,7.00
31/10/2019,6.78,7.00,0.00 (0.00 %)," ",0,0,0,0,7.00,7.00,7.00,7.00
30/10/2019,6.78,7.00,0.00 (0.00 %)," ",0,0,0,0,7.00,7.0,7.00,7.00
29/10/2019,6.78,7.00,0.00 (0.00 %)," ",0,0,0,0,7.00,7.00,7.00,7.00
28/10/2019,6.78,7.00,0.00 (0.00 %)," ",0,0,0,0,7.00,7.0,7.00,7.00
25/10/2019,6.78,7.00,0.00 (0.00 %)," ",0,0,0,0,7.00,7.00,7.00,7.00
24/10/2019,6.78,7.00,0.00 (0.00 %)," ",0,0,0,0,7.00,7.0,7.00,7.00
23/10/2019,6.78,7.00,0.00 (0.00 %)," ",0,0,0,0,7.00,7.00,7.00,7.00
22/10/2019,6.78,7.00,0.00 (0.00 %)," ",0,0,0,0,7.00,7.0,7.00,7.00
21/10/2019,6.78,7.00,0.00 (0.00 %)," ",0,0,0,0,7.00,7.00,7.00,7.00
18/10/2019,6.78,7.00,0.00 (0.00 %)," ",0,0,0,0,7.00,7.0,7.00,7.00
17/10/2019,6.78,7.00,0.00 (0.00 %)," ",0,0,0,0,7.00,7.00,7.00,7.00
16/10/2019,6.78,7.00,0.00 (0.00 %)," ",0,0,0,0,7.00,7.0,7.00,7.00
15/10/2019,6.78,7.00,0.00 (0.00 %)," ",0,0,0,0,7.00,7.00,7.00,7.00
14/10/2019,6.78,7.00,0.00 (0.00 %)," ",0,0,0,0,7.00,7.0,7.00,7.00
11/10/2019,6.78,7.00,0.00 (0.00 %)," ",0,0,0,0,7.00,7.00,7.00,7.00
10/10/2019,6.78,7.00,0.00 (0.00 %)," ",0,0,0,0,7.00,7.0,7.00,7.00
09/10/2019,6.78,7.00,0.00 (0.00 %)," ",0,0,0,0,7.00,7.00,7.00,7.00
08/10/2019,6.78,7.00,0.00 (0.00 %)," ",0,0,0,0,7.00,7.0,7.00,7.00
04/10/2019,6.78,7.00,0.00 (0.00 %)," ",0,0,0,0,7.00,7.0,7.00,7.00
03/10/2019,6.78,7.00,0.00 (0.00 %)," ",0,0,0,0,7.00,7.00,7.00,7.00
02/10/2019,6.78,7.00,0.00 (0.00 %)," ",0,0,0,0,7.00,7.0,7.00,7.00
01/10/2019,6.78,7.00,0.00 (0.00 %)," ",0,0,0,0,7.00,7.00,7.00,7.00
30/09/2019,6.78,7.00,0.00 (0.00 %)," ",0,0,0,0,7.00,7.0,7.00,7.00
27/09/2019,6.78,7.00,0.00 (0.00 %)," ",0,0,0,0,7.00,7.00,7.00,7.00
26/09/2019,6.78,7.00,0.00 (0.00 %)," ",0,0,0,0,7.00,7.0,7.00,7.00
25/09/2019,6.78,7.00,0.00 (0.00 %)," ",0,0,0,0,7.00,7.00,7.00,7.00
24/09/2019,6.78,7.00,0.00 (0.00 %)," ",0,0,0,0,7.00,7.0,7.00,7.00
23/09/2019,6.78,7.00,0.00 (0.00 %)," ",0,0,0,0,7.00,7.00,7.00,7.00
20/09/2019,6.78,7.00,0.00 (0.00 %)," ",0,0,0,0,7.00,7.0,7.00,7.00
19/09/2019,6.78,7.00,0.00 (0.00 %)," ",0,0,0,0,7.00,7.00,7.00,7.00
18/09/2019,6.78,7.20,0.00 (0.00 %)," ",0,0,0,0,7.20,7.2,7.20,7.20
17/09/2019,6.78,7.20,0.00 (0.00 %)," ",0,0,0,0,7.20,7.20,7.20,7.20
16/09/2019,6.78,7.20,0.00 (0.00 %)," ",0,0,0,0,7.20,7.2,7.20,7.20
13/09/2019,6.78,7.20,0.00 (0.00 %)," ",0,0,0,0,7.20,7.20,7.20,7.20
12/09/2019,6.78,7.20,0.00 (0.00 %)," ",0,0,0,0,7.20,7.2,7.20,7.20
11/09/2019,6.78,7.20,0.00 (0.00 %)," ",0,0,0,0,7.20,7.20,7.20,7.20
10/09/2019,6.78,7.20,0.00 (0.00 %)," ",0,0,0,0,7.20,7.2,7.20,7.20
06/09/2019,6.78,7.20,0.00 (0.00 %)," ",0,0,0,0,7.20,7.2,7.20,7.20
05/09/2019,6.78,7.20,0.00 (0.00 %)," ",0,0,"360,000","2,592,000,000",7.20,7.20,7.20,7.20
04/09/2019,6.78,7.20,0.00 (0.00 %)," ",0,0,0,0,7.20,7.2,7.20,7.20
03/09/2019,6.78,7.20,0.00 (0.00 %)," ",0,0,0,0,7.20,7.20,7.20,7.20
30/08/2019,6.78,7.20,0.00 (0.00 %)," ",0,0,0,0,7.20,7.2,7.20,7.20
29/08/2019,6.78,7.20,0.00 (0.00 %)," ",0,0,0,0,7.20,7.20,7.20,7.20
28/08/2019,6.78,7.20,0.00 (0.00 %)," ",0,0,0,0,7.20,7.2,7.20,7.20
27/08/2019,6.78,7.20,0.00 (0.00 %)," ",0,0,0,0,7.20,7.20,7.20,7.20
26/08/2019,6.78,7.20,0.00 (0.00 %)," ",0,0,0,0,7.20,7.2,7.20,7.20
23/08/2019,6.78,7.20,0.00 (0.00 %)," ",0,0,0,0,7.20,7.20,7.20,7.20
22/08/2019,6.78,7.20,0.00 (0.00 %)," ",0,0,0,0,7.20,7.2,7.20,7.20
21/08/2019,6.78,7.20,0.00 (0.00 %)," ",0,0,0,0,7.20,7.20,7.20,7.20
20/08/2019,6.78,7.20,0.00 (0.00 %)," ",0,0,0,0,7.20,7.2,7.20,7.20
19/08/2019,6.78,7.20,0.00 (0.00 %)," ",0,0,0,0,7.20,7.20,7.20,7.20
16/08/2019,6.78,7.20,0.00 (0.00 %)," ",0,0,0,0,7.20,7.2,7.20,7.20
15/08/2019,6.78,7.20,0.00 (0.00 %)," ",0,0,0,0,7.20,7.20,7.20,7.20
14/08/2019,6.78,7.20,0.00 (0.00 %)," ",0,0,0,0,7.20,7.2,7.20,7.20
13/08/2019,6.78,7.20,0.00 (0.00 %)," ",0,0,0,0,7.20,7.20,7.20,7.20
12/08/2019,6.78,7.20,0.00 (0.00 %)," ",0,0,0,0,7.20,7.2,7.20,7.20
08/08/2019,6.78,7.20,0.00 (0.00 %)," ",0,0,0,0,7.20,7.2,7.20,7.20
07/08/2019,6.78,7.20,0.00 (0.00 %)," ",0,0,0,0,7.20,7.20,7.20,7.20
06/08/2019,6.78,7.20,0.00 (0.00 %)," ",0,0,0,0,7.20,7.2,7.20,7.20
05/08/2019,6.78,7.20,0.00 (0.00 %)," ",0,0,0,0,7.20,7.20,7.20,7.20
02/08/2019,6.78,7.20,0.00 (0.00 %)," ",0,0,0,0,7.20,7.2,7.20,7.20
01/08/2019,6.78,7.20,0.00 (0.00 %)," ",0,0,0,0,7.20,7.20,7.20,7.20
31/07/2019,6.78,7.20,0.00 (0.00 %)," ",0,0,0,0,7.20,7.2,7.20,7.20
30/07/2019,6.78,7.20,0.00 (0.00 %)," ",0,0,0,0,7.20,7.20,7.20,7.20
29/07/2019,6.78,7.20,0.00 (0.00 %)," ",0,0,0,0,7.20,7.2,7.20,7.20
26/07/2019,6.78,7.20,0.00 (0.00 %)," ",0,0,0,0,7.20,7.20,7.20,7.20
25/07/2019,6.78,7.20,0.00 (0.00 %)," ",0,0,0,0,7.20,7.2,7.20,7.20
24/07/2019,6.78,7.20,0.00 (0.00 %)," ",0,0,0,0,7.20,7.20,7.20,7.20
23/07/2019,6.78,7.20,0.00 (0.00 %)," ",0,0,0,0,7.20,7.2,7.20,7.20
22/07/2019,6.78,7.20,0.00 (0.00 %)," ",0,0,0,0,7.20,7.20,7.20,7.20
19/07/2019,6.78,7.20,0.00 (0.00 %)," ",0,0,0,0,7.20,7.2,7.20,7.20
18/07/2019,6.78,7.20,0.00 (0.00 %)," ",0,0,0,0,7.20,7.20,7.20,7.20
17/07/2019,6.78,7.20,0.00 (0.00 %)," ",0,0,0,0,7.20,7.2,7.20,7.20
16/07/2019,6.78,7.20,0.00 (0.00 %)," ",0,0,0,0,7.20,7.20,7.20,7.20
15/07/2019,6.78,7.20,0.00 (0.00 %)," ",0,0,0,0,7.20,7.2,7.20,7.20
11/07/2019,6.78,7.20,0.00 (0.00 %)," ",0,0,0,0,7.20,7.2,7.20,7.20
10/07/2019,6.78,7.20,0.00 (0.00 %)," ",0,0,0,0,7.20,7.20,7.20,7.20
09/07/2019,6.78,7.20,0.00 (0.00 %)," ",0,0,0,0,7.20,7.2,7.20,7.20
08/07/2019,6.78,7.20,0.00 (0.00 %)," ",0,0,0,0,7.20,7.20,7.20,7.20
05/07/2019,6.78,7.20,0.00 (0.00 %)," ",0,0,0,0,7.20,7.2,7.20,7.20
04/07/2019,6.78,7.20,0.00 (0.00 %)," ",0,0,0,0,7.20,7.20,7.20,7.20
03/07/2019,6.78,7.20,0.00 (0.00 %)," ",0,0,0,0,7.20,7.2,7.20,7.20
02/07/2019,6.78,7.20,0.00 (0.00 %)," ",0,0,0,0,7.20,7.20,7.20,7.20
01/07/2019,6.78,7.20,0.00 (0.00 %)," ",0,0,0,0,7.20,7.2,7.20,7.20
28/06/2019,6.78,7.20,0.00 (0.00 %)," ",0,0,0,0,7.20,7.20,7.20,7.20
27/06/2019,6.78,7.20,0.00 (0.00 %)," ",0,0,0,0,7.20,7.2,7.20,7.20
26/06/2019,6.78,7.20,0.00 (0.00 %)," ",0,0,0,0,7.20,7.20,7.20,7.20
25/06/2019,6.78,7.20,0.00 (0.00 %)," ",0,0,0,0,7.20,7.2,7.20,7.20
24/06/2019,6.78,7.20,0.00 (0.00 %)," ",0,0,0,0,7.20,7.20,7.20,7.20
21/06/2019,6.78,7.20,0.00 (0.00 %)," ",0,0,0,0,7.20,7.2,7.20,7.20
20/06/2019,6.78,7.20,0.00 (0.00 %)," ",0,0,0,0,7.20,7.20,7.20,7.20
19/06/2019,6.78,7.20,0.00 (0.00 %)," ",0,0,0,0,7.20,7.2,7.20,7.20
18/06/2019,6.78,7.20,0.00 (0.00 %)," ",0,0,0,0,7.20,7.20,7.20,7.20
17/06/2019,6.78,7.20,0.00 (0.00 %)," ",0,0,0,0,7.20,7.2,7.20,7.20
13/06/2019,6.78,7.20,0.00 (0.00 %)," ",0,0,0,0,7.20,7.2,7.20,7.20
12/06/2019,6.78,7.20,0.00 (0.00 %)," ",0,0,0,0,7.20,7.20,7.20,7.20
11/06/2019,6.78,7.20,0.00 (0.00 %)," ",0,0,0,0,7.20,7.2,7.20,7.20
10/06/2019,6.78,7.20,0.00 (0.00 %)," ",0,0,0,0,7.20,7.20,7.20,7.20
07/06/2019,6.78,7.20,0.00 (0.00 %)," ",0,0,0,0,7.20,7.2,7.20,7.20
06/06/2019,6.78,7.20,0.00 (0.00 %)," ",0,0,0,0,7.20,7.20,7.20,7.20
05/06/2019,6.78,7.20,0.00 (0.00 %)," ",0,0,0,0,7.20,7.2,7.20,7.20
04/06/2019,6.78,7.20,-0.10 (-1.37 %)," ",300,"2,160,000","360,000","2,520,000,000",7.30,7.20,7.20,7.20
03/06/2019,6.87,7.30,0.60 (8.96 %)," ",200,"1,460,000",0,0,6.70,7.3,7.30,7.30
31/05/2019,6.31,6.70,0.60 (9.84 %)," ",300,"2,010,000",0,0,6.10,6.70,6.70,6.70
30/05/2019,5.74,6.10,0.50 (8.93 %)," ",500,"3,050,000",0,0,5.60,6.1,6.10,6.10
29/05/2019,5.27,5.60,0.00 (0.00 %)," ",0,0,0,0,5.60,5.60,5.60,5.60
28/05/2019,5.27,5.60,0.00 (0.00 %)," ",0,0,0,0,5.60,5.6,5.60,5.60
27/05/2019,5.27,5.60,0.00 (0.00 %)," ",0,0,0,0,5.60,5.60,5.60,5.60
24/05/2019,5.27,5.60,0.00 (0.00 %)," ",0,0,0,0,5.60,5.6,5.60,5.60
23/05/2019,5.27,5.60,0.00 (0.00 %)," ",0,0,0,0,5.60,5.60,5.60,5.60
22/05/2019,5.27,5.60,0.00 (0.00 %)," ",0,0,0,0,5.60,5.6,5.60,5.60
21/05/2019,5.27,5.60,0.00 (0.00 %)," ",0,0,0,0,5.60,5.60,5.60,5.60
20/05/2019,5.27,5.60,0.00 (0.00 %)," ",0,0,0,0,5.60,5.6,5.60,5.60
16/05/2019,5.27,5.60,0.00 (0.00 %)," ","3,100","17,360,000",52,"265,200",5.60,5.6,5.60,5.60
15/05/2019,5.27,5.60,0.00 (0.00 %)," ",0,0,0,0,5.60,5.60,5.60,5.60
14/05/2019,5.27,5.60,0.00 (0.00 %)," ",0,0,0,0,5.60,5.6,5.60,5.60
13/05/2019,5.27,5.60,0.00 (0.00 %)," ",0,0,0,0,5.60,5.60,5.60,5.60
10/05/2019,5.27,5.60,0.00 (0.00 %)," ",0,0,0,0,5.60,5.6,5.60,5.60
09/05/2019,5.27,5.60,0.00 (0.00 %)," ",0,0,0,0,5.60,5.60,5.60,5.60
08/05/2019,5.27,5.60,0.00 (0.00 %)," ",0,0,0,0,5.60,5.6,5.60,5.60
07/05/2019,5.27,5.60,0.00 (0.00 %)," ",0,0,0,0,5.60,5.60,5.60,5.60
06/05/2019,5.27,5.60,0.00 (0.00 %)," ",0,0,0,0,5.60,5.6,5.60,5.60
03/05/2019,5.27,5.60,0.00 (0.00 %)," ",0,0,0,0,5.60,5.60,5.60,5.60
02/05/2019,5.27,5.60,0.00 (0.00 %)," ",0,0,0,0,5.60,5.6,5.60,5.60
26/04/2019,5.27,5.60,0.00 (0.00 %)," ",0,0,0,0,5.60,5.60,5.60,5.60
25/04/2019,5.27,5.60,0.00 (0.00 %)," ",0,0,0,0,5.60,5.6,5.60,5.60
24/04/2019,5.27,5.60,0.00 (0.00 %)," ",0,0,0,0,5.60,5.60,5.60,5.60
23/04/2019,5.27,5.60,0.00 (0.00 %)," ",0,0,0,0,5.60,5.6,5.60,5.60
22/04/2019,5.27,5.60,0.00 (0.00 %)," ",0,0,0,0,5.60,5.60,5.60,5.60
19/04/2019,5.27,5.60,0.00 (0.00 %)," ",0,0,0,0,5.60,5.6,5.60,5.60
18/04/2019,5.27,5.60,0.00 (0.00 %)," ",0,0,0,0,5.60,5.60,5.60,5.60
17/04/2019,5.27,5.60,0.00 (0.00 %)," ",0,0,0,0,5.60,5.6,5.60,5.60
12/04/2019,5.27,5.60,0.00 (0.00 %)," ",0,0,0,0,5.60,5.6,5.60,5.60
11/04/2019,5.27,5.60,0.00 (0.00 %)," ",0,0,0,0,5.60,5.60,5.60,5.60
10/04/2019,5.27,5.60,0.00 (0.00 %)," ",0,0,0,0,5.60,5.6,5.60,5.60
09/04/2019,5.27,5.60,0.00 (0.00 %)," ",0,0,0,0,5.60,5.60,5.60,5.60
08/04/2019,5.27,5.60,0.00 (0.00 %)," ",0,0,0,0,5.60,5.6,5.60,5.60
05/04/2019,5.27,5.60,0.00 (0.00 %)," ",0,0,0,0,5.60,5.60,5.60,5.60
04/04/2019,5.27,5.60,0.00 (0.00 %)," ",0,0,0,0,5.60,5.6,5.60,5.60
03/04/2019,5.27,5.60,0.00 (0.00 %)," ",0,0,0,0,5.60,5.60,5.60,5.60
02/04/2019,5.27,5.60,0.00 (0.00 %)," ",0,0,0,0,5.60,5.6,5.60,5.60
01/04/2019,5.27,5.60,0.00 (0.00 %)," ",0,0,0,0,5.60,5.60,5.60,5.60
29/03/2019,5.27,5.60,0.00 (0.00 %)," ",0,0,0,0,5.60,5.6,5.60,5.60
28/03/2019,5.27,5.60,0.00 (0.00 %)," ",0,0,0,0,5.60,5.60,5.60,5.60
27/03/2019,5.27,5.60,0.00 (0.00 %)," ",0,0,0,0,5.60,5.6,5.60,5.60
26/03/2019,5.27,5.60,0.00 (0.00 %)," ",0,0,0,0,5.60,5.60,5.60,5.60
25/03/2019,5.27,5.60,0.00 (0.00 %)," ",0,0,0,0,5.60,5.6,5.60,5.60
22/03/2019,5.27,5.60,0.00 (0.00 %)," ",0,0,0,0,5.60,5.60,5.60,5.60
21/03/2019,5.27,5.60,0.00 (0.00 %)," ",0,0,0,0,5.60,5.6,5.60,5.60
20/03/2019,5.27,5.60,0.00 (0.00 %)," ",44,"246,400",0,0,5.60,5.60,5.60,5.60
19/03/2019,5.27,5.60,0.00 (0.00 %)," ",0,0,0,0,5.60,5.6,5.60,5.60
15/03/2019,5.27,5.60,-0.60 (-9.68 %)," ","1,700","9,520,000",0,0,6.20,5.6,5.60,5.60
14/03/2019,5.84,6.20,0.00 (0.00 %)," ",0,0,0,0,6.20,6.20,6.20,6.20
13/03/2019,5.84,6.20,0.00 (0.00 %)," ",44,"268,400",0,0,6.20,6.2,6.20,6.20
12/03/2019,5.84,6.20,0.00 (0.00 %)," ",0,0,0,0,6.20,6.20,6.20,6.20
11/03/2019,5.84,6.20,0.00 (0.00 %)," ",0,0,0,0,6.20,6.2,6.20,6.20
08/03/2019,5.84,6.20,0.00 (0.00 %)," ",0,0,0,0,6.20,6.20,6.20,6.20
07/03/2019,5.84,6.20,0.00 (0.00 %)," ",0,0,0,0,6.20,6.2,6.20,6.20
06/03/2019,5.84,6.20,0.00 (0.00 %)," ",0,0,0,0,6.20,6.20,6.20,6.20
05/03/2019,5.84,6.20,0.00 (0.00 %)," ",0,0,0,0,6.20,6.2,6.20,6.20
04/03/2019,5.84,6.20,0.00 (0.00 %)," ",0,0,0,0,6.20,6.20,6.20,6.20
01/03/2019,5.84,6.20,0.00 (0.00 %)," ",0,0,0,0,6.20,6.2,6.20,6.20
28/02/2019,5.84,6.20,0.00 (0.00 %)," ",50,"310,000",0,0,6.20,6.20,6.20,6.20
27/02/2019,5.84,6.20,0.00 (0.00 %)," ",0,0,0,0,6.20,6.2,6.20,6.20
26/02/2019,5.84,6.20,0.00 (0.00 %)," ",0,0,"360,000","2,232,000,000",6.20,6.20,6.20,6.20
25/02/2019,5.84,6.20,0.00 (0.00 %)," ",0,0,0,0,6.20,6.2,6.20,6.20
22/02/2019,5.84,6.20,0.50 (8.77 %)," ","1,000","6,200,000",0,0,5.70,6.20,6.20,6.20
21/02/2019,5.37,5.70,0.10 (1.79 %)," ","2,000","11,400,000",0,0,5.60,5.7,5.70,5.70
20/02/2019,5.27,5.60,0.00 (0.00 %)," ",0,0,0,0,5.60,5.60,5.60,5.60
19/02/2019,5.27,5.60,0.00 (0.00 %)," ",0,0,0,0,5.60,5.6,5.60,5.60
15/02/2019,5.27,5.60,0.00 (0.00 %)," ",0,0,0,0,5.60,5.6,5.60,5.60
14/02/2019,5.27,5.60,0.00 (0.00 %)," ",0,0,0,0,5.60,5.60,5.60,5.60
13/02/2019,5.27,5.60,0.00 (0.00 %)," ",0,0,0,0,5.60,5.6,5.60,5.60
12/02/2019,5.27,5.60,0.00 (0.00 %)," ",0,0,0,0,5.60,5.60,5.60,5.60
11/02/2019,5.27,5.60,-0.60 (-9.68 %)," ",500,"2,800,000",0,0,6.20,5.6,5.60,5.60
01/02/2019,5.84,6.20,0.30 (5.08 %)," ",100,"620,000",0,0,5.90,6.20,6.20,6.20
31/01/2019,5.55,5.90,0.40 (7.27 %)," ",200,"1,090,000",0,0,5.50,5.0,5.90,5.00
30/01/2019,5.18,5.50,0.50 (10.00 %)," ",110,"605,000",0,0,5.00,5.50,5.50,5.50
29/01/2019,4.71,5.00,0.40 (8.70 %)," ",100,"500,000",0,0,4.60,5.0,5.00,5.00
28/01/2019,4.33,4.60,0.40 (9.52 %)," ",110,"506,000",0,0,4.20,4.60,4.60,4.60
25/01/2019,3.95,4.20,0.00 (0.00 %)," ",61,"237,900",0,0,4.20,4.2,4.20,4.20
24/01/2019,3.95,4.20,-0.30 (-6.67 %)," ",100,"420,000",0,0,4.50,4.20,4.20,4.20
23/01/2019,4.24,4.50,0.00 (0.00 %)," ",0,0,0,0,4.50,4.5,4.50,4.50
22/01/2019,4.24,4.50,-0.30 (-6.25 %)," ",100,"450,000",0,0,4.80,4.50,4.50,4.50
21/01/2019,4.52,4.80,0.00 (0.00 %)," ",100,"480,000",0,0,4.80,4.8,4.80,4.80
18/01/2019,4.52,4.80,-0.10 (-2.04 %)," ",100,"480,000",0,0,4.90,4.80,4.80,4.80
17/01/2019,4.61,4.90,-0.40 (-7.55 %)," ",100,"490,000",0,0,5.30,4.9,4.90,4.90
16/01/2019,4.99,5.30,-0.40 (-7.02 %)," ",100,"530,000",0,0,5.70,5.30,5.30,5.30
15/01/2019,5.37,5.70,0.00 (0.00 %)," ",0,0,0,0,5.70,5.7,5.70,5.70
11/01/2019,5.93,6.30,0.40 (6.78 %)," ",200,"1,000,000",0,0,5.90,5.4,6.30,5.40
10/01/2019,5.55,5.90,0.50 (9.26 %)," ","1,300","7,000,000",0,0,5.40,5.40,5.90,5.40
09/01/2019,5.08,5.40,-0.60 (-10.00 %)," ",100,"1,000,000",0,0,6.00,5.4,5.40,5.40
08/01/2019,5.65,6.00,0.00 (0.00 %)," ",0,0,0,0,6.00,6.00,6.00,6.00
07/01/2019,5.65,6.00,0.00 (0.00 %)," ",0,0,0,0,6.00,6.0,6.00,6.00
04/01/2019,5.65,6.00,-0.60 (-9.09 %)," ","3,200","19,200,000",0,0,6.60,6.00,6.00,6.00
03/01/2019,6.21,6.60,0.60 (10.00 %)," ",100,"660,000",0,0,6.00,6.6,6.60,6.60
02/01/2019,5.65,6.00,-0.60 (-9.09 %)," ",500,"3,000,000",0,0,6.60,6.00,6.00,6.00
28/12/2018,6.21,6.60,0.00 (0.00 %)," ",0,0,0,0,6.60,6.6,6.60,6.60
27/12/2018,6.21,6.60,0.60 (10.00 %)," ","7,400","40,080,000",0,0,6.00,5.40,6.60,5.40
26/12/2018,5.65,6.00,0.00 (0.00 %)," ",0,0,0,0,6.00,6.0,6.00,6.00
25/12/2018,5.65,6.00,-0.10 (-1.64 %)," ","1,000","6,000,000",0,0,6.10,6.00,6.00,6.00
24/12/2018,5.74,6.10,-0.50 (-7.58 %)," ",100,"610,000",0,0,6.60,6.1,6.10,6.10
21/12/2018,6.21,6.60,-0.70 (-9.59 %)," ","3,900","25,920,000",0,0,7.30,6.70,6.70,6.60
20/12/2018,6.87,7.30,0.00 (0.00 %)," ",0,0,0,0,7.30,7.3,7.30,7.30
19/12/2018,6.87,7.30,0.00 (0.00 %)," ",0,0,0,0,7.30,7.30,7.30,7.30
18/12/2018,6.87,7.30,-0.80 (-9.88 %)," ",800,"5,840,000",0,0,8.10,7.3,7.30,7.30
17/12/2018,7.63,8.10,0.00 (0.00 %)," ",0,0,0,0,8.10,8.10,8.10,8.10
14/12/2018,7.63,8.10,-0.80 (-8.99 %)," ",200,"1,620,000",0,0,8.90,8.1,8.10,8.10
12/12/2018,9.23,9.80,0.00 (0.00 %)," ",0,0,0,0,9.80,9.8,9.80,9.80
11/12/2018,9.23,9.80,0.00 (0.00 %)," ",0,0,0,0,9.80,9.80,9.80,9.80
10/12/2018,9.23,9.80,0.00 (0.00 %)," ",0,0,0,0,9.80,9.8,9.80,9.80
07/12/2018,9.23,9.80,0.00 (0.00 %)," ",0,0,0,0,9.80,9.80,9.80,9.80
06/12/2018,9.23,9.80,0.00 (0.00 %)," ",0,0,0,0,9.80,9.8,9.80,9.80
05/12/2018,9.23,9.80,0.00 (0.00 %)," ",0,0,0,0,9.80,9.80,9.80,9.80
04/12/2018,9.23,9.80,0.00 (0.00 %)," ",0,0,0,0,9.80,9.8,9.80,9.80
03/12/2018,9.23,9.80,0.00 (0.00 %)," ",0,0,0,0,9.80,9.80,9.80,9.80
30/11/2018,9.23,9.80,-1.00 (-9.26 %)," ","3,100","30,380,000",0,0,10.80,9.8,9.80,9.80
29/11/2018,10.17,10.80,0.00 (0.00 %)," ",0,0,0,0,10.80,10.80,10.80,10.80
28/11/2018,10.17,10.80,0.00 (0.00 %)," ",0,0,0,0,10.80,10.8,10.80,10.80
27/11/2018,10.17,10.80,0.00 (0.00 %)," ",0,0,0,0,10.80,10.80,10.80,10.80
26/11/2018,10.17,10.80,0.00 (0.00 %)," ",0,0,0,0,10.80,10.8,10.80,10.80
23/11/2018,10.17,10.80,0.00 (0.00 %)," ",0,0,0,0,10.80,10.80,10.80,10.80
22/11/2018,10.17,10.80,0.00 (0.00 %)," ",0,0,0,0,10.80,10.8,10.80,10.80
21/11/2018,10.17,10.80,0.00 (0.00 %)," ",0,0,0,0,10.80,10.80,10.80,10.80
20/11/2018,10.17,10.80,0.00 (0.00 %)," ",0,0,0,0,10.80,10.8,10.80,10.80
19/11/2018,10.17,10.80,0.00 (0.00 %)," ",0,0,0,0,10.80,10.80,10.80,10.80
16/11/2018,10.17,10.80,0.00 (0.00 %)," ",0,0,0,0,10.80,10.8,10.80,10.80
14/11/2018,10.17,10.80,0.00 (0.00 %)," ",0,0,0,0,10.80,10.8,10.80,10.80
13/11/2018,10.17,10.80,0.00 (0.00 %)," ",0,0,0,0,10.80,10.80,10.80,10.80
12/11/2018,10.17,10.80,0.00 (0.00 %)," ",0,0,0,0,10.80,10.8,10.80,10.80
09/11/2018,10.17,10.80,0.00 (0.00 %)," ",0,0,0,0,10.80,10.80,10.80,10.80
08/11/2018,10.17,10.80,0.90 (9.09 %)," ",100,"1,080,000",0,0,9.90,10.8,10.80,10.80
07/11/2018,9.32,9.90,0.00 (0.00 %)," ",0,0,0,0,9.90,9.90,9.90,9.90
06/11/2018,9.32,9.90,0.00 (0.00 %)," ",0,0,0,0,9.90,9.9,9.90,9.90
05/11/2018,9.32,9.90,0.00 (0.00 %)," ",0,0,0,0,9.90,9.90,9.90,9.90
02/11/2018,9.32,9.90,0.00 (0.00 %)," ",0,0,0,0,9.90,9.9,9.90,9.90
01/11/2018,9.32,9.90,0.90 (10.00 %)," ",100,"990,000",0,0,9.00,9.90,9.90,9.90
31/10/2018,8.47,9.00,0.00 (0.00 %)," ",0,0,0,0,9.00,9.0,9.00,9.00
30/10/2018,8.47,9.00,0.00 (0.00 %)," ",0,0,0,0,9.00,9.00,9.00,9.00
29/10/2018,8.47,9.00,0.00 (0.00 %)," ",0,0,0,0,9.00,9.0,9.00,9.00
26/10/2018,8.47,9.00,0.00 (0.00 %)," ",0,0,0,0,9.00,9.00,9.00,9.00
25/10/2018,8.47,9.00,0.00 (0.00 %)," ",0,0,0,0,9.00,9.0,9.00,9.00
24/10/2018,8.47,9.00,0.00 (0.00 %)," ",0,0,0,0,9.00,9.00,9.00,9.00
23/10/2018,8.47,9.00,0.00 (0.00 %)," ",0,0,0,0,9.00,9.0,9.00,9.00
22/10/2018,8.47,9.00,0.00 (0.00 %)," ",0,0,0,0,9.00,9.00,9.00,9.00
19/10/2018,8.47,9.00,0.80 (9.76 %)," ",100,"900,000",0,0,8.20,9.0,9.00,9.00
14/11/2018,10.17,10.80,0.00 (0.00 %)," ",0,0,0,0,10.80,10.8,10.80,10.80
13/11/2018,10.17,10.80,0.00 (0.00 %)," ",0,0,0,0,10.80,10.80,10.80,10.80
12/11/2018,10.17,10.80,0.00 (0.00 %)," ",0,0,0,0,10.80,10.8,10.80,10.80
09/11/2018,10.17,10.80,0.00 (0.00 %)," ",0,0,0,0,10.80,10.80,10.80,10.80
08/11/2018,10.17,10.80,0.90 (9.09 %)," ",100,"1,080,000",0,0,9.90,10.8,10.80,10.80
07/11/2018,9.32,9.90,0.00 (0.00 %)," ",0,0,0,0,9.90,9.90,9.90,9.90
06/11/2018,9.32,9.90,0.00 (0.00 %)," ",0,0,0,0,9.90,9.9,9.90,9.90
05/11/2018,9.32,9.90,0.00 (0.00 %)," ",0,0,0,0,9.90,9.90,9.90,9.90
02/11/2018,9.32,9.90,0.00 (0.00 %)," ",0,0,0,0,9.90,9.9,9.90,9.90
01/11/2018,9.32,9.90,0.90 (10.00 %)," ",100,"990,000",0,0,9.00,9.90,9.90,9.90
31/10/2018,8.47,9.00,0.00 (0.00 %)," ",0,0,0,0,9.00,9.0,9.00,9.00
30/10/2018,8.47,9.00,0.00 (0.00 %)," ",0,0,0,0,9.00,9.00,9.00,9.00
29/10/2018,8.47,9.00,0.00 (0.00 %)," ",0,0,0,0,9.00,9.0,9.00,9.00
26/10/2018,8.47,9.00,0.00 (0.00 %)," ",0,0,0,0,9.00,9.00,9.00,9.00
25/10/2018,8.47,9.00,0.00 (0.00 %)," ",0,0,0,0,9.00,9.0,9.00,9.00
24/10/2018,8.47,9.00,0.00 (0.00 %)," ",0,0,0,0,9.00,9.00,9.00,9.00
23/10/2018,8.47,9.00,0.00 (0.00 %)," ",0,0,0,0,9.00,9.0,9.00,9.00
22/10/2018,8.47,9.00,0.00 (0.00 %)," ",0,0,0,0,9.00,9.00,9.00,9.00
19/10/2018,8.47,9.00,0.80 (9.76 %)," ",100,"900,000",0,0,8.20,9.0,9.00,9.00
14/11/2018,10.17,10.80,0.00 (0.00 %)," ",0,0,0,0,10.80,10.8,10.80,10.80
13/11/2018,10.17,10.80,0.00 (0.00 %)," ",0,0,0,0,10.80,10.80,10.80,10.80
12/11/2018,10.17,10.80,0.00 (0.00 %)," ",0,0,0,0,10.80,10.8,10.80,10.80
09/11/2018,10.17,10.80,0.00 (0.00 %)," ",0,0,0,0,10.80,10.80,10.80,10.80
08/11/2018,10.17,10.80,0.90 (9.09 %)," ",100,"1,080,000",0,0,9.90,10.8,10.80,10.80
07/11/2018,9.32,9.90,0.00 (0.00 %)," ",0,0,0,0,9.90,9.90,9.90,9.90
06/11/2018,9.32,9.90,0.00 (0.00 %)," ",0,0,0,0,9.90,9.9,9.90,9.90
05/11/2018,9.32,9.90,0.00 (0.00 %)," ",0,0,0,0,9.90,9.90,9.90,9.90
02/11/2018,9.32,9.90,0.00 (0.00 %)," ",0,0,0,0,9.90,9.9,9.90,9.90
01/11/2018,9.32,9.90,0.90 (10.00 %)," ",100,"990,000",0,0,9.00,9.90,9.90,9.90
31/10/2018,8.47,9.00,0.00 (0.00 %)," ",0,0,0,0,9.00,9.0,9.00,9.00
30/10/2018,8.47,9.00,0.00 (0.00 %)," ",0,0,0,0,9.00,9.00,9.00,9.00
29/10/2018,8.47,9.00,0.00 (0.00 %)," ",0,0,0,0,9.00,9.0,9.00,9.00
26/10/2018,8.47,9.00,0.00 (0.00 %)," ",0,0,0,0,9.00,9.00,9.00,9.00
25/10/2018,8.47,9.00,0.00 (0.00 %)," ",0,0,0,0,9.00,9.0,9.00,9.00
24/10/2018,8.47,9.00,0.00 (0.00 %)," ",0,0,0,0,9.00,9.00,9.00,9.00
23/10/2018,8.47,9.00,0.00 (0.00 %)," ",0,0,0,0,9.00,9.0,9.00,9.00
22/10/2018,8.47,9.00,0.00 (0.00 %)," ",0,0,0,0,9.00,9.00,9.00,9.00
19/10/2018,8.47,9.00,0.80 (9.76 %)," ",100,"900,000",0,0,8.20,9.0,9.00,9.00
17/10/2018,7.72,8.20,0.00 (0.00 %)," ",0,0,0,0,8.20,8.2,8.20,8.20
16/10/2018,7.72,8.20,0.00 (0.00 %)," ",0,0,0,0,8.20,8.20,8.20,8.20
15/10/2018,7.72,8.20,0.70 (9.33 %)," ",100,"820,000",0,0,7.50,8.2,8.20,8.20
12/10/2018,7.06,7.50,0.00 (0.00 %)," ",0,0,82,"557,600",7.50,7.50,7.50,7.50
11/10/2018,7.06,7.50,0.00 (0.00 %)," ",0,0,0,0,7.50,7.5,7.50,7.50
10/10/2018,7.06,7.50,0.00 (0.00 %)," ",0,0,0,0,7.50,7.50,7.50,7.50
09/10/2018,7.06,7.50,0.00 (0.00 %)," ",0,0,0,0,7.50,7.5,7.50,7.50
08/10/2018,7.06,7.50,0.00 (0.00 %)," ",0,0,0,0,7.50,7.50,7.50,7.50
05/10/2018,7.06,7.50,0.00 (0.00 %)," ",0,0,0,0,7.50,7.5,7.50,7.50
04/10/2018,7.06,7.50,0.00 (0.00 %)," ",0,0,0,0,7.50,7.50,7.50,7.50
03/10/2018,7.06,7.50,0.00 (0.00 %)," ",0,0,0,0,7.50,7.5,7.50,7.50
02/10/2018,7.06,7.50,0.00 (0.00 %)," ",0,0,0,0,7.50,7.50,7.50,7.50
01/10/2018,7.06,7.50,0.00 (0.00 %)," ",0,0,0,0,7.50,7.5,7.50,7.50
28/09/2018,7.06,7.50,0.00 (0.00 %)," ",0,0,0,0,7.50,7.50,7.50,7.50
27/09/2018,7.06,7.50,0.00 (0.00 %)," ",0,0,0,0,7.50,7.5,7.50,7.50
26/09/2018,7.06,7.50,0.00 (0.00 %)," ",0,0,0,0,7.50,7.50,7.50,7.50
25/09/2018,7.06,7.50,0.00 (0.00 %)," ",0,0,0,0,7.50,7.5,7.50,7.50
24/09/2018,7.06,7.50,0.00 (0.00 %)," ",0,0,0,0,7.50,7.50,7.50,7.50
21/09/2018,7.06,7.50,0.00 (0.00 %)," ","2,000","15,000,000",54,"367,200",7.50,7.5,7.50,7.50
19/09/2018,7.06,7.50,0.00 (0.00 %)," ","2,000","15,000,000",0,0,7.50,7.5,7.50,7.50
18/09/2018,7.06,7.50,0.00 (0.00 %)," ",0,0,0,0,7.50,7.50,7.50,7.50
17/09/2018,7.06,7.50,0.00 (0.00 %)," ",0,0,0,0,7.50,7.5,7.50,7.50
14/09/2018,7.06,7.50,0.00 (0.00 %)," ",500,"3,750,000",0,0,7.50,7.50,7.50,7.50
13/09/2018,7.06,7.50,0.30 (4.17 %)," ","2,000","15,000,000",0,0,7.20,7.5,7.50,7.50
12/09/2018,6.78,7.20,0.00 (0.00 %)," ",0,0,0,0,7.20,7.20,7.20,7.20
11/09/2018,6.78,7.20,0.00 (0.00 %)," ",0,0,0,0,7.20,7.2,7.20,7.20
10/09/2018,6.78,7.20,0.00 (0.00 %)," ",0,0,0,0,7.20,7.20,7.20,7.20
07/09/2018,6.78,7.20,0.60 (9.09 %)," ",300,"2,160,000",0,0,6.60,7.2,7.20,7.20
06/09/2018,6.21,6.60,0.60 (10.00 %)," ",100,"660,000",0,0,6.00,6.60,6.60,6.60
05/09/2018,5.65,6.00,0.00 (0.00 %)," ",0,0,0,0,6.00,6.0,6.00,6.00
04/09/2018,5.65,6.00,0.00 (0.00 %)," ",0,0,0,0,6.00,6.00,6.00,6.00
31/08/2018,5.65,6.00,-0.40 (-6.25 %)," ",100,"600,000",0,0,6.40,6.0,6.00,6.00
30/08/2018,6.02,6.40,0.00 (0.00 %)," ",174,"1,077,000",0,0,6.40,6.40,6.40,6.40
29/08/2018,6.02,6.40,0.00 (0.00 %)," ",0,0,0,0,6.40,6.4,6.40,6.40
28/08/2018,6.02,6.40,-0.60 (-8.57 %)," ","4,311","27,590,400",0,0,7.00,6.40,6.40,6.40
27/08/2018,6.59,7.00,0.00 (0.00 %)," ",0,0,0,0,7.00,7.0,7.00,7.00
24/08/2018,6.59,7.00,0.00 (0.00 %)," ",0,0,0,0,7.00,7.00,7.00,7.00
23/08/2018,6.59,7.00,0.00 (0.00 %)," ",0,0,0,0,7.00,7.0,7.00,7.00
19/09/2018,7.06,7.50,0.00 (0.00 %)," ","2,000","15,000,000",0,0,7.50,7.5,7.50,7.50
18/09/2018,7.06,7.50,0.00 (0.00 %)," ",0,0,0,0,7.50,7.50,7.50,7.50
17/09/2018,7.06,7.50,0.00 (0.00 %)," ",0,0,0,0,7.50,7.5,7.50,7.50
14/09/2018,7.06,7.50,0.00 (0.00 %)," ",500,"3,750,000",0,0,7.50,7.50,7.50,7.50
13/09/2018,7.06,7.50,0.30 (4.17 %)," ","2,000","15,000,000",0,0,7.20,7.5,7.50,7.50
12/09/2018,6.78,7.20,0.00 (0.00 %)," ",0,0,0,0,7.20,7.20,7.20,7.20
11/09/2018,6.78,7.20,0.00 (0.00 %)," ",0,0,0,0,7.20,7.2,7.20,7.20
10/09/2018,6.78,7.20,0.00 (0.00 %)," ",0,0,0,0,7.20,7.20,7.20,7.20
07/09/2018,6.78,7.20,0.60 (9.09 %)," ",300,"2,160,000",0,0,6.60,7.2,7.20,7.20
06/09/2018,6.21,6.60,0.60 (10.00 %)," ",100,"660,000",0,0,6.00,6.60,6.60,6.60
05/09/2018,5.65,6.00,0.00 (0.00 %)," ",0,0,0,0,6.00,6.0,6.00,6.00
04/09/2018,5.65,6.00,0.00 (0.00 %)," ",0,0,0,0,6.00,6.00,6.00,6.00
31/08/2018,5.65,6.00,-0.40 (-6.25 %)," ",100,"600,000",0,0,6.40,6.0,6.00,6.00
30/08/2018,6.02,6.40,0.00 (0.00 %)," ",174,"1,077,000",0,0,6.40,6.40,6.40,6.40
29/08/2018,6.02,6.40,0.00 (0.00 %)," ",0,0,0,0,6.40,6.4,6.40,6.40
28/08/2018,6.02,6.40,-0.60 (-8.57 %)," ","4,311","27,590,400",0,0,7.00,6.40,6.40,6.40
27/08/2018,6.59,7.00,0.00 (0.00 %)," ",0,0,0,0,7.00,7.0,7.00,7.00
24/08/2018,6.59,7.00,0.00 (0.00 %)," ",0,0,0,0,7.00,7.00,7.00,7.00
23/08/2018,6.59,7.00,0.00 (0.00 %)," ",0,0,0,0,7.00,7.0,7.00,7.00
