29/04/2022,9.90,9.90,0.20 (2.06 %)," ","456,008","4,474,459,200",0,0,9.70,9.8,9.90,9.60
28/04/2022,9.70,9.70,0.20 (2.11 %)," ","530,300","5,139,620,000",0,0,9.50,9.50,9.80,9.50
27/04/2022,9.50,9.50,0.30 (3.26 %)," ","467,000","4,360,000,000",0,0,9.20,9.2,9.60,9.00
26/04/2022,9.20,9.20,0.70 (8.24 %)," ","487,035","4,212,814,200",0,0,8.50,8.40,9.20,8.10
25/04/2022,8.50,8.50,-0.50 (-5.56 %)," ","569,500","5,004,720,000",0,0,9.00,9.0,9.40,8.30
22/04/2022,9.00,9.00,0.10 (1.12 %)," ","760,000","6,916,030,000",0,0,8.90,8.90,9.60,8.30
21/04/2022,8.90,8.90,-0.90 (-9.18 %)," ","1,275,500","11,417,100,000",0,0,9.80,9.1,9.60,8.90
20/04/2022,9.80,9.80,-1.00 (-9.26 %)," ","1,417,100","14,085,540,000",0,0,10.80,10.50,10.70,9.80
19/04/2022,10.80,10.80,-1.20 (-10.00 %)," ","1,173,900","13,207,710,000",0,0,12.00,12.0,12.30,10.80
18/04/2022,12.00,12.00,-1.30 (-9.77 %)," ","1,481,578","18,144,997,000",0,0,13.30,13.30,13.30,12.00
14/04/2022,13.60,13.60,-0.30 (-2.16 %)," ","457,700","6,287,380,000",0,0,13.90,13.9,14.10,13.50
13/04/2022,13.90,13.90,0.60 (4.51 %)," ","438,901","5,900,843,600",0,0,13.30,13.20,13.90,13.20
12/04/2022,13.30,13.30,-1.10 (-7.64 %)," ","1,203,822","16,663,493,400","20,000","300,000,000",14.40,14.4,14.40,13.10
08/04/2022,14.40,14.40,-0.20 (-1.37 %)," ","754,800","10,898,800,000",0,0,14.60,14.60,14.80,14.20
07/04/2022,14.60,14.60,-0.40 (-2.67 %)," ","553,648","8,131,279,500",0,0,15.00,15.0,15.00,14.50
06/04/2022,15.00,15.00,-0.30 (-1.96 %)," ","1,185,426","17,853,308,200",0,0,15.30,15.30,15.50,14.80
05/04/2022,15.30,15.30,0.30 (2.00 %)," ","1,128,533","17,114,755,000",0,0,15.00,15.1,15.50,14.80
04/04/2022,15.00,15.00,0.30 (2.04 %)," ","603,776","8,906,569,300",0,0,14.70,14.80,15.00,14.50
01/04/2022,14.70,14.70,0.40 (2.80 %)," ","896,836","12,855,614,900",0,0,14.30,14.3,14.80,14.10
30/03/2022,14.70,14.70,-0.90 (-5.77 %)," ","2,148,498","32,277,781,800",0,0,15.60,15.5,15.70,14.60
29/03/2022,15.60,15.60,0.30 (1.96 %)," ","875,715","13,567,862,700",0,0,15.30,15.30,15.70,15.30
28/03/2022,15.30,15.30,-0.70 (-4.38 %)," ","2,262,008","34,798,005,800",0,0,16.00,16.0,16.00,14.90
25/03/2022,16.00,16.00,-0.20 (-1.23 %)," ","1,543,375","25,084,042,900",0,0,16.20,16.20,16.70,16.00
24/03/2022,16.20,16.20,0.50 (3.18 %)," ","2,457,380","39,636,239,000","100,000","1,570,000,000",15.70,15.7,16.70,15.50
23/03/2022,15.70,15.70,-0.10 (-0.63 %)," ","2,455,760","38,666,568,700",0,0,15.80,15.70,16.00,15.50
22/03/2022,15.80,15.80,-0.40 (-2.47 %)," ","1,594,556","25,313,231,100",0,0,16.20,16.2,16.30,15.70
21/03/2022,16.20,16.20,0.20 (1.25 %)," ","1,789,305","29,016,691,800",0,0,16.00,16.10,16.50,16.00
18/03/2022,16.00,16.00,1.30 (8.84 %)," ","4,622,585","72,664,367,200",0,0,14.70,14.7,16.10,14.70
17/03/2022,14.70,14.70,0.10 (0.68 %)," ","652,160","9,609,922,000",0,0,14.60,14.70,15.00,14.60
16/03/2022,14.60,14.60,-0.30 (-2.01 %)," ","819,823","12,199,227,000",0,0,14.90,15.0,15.20,14.60
15/03/2022,14.90,14.90,0.80 (5.67 %)," ","1,622,110","23,947,090,000",0,0,14.10,14.10,15.30,14.00
14/03/2022,14.10,14.10,-0.20 (-1.40 %)," ","826,640","11,629,286,000",0,0,14.30,14.2,14.40,13.80
11/03/2022,14.30,14.30,-0.30 (-2.05 %)," ","1,340,736","19,300,132,600","7,000","112,000,000",14.60,14.60,14.70,14.10
10/03/2022,14.60,14.60,0.00 (0.00 %)," ","868,671","12,714,133,700",0,0,14.60,14.5,14.90,14.50
09/03/2022,14.60,14.60,-0.10 (-0.68 %)," ","965,084","13,790,693,200",0,0,14.70,14.00,14.80,13.90
08/03/2022,14.70,14.70,-0.50 (-3.29 %)," ","1,751,767","26,395,417,000",0,0,15.20,15.2,15.50,14.70
07/03/2022,15.20,15.20,0.50 (3.40 %)," ","2,085,581","30,903,404,600",0,0,14.70,14.50,15.20,14.40
04/03/2022,14.70,14.70,0.20 (1.38 %)," ","1,428,880","21,132,975,000",0,0,14.50,14.6,15.20,14.40
02/03/2022,14.10,14.10,-0.40 (-2.76 %)," ","1,088,923","15,479,055,900",0,0,14.50,14.6,14.70,13.90
01/03/2022,14.50,14.50,0.40 (2.84 %)," ","1,289,241","18,352,791,200",0,0,14.10,14.10,14.80,13.90
28/02/2022,14.10,14.10,0.00 (0.00 %)," ","1,026,070","14,293,690,000",34,"431,800",14.10,14.2,14.20,13.80
25/02/2022,14.10,14.10,0.30 (2.17 %)," ","707,883","9,923,428,300",0,0,13.80,13.90,14.30,13.80
24/02/2022,13.80,13.80,-0.80 (-5.48 %)," ","1,470,138","20,613,985,900",0,0,14.60,14.6,14.60,13.50
23/02/2022,14.60,14.60,0.00 (0.00 %)," ","497,715","7,276,379,000",0,0,14.60,14.70,14.80,14.40
22/02/2022,14.60,14.60,-0.40 (-2.67 %)," ","1,289,890","18,706,957,100",0,0,15.00,14.9,15.10,14.20
21/02/2022,15.00,15.00,0.50 (3.45 %)," ","1,205,741","18,029,198,800",0,0,14.50,14.60,15.40,14.50
18/02/2022,14.50,14.50,0.10 (0.69 %)," ","613,009","8,827,501,400",0,0,14.40,14.4,14.60,14.20
17/02/2022,14.40,14.40,-0.10 (-0.69 %)," ","517,576","7,438,824,400",0,0,14.50,14.60,14.70,14.20
16/02/2022,14.50,14.50,0.90 (6.62 %)," ","1,150,391","16,331,459,000","1,600,000","19,680,000,000",13.60,13.6,14.50,13.60
15/02/2022,13.60,13.60,0.00 (0.00 %)," ","331,400","4,463,030,000",0,0,13.60,13.40,13.70,13.10
14/02/2022,13.60,13.60,-0.30 (-2.16 %)," ","534,484","7,283,415,000",0,0,13.90,14.0,14.00,13.40
11/02/2022,13.90,13.90,-0.20 (-1.42 %)," ","392,150","5,464,490,000",0,0,14.10,14.10,14.10,13.70
10/02/2022,14.10,14.10,0.50 (3.68 %)," ","600,888","8,413,280,100",0,0,13.60,13.6,14.40,13.60
09/02/2022,13.60,13.60,0.10 (0.74 %)," ","569,740","7,670,628,000",0,0,13.50,13.60,13.80,13.20
08/02/2022,13.50,13.50,0.40 (3.05 %)," ","482,400","6,451,230,000",0,0,13.10,13.4,13.70,13.10
07/02/2022,13.10,13.10,0.50 (3.97 %)," ","581,474","7,616,626,700",0,0,12.60,12.60,13.40,12.60
28/01/2022,12.60,12.60,-0.30 (-2.33 %)," ","1,055,760","13,019,691,000",0,0,12.90,12.8,12.80,12.10
26/01/2022,13.50,13.50,-0.50 (-3.57 %)," ","775,567","10,719,329,600",0,0,14.00,14.0,14.60,13.50
25/01/2022,14.00,14.00,0.50 (3.70 %)," ","586,510","8,125,120,000",0,0,13.50,13.50,14.20,13.40
24/01/2022,13.50,13.50,-1.50 (-10.00 %)," ","1,069,887","15,039,193,400",0,0,15.00,15.1,15.10,13.50
21/01/2022,15.00,15.00,0.90 (6.38 %)," ","1,272,270","19,398,694,000",0,0,14.10,14.40,15.50,14.30
20/01/2022,14.10,14.10,1.20 (9.30 %)," ","614,491","8,358,844,300",0,0,12.90,12.9,14.10,12.90
19/01/2022,12.90,12.90,-0.40 (-3.01 %)," ","1,724,943","21,750,788,200",0,0,13.30,13.30,13.30,12.00
18/01/2022,13.30,13.30,-1.40 (-9.52 %)," ","1,381,631","18,621,664,300",0,0,14.70,14.7,14.70,13.30
17/01/2022,14.70,14.70,-1.60 (-9.82 %)," ","1,616,022","24,915,214,700",0,0,16.30,16.30,17.00,14.70
14/01/2022,16.30,16.30,0.30 (1.88 %)," ","1,926,421","29,893,798,400",0,0,16.00,14.4,17.00,14.40
13/01/2022,16.00,16.00,-1.70 (-9.60 %)," ","2,390,299","39,924,032,500",0,0,17.70,17.70,18.30,16.00
12/01/2022,17.70,17.70,-1.90 (-9.69 %)," ","3,671,655","66,466,020,100",0,0,19.60,19.6,19.60,17.70
11/01/2022,19.60,19.60,-0.80 (-3.92 %)," ","1,418,230","28,250,298,000",0,0,20.40,20.40,20.50,19.60
10/01/2022,20.40,20.40,-0.20 (-0.97 %)," ","2,873,041","60,614,061,900",0,0,20.60,21.8,22.60,20.40
07/01/2022,20.60,20.60,0.70 (3.52 %)," ","3,516,881","72,051,751,100",0,0,19.90,20.00,21.10,19.90
06/01/2022,19.90,19.90,0.20 (1.02 %)," ","2,368,835","46,253,962,300",0,0,19.70,19.7,20.20,19.20
05/01/2022,19.70,19.70,0.10 (0.51 %)," ","1,844,383","36,494,867,200",0,0,19.60,19.60,20.50,19.40
04/01/2022,19.60,19.60,0.20 (1.03 %)," ","1,954,868","38,426,322,200",0,0,19.40,19.4,20.20,19.10
31/12/2021,19.40,19.40,-0.70 (-3.48 %)," ","1,335,408","26,232,735,800",0,0,20.10,20.10,20.20,19.40
30/12/2021,20.10,20.10,-0.70 (-3.37 %)," ","1,262,193","25,467,416,100",0,0,20.80,20.8,21.50,19.90
28/12/2021,19.50,19.50,0.00 (0.00 %)," ","2,063,003","40,359,218,600",0,0,19.50,19.7,20.20,19.00
27/12/2021,19.50,19.50,0.00 (0.00 %)," ","2,482,063","47,500,077,700",0,0,19.50,19.50,20.50,18.10
24/12/2021,19.50,19.50,-1.30 (-6.25 %)," ","2,383,647","47,229,795,200",52,"977,600",20.80,20.7,20.80,19.40
23/12/2021,20.80,20.80,0.70 (3.48 %)," ","3,211,425","66,898,716,600",0,0,20.10,20.80,21.40,19.00
22/12/2021,20.10,20.10,1.80 (9.84 %)," ","5,641,345","111,584,485,600",0,0,18.30,18.3,20.10,18.30
21/12/2021,18.30,18.30,1.20 (7.02 %)," ","2,920,649","51,340,540,100",0,0,17.10,17.10,18.40,16.80
20/12/2021,17.10,17.10,0.10 (0.59 %)," ","1,313,767","22,617,621,500",0,0,17.00,17.1,17.60,17.00
17/12/2021,17.00,17.00,0.20 (1.19 %)," ","1,930,284","32,860,055,000",56,"851,200",16.80,16.70,17.60,16.50
16/12/2021,16.80,16.80,-0.10 (-0.59 %)," ","1,350,025","22,626,287,500",0,0,16.90,16.9,17.20,16.60
15/12/2021,16.90,16.90,-0.40 (-2.31 %)," ","881,452","14,972,626,400",0,0,17.30,17.30,17.30,16.80
14/12/2021,17.30,17.30,-0.40 (-2.26 %)," ","1,471,862","25,974,861,900",0,0,17.70,17.9,18.30,17.20
13/12/2021,17.70,17.70,1.00 (5.99 %)," ","1,762,371","30,556,730,900","40,000","604,000,000",16.70,16.70,17.90,16.60
10/12/2021,16.70,16.70,-0.10 (-0.60 %)," ","840,812","14,156,692,900",0,0,16.80,16.8,17.00,16.70
09/12/2021,16.80,16.80,0.40 (2.44 %)," ","857,110","14,364,218,000",0,0,16.40,16.40,17.40,16.20
08/12/2021,16.40,16.40,-0.50 (-2.96 %)," ","961,300","16,105,138,500",0,0,16.90,17.0,17.30,16.40
07/12/2021,16.90,16.90,0.40 (2.42 %)," ","797,673","13,336,992,200",0,0,16.50,16.50,17.00,16.50
06/12/2021,16.50,16.50,-0.30 (-1.79 %)," ","1,744,983","29,259,057,700",0,0,16.80,16.8,17.80,16.40
03/12/2021,16.80,16.80,-0.70 (-4.00 %)," ","1,613,210","27,769,575,000",0,0,17.50,17.20,17.70,16.70
02/12/2021,17.50,17.50,-0.40 (-2.23 %)," ","1,225,342","21,726,312,300",0,0,17.90,17.9,18.50,17.30
30/11/2021,18.30,18.30,-0.20 (-1.08 %)," ","1,769,967","33,390,885,400",0,0,18.50,19.0,19.40,18.20
29/11/2021,18.50,18.50,0.70 (3.93 %)," ","2,579,073","47,375,591,900",0,0,17.80,17.80,19.10,16.60
26/11/2021,17.80,17.80,1.00 (5.95 %)," ","2,824,751","49,018,469,700",0,0,16.80,17.0,18.40,16.10
25/11/2021,16.80,16.80,-0.10 (-0.59 %)," ","778,653","13,089,138,700",0,0,16.90,16.50,17.10,16.50
24/11/2021,16.90,16.90,-0.30 (-1.74 %)," ","1,516,328","25,610,766,400",0,0,17.20,17.3,17.50,16.40
23/11/2021,17.20,17.20,1.00 (6.17 %)," ","1,284,600","20,793,158,300",0,0,16.20,15.50,17.20,15.00
22/11/2021,16.20,16.20,-1.80 (-10.00 %)," ","1,824,265","30,715,867,500",0,0,18.00,18.0,18.00,16.20
19/11/2021,18.00,18.00,-0.70 (-3.74 %)," ","2,734,561","51,386,663,400",0,0,18.70,19.00,20.00,16.90
18/11/2021,18.70,18.70,1.70 (10.00 %)," ","3,625,110","65,922,406,900",0,0,17.00,17.0,18.70,16.80
17/11/2021,17.00,17.00,0.10 (0.59 %)," ","1,655,820","27,943,701,600",0,0,16.90,16.90,17.10,16.50
16/11/2021,16.90,16.90,-0.20 (-1.17 %)," ","1,453,126","24,579,297,600",0,0,17.10,17.1,17.20,16.70
15/11/2021,17.10,17.10,-0.10 (-0.58 %)," ","2,332,676","40,149,492,800",0,0,17.20,17.20,17.80,16.80
12/11/2021,17.20,17.20,0.10 (0.58 %)," ","2,219,292","37,977,617,400",0,0,17.10,17.1,17.60,16.60
11/11/2021,17.10,17.10,-0.50 (-2.84 %)," ","1,935,695","33,716,252,900",0,0,17.60,17.60,17.90,16.50
10/11/2021,17.60,17.60,0.10 (0.57 %)," ","1,441,345","25,131,864,600",0,0,17.50,17.6,17.80,17.00
09/11/2021,17.50,17.50,0.70 (4.17 %)," ","3,051,165","52,679,715,700",35,"532,000",16.80,16.90,18.00,16.70
08/11/2021,16.80,16.80,-0.30 (-1.75 %)," ","2,105,618","35,844,048,800",0,0,17.10,17.1,17.50,16.70
05/11/2021,17.10,17.10,1.50 (9.62 %)," ","5,731,566","95,956,822,900",0,0,15.60,16.10,17.10,16.00
04/11/2021,15.60,15.60,0.60 (4.00 %)," ","1,930,786","28,848,186,500",0,0,15.00,14.9,15.60,14.30
02/11/2021,16.60,16.60,0.10 (0.61 %)," ","2,750,466","45,238,888,000",0,0,16.50,16.5,17.20,15.90
01/11/2021,16.50,16.50,-0.30 (-1.79 %)," ","4,235,340","68,435,178,300",60,"912,000",16.80,16.90,16.90,15.70
29/10/2021,16.80,16.80,-0.10 (-0.59 %)," ","1,540,382","26,090,833,600",0,0,16.90,16.9,17.50,16.50
28/10/2021,16.90,16.90,1.30 (8.33 %)," ","2,936,902","47,893,194,800",0,0,15.60,15.60,17.10,15.00
27/10/2021,15.60,15.60,0.60 (4.00 %)," ","1,995,729","31,401,003,600",0,0,15.00,15.0,16.20,15.00
26/10/2021,15.00,15.00,-0.40 (-2.60 %)," ","2,519,380","37,704,419,500",0,0,15.40,15.40,15.40,14.70
25/10/2021,15.40,15.40,0.10 (0.65 %)," ","1,745,913","27,456,628,000",0,0,15.30,15.2,16.20,15.00
22/10/2021,15.30,15.30,-0.60 (-3.77 %)," ","2,703,262","42,341,628,200",0,0,15.90,15.90,16.20,14.50
21/10/2021,15.90,15.90,1.10 (7.43 %)," ","2,636,516","39,782,646,700",0,0,14.80,14.8,16.20,14.30
20/10/2021,14.80,14.80,0.40 (2.78 %)," ","3,182,262","47,142,845,300",0,0,14.40,14.50,15.30,13.90
19/10/2021,14.40,14.40,1.10 (8.27 %)," ","3,551,592","49,497,574,800",0,0,13.30,13.3,14.40,13.20
18/10/2021,13.30,13.30,1.20 (9.92 %)," ","4,323,983","56,220,460,900",0,0,12.10,12.10,13.30,11.80
15/10/2021,12.10,12.10,0.60 (5.22 %)," ","3,538,084","43,230,943,000",0,0,11.50,12.4,12.60,11.90
14/10/2021,11.50,11.50,1.00 (9.52 %)," ","2,580,737","29,385,315,500",0,0,10.50,10.50,11.50,10.50
13/10/2021,10.50,10.50,-0.20 (-1.87 %)," ","811,160","8,593,085,600",26,"252,200",10.70,10.7,10.70,10.50
12/10/2021,10.70,10.70,0.10 (0.94 %)," ","829,576","8,751,305,600",0,0,10.60,10.60,10.80,10.30
11/10/2021,10.60,10.60,-0.20 (-1.85 %)," ","955,651","10,206,097,800",0,0,10.80,10.8,10.90,10.60
08/10/2021,10.80,10.80,-0.40 (-3.57 %)," ","932,953","10,192,561,400",0,0,11.20,11.30,11.30,10.70
07/10/2021,11.20,11.20,0.30 (2.75 %)," ","1,375,927","15,365,849,500",0,0,10.90,10.9,11.50,10.90
05/10/2021,10.30,10.30,0.10 (0.98 %)," ","959,340","9,875,553,000","1,050,000","10,710,000,000",10.20,10.2,10.40,10.20
04/10/2021,10.20,10.20,-0.10 (-0.97 %)," ","1,102,441","11,441,061,600",0,0,10.30,10.30,10.60,10.20
01/10/2021,10.30,10.30,-0.30 (-2.83 %)," ","754,938","7,847,079,700",0,0,10.60,10.5,10.50,10.30
30/09/2021,10.60,10.60,0.10 (0.95 %)," ","713,617","7,570,776,700",0,0,10.50,10.50,10.80,10.50
29/09/2021,10.50,10.50,0.20 (1.94 %)," ","1,039,358","10,731,286,200",0,0,10.30,10.4,10.60,10.10
28/09/2021,10.30,10.30,0.30 (3.00 %)," ","1,030,422","10,362,264,200",0,0,10.00,10.00,10.40,9.60
27/09/2021,10.00,10.00,-0.40 (-3.85 %)," ","1,480,831","15,043,620,400",0,0,10.40,10.0,10.70,9.90
24/09/2021,10.40,10.40,-0.30 (-2.80 %)," ","1,300,780","13,749,737,500",0,0,10.70,10.70,10.90,10.30
23/09/2021,10.70,10.70,-0.90 (-7.76 %)," ","2,887,244","31,781,882,300",0,0,11.60,11.6,11.70,10.60
22/09/2021,11.60,11.60,0.30 (2.65 %)," ","1,496,843","17,361,579,800",0,0,11.30,11.00,11.90,11.00
21/09/2021,11.30,11.30,0.50 (4.63 %)," ","2,152,030","23,350,253,000",0,0,10.80,10.6,11.50,10.00
20/09/2021,10.80,10.80,0.40 (3.85 %)," ","2,559,374","27,711,480,300",0,0,10.40,10.40,11.40,10.40
17/09/2021,10.40,10.40,0.10 (0.97 %)," ","1,473,950","15,322,095,000",0,0,10.30,10.2,10.60,10.20
16/09/2021,10.30,10.30,-0.30 (-2.83 %)," ","1,806,300","18,766,630,000",0,0,10.60,10.60,10.60,10.20
15/09/2021,10.60,10.60,0.40 (3.92 %)," ","1,648,177","17,134,259,900",0,0,10.20,10.2,10.80,9.80
14/09/2021,10.20,10.20,0.20 (2.00 %)," ","2,033,831","20,881,222,300",0,0,10.00,10.50,10.60,10.00
13/09/2021,10.00,10.00,0.90 (9.89 %)," ","3,824,749","37,133,096,900",0,0,9.10,9.2,10.00,9.10
10/09/2021,9.10,9.10,0.00 (0.00 %)," ","892,000","8,043,720,000",0,0,9.10,9.10,9.20,8.90
09/09/2021,9.10,9.10,0.10 (1.11 %)," ","698,835","6,355,619,200",0,0,9.00,9.0,9.30,8.80
07/09/2021,8.90,8.90,-0.80 (-8.25 %)," ","2,422,544","22,182,032,400",0,0,9.70,9.7,9.70,8.80
06/09/2021,9.70,9.70,0.60 (6.59 %)," ","2,594,238","24,604,415,800",0,0,9.10,9.10,9.80,8.70
01/09/2021,9.10,9.10,0.40 (4.60 %)," ","2,469,300","22,162,620,000",0,0,8.70,8.7,9.20,8.70
31/08/2021,8.70,8.70,-0.20 (-2.25 %)," ","1,851,500","16,619,350,000",0,0,8.90,9.10,9.30,8.70
30/08/2021,8.90,8.90,0.80 (9.88 %)," ","3,795,870","33,231,692,400",0,0,8.10,8.0,8.90,8.00
27/08/2021,8.10,8.10,0.50 (6.58 %)," ","1,461,900","11,640,980,000",0,0,7.60,7.60,8.20,7.60
26/08/2021,7.60,7.60,0.10 (1.33 %)," ","601,523","4,609,067,100",0,0,7.50,7.5,7.80,7.50
25/08/2021,7.50,7.50,-0.10 (-1.32 %)," ","447,800","3,337,710,000",0,0,7.60,7.60,7.60,7.40
24/08/2021,7.60,7.60,0.10 (1.33 %)," ","603,100","4,525,700,000",0,0,7.50,7.4,7.70,7.40
23/08/2021,7.50,7.50,-0.10 (-1.32 %)," ","1,118,040","8,427,661,200",0,0,7.60,7.60,7.80,7.40
20/08/2021,7.60,7.60,-0.40 (-5.00 %)," ","1,876,110","14,819,748,000",0,0,8.00,8.0,8.20,7.50
19/08/2021,8.00,8.00,0.00 (0.00 %)," ","592,200","4,707,420,000",0,0,8.00,8.00,8.10,7.80
18/08/2021,8.00,8.00,-0.10 (-1.23 %)," ","958,708","7,808,481,600",0,0,8.10,8.1,8.30,8.00
17/08/2021,8.10,8.10,-0.20 (-2.41 %)," ","1,141,312","9,293,636,600",0,0,8.30,8.40,8.40,8.00
16/08/2021,8.30,8.30,0.50 (6.41 %)," ","1,999,780","16,385,588,700",0,0,7.80,7.8,8.40,7.80
13/08/2021,7.80,7.80,-0.30 (-3.70 %)," ","1,164,996","9,113,088,000",0,0,8.10,8.20,8.20,7.50
12/08/2021,8.10,8.10,0.60 (8.00 %)," ","2,315,225","18,243,261,500",60,"408,000",7.50,7.5,8.10,7.50
11/08/2021,7.50,7.50,0.40 (5.63 %)," ","2,957,750","22,381,868,000",0,0,7.10,7.10,7.80,7.10
10/08/2021,7.10,7.10,0.10 (1.43 %)," ","551,030","3,871,532,000",0,0,7.00,7.0,7.20,6.90
06/08/2021,7.00,7.00,-0.20 (-2.78 %)," ","362,400","2,567,670,000",0,0,7.20,7.3,7.30,7.00
05/08/2021,7.20,7.20,0.30 (4.35 %)," ","1,042,300","7,338,120,000",0,0,6.90,6.90,7.30,6.90
04/08/2021,6.90,6.90,0.10 (1.47 %)," ","646,600","4,438,470,000",0,0,6.80,6.8,7.00,6.80
03/08/2021,6.80,6.80,0.00 (0.00 %)," ","306,702","2,085,643,800",0,0,6.80,6.80,6.90,6.70
02/08/2021,6.80,6.80,0.00 (0.00 %)," ","353,830","2,404,350,000",0,0,6.80,6.8,6.90,6.70
30/07/2021,6.80,6.80,0.00 (0.00 %)," ","785,700","5,315,580,000",0,0,6.80,6.80,6.90,6.60
29/07/2021,6.80,6.80,0.10 (1.49 %)," ","257,400","1,737,480,000",0,0,6.70,6.7,6.90,6.70
28/07/2021,6.70,6.70,-0.20 (-2.90 %)," ","782,610","5,275,067,000",0,0,6.90,6.90,6.90,6.60
27/07/2021,6.90,6.90,-0.10 (-1.43 %)," ","412,500","2,880,210,000",0,0,7.00,7.0,7.10,6.90
26/07/2021,7.00,7.00,0.00 (0.00 %)," ","1,271,914","8,686,193,800",0,0,7.00,7.40,7.40,6.70
23/07/2021,7.00,7.00,-0.70 (-9.09 %)," ","1,897,111","13,754,341,700",0,0,7.70,7.7,7.70,7.00
22/07/2021,7.70,7.70,-0.10 (-1.28 %)," ","706,500","5,429,050,000",0,0,7.80,7.80,7.90,7.50
21/07/2021,7.80,7.80,0.00 (0.00 %)," ","527,004","4,105,140,800",0,0,7.80,7.9,7.90,7.70
20/07/2021,7.80,7.80,0.10 (1.30 %)," ","866,872","6,624,318,200",0,0,7.70,7.70,7.90,7.50
19/07/2021,7.70,7.70,0.30 (4.05 %)," ","2,034,880","15,328,635,500",0,0,7.40,7.4,8.00,7.10
16/07/2021,7.40,7.40,-0.10 (-1.33 %)," ","1,087,820","8,319,759,000",0,0,7.50,7.60,7.90,7.40
15/07/2021,7.50,7.50,0.60 (8.70 %)," ","1,572,890","11,504,343,000",0,0,6.90,6.9,7.50,6.90
14/07/2021,6.90,6.90,0.10 (1.47 %)," ","641,426","4,373,556,800",0,0,6.80,6.80,7.00,6.70
13/07/2021,6.80,6.80,-0.10 (-1.45 %)," ","894,300","6,075,080,000",0,0,6.90,6.8,6.90,6.70
09/07/2021,7.20,7.20,0.00 (0.00 %)," ","1,311,933","9,462,828,400",0,0,7.20,7.3,7.40,7.00
08/07/2021,7.20,7.20,0.20 (2.86 %)," ","971,010","7,001,753,000",0,0,7.00,7.00,7.40,7.00
07/07/2021,7.00,7.00,0.60 (9.37 %)," ","1,732,502","11,755,534,000",0,0,6.40,6.4,7.00,6.30
06/07/2021,6.40,6.40,-0.20 (-3.03 %)," ","350,293","2,262,804,500",0,0,6.60,6.50,6.50,6.40
05/07/2021,6.60,6.60,0.00 (0.00 %)," ","277,313","1,802,299,300",0,0,6.60,6.6,6.60,6.40
02/07/2021,6.60,6.60,0.00 (0.00 %)," ","217,000","1,428,650,000",0,0,6.60,6.60,6.70,6.50
01/07/2021,6.60,6.60,0.00 (0.00 %)," ","356,910","2,361,926,000",0,0,6.60,6.6,6.70,6.50
30/06/2021,6.60,6.60,0.10 (1.54 %)," ","290,510","1,918,795,000",0,0,6.50,6.50,6.70,6.50
29/06/2021,6.50,6.50,-0.30 (-4.41 %)," ","426,200","2,827,630,000",0,0,6.80,6.8,6.80,6.50
28/06/2021,6.80,6.80,0.10 (1.49 %)," ","245,800","1,651,060,000",0,0,6.70,7.00,7.00,6.60
25/06/2021,6.70,6.70,0.00 (0.00 %)," ","360,710","2,404,157,000",0,0,6.70,6.7,6.80,6.60
24/06/2021,6.70,6.70,-0.20 (-2.90 %)," ","516,900","3,481,100,000",0,0,6.90,6.90,6.90,6.60
23/06/2021,6.90,6.90,-0.10 (-1.43 %)," ","379,880","2,610,234,000",0,0,7.00,6.9,7.00,6.80
22/06/2021,7.00,7.00,0.00 (0.00 %)," ","304,300","2,120,470,000",0,0,7.00,7.10,7.10,6.90
21/06/2021,7.00,7.00,0.00 (0.00 %)," ","313,497","2,193,239,700",0,0,7.00,7.0,7.10,6.90
18/06/2021,7.00,7.00,0.00 (0.00 %)," ","441,240","3,095,830,000",0,0,7.00,7.10,7.10,6.90
17/06/2021,7.00,7.00,0.20 (2.94 %)," ","488,000","3,410,650,000",0,0,6.80,6.8,7.20,6.80
16/06/2021,6.80,6.80,0.00 (0.00 %)," ","270,105","1,854,993,000",0,0,6.80,6.80,7.00,6.70
15/06/2021,6.80,6.80,-0.10 (-1.45 %)," ","251,141","1,715,448,800",0,0,6.90,6.9,7.00,6.80
11/06/2021,6.90,6.90,-0.10 (-1.43 %)," ","400,029","2,783,911,400",0,0,7.00,7.0,7.10,6.80
10/06/2021,7.00,7.00,0.00 (0.00 %)," ","195,000","1,352,330,000",0,0,7.00,7.00,7.00,6.80
09/06/2021,7.00,7.00,0.10 (1.45 %)," ","378,100","2,603,120,000",78,"491,400",6.90,6.9,7.00,6.70
08/06/2021,6.90,6.90,0.00 (0.00 %)," ","595,158","4,190,113,200",0,0,6.90,7.00,7.30,6.90
07/06/2021,6.90,6.90,-0.20 (-2.82 %)," ","601,240","4,169,234,000",0,0,7.10,7.1,7.20,6.70
04/06/2021,7.10,7.10,0.00 (0.00 %)," ","422,751","3,017,782,000",0,0,7.10,7.20,7.30,7.00
03/06/2021,7.10,7.10,0.00 (0.00 %)," ","637,580","4,537,718,000",0,0,7.10,7.1,7.30,7.00
02/06/2021,7.10,7.10,0.60 (9.23 %)," ","781,446","5,361,438,400",0,0,6.50,6.50,7.10,6.50
01/06/2021,6.50,6.50,0.20 (3.17 %)," ","769,230","4,918,242,000",0,0,6.30,6.2,6.60,6.10
31/05/2021,6.30,6.30,-0.20 (-3.08 %)," ","432,841","2,721,166,500",0,0,6.50,6.40,6.40,6.20
28/05/2021,6.50,6.50,-0.10 (-1.52 %)," ","507,200","3,268,360,000",0,0,6.60,6.6,6.60,6.40
27/05/2021,6.60,6.60,0.10 (1.54 %)," ","388,000","2,542,840,000",0,0,6.50,6.50,6.70,6.50
26/05/2021,6.50,6.50,-0.20 (-2.99 %)," ","320,220","2,117,738,000",0,0,6.70,6.7,6.80,6.50
25/05/2021,6.70,6.70,-0.10 (-1.47 %)," ","340,400","2,300,450,000",0,0,6.80,6.80,6.90,6.60
24/05/2021,6.80,6.80,0.00 (0.00 %)," ","356,104","2,398,266,000",0,0,6.80,6.8,6.90,6.60
21/05/2021,6.80,6.80,0.40 (6.25 %)," ","680,886","4,436,633,400",0,0,6.40,6.20,7.00,6.20
20/05/2021,6.40,6.40,-0.30 (-4.48 %)," ","611,138","3,949,857,000",0,0,6.70,6.7,6.70,6.30
19/05/2021,6.70,6.70,0.10 (1.52 %)," ","348,163","2,336,943,200",0,0,6.60,6.60,6.90,6.60
18/05/2021,6.60,6.60,-0.40 (-5.71 %)," ","615,705","4,151,968,300",0,0,7.00,7.0,7.00,6.60
14/05/2021,7.20,7.20,0.10 (1.41 %)," ","268,617","1,907,470,700",0,0,7.10,7.1,7.20,7.00
13/05/2021,7.10,7.10,-0.10 (-1.39 %)," ","267,630","1,922,756,000",0,0,7.20,7.20,7.30,7.10
12/05/2021,7.20,7.20,0.10 (1.41 %)," ","328,200","2,341,290,000",0,0,7.10,7.1,7.20,7.10
11/05/2021,7.10,7.10,-0.10 (-1.39 %)," ","277,610","1,990,301,000",0,0,7.20,7.20,7.30,7.10
10/05/2021,7.20,7.20,-0.20 (-2.70 %)," ","694,040","4,937,924,000",0,0,7.40,7.2,7.30,7.00
07/05/2021,7.40,7.40,-0.20 (-2.63 %)," ","527,600","3,897,330,000",0,0,7.60,7.60,7.60,7.20
06/05/2021,7.60,7.60,0.10 (1.33 %)," ","393,434","2,996,249,800",0,0,7.50,7.5,7.80,7.50
05/05/2021,7.50,7.50,0.40 (5.63 %)," ","681,008","5,063,448,600",0,0,7.10,7.20,7.70,7.10
04/05/2021,7.10,7.10,-0.40 (-5.33 %)," ","721,000","5,148,820,000",0,0,7.50,7.3,7.40,7.00
29/04/2021,7.50,7.50,0.00 (0.00 %)," ","139,911","1,043,502,800",0,0,7.50,7.50,7.60,7.40
28/04/2021,7.50,7.50,0.20 (2.74 %)," ","342,900","2,547,760,000",0,0,7.30,7.3,7.60,7.20
27/04/2021,7.30,7.30,-0.10 (-1.35 %)," ","509,530","3,718,976,400",0,0,7.40,7.30,7.50,7.20
26/04/2021,7.40,7.40,-0.50 (-6.33 %)," ","628,357","4,788,120,300",0,0,7.90,7.9,7.90,7.40
23/04/2021,7.90,7.90,0.30 (3.95 %)," ","835,001","6,384,077,600",0,0,7.60,7.60,8.00,7.40
22/04/2021,7.60,7.60,-0.70 (-8.43 %)," ","987,494","7,842,701,400",0,0,8.30,8.2,8.20,7.60
20/04/2021,8.30,8.30,-0.10 (-1.19 %)," ","824,800","6,811,260,000",0,0,8.40,8.50,8.50,8.10
19/04/2021,8.40,8.40,-0.10 (-1.18 %)," ","865,440","7,240,906,700",0,0,8.50,8.5,8.70,8.20
16/04/2021,8.50,8.50,-0.40 (-4.49 %)," ","1,900,153","16,208,718,100",0,0,8.90,8.90,8.90,8.20
15/04/2021,8.90,8.90,-0.20 (-2.20 %)," ","1,038,011","9,374,530,100",0,0,9.10,9.1,9.30,8.90
13/04/2021,9.20,9.20,0.00 (0.00 %)," ","2,028,136","18,716,354,600",0,0,9.20,9.2,9.50,8.90
12/04/2021,9.20,9.20,0.20 (2.22 %)," ","1,952,764","17,793,969,200",0,0,9.00,9.00,9.30,9.00
09/04/2021,9.00,9.00,0.20 (2.27 %)," ","1,080,240","9,559,446,200",0,0,8.80,8.8,9.00,8.60
08/04/2021,8.80,8.80,-0.40 (-4.35 %)," ","1,406,629","12,569,325,800",0,0,9.20,9.30,9.30,8.80
07/04/2021,9.20,9.20,0.20 (2.22 %)," ","1,213,680","11,011,190,000",0,0,9.00,9.0,9.30,8.80
06/04/2021,9.00,9.00,-0.30 (-3.23 %)," ","842,787","7,817,204,100",0,0,9.30,9.30,9.70,9.00
05/04/2021,9.30,9.30,0.80 (9.41 %)," ","3,928,110","35,695,392,000",0,0,8.50,8.7,9.30,8.40
02/04/2021,8.50,8.50,0.10 (1.19 %)," ","665,980","5,586,804,000",0,0,8.40,8.40,8.60,8.20
01/04/2021,8.40,8.40,0.20 (2.44 %)," ","602,487","4,986,710,800",0,0,8.20,8.2,8.40,8.20
31/03/2021,8.20,8.20,0.30 (3.80 %)," ","1,501,105","12,384,111,000",40,"288,000",7.90,7.90,8.50,7.90
30/03/2021,7.90,7.90,-0.10 (-1.25 %)," ","757,800","6,040,070,000",0,0,8.00,8.1,8.10,7.80
29/03/2021,8.00,8.00,0.20 (2.56 %)," ","502,302","4,041,886,000",0,0,7.80,7.80,8.20,7.80
26/03/2021,7.80,7.80,-0.30 (-3.70 %)," ","880,360","6,796,144,000",0,0,8.10,8.1,8.20,7.30
25/03/2021,8.10,8.10,0.10 (1.25 %)," ","637,617","5,136,179,100",0,0,8.00,8.00,8.40,7.90
24/03/2021,8.00,8.00,-0.20 (-2.44 %)," ","813,995","6,513,499,500",0,0,8.20,8.2,8.20,7.80
23/03/2021,8.20,8.20,0.00 (0.00 %)," ","779,760","6,345,641,700",0,0,8.20,7.90,8.30,7.70
22/03/2021,8.20,8.20,-0.20 (-2.38 %)," ","766,646","6,292,257,000",0,0,8.40,8.4,8.40,8.10
19/03/2021,8.40,8.40,-0.10 (-1.18 %)," ","338,127","2,810,517,400",0,0,8.50,8.50,8.50,8.20
18/03/2021,8.50,8.50,-0.10 (-1.16 %)," ","450,450","3,802,515,000",20,"172,000",8.60,8.6,8.70,8.30
16/03/2021,8.00,8.00,0.10 (1.27 %)," ","809,220","6,354,698,800",0,0,7.90,7.9,8.00,7.70
15/03/2021,7.90,7.90,-0.10 (-1.25 %)," ","344,618","2,729,798,600",65,"520,000",8.00,8.00,8.00,7.80
12/03/2021,8.00,8.00,0.00 (0.00 %)," ","436,990","3,496,109,000",0,0,8.00,8.1,8.50,7.90
11/03/2021,8.00,8.00,-0.10 (-1.23 %)," ","445,700","3,567,930,000",0,0,8.10,8.10,8.10,7.90
10/03/2021,8.10,8.10,-0.20 (-2.41 %)," ","587,597","4,834,646,100",0,0,8.30,8.3,8.40,8.10
09/03/2021,8.30,8.30,0.30 (3.75 %)," ","1,124,640","9,277,160,000",0,0,8.00,8.00,8.50,7.90
08/03/2021,8.00,8.00,0.00 (0.00 %)," ","491,261","3,920,108,000",0,0,8.00,8.0,8.10,7.80
05/03/2021,8.00,8.00,0.60 (8.11 %)," ","803,536","6,158,362,400",0,0,7.40,7.40,8.10,7.20
04/03/2021,7.40,7.40,-0.20 (-2.63 %)," ","709,440","5,277,224,000",0,0,7.60,7.6,7.70,7.20
03/03/2021,7.60,7.60,-0.10 (-1.30 %)," ","624,667","4,713,515,800",0,0,7.70,7.70,7.70,7.40
02/03/2021,7.70,7.70,0.10 (1.32 %)," ","491,659","3,766,154,300",0,0,7.60,7.6,7.80,7.60
01/03/2021,7.60,7.60,0.20 (2.70 %)," ","533,910","3,949,830,000",0,0,7.40,7.40,7.60,7.20
26/02/2021,7.40,7.40,-0.10 (-1.33 %)," ","623,400","4,548,500,000",60,"408,000",7.50,7.4,7.40,7.10
25/02/2021,7.50,7.50,0.00 (0.00 %)," ","306,234","2,267,081,400",0,0,7.50,7.50,7.90,7.30
24/02/2021,7.50,7.50,0.60 (8.70 %)," ","1,452,778","10,801,649,500",0,0,6.90,7.0,7.50,7.00
23/02/2021,6.90,6.90,0.30 (4.55 %)," ","570,020","3,806,442,000",0,0,6.60,6.70,6.90,6.50
22/02/2021,6.60,6.60,0.10 (1.54 %)," ","808,400","5,382,110,000",0,0,6.50,6.5,6.80,6.50
19/02/2021,6.50,6.50,0.00 (0.00 %)," ","243,054","1,579,226,400",0,0,6.50,6.40,6.60,6.30
18/02/2021,6.50,6.50,-0.10 (-1.52 %)," ","477,600","3,111,770,000",0,0,6.60,6.6,6.60,6.40
09/02/2021,6.20,6.20,0.20 (3.33 %)," ","337,540","2,049,923,000",0,0,6.00,6.1,6.30,6.00
08/02/2021,6.00,6.00,-0.40 (-6.25 %)," ","948,910","5,760,364,000",0,0,6.40,6.40,6.50,5.80
05/02/2021,6.40,6.40,0.00 (0.00 %)," ","381,068","2,396,411,600",0,0,6.40,6.3,6.40,6.20
04/02/2021,6.40,6.40,-0.20 (-3.03 %)," ","278,920","1,810,958,000",0,0,6.60,6.70,6.80,6.30
03/02/2021,6.60,6.60,0.60 (10.00 %)," ","560,763","3,506,304,300",0,0,6.00,6.0,6.60,6.00
02/02/2021,6.00,6.00,0.10 (1.69 %)," ","449,200","2,600,430,000",0,0,5.90,5.80,6.00,5.50
01/02/2021,5.90,5.90,-0.60 (-9.23 %)," ","1,147,615","6,921,870,000",0,0,6.50,6.5,6.50,5.90
29/01/2021,6.50,6.50,-0.70 (-9.72 %)," ","1,314,770","8,925,930,000",0,0,7.20,6.50,7.20,6.50
28/01/2021,7.20,7.20,-0.80 (-10.00 %)," ","547,400","3,995,510,000",0,0,8.00,7.9,7.90,7.20
27/01/2021,8.00,8.00,-0.40 (-4.76 %)," ","969,743","8,134,762,100",0,0,8.40,8.60,8.70,8.00
26/01/2021,8.40,8.40,0.70 (9.09 %)," ","2,497,614","20,610,137,600",0,0,7.70,7.8,8.40,7.70
25/01/2021,7.70,7.70,0.00 (0.00 %)," ","658,907","5,037,091,500",0,0,7.70,7.70,8.00,7.40
22/01/2021,7.70,7.70,-0.10 (-1.28 %)," ","368,363","2,834,142,500",0,0,7.80,7.7,7.80,7.50
21/01/2021,7.80,7.80,0.40 (5.41 %)," ","344,600","2,587,570,000",0,0,7.40,7.40,7.80,7.20
20/01/2021,7.40,7.40,-0.10 (-1.33 %)," ","669,503","4,698,556,100",0,0,7.50,7.5,7.50,6.80
19/01/2021,7.50,7.50,-0.60 (-7.41 %)," ","1,318,163","10,037,224,000",20,"146,000",8.10,8.10,8.20,7.30
18/01/2021,8.10,8.10,-0.20 (-2.41 %)," ","603,687","4,907,252,100",0,0,8.30,8.3,8.30,8.00
15/01/2021,8.30,8.30,0.00 (0.00 %)," ","903,543","7,415,496,900",0,0,8.30,8.30,8.40,8.10
14/01/2021,8.30,8.30,0.40 (5.06 %)," ","1,141,610","9,586,379,000",0,0,7.90,7.9,8.60,7.90
12/01/2021,8.00,8.00,-0.10 (-1.23 %)," ","1,304,279","10,194,112,800",0,0,8.10,8.1,8.10,7.60
11/01/2021,8.10,8.10,0.00 (0.00 %)," ","2,469,176","21,079,325,200",0,0,8.10,8.90,8.90,7.80
08/01/2021,8.10,8.10,0.70 (9.46 %)," ","479,360","3,882,816,000","20,000","136,000,000",7.40,8.1,8.10,8.10
07/01/2021,7.40,7.40,0.60 (8.82 %)," ","941,000","6,951,000,000",0,0,6.80,6.80,7.40,6.80
06/01/2021,6.80,6.80,0.60 (9.68 %)," ","1,941,100","12,849,010,000",0,0,6.20,6.3,6.80,6.20
05/01/2021,6.20,6.20,0.10 (1.64 %)," ","514,625","3,136,305,300",0,0,6.10,6.10,6.20,6.00
04/01/2021,6.10,6.10,-0.10 (-1.61 %)," ","357,000","2,175,230,000",0,0,6.20,6.1,6.20,6.00
31/12/2020,6.20,6.20,0.10 (1.64 %)," ","238,239","1,456,041,800",0,0,6.10,6.10,6.20,6.00
30/12/2020,6.10,6.10,-0.10 (-1.61 %)," ","536,073","3,348,997,600",0,0,6.20,6.2,6.40,6.00
29/12/2020,6.20,6.20,0.40 (6.90 %)," ","1,077,250","6,491,794,700",0,0,5.80,5.80,6.30,5.80
28/12/2020,5.80,5.80,0.00 (0.00 %)," ","573,776","3,293,176,800",0,0,5.80,5.8,5.90,5.70
25/12/2020,5.80,5.80,0.10 (1.75 %)," ","259,001","1,492,806,700","177,600","923,520,000",5.70,5.70,5.90,5.70
24/12/2020,5.70,5.70,0.00 (0.00 %)," ","639,172","3,599,987,300",0,0,5.70,5.7,5.80,5.50
23/12/2020,5.70,5.70,-0.20 (-3.39 %)," ","735,457","4,412,054,300",0,0,5.90,5.90,6.30,5.70
22/12/2020,5.90,5.90,0.00 (0.00 %)," ","327,800","1,906,260,000",0,0,5.90,5.9,5.90,5.70
21/12/2020,5.90,5.90,0.00 (0.00 %)," ","408,100","2,408,731,800",0,0,5.90,5.90,6.00,5.80
18/12/2020,5.90,5.90,0.50 (9.26 %)," ","1,112,526","6,506,888,600",0,0,5.40,5.4,5.90,5.40
17/12/2020,5.40,5.40,-0.20 (-3.57 %)," ","322,041","1,764,341,500",0,0,5.60,5.60,5.60,5.40
16/12/2020,5.60,5.60,0.10 (1.82 %)," ","300,460","1,670,032,000",46,"230,000",5.50,5.5,5.70,5.40
14/12/2020,5.60,5.60,0.20 (3.70 %)," ","377,519","2,140,684,500",0,0,5.40,5.5,5.80,5.50
11/12/2020,5.40,5.40,0.00 (0.00 %)," ","392,523","2,094,563,200",0,0,5.40,5.30,5.50,5.30
10/12/2020,5.40,5.40,-0.10 (-1.82 %)," ","623,489","3,466,172,500",0,0,5.50,5.5,5.70,5.30
09/12/2020,5.50,5.50,-0.30 (-5.17 %)," ","940,140","5,264,571,000",0,0,5.80,5.70,5.70,5.40
08/12/2020,5.80,5.80,0.10 (1.75 %)," ","695,546","4,101,945,300",0,0,5.70,5.7,6.10,5.70
07/12/2020,5.70,5.70,0.50 (9.62 %)," ","1,461,515","8,142,085,500",0,0,5.20,5.20,5.70,5.20
04/12/2020,5.20,5.20,0.40 (8.33 %)," ","1,644,444","8,320,241,400",0,0,4.80,4.8,5.20,4.70
03/12/2020,4.80,4.80,0.10 (2.13 %)," ","366,000","1,724,968,000",0,0,4.70,4.70,4.80,4.70
02/12/2020,4.70,4.70,-0.10 (-2.08 %)," ","117,000","550,310,000",0,0,4.80,4.8,4.80,4.60
01/12/2020,4.80,4.80,0.20 (4.35 %)," ","277,800","1,290,630,000",0,0,4.60,4.60,4.80,4.60
30/11/2020,4.60,4.60,-0.20 (-4.17 %)," ","287,400","1,360,840,000",0,0,4.80,4.8,4.80,4.60
27/11/2020,4.80,4.80,0.10 (2.13 %)," ","215,780","1,032,264,000",0,0,4.70,4.70,4.90,4.70
26/11/2020,4.70,4.70,-0.10 (-2.08 %)," ","272,100","1,276,660,000",0,0,4.80,4.7,4.80,4.60
25/11/2020,4.80,4.80,0.00 (0.00 %)," ","186,300","892,020,000",0,0,4.80,4.80,4.90,4.70
24/11/2020,4.80,4.80,-0.20 (-4.00 %)," ","352,100","1,701,810,000",0,0,5.00,5.0,5.00,4.70
23/11/2020,5.00,5.00,0.30 (6.38 %)," ","438,828","2,120,187,200",0,0,4.70,4.70,5.00,4.60
20/11/2020,4.70,4.70,0.00 (0.00 %)," ","195,600","906,760,000",0,0,4.70,4.7,4.80,4.60
19/11/2020,4.70,4.70,0.10 (2.17 %)," ","270,900","1,264,070,000",0,0,4.60,4.60,4.70,4.60
18/11/2020,4.60,4.60,-0.20 (-4.17 %)," ","291,400","1,349,500,000",0,0,4.80,4.8,4.80,4.60
16/11/2020,4.70,4.70,-0.10 (-2.08 %)," ","383,130","1,797,138,000",0,0,4.80,4.8,4.80,4.60
13/11/2020,4.80,4.80,0.10 (2.13 %)," ","1,008,410","4,937,110,000",0,0,4.70,4.60,5.10,4.60
12/11/2020,4.70,4.70,0.10 (2.17 %)," ","127,141","582,764,500",0,0,4.60,4.6,4.70,4.50
11/11/2020,4.60,4.60,0.00 (0.00 %)," ","259,820","1,175,620,000",0,0,4.60,4.70,4.70,4.40
10/11/2020,4.60,4.60,0.00 (0.00 %)," ","204,452","944,344,000",0,0,4.60,4.7,4.70,4.50
09/11/2020,4.60,4.60,-0.10 (-2.13 %)," ","310,500","1,424,070,000","60,000","270,000,000",4.70,4.70,4.70,4.50
06/11/2020,4.70,4.70,0.00 (0.00 %)," ","113,300","532,850,000",0,0,4.70,4.8,4.80,4.70
05/11/2020,4.70,4.70,-0.20 (-4.08 %)," ","99,900","478,030,000",0,0,4.90,4.80,4.90,4.70
04/11/2020,4.90,4.90,0.10 (2.08 %)," ","166,130","800,834,000",0,0,4.80,4.7,4.90,4.70
03/11/2020,4.80,4.80,-0.10 (-2.04 %)," ","448,809","2,126,523,200",0,0,4.90,5.20,5.20,4.60
02/11/2020,4.90,4.90,0.10 (2.08 %)," ","161,920","772,396,000",0,0,4.80,4.8,5.00,4.70
30/10/2020,4.80,4.80,0.20 (4.35 %)," ","111,120","521,100,000",0,0,4.60,5.00,5.00,4.50
29/10/2020,4.60,4.60,-0.20 (-4.17 %)," ","481,268","2,204,334,600",0,0,4.80,4.7,4.80,4.50
28/10/2020,4.80,4.80,-0.30 (-5.88 %)," ","272,000","1,333,360,000",0,0,5.10,5.00,5.10,4.70
27/10/2020,5.10,5.10,-0.20 (-3.77 %)," ","333,477","1,700,027,600",0,0,5.30,5.5,5.50,4.90
26/10/2020,5.30,5.30,0.40 (8.16 %)," ","1,278,660","6,740,748,000",65,"292,500",4.90,5.20,5.30,5.10
23/10/2020,4.90,4.90,0.40 (8.89 %)," ","757,161","3,621,278,900",0,0,4.50,4.5,4.90,4.50
22/10/2020,4.50,4.50,0.00 (0.00 %)," ","198,636","888,962,000",0,0,4.50,4.50,4.60,4.40
21/10/2020,4.50,4.50,0.10 (2.27 %)," ","71,565","319,379,000",0,0,4.40,4.5,4.60,4.40
19/10/2020,4.60,4.60,0.20 (4.55 %)," ","251,236","1,151,918,400",0,0,4.40,4.4,4.70,4.40
16/10/2020,4.40,4.40,-0.20 (-4.35 %)," ","150,565","676,622,500",0,0,4.60,4.60,4.60,4.40
15/10/2020,4.60,4.60,0.00 (0.00 %)," ","170,910","773,265,000",0,0,4.60,4.6,4.60,4.40
14/10/2020,4.60,4.60,0.00 (0.00 %)," ","254,300","1,159,020,000",0,0,4.60,4.50,4.70,4.50
13/10/2020,4.60,4.60,0.00 (0.00 %)," ","157,600","714,260,000",0,0,4.60,4.6,4.70,4.50
12/10/2020,4.60,4.60,-0.20 (-4.17 %)," ","159,824","734,922,800",0,0,4.80,4.80,4.80,4.50
09/10/2020,4.80,4.80,0.00 (0.00 %)," ","120,590","567,183,000",0,0,4.80,4.8,4.80,4.60
08/10/2020,4.80,4.80,-0.10 (-2.04 %)," ","235,801","1,123,274,800",0,0,4.90,4.80,4.90,4.70
07/10/2020,4.90,4.90,-0.10 (-2.00 %)," ","269,440","1,313,316,000",0,0,5.00,5.1,5.10,4.80
06/10/2020,5.00,5.00,0.00 (0.00 %)," ","439,800","2,185,960,000",0,0,5.00,5.00,5.10,4.80
05/10/2020,5.00,5.00,0.00 (0.00 %)," ","346,320","1,777,936,000",0,0,5.00,5.0,5.50,4.90
02/10/2020,5.00,5.00,0.20 (4.17 %)," ","654,720","3,257,669,000",0,0,4.80,4.90,5.20,4.70
01/10/2020,4.80,4.80,0.40 (9.09 %)," ","552,705","2,585,356,900",0,0,4.40,4.4,4.80,4.40
30/09/2020,4.40,4.40,0.00 (0.00 %)," ","372,691","1,600,367,500",0,0,4.40,4.40,4.50,4.20
29/09/2020,4.40,4.40,0.00 (0.00 %)," ","239,130","1,027,729,000",0,0,4.40,4.4,4.40,4.20
28/09/2020,4.40,4.40,-0.30 (-6.38 %)," ","1,139,359","5,040,415,400",0,0,4.70,4.70,4.70,4.30
25/09/2020,4.70,4.70,-0.10 (-2.08 %)," ","368,237","1,746,077,600",0,0,4.80,4.8,4.90,4.60
24/09/2020,4.80,4.80,-0.10 (-2.04 %)," ","323,331","1,568,307,600",0,0,4.90,5.00,5.00,4.80
23/09/2020,4.90,4.90,0.00 (0.00 %)," ","201,162","984,684,600",0,0,4.90,4.8,5.00,4.80
21/09/2020,5.00,5.00,0.10 (2.04 %)," ","705,967","3,502,167,700",0,0,4.90,5.0,5.00,4.90
18/09/2020,4.90,4.90,0.00 (0.00 %)," ","663,042","3,251,621,400",0,0,4.90,4.80,5.10,4.60
17/09/2020,4.90,4.90,-0.20 (-3.92 %)," ","846,075","4,216,875,900",0,0,5.10,5.2,5.20,4.80
16/09/2020,5.10,5.10,-0.30 (-5.56 %)," ","604,452","3,180,323,400",0,0,5.40,5.30,5.40,5.10
15/09/2020,5.40,5.40,0.30 (5.88 %)," ","700,747","3,754,469,200",0,0,5.10,5.1,5.60,5.00
14/09/2020,5.10,5.10,0.00 (0.00 %)," ","605,700","3,038,380,000",0,0,5.10,5.10,5.20,4.90
11/09/2020,5.10,5.10,0.20 (4.08 %)," ","711,790","3,562,923,900",0,0,4.90,4.9,5.10,4.80
10/09/2020,4.90,4.90,0.40 (8.89 %)," ","801,652","3,907,634,800",0,0,4.50,4.50,4.90,4.50
09/09/2020,4.50,4.50,-0.20 (-4.26 %)," ","346,600","1,568,440,000",0,0,4.70,4.8,4.90,4.30
08/09/2020,4.70,4.70,-0.20 (-4.08 %)," ","1,823,490","8,375,453,300",0,0,4.90,4.50,5.30,4.50
07/09/2020,4.90,4.90,-0.50 (-9.26 %)," ","46,915","230,698,000",0,0,5.40,5.3,5.30,4.90
04/09/2020,5.40,5.40,-0.50 (-8.47 %)," ","201,670","1,089,086,000",0,0,5.90,5.50,5.50,5.40
03/09/2020,5.90,5.90,-0.30 (-4.84 %)," ","486,254","2,798,220,600",0,0,6.20,6.2,6.20,5.60
01/09/2020,6.20,6.20,-0.10 (-1.59 %)," ","1,087,717","6,475,735,200",0,0,6.30,6.30,6.80,5.70
31/08/2020,6.30,6.30,0.50 (8.62 %)," ","1,790,188","11,142,204,400",0,0,5.80,6.3,6.30,5.80
28/08/2020,5.80,5.80,0.50 (9.43 %)," ","346,922","2,011,647,600",0,0,5.30,5.80,5.80,5.40
27/08/2020,5.30,5.30,0.40 (8.16 %)," ","320,770","1,699,481,000",0,0,4.90,5.0,5.30,5.00
26/08/2020,4.90,4.90,0.40 (8.89 %)," ","1,125,770","5,512,273,000",0,0,4.50,4.90,4.90,4.80
25/08/2020,4.50,4.50,0.40 (9.76 %)," ","132,960","598,320,000",0,0,4.10,4.5,4.50,4.50
21/08/2020,3.80,3.80,0.30 (8.57 %)," ","85,300","324,140,000",0,0,3.50,3.8,3.80,3.80
20/08/2020,3.50,3.50,0.30 (9.37 %)," ","924,286","3,227,031,000",0,0,3.20,3.30,3.50,3.30
19/08/2020,3.20,3.20,-0.10 (-3.03 %)," ","426,900","1,370,300,000",0,0,3.30,3.2,3.30,3.20
18/08/2020,3.30,3.30,0.20 (6.45 %)," ","240,260","774,548,000",0,0,3.10,3.10,3.40,3.10
17/08/2020,3.10,3.10,0.10 (3.33 %)," ","121,100","366,040,000",0,0,3.00,3.0,3.10,3.00
14/08/2020,3.00,3.00,0.10 (3.45 %)," ","24,700","74,100,000",0,0,2.90,3.00,3.00,3.00
13/08/2020,2.90,2.90,-0.10 (-3.33 %)," ","29,905","89,205,000",0,0,3.00,3.0,3.00,2.90
12/08/2020,3.00,3.00,-0.10 (-3.23 %)," ","35,900","107,700,000",0,0,3.10,3.00,3.00,3.00
11/08/2020,3.10,3.10,0.00 (0.00 %)," ","73,300","219,910,000",0,0,3.10,3.0,3.10,3.00
10/08/2020,3.10,3.10,0.10 (3.33 %)," ","41,000","123,020,000",0,0,3.00,3.00,3.10,3.00
07/08/2020,3.00,3.00,0.00 (0.00 %)," ","12,800","38,410,000",0,0,3.00,3.0,3.10,3.00
06/08/2020,3.00,3.00,-0.10 (-3.23 %)," ","10,000","30,000,000",0,0,3.10,3.00,3.00,3.00
05/08/2020,3.10,3.10,0.10 (3.33 %)," ","9,300","27,910,000",0,0,3.00,3.0,3.10,3.00
04/08/2020,3.00,3.00,0.00 (0.00 %)," ","17,900","53,700,000",0,0,3.00,3.00,3.00,3.00
03/08/2020,3.00,3.00,0.00 (0.00 %)," ","31,300","93,900,000",0,0,3.00,3.0,3.00,3.00
31/07/2020,3.00,3.00,0.10 (3.45 %)," ","24,730","73,087,000",0,0,2.90,2.90,3.00,2.90
30/07/2020,2.90,2.90,0.00 (0.00 %)," ","3,600","10,190,000",0,0,2.90,2.8,2.90,2.80
29/07/2020,2.90,2.90,0.00 (0.00 %)," ","36,834","103,795,200",0,0,2.90,2.90,2.90,2.80
28/07/2020,2.90,2.90,-0.10 (-3.33 %)," ","13,900","39,930,000",0,0,3.00,3.0,3.00,2.80
24/07/2020,3.10,3.10,0.00 (0.00 %)," ","73,300","220,030,000",0,0,3.10,3.0,3.10,3.00
23/07/2020,3.10,3.10,0.00 (0.00 %)," ","95,680","294,230,000",0,0,3.10,3.00,3.10,3.00
22/07/2020,3.10,3.10,-0.10 (-3.13 %)," ","15,000","47,500,000",0,0,3.20,3.2,3.20,3.10
21/07/2020,3.20,3.20,0.00 (0.00 %)," ","80,700","250,190,000",0,0,3.20,3.20,3.20,3.10
20/07/2020,3.20,3.20,0.10 (3.23 %)," ","27,700","88,640,000",0,0,3.10,3.2,3.20,3.20
17/07/2020,3.10,3.10,0.00 (0.00 %)," ","51,000","162,300,000",0,0,3.10,3.10,3.20,3.10
16/07/2020,3.10,3.10,-0.10 (-3.13 %)," ","21,200","65,720,000",0,0,3.20,3.1,3.10,3.10
15/07/2020,3.20,3.20,0.20 (6.67 %)," ","162,910","505,630,000",0,0,3.00,3.10,3.20,3.10
14/07/2020,3.00,3.00,-0.20 (-6.25 %)," ","124,225","373,505,000",0,0,3.20,3.2,3.20,3.00
13/07/2020,3.20,3.20,0.00 (0.00 %)," ","14,103","44,129,000",0,0,3.20,3.20,3.20,3.10
10/07/2020,3.20,3.20,0.20 (6.67 %)," ","140,020","438,133,000",0,0,3.00,3.1,3.20,3.10
09/07/2020,3.00,3.00,0.00 (0.00 %)," ","75,210","228,111,000",0,0,3.00,3.10,3.10,3.00
08/07/2020,3.00,3.00,-0.10 (-3.23 %)," ","5,080","15,248,000",0,0,3.10,3.0,3.00,3.00
07/07/2020,3.10,3.10,0.10 (3.33 %)," ","66,600","205,050,000",0,0,3.00,3.00,3.10,3.00
06/07/2020,3.00,3.00,0.00 (0.00 %)," ","27,200","81,600,000",0,0,3.00,3.0,3.00,3.00
03/07/2020,3.00,3.00,-0.10 (-3.23 %)," ","16,172","48,515,800",0,0,3.10,3.00,3.00,3.00
02/07/2020,3.10,3.10,0.10 (3.33 %)," ","14,230","42,710,000",0,0,3.00,3.0,3.10,3.00
01/07/2020,3.00,3.00,-0.10 (-3.23 %)," ","94,200","282,600,000",0,0,3.10,3.10,3.10,2.90
30/06/2020,3.10,3.10,0.00 (0.00 %)," ","53,250","160,950,000",0,0,3.10,3.1,3.10,3.00
26/06/2020,3.10,3.10,0.00 (0.00 %)," ","43,400","134,550,000",0,0,3.10,3.2,3.20,3.10
25/06/2020,3.10,3.10,-0.10 (-3.13 %)," ","93,000","288,300,000",0,0,3.20,3.10,3.10,3.10
24/06/2020,3.20,3.20,-0.10 (-3.03 %)," ","50,810","162,822,000",0,0,3.30,3.2,3.30,3.20
23/06/2020,3.30,3.30,0.00 (0.00 %)," ","89,600","289,910,000",0,0,3.30,3.20,3.30,3.20
22/06/2020,3.30,3.30,0.00 (0.00 %)," ","99,300","325,990,000",0,0,3.30,3.3,3.30,3.20
19/06/2020,3.30,3.30,0.10 (3.12 %)," ","80,520","254,754,000",0,0,3.20,3.10,3.30,3.10
18/06/2020,3.20,3.20,0.00 (0.00 %)," ","89,900","284,090,000",0,0,3.20,3.3,3.30,3.10
17/06/2020,3.20,3.20,0.10 (3.23 %)," ","113,000","359,150,000",0,0,3.10,3.20,3.20,3.10
16/06/2020,3.10,3.10,-0.10 (-3.13 %)," ","212,710","670,102,000",0,0,3.20,3.2,3.30,3.10
15/06/2020,3.20,3.20,-0.20 (-5.88 %)," ","141,000","457,670,000",0,0,3.40,3.30,3.30,3.20
12/06/2020,3.40,3.40,-0.10 (-2.86 %)," ","130,410","432,305,000",0,0,3.50,3.3,3.40,3.20
11/06/2020,3.50,3.50,0.20 (6.06 %)," ","716,469","2,532,808,400",0,0,3.30,3.30,3.60,3.30
10/06/2020,3.30,3.30,0.20 (6.45 %)," ","146,301","472,663,300",67,"187,600",3.10,3.2,3.30,3.20
09/06/2020,3.10,3.10,-0.20 (-6.06 %)," ","269,230","855,196,000",0,0,3.30,3.30,3.30,3.10
08/06/2020,3.30,3.30,0.20 (6.45 %)," ","207,090","665,448,000",0,0,3.10,3.2,3.30,3.20
05/06/2020,3.10,3.10,-0.10 (-3.13 %)," ","89,200","276,680,000",0,0,3.20,3.10,3.20,3.10
04/06/2020,3.20,3.20,0.20 (6.67 %)," ","44,042","136,094,600",0,0,3.00,3.1,3.20,3.00
03/06/2020,3.00,3.00,-0.10 (-3.23 %)," ","150,160","465,246,000","1,700,181","4,760,506,800",3.10,3.10,3.20,3.00
02/06/2020,3.10,3.10,-0.20 (-6.06 %)," ","201,462","625,672,200",0,0,3.30,3.2,3.20,3.00
29/05/2020,3.10,3.10,0.00 (0.00 %)," ","60,900","184,350,000",0,0,3.10,3.1,3.20,3.00
28/05/2020,3.10,3.10,0.00 (0.00 %)," ","112,600","338,220,000",0,0,3.10,3.10,3.10,3.00
27/05/2020,3.10,3.10,0.00 (0.00 %)," ","190,862","576,976,000",0,0,3.10,3.2,3.20,3.00
26/05/2020,3.10,3.10,-0.10 (-3.13 %)," ","32,500","100,750,000",0,0,3.20,3.10,3.10,3.10
25/05/2020,3.20,3.20,0.20 (6.67 %)," ","65,400","201,240,000",0,0,3.00,3.1,3.20,3.00
22/05/2020,3.00,3.00,-0.20 (-6.25 %)," ","37,500","116,760,000",0,0,3.20,3.10,3.20,3.00
21/05/2020,3.20,3.20,0.00 (0.00 %)," ","51,000","157,750,000",0,0,3.20,3.2,3.20,3.00
20/05/2020,3.20,3.20,0.20 (6.67 %)," ","75,110","232,261,000",0,0,3.00,3.00,3.20,3.00
19/05/2020,3.00,3.00,-0.10 (-3.23 %)," ","5,600","17,230,000",0,0,3.10,3.1,3.10,3.00
18/05/2020,3.10,3.10,0.10 (3.33 %)," ","24,700","74,130,000",0,0,3.00,3.00,3.10,3.00
15/05/2020,3.00,3.00,0.10 (3.45 %)," ","2,920","8,668,000",0,0,2.90,3.0,3.00,2.90
14/05/2020,2.90,2.90,-0.20 (-6.45 %)," ","112,340","336,811,000",0,0,3.10,3.00,3.00,2.90
13/05/2020,3.10,3.10,0.00 (0.00 %)," ","35,200","105,640,000",0,0,3.10,3.1,3.10,3.00
12/05/2020,3.10,3.10,-0.10 (-3.13 %)," ","62,600","193,710,000",0,0,3.20,3.10,3.10,3.00
11/05/2020,3.20,3.20,0.10 (3.23 %)," ","55,400","172,080,000",0,0,3.10,3.1,3.20,3.10
08/05/2020,3.10,3.10,0.00 (0.00 %)," ","34,800","107,760,000",0,0,3.10,3.10,3.10,3.00
07/05/2020,3.10,3.10,0.10 (3.33 %)," ","145,400","431,460,000",0,0,3.00,2.9,3.10,2.90
06/05/2020,3.00,3.00,0.00 (0.00 %)," ","82,900","242,530,000",0,0,3.00,3.00,3.00,2.90
05/05/2020,3.00,3.00,0.10 (3.45 %)," ","13,700","39,800,000",0,0,2.90,3.0,3.00,2.90
29/04/2020,3.10,3.10,-0.20 (-6.06 %)," ","145,000","461,210,000",0,0,3.30,3.3,3.30,3.10
28/04/2020,3.30,3.30,0.30 (10.00 %)," ","247,759","764,509,800",0,0,3.00,3.00,3.30,3.00
27/04/2020,3.00,3.00,0.10 (3.45 %)," ","53,160","156,968,000",0,0,2.90,3.0,3.00,2.90
24/04/2020,2.90,2.90,-0.10 (-3.33 %)," ","111,500","333,320,000",0,0,3.00,3.00,3.00,2.90
23/04/2020,3.00,3.00,0.10 (3.45 %)," ","18,100","52,110,000",0,0,2.90,2.9,3.00,2.80
22/04/2020,2.90,2.90,0.00 (0.00 %)," ","27,854","80,776,600",0,0,2.90,2.90,2.90,2.90
21/04/2020,2.90,2.90,-0.10 (-3.33 %)," ","51,100","150,100,000",0,0,3.00,3.0,3.00,2.90
20/04/2020,3.00,3.00,0.00 (0.00 %)," ","91,000","273,010,000",0,0,3.00,3.00,3.10,3.00
17/04/2020,3.00,3.00,0.10 (3.45 %)," ","29,900","86,720,000",0,0,2.90,2.9,3.00,2.90
16/04/2020,2.90,2.90,-0.10 (-3.33 %)," ","113,200","328,440,000",0,0,3.00,3.00,3.00,2.80
15/04/2020,3.00,3.00,0.10 (3.45 %)," ","64,500","187,070,000",0,0,2.90,2.9,3.00,2.90
14/04/2020,2.90,2.90,0.00 (0.00 %)," ","40,600","119,900,000",0,0,2.90,3.00,3.10,2.90
13/04/2020,2.90,2.90,-0.10 (-3.33 %)," ","6,900","20,010,000",0,0,3.00,2.9,2.90,2.90
10/04/2020,3.00,3.00,0.00 (0.00 %)," ","1,500","4,390,000",0,0,3.00,3.00,3.00,2.90
09/04/2020,3.00,3.00,0.00 (0.00 %)," ","9,905","28,924,000",0,0,3.00,3.0,3.00,2.90
08/04/2020,3.00,3.00,0.10 (3.45 %)," ","12,400","36,010,000",0,0,2.90,2.90,3.00,2.90
07/04/2020,2.90,2.90,0.00 (0.00 %)," ","33,000","95,700,000",0,0,2.90,2.9,2.90,2.90
06/04/2020,2.90,2.90,0.00 (0.00 %)," ","14,600","40,930,000",0,0,2.90,2.90,2.90,2.80
03/04/2020,2.90,2.90,0.10 (3.57 %)," ","28,300","79,260,000",0,0,2.80,2.7,2.90,2.70
31/03/2020,2.90,2.90,0.10 (3.57 %)," ","22,129","61,956,900",0,0,2.80,2.8,2.90,2.70
30/03/2020,2.80,2.80,-0.10 (-3.45 %)," ","7,100","19,960,000",0,0,2.90,2.80,2.90,2.80
27/03/2020,2.90,2.90,0.00 (0.00 %)," ","10,000","28,560,000",0,0,2.90,2.9,2.90,2.80
26/03/2020,2.90,2.90,0.00 (0.00 %)," ","55,500","160,950,000",0,0,2.90,2.90,2.90,2.90
25/03/2020,2.90,2.90,0.00 (0.00 %)," ","20,100","58,290,000",0,0,2.90,2.9,2.90,2.90
24/03/2020,2.90,2.90,0.10 (3.57 %)," ","4,900","14,210,000",0,0,2.80,2.90,2.90,2.90
23/03/2020,2.80,2.80,-0.10 (-3.45 %)," ","16,600","46,700,000",0,0,2.90,2.9,2.90,2.80
20/03/2020,2.90,2.90,0.00 (0.00 %)," ","73,700","213,740,000",0,0,2.90,2.90,3.00,2.90
19/03/2020,2.90,2.90,0.00 (0.00 %)," ","4,900","14,340,000",0,0,2.90,3.0,3.00,2.80
18/03/2020,2.90,2.90,0.00 (0.00 %)," ","26,715","78,423,500",0,0,2.90,2.90,3.00,2.90
17/03/2020,2.90,2.90,0.00 (0.00 %)," ","144,400","409,850,000",0,0,2.90,3.0,3.00,2.80
16/03/2020,2.90,2.90,-0.10 (-3.33 %)," ","7,800","22,650,000",0,0,3.00,2.90,3.00,2.90
13/03/2020,3.00,3.00,0.00 (0.00 %)," ","52,700","154,380,000",0,0,3.00,2.9,3.00,2.90
12/03/2020,3.00,3.00,0.00 (0.00 %)," ","120,000","349,180,000",0,0,3.00,2.90,3.00,2.80
11/03/2020,3.00,3.00,0.00 (0.00 %)," ","59,000","177,010,000",0,0,3.00,3.0,3.10,3.00
10/03/2020,3.00,3.00,0.00 (0.00 %)," ","63,300","188,820,000",0,0,3.00,3.00,3.00,2.90
09/03/2020,3.00,3.00,-0.20 (-6.25 %)," ","174,730","526,043,000",0,0,3.20,3.1,3.10,3.00
06/03/2020,3.20,3.20,-0.10 (-3.03 %)," ","37,900","122,670,000",0,0,3.30,3.30,3.30,3.20
05/03/2020,3.30,3.30,0.10 (3.12 %)," ","14,300","45,850,000",0,0,3.20,3.2,3.30,3.20
03/03/2020,3.10,3.10,-0.20 (-6.06 %)," ","32,500","103,140,000",0,0,3.30,3.2,3.20,3.10
02/03/2020,3.30,3.30,0.00 (0.00 %)," ","11,190","36,888,000",0,0,3.30,3.30,3.30,3.20
28/02/2020,3.30,3.30,0.00 (0.00 %)," ","153,300","490,570,000",0,0,3.30,3.2,3.30,3.20
27/02/2020,3.30,3.30,0.10 (3.12 %)," ","19,500","62,570,000",0,0,3.20,3.20,3.30,3.20
26/02/2020,3.20,3.20,0.10 (3.23 %)," ","26,510","84,642,000",0,0,3.10,3.1,3.20,3.10
25/02/2020,3.10,3.10,-0.10 (-3.13 %)," ","29,900","92,830,000",0,0,3.20,3.10,3.20,3.10
24/02/2020,3.20,3.20,-0.20 (-5.88 %)," ","42,100","137,050,000",0,0,3.40,3.3,3.30,3.20
21/02/2020,3.40,3.40,0.10 (3.03 %)," ","12,500","41,650,000",0,0,3.30,3.30,3.40,3.30
20/02/2020,3.30,3.30,-0.10 (-2.94 %)," ","52,800","178,560,000",0,0,3.40,3.4,3.40,3.30
19/02/2020,3.40,3.40,0.20 (6.25 %)," ","147,110","465,991,000",0,0,3.20,3.20,3.40,3.10
18/02/2020,3.20,3.20,-0.30 (-8.57 %)," ","363,240","1,187,256,000",0,0,3.50,3.4,3.40,3.20
17/02/2020,3.50,3.50,-0.10 (-2.78 %)," ","36,400","127,400,000",0,0,3.60,3.50,3.50,3.50
14/02/2020,3.60,3.60,0.10 (2.86 %)," ","67,650","236,955,000",0,0,3.50,3.5,3.60,3.40
13/02/2020,3.50,3.50,-0.10 (-2.78 %)," ","61,000","213,390,000",0,0,3.60,3.40,3.60,3.40
12/02/2020,3.60,3.60,0.10 (2.86 %)," ","163,400","564,720,000",0,0,3.50,3.4,3.60,3.30
11/02/2020,3.50,3.50,0.10 (2.94 %)," ","13,000","44,240,000",0,0,3.40,3.40,3.50,3.40
10/02/2020,3.40,3.40,-0.10 (-2.86 %)," ","72,200","245,500,000",0,0,3.50,3.4,3.50,3.40
07/02/2020,3.50,3.50,0.10 (2.94 %)," ","163,200","557,600,000",0,0,3.40,3.30,3.60,3.30
06/02/2020,3.40,3.40,0.20 (6.25 %)," ","137,950","443,185,000",0,0,3.20,3.2,3.40,3.10
04/02/2020,3.20,3.20,0.00 (0.00 %)," ","54,600","171,580,000",0,0,3.20,3.1,3.20,3.10
03/02/2020,3.20,3.20,-0.10 (-3.03 %)," ","185,800","568,440,000",0,0,3.30,3.20,3.20,3.00
31/01/2020,3.30,3.30,-0.10 (-2.94 %)," ","573,300","1,901,894,000",0,0,3.40,3.5,3.50,3.20
30/01/2020,3.40,3.40,-0.30 (-8.11 %)," ","163,700","564,350,000",0,0,3.70,3.60,3.60,3.40
22/01/2020,3.70,3.70,0.00 (0.00 %)," ","144,900","511,450,000",0,0,3.70,3.6,3.70,3.40
21/01/2020,3.70,3.70,0.10 (2.78 %)," ","11,900","42,521,000",0,0,3.60,3.60,3.70,3.50
20/01/2020,3.60,3.60,-0.10 (-2.70 %)," ","32,700","117,740,000",0,0,3.70,3.6,3.70,3.60
17/01/2020,3.70,3.70,0.10 (2.78 %)," ","183,200","660,740,000",0,0,3.60,3.60,3.70,3.60
16/01/2020,3.60,3.60,-0.10 (-2.70 %)," ","13,900","50,140,000",0,0,3.70,3.7,3.80,3.60
15/01/2020,3.70,3.70,0.00 (0.00 %)," ","125,000","450,750,000",0,0,3.70,4.00,4.00,3.40
14/01/2020,3.69,4.20,0.10 (2.44 %)," ","75,700","314,070,000",0,0,4.10,4.1,4.20,4.00
13/01/2020,3.60,4.10,-0.20 (-4.65 %)," ","48,200","201,240,000",0,0,4.30,4.20,4.20,4.10
10/01/2020,3.78,4.30,0.00 (0.00 %)," ","20,900","89,770,000",0,0,4.30,4.3,4.30,4.20
09/01/2020,3.78,4.30,0.20 (4.88 %)," ","216,522","917,504,600",0,0,4.10,4.10,4.30,4.10
08/01/2020,3.60,4.10,-0.30 (-6.82 %)," ","98,600","410,770,000",0,0,4.40,4.3,4.30,4.10
07/01/2020,3.86,4.40,0.30 (7.32 %)," ","249,850","1,065,640,000",0,0,4.10,4.10,4.50,4.00
06/01/2020,3.60,4.10,-0.20 (-4.65 %)," ","12,500","51,470,000",0,0,4.30,4.3,4.30,4.10
03/01/2020,3.78,4.30,0.00 (0.00 %)," ","84,800","356,760,000",0,0,4.30,4.30,4.30,4.10
02/01/2020,3.78,4.30,-0.10 (-2.27 %)," ","44,700","192,200,000",0,0,4.40,4.3,4.30,4.20
30/12/2019,3.86,4.40,0.30 (7.32 %)," ","200,220","887,324,000",0,0,4.10,4.1,4.50,4.10
27/12/2019,3.60,4.10,0.00 (0.00 %)," ","71,200","285,920,000",0,0,4.10,4.10,4.10,4.00
26/12/2019,3.60,4.10,0.00 (0.00 %)," ","90,152","369,587,600",0,0,4.10,4.1,4.10,4.00
25/12/2019,3.60,4.10,0.00 (0.00 %)," ","17,341","71,095,100",0,0,4.10,4.10,4.10,4.10
24/12/2019,3.60,4.10,0.00 (0.00 %)," ","20,500","84,050,000",0,0,4.10,4.1,4.10,4.10
23/12/2019,3.60,4.10,-0.10 (-2.38 %)," ","100,800","413,330,000",0,0,4.20,4.10,4.20,4.10
20/12/2019,3.69,4.20,0.00 (0.00 %)," ","73,100","300,480,000",0,0,4.20,4.1,4.20,4.10
19/12/2019,3.69,4.20,0.10 (2.44 %)," ","49,200","202,020,000",0,0,4.10,4.10,4.20,4.10
18/12/2019,3.60,4.10,0.00 (0.00 %)," ","5,620","23,040,000",0,0,4.10,4.1,4.10,4.10
17/12/2019,3.60,4.10,0.00 (0.00 %)," ","88,910","364,131,000",0,0,4.10,4.10,4.10,4.00
16/12/2019,3.60,4.10,0.00 (0.00 %)," ","127,700","519,440,000",0,0,4.10,4.1,4.20,4.00
13/12/2019,3.60,4.10,0.00 (0.00 %)," ","24,330","98,153,000",0,0,4.10,4.10,4.10,4.00
12/12/2019,3.60,4.10,-0.10 (-2.38 %)," ","123,600","508,560,000",0,0,4.20,4.1,4.20,4.10
11/12/2019,3.69,4.20,0.10 (2.44 %)," ","63,500","270,490,000",0,0,4.10,4.10,4.30,4.10
10/12/2019,3.60,4.10,-0.10 (-2.38 %)," ","467,130","1,892,890,000",0,0,4.20,4.1,4.20,4.00
09/12/2019,3.69,4.20,-0.10 (-2.33 %)," ","185,250","770,920,000",0,0,4.30,4.30,4.30,4.10
06/12/2019,3.78,4.30,0.10 (2.38 %)," ","73,300","307,880,000",0,0,4.20,4.2,4.30,4.20
05/12/2019,3.69,4.20,-0.10 (-2.33 %)," ","54,200","227,710,000",0,0,4.30,4.30,4.30,4.20
04/12/2019,3.78,4.30,0.00 (0.00 %)," ","97,700","412,110,000",0,0,4.30,4.2,4.30,4.20
02/12/2019,3.78,4.30,0.00 (0.00 %)," ","30,500","128,400,000",0,0,4.30,4.2,4.30,4.20
29/11/2019,3.78,4.30,0.10 (2.38 %)," ","64,600","277,780,000",0,0,4.20,4.30,4.30,4.30
28/11/2019,3.69,4.20,0.00 (0.00 %)," ","38,300","160,860,000","172,000","739,600,000",4.20,4.2,4.20,4.20
27/11/2019,3.69,4.20,-0.10 (-2.33 %)," ","88,000","370,300,000",0,0,4.30,4.20,4.30,4.20
26/11/2019,3.78,4.30,-0.10 (-2.27 %)," ","102,000","438,600,000",0,0,4.40,4.3,4.30,4.30
25/11/2019,3.86,4.40,0.10 (2.33 %)," ","216,500","918,060,000","235,000","1,010,500,000",4.30,4.20,4.40,4.20
22/11/2019,3.78,4.30,0.00 (0.00 %)," ","111,100","477,170,000",0,0,4.30,4.4,4.40,4.20
21/11/2019,3.78,4.30,0.00 (0.00 %)," ","239,200","1,028,580,000",0,0,4.30,4.30,4.40,4.30
20/11/2019,3.78,4.30,0.10 (2.38 %)," ","84,600","354,370,000",0,0,4.20,4.2,4.30,4.10
19/11/2019,3.69,4.20,-0.10 (-2.33 %)," ","204,000","872,200,000",0,0,4.30,4.30,4.30,4.20
18/11/2019,3.78,4.30,0.00 (0.00 %)," ","168,500","710,226,000",0,0,4.30,4.2,4.30,4.20
15/11/2019,3.78,4.30,0.10 (2.38 %)," ","6,500","27,310,000",0,0,4.20,4.20,4.30,4.20
14/11/2019,3.69,4.20,0.10 (2.44 %)," ","193,800","808,080,000",0,0,4.10,4.1,4.30,4.10
13/11/2019,3.60,4.10,-0.30 (-6.82 %)," ","10,400","43,850,000",0,0,4.40,4.40,4.40,4.10
12/11/2019,3.86,4.40,0.30 (7.32 %)," ","193,200","806,900,000",0,0,4.10,4.1,4.40,4.10
11/11/2019,3.60,4.10,0.00 (0.00 %)," ","101,300","415,330,000",0,0,4.10,4.10,4.10,4.10
08/11/2019,3.60,4.10,-0.10 (-2.38 %)," ","179,700","749,890,000",0,0,4.20,4.2,4.40,4.10
07/11/2019,3.69,4.20,0.10 (2.44 %)," ","271,000","1,126,600,000",0,0,4.10,4.10,4.40,4.00
06/11/2019,3.60,4.10,0.00 (0.00 %)," ","64,410","257,650,000",0,0,4.10,4.0,4.10,4.00
04/11/2019,3.60,4.10,0.00 (0.00 %)," ","59,400","246,330,000",0,0,4.10,4.1,4.30,4.10
01/11/2019,3.60,4.10,0.10 (2.50 %)," ","172,500","701,970,000",0,0,4.00,4.10,4.30,4.00
31/10/2019,3.51,4.00,-0.10 (-2.44 %)," ","68,700","274,850,000",0,0,4.10,4.0,4.10,4.00
30/10/2019,3.60,4.10,0.10 (2.50 %)," ","47,300","189,780,000",0,0,4.00,3.90,4.10,3.90
29/10/2019,3.51,4.00,-0.10 (-2.44 %)," ","70,500","287,820,000",0,0,4.10,4.1,4.10,4.00
28/10/2019,3.60,4.10,-0.20 (-4.65 %)," ","103,875","427,195,000",0,0,4.30,4.20,4.20,4.10
25/10/2019,3.78,4.30,0.00 (0.00 %)," ","201,207","838,139,400",0,0,4.30,4.2,4.40,4.10
24/10/2019,3.78,4.30,0.00 (0.00 %)," ","81,110","342,382,000",0,0,4.30,4.30,4.40,4.20
23/10/2019,3.78,4.30,0.00 (0.00 %)," ","92,210","394,064,000",0,0,4.30,4.3,4.50,4.20
22/10/2019,3.78,4.30,-0.10 (-2.27 %)," ","3,602","15,488,400",0,0,4.40,4.30,4.30,4.30
21/10/2019,3.86,4.40,0.00 (0.00 %)," ","59,000","256,500,000",0,0,4.40,4.3,4.40,4.30
18/10/2019,3.86,4.40,-0.10 (-2.22 %)," ","44,100","192,600,000",0,0,4.50,4.50,4.50,4.30
17/10/2019,3.95,4.50,0.00 (0.00 %)," ","101,560","452,396,000",0,0,4.50,4.4,4.50,4.40
16/10/2019,3.95,4.50,0.20 (4.65 %)," ","215,650","922,625,000",0,0,4.30,4.30,4.50,4.20
15/10/2019,3.78,4.30,-0.10 (-2.27 %)," ","57,900","249,570,000",0,0,4.40,4.4,4.40,4.30
14/10/2019,3.86,4.40,-0.10 (-2.22 %)," ","57,500","253,000,000",0,0,4.50,4.40,4.40,4.40
11/10/2019,3.95,4.50,0.10 (2.27 %)," ","9,010","39,344,000",0,0,4.40,4.5,4.50,4.30
10/10/2019,3.86,4.40,-0.10 (-2.22 %)," ","45,000","198,010,000",0,0,4.50,4.40,4.50,4.40
09/10/2019,3.95,4.50,0.00 (0.00 %)," ","13,902","61,208,800",0,0,4.50,4.4,4.50,4.40
07/10/2019,3.95,4.50,0.10 (2.27 %)," ","58,600","257,850,000",0,0,4.40,4.4,4.50,4.40
04/10/2019,3.86,4.40,-0.10 (-2.22 %)," ","53,400","235,600,000",0,0,4.50,4.50,4.50,4.40
03/10/2019,3.95,4.50,0.00 (0.00 %)," ","51,800","228,100,000",0,0,4.50,4.5,4.50,4.40
02/10/2019,3.95,4.50,0.00 (0.00 %)," ","65,500","292,800,000",0,0,4.50,4.50,4.50,4.40
01/10/2019,3.95,4.50,0.00 (0.00 %)," ","138,300","609,410,000",0,0,4.50,4.5,4.50,4.40
30/09/2019,3.95,4.50,-0.10 (-2.17 %)," ","195,200","878,380,000",0,0,4.60,4.50,4.60,4.40
27/09/2019,4.04,4.60,0.00 (0.00 %)," ","11,000","49,570,000",0,0,4.60,4.6,4.60,4.50
26/09/2019,4.04,4.60,0.10 (2.22 %)," ","225,000","1,009,080,000",0,0,4.50,4.50,4.60,4.40
25/09/2019,3.95,4.50,-0.10 (-2.17 %)," ","77,900","348,090,000","300,000","1,350,000,000",4.60,4.5,4.60,4.40
24/09/2019,4.04,4.60,0.00 (0.00 %)," ","40,100","180,600,000","1,058,000","4,790,000,000",4.60,4.60,4.60,4.50
23/09/2019,4.04,4.60,-0.10 (-2.13 %)," ","18,400","84,080,000",0,0,4.70,4.7,4.70,4.50
20/09/2019,4.13,4.70,0.10 (2.17 %)," ","29,900","137,650,000",0,0,4.60,4.60,4.70,4.60
19/09/2019,4.04,4.60,0.10 (2.22 %)," ","167,100","752,720,000",0,0,4.50,4.5,4.60,4.50
18/09/2019,3.95,4.50,0.00 (0.00 %)," ","17,150","76,170,000",0,0,4.50,4.50,4.50,4.40
17/09/2019,3.95,4.50,-0.10 (-2.17 %)," ","44,600","200,760,000",0,0,4.60,4.6,4.60,4.50
16/09/2019,4.04,4.60,0.10 (2.22 %)," ","7,000","31,750,000",0,0,4.50,4.50,4.60,4.50
13/09/2019,3.95,4.50,-0.10 (-2.17 %)," ","36,590","164,709,600",0,0,4.60,4.6,4.60,4.50
12/09/2019,4.04,4.60,0.10 (2.22 %)," ","4,600","20,810,000",0,0,4.50,4.50,4.60,4.50
11/09/2019,3.95,4.50,0.00 (0.00 %)," ","256,800","1,166,590,000",0,0,4.50,4.6,4.60,4.50
09/09/2019,4.13,4.70,0.20 (4.44 %)," ","371,500","1,715,850,000",0,0,4.50,4.5,4.80,4.40
06/09/2019,3.95,4.50,-0.20 (-4.26 %)," ","192,510","879,856,000",0,0,4.70,4.60,4.70,4.50
05/09/2019,4.13,4.70,0.00 (0.00 %)," ","151,900","705,010,000",0,0,4.70,4.7,4.80,4.50
04/09/2019,4.13,4.70,-0.50 (-9.62 %)," ","648,562","3,145,159,400",0,0,5.20,5.00,5.20,4.70
03/09/2019,4.57,5.20,0.10 (1.96 %)," ","442,610","2,256,191,000",0,0,5.10,4.9,5.20,4.80
30/08/2019,4.48,5.10,-0.20 (-3.77 %)," ","86,500","438,140,000",0,0,5.30,5.40,5.40,5.00
29/08/2019,4.65,5.30,0.20 (3.92 %)," ","352,298","1,877,044,800",0,0,5.10,5.2,5.60,5.20
28/08/2019,4.48,5.10,0.40 (8.51 %)," ","803,875","3,995,403,700",0,0,4.70,4.60,5.10,4.50
27/08/2019,4.13,4.70,0.10 (2.17 %)," ","136,812","626,215,200",0,0,4.60,4.5,4.70,4.50
26/08/2019,4.04,4.60,0.10 (2.22 %)," ","137,800","618,380,000",0,0,4.50,4.40,4.60,4.40
23/08/2019,3.95,4.50,-0.10 (-2.17 %)," ","22,300","98,650,000",0,0,4.60,4.5,4.50,4.40
22/08/2019,4.04,4.60,0.10 (2.22 %)," ","3,689","16,871,600",0,0,4.50,4.50,4.60,4.50
21/08/2019,3.95,4.50,-0.10 (-2.17 %)," ","115,000","509,800,000",0,0,4.60,4.5,4.50,4.40
20/08/2019,4.04,4.60,0.00 (0.00 %)," ","51,200","230,420,000",0,0,4.60,4.50,4.60,4.50
19/08/2019,4.04,4.60,0.10 (2.22 %)," ","21,620","99,610,000",0,0,4.50,4.6,4.70,4.60
16/08/2019,3.95,4.50,0.30 (7.14 %)," ","107,650","477,710,000",0,0,4.20,4.30,4.50,4.30
15/08/2019,3.69,4.20,-0.20 (-4.55 %)," ","15,900","68,730,000",0,0,4.40,4.4,4.40,4.20
14/08/2019,3.86,4.40,0.10 (2.33 %)," ","12,000","52,480,000","25,000","105,000,000",4.30,4.30,4.50,4.30
13/08/2019,3.78,4.30,-0.10 (-2.27 %)," ","69,100","297,140,000",0,0,4.40,4.3,4.40,4.30
09/08/2019,3.86,4.40,0.00 (0.00 %)," ","21,300","92,960,000",0,0,4.40,4.4,4.50,4.30
08/08/2019,3.86,4.40,-0.10 (-2.22 %)," ","19,490","85,756,000",0,0,4.50,4.40,4.40,4.40
07/08/2019,3.95,4.50,0.00 (0.00 %)," ","18,400","82,740,000",0,0,4.50,4.6,4.60,4.40
06/08/2019,3.95,4.50,0.00 (0.00 %)," ","39,800","179,130,000",0,0,4.50,4.50,4.60,4.50
05/08/2019,3.95,4.50,0.10 (2.27 %)," ","37,000","169,900,000",0,0,4.40,4.6,4.60,4.50
02/08/2019,3.86,4.40,0.00 (0.00 %)," ","131,700","594,240,000",0,0,4.40,4.50,4.70,4.40
01/08/2019,3.86,4.40,-0.10 (-2.22 %)," ","63,500","279,400,000",0,0,4.50,4.4,4.40,4.40
31/07/2019,3.95,4.50,0.00 (0.00 %)," ","167,300","758,350,000",0,0,4.50,4.50,4.70,4.40
30/07/2019,3.95,4.50,-0.20 (-4.26 %)," ","34,800","159,200,000",0,0,4.70,4.6,4.60,4.50
29/07/2019,4.13,4.70,0.00 (0.00 %)," ","63,800","297,570,000","412,400","1,938,280,000",4.70,4.80,4.80,4.60
26/07/2019,4.13,4.70,0.20 (4.44 %)," ","40,100","186,420,000",0,0,4.50,4.6,4.80,4.60
25/07/2019,3.95,4.50,-0.20 (-4.26 %)," ","36,400","167,400,000",0,0,4.70,4.70,4.70,4.50
24/07/2019,4.13,4.70,-0.10 (-2.08 %)," ","11,100","52,170,000",0,0,4.80,4.7,4.70,4.70
23/07/2019,4.21,4.80,0.10 (2.13 %)," ","1,300","6,120,000",0,0,4.70,4.70,4.80,4.70
22/07/2019,4.13,4.70,-0.10 (-2.08 %)," ","26,000","122,200,000","10,000","48,000,000",4.80,4.7,4.70,4.70
19/07/2019,4.21,4.80,0.00 (0.00 %)," ","17,940","84,382,000",0,0,4.80,4.70,4.80,4.70
18/07/2019,4.21,4.80,0.00 (0.00 %)," ","5,400","25,920,000",0,0,4.80,4.8,4.80,4.80
17/07/2019,4.21,4.80,0.10 (2.13 %)," ","3,000","14,400,000",0,0,4.70,4.80,4.80,4.80
16/07/2019,4.13,4.70,0.00 (0.00 %)," ","2,300","10,840,000",0,0,4.70,4.8,4.80,4.70
12/07/2019,4.21,4.80,0.00 (0.00 %)," ","41,100","197,290,000",0,0,4.80,4.8,4.90,4.80
11/07/2019,4.21,4.80,0.10 (2.13 %)," ","2,200","10,440,000",0,0,4.70,4.70,4.80,4.70
10/07/2019,4.13,4.70,0.00 (0.00 %)," ","8,900","41,850,000",0,0,4.70,4.7,4.80,4.70
09/07/2019,4.13,4.70,0.00 (0.00 %)," ","5,900","27,730,000",0,0,4.70,4.70,4.70,4.70
08/07/2019,4.13,4.70,0.00 (0.00 %)," ","41,700","195,990,000",0,0,4.70,4.7,4.70,4.70
05/07/2019,4.13,4.70,-0.10 (-2.08 %)," ","92,610","439,302,000",0,0,4.80,4.80,4.80,4.70
04/07/2019,4.21,4.80,-0.10 (-2.04 %)," ","50,363","243,802,400",0,0,4.90,4.8,5.00,4.80
03/07/2019,4.30,4.90,-0.10 (-2.00 %)," ","95,121","462,777,100",0,0,5.00,5.00,5.00,4.80
02/07/2019,4.39,5.00,0.00 (0.00 %)," ","29,400","144,140,000",0,0,5.00,5.0,5.00,4.90
01/07/2019,4.39,5.00,0.00 (0.00 %)," ","5,800","29,000,000",0,0,5.00,5.00,5.00,5.00
28/06/2019,4.39,5.00,0.10 (2.04 %)," ","66,000","323,020,000",0,0,4.90,4.9,5.00,4.80
27/06/2019,4.30,4.90,0.00 (0.00 %)," ","33,800","165,620,000",0,0,4.90,4.90,4.90,4.90
26/06/2019,4.30,4.90,-0.20 (-3.92 %)," ","55,600","275,700,000",0,0,5.10,5.0,5.00,4.90
25/06/2019,4.48,5.10,0.00 (0.00 %)," ","65,600","327,960,000",0,0,5.10,5.00,5.10,4.90
24/06/2019,4.48,5.10,0.10 (2.00 %)," ","68,600","343,530,000",0,0,5.00,5.0,5.10,5.00
21/06/2019,4.39,5.00,0.10 (2.04 %)," ","164,650","814,950,000",0,0,4.90,4.90,5.10,4.80
20/06/2019,4.30,4.90,0.00 (0.00 %)," ","45,300","221,960,000",0,0,4.90,4.9,4.90,4.80
19/06/2019,4.30,4.90,-0.10 (-2.00 %)," ","61,500","304,600,000",0,0,5.00,5.00,5.00,4.90
18/06/2019,4.39,5.00,0.10 (2.04 %)," ","11,850","58,095,000",0,0,4.90,4.9,5.00,4.90
14/06/2019,4.39,5.00,0.10 (2.04 %)," ","42,100","206,100,000",0,0,4.90,4.9,5.00,4.80
13/06/2019,4.30,4.90,-0.10 (-2.00 %)," ","84,000","419,970,000",0,0,5.00,5.00,5.10,4.90
12/06/2019,4.39,5.00,0.00 (0.00 %)," ","69,910","350,120,000",0,0,5.00,5.1,5.10,5.00
11/06/2019,4.39,5.00,0.30 (6.38 %)," ","97,700","480,670,000",0,0,4.70,4.70,5.10,4.70
10/06/2019,4.13,4.70,0.00 (0.00 %)," ","7,500","35,250,000",0,0,4.70,4.7,4.70,4.70
07/06/2019,4.13,4.70,0.10 (2.17 %)," ","46,100","216,170,000",0,0,4.60,4.70,4.80,4.60
06/06/2019,4.04,4.60,-0.20 (-4.17 %)," ","116,400","551,350,000",0,0,4.80,4.8,4.80,4.60
05/06/2019,4.21,4.80,-0.10 (-2.04 %)," ","109,900","521,220,000",0,0,4.90,4.80,4.80,4.70
04/06/2019,4.30,4.90,-0.10 (-2.00 %)," ","17,400","85,260,000",0,0,5.00,4.9,4.90,4.90
03/06/2019,4.39,5.00,0.10 (2.04 %)," ","7,100","34,800,000",0,0,4.90,4.90,5.00,4.90
31/05/2019,4.30,4.90,0.00 (0.00 %)," ","107,330","528,390,000",0,0,4.90,4.9,5.00,4.90
30/05/2019,4.30,4.90,-0.20 (-3.92 %)," ","90,900","449,770,000",0,0,5.10,5.10,5.10,4.90
29/05/2019,4.48,5.10,0.00 (0.00 %)," ","89,000","449,060,000",0,0,5.10,5.0,5.10,5.00
28/05/2019,4.48,5.10,0.30 (6.25 %)," ","57,600","285,370,000",0,0,4.80,4.80,5.10,4.70
27/05/2019,4.21,4.80,-0.20 (-4.00 %)," ","170,100","825,590,000",0,0,5.00,5.0,5.00,4.80
24/05/2019,4.39,5.00,0.00 (0.00 %)," ","48,200","237,170,000",0,0,5.00,5.10,5.10,4.90
23/05/2019,4.39,5.00,-0.10 (-1.96 %)," ","144,100","719,160,000",0,0,5.10,5.0,5.10,4.90
22/05/2019,4.48,5.10,-0.10 (-1.92 %)," ","270,700","1,356,130,000",0,0,5.20,5.10,5.20,4.90
21/05/2019,4.57,5.20,-0.10 (-1.89 %)," ","128,300","672,100,000",0,0,5.30,5.3,5.40,5.10
17/05/2019,4.65,5.30,-0.20 (-3.64 %)," ","45,200","240,910,000",0,0,5.50,5.5,5.50,5.20
16/05/2019,4.83,5.50,-0.10 (-1.79 %)," ","48,400","264,110,000",0,0,5.60,5.60,5.60,5.40
15/05/2019,4.92,5.60,0.30 (5.66 %)," ","121,750","666,225,000",0,0,5.30,5.3,5.60,5.30
14/05/2019,4.65,5.30,-0.20 (-3.64 %)," ","178,230","952,766,000",0,0,5.50,5.50,5.80,5.20
13/05/2019,4.83,5.50,0.10 (1.85 %)," ","127,100","681,870,000",0,0,5.40,5.4,5.50,5.20
10/05/2019,4.74,5.40,0.30 (5.88 %)," ","68,400","359,470,000",0,0,5.10,5.20,5.50,5.10
09/05/2019,4.48,5.10,0.00 (0.00 %)," ","21,800","111,180,000",0,0,5.10,5.1,5.10,5.10
08/05/2019,4.48,5.10,-0.10 (-1.92 %)," ","39,500","201,070,000",0,0,5.20,5.10,5.10,5.00
07/05/2019,4.57,5.20,0.10 (1.96 %)," ","30,500","155,790,000",0,0,5.10,5.1,5.20,5.10
06/05/2019,4.48,5.10,0.00 (0.00 %)," ","94,700","479,150,000",0,0,5.10,5.10,5.20,4.90
03/05/2019,4.48,5.10,-0.10 (-1.92 %)," ","26,600","135,580,000",0,0,5.20,5.0,5.20,5.00
02/05/2019,4.57,5.20,0.00 (0.00 %)," ","61,400","310,110,000",0,0,5.20,5.20,5.20,4.90
26/04/2019,4.57,5.20,0.30 (6.12 %)," ","60,400","304,390,000",0,0,4.90,4.9,5.20,4.90
25/04/2019,4.30,4.90,0.30 (6.52 %)," ","102,115","504,413,100",0,0,4.60,4.60,5.00,4.60
24/04/2019,4.04,4.60,0.00 (0.00 %)," ","1,100","5,060,000",0,0,4.60,4.6,4.60,4.60
23/04/2019,4.04,4.60,-0.10 (-2.13 %)," ","50,596","235,232,000",0,0,4.70,4.70,4.70,4.60
22/04/2019,4.13,4.70,0.00 (0.00 %)," ","90,800","423,270,000",0,0,4.70,4.6,4.80,4.60
19/04/2019,4.13,4.70,0.20 (4.44 %)," ","65,800","302,960,000",0,0,4.50,4.50,4.70,4.50
18/04/2019,3.95,4.50,0.10 (2.27 %)," ","99,100","443,450,000",0,0,4.40,4.5,4.60,4.40
16/04/2019,4.04,4.60,-0.10 (-2.13 %)," ","50,500","231,630,000",0,0,4.70,4.6,4.60,4.50
12/04/2019,4.13,4.70,0.00 (0.00 %)," ","65,900","304,670,000",0,0,4.70,4.70,4.70,4.60
11/04/2019,4.13,4.70,0.20 (4.44 %)," ","37,700","173,540,000",0,0,4.50,4.6,4.70,4.60
10/04/2019,3.95,4.50,0.10 (2.27 %)," ","20,540","91,782,000",0,0,4.40,4.40,4.50,4.40
09/04/2019,3.86,4.40,0.10 (2.33 %)," ","28,436","124,713,200",0,0,4.30,4.3,4.40,4.30
08/04/2019,3.78,4.30,-0.10 (-2.27 %)," ","42,330","181,816,000",0,0,4.40,4.30,4.40,4.20
05/04/2019,3.86,4.40,0.00 (0.00 %)," ",300,"1,320,000",0,0,4.40,4.4,4.40,4.40
04/04/2019,3.86,4.40,0.10 (2.33 %)," ","2,500","10,990,000",0,0,4.30,4.40,4.40,4.30
03/04/2019,3.78,4.30,0.00 (0.00 %)," ","4,300","18,540,000",0,0,4.30,4.4,4.40,4.30
02/04/2019,3.78,4.30,-0.10 (-2.27 %)," ","32,100","140,290,000",0,0,4.40,4.50,4.50,4.30
01/04/2019,3.86,4.40,-0.10 (-2.22 %)," ","41,666","183,711,200",0,0,4.50,4.5,4.50,4.40
29/03/2019,3.95,4.50,0.00 (0.00 %)," ","75,400","338,470,000",0,0,4.50,4.50,4.60,4.40
28/03/2019,3.95,4.50,-0.10 (-2.17 %)," ","66,400","298,080,000",0,0,4.60,4.5,4.60,4.40
27/03/2019,4.04,4.60,0.00 (0.00 %)," ","122,500","563,170,000",0,0,4.60,4.50,4.80,4.50
26/03/2019,4.04,4.60,0.00 (0.00 %)," ","27,260","123,432,000",0,0,4.60,4.6,4.60,4.40
25/03/2019,4.04,4.60,0.40 (9.52 %)," ","144,750","654,560,000",0,0,4.20,4.20,4.60,4.20
22/03/2019,3.69,4.20,-0.10 (-2.33 %)," ","51,503","220,061,700",0,0,4.30,4.4,4.40,4.20
21/03/2019,3.78,4.30,-0.30 (-6.52 %)," ","34,400","152,200,000",0,0,4.60,4.50,4.50,4.30
20/03/2019,4.04,4.60,-0.10 (-2.13 %)," ","19,100","89,540,000",50,"215,000",4.70,4.8,4.80,4.50
18/03/2019,3.86,4.40,0.20 (4.76 %)," ","116,700","491,060,000",0,0,4.20,4.2,4.40,4.10
15/03/2019,3.69,4.20,-0.10 (-2.33 %)," ","29,200","122,760,000",0,0,4.30,4.30,4.30,4.20
14/03/2019,3.78,4.30,0.10 (2.38 %)," ","47,100","196,150,000",0,0,4.20,4.1,4.30,4.10
13/03/2019,3.69,4.20,0.10 (2.44 %)," ","75,804","311,796,000",0,0,4.10,4.00,4.20,4.00
12/03/2019,3.60,4.10,0.10 (2.50 %)," ","37,800","156,850,000",0,0,4.00,4.1,4.20,4.10
11/03/2019,3.51,4.00,-0.10 (-2.44 %)," ","5,500","22,500,000",0,0,4.10,4.10,4.10,4.00
08/03/2019,3.60,4.10,-0.10 (-2.38 %)," ","5,400","22,140,000",0,0,4.20,4.1,4.10,4.10
07/03/2019,3.69,4.20,0.10 (2.44 %)," ","17,400","71,450,000",0,0,4.10,4.10,4.20,4.00
06/03/2019,3.60,4.10,0.10 (2.50 %)," ","5,000","20,500,000",0,0,4.00,4.1,4.10,4.10
05/03/2019,3.51,4.00,-0.20 (-4.76 %)," ","51,300","209,540,000",0,0,4.20,4.10,4.20,4.00
04/03/2019,3.69,4.20,0.00 (0.00 %)," ","74,217","303,009,700",0,0,4.20,4.2,4.20,4.00
01/03/2019,3.69,4.20,-0.10 (-2.33 %)," ","40,300","169,260,000",0,0,4.30,4.20,4.20,4.20
28/02/2019,3.78,4.30,0.00 (0.00 %)," ","17,800","74,880,000",0,0,4.30,4.2,4.30,4.20
27/02/2019,3.78,4.30,0.00 (0.00 %)," ","43,752","186,553,200","145,000","580,000,000",4.30,4.30,4.30,4.20
26/02/2019,3.78,4.30,0.00 (0.00 %)," ","67,800","288,540,000","1,250,000","5,000,000,000",4.30,4.2,4.30,4.20
25/02/2019,3.78,4.30,0.00 (0.00 %)," ","26,000","111,600,000","400,000","1,600,000,000",4.30,4.20,4.30,4.20
22/02/2019,3.78,4.30,0.10 (2.38 %)," ","53,607","222,589,400",0,0,4.20,4.1,4.30,4.00
21/02/2019,3.69,4.20,0.20 (5.00 %)," ","19,700","81,940,000",0,0,4.00,4.10,4.20,4.10
20/02/2019,3.51,4.00,-0.40 (-9.09 %)," ","53,000","216,560,000",0,0,4.40,4.3,4.30,4.00
18/02/2019,3.95,4.50,-0.30 (-6.25 %)," ","105,423","474,643,500",0,0,4.80,4.9,4.90,4.40
15/02/2019,4.21,4.80,0.40 (9.09 %)," ","138,187","655,979,200",0,0,4.40,4.50,4.80,4.50
14/02/2019,3.86,4.40,0.40 (10.00 %)," ","63,400","268,530,000",0,0,4.00,4.0,4.40,4.00
13/02/2019,3.51,4.00,0.00 (0.00 %)," ","40,500","162,010,000",0,0,4.00,4.00,4.10,4.00
12/02/2019,3.51,4.00,0.10 (2.56 %)," ","80,500","315,000,000",0,0,3.90,3.9,4.00,3.80
11/02/2019,3.42,3.90,0.00 (0.00 %)," ","4,000","15,290,000",0,0,3.90,3.80,3.90,3.70
01/02/2019,3.42,3.90,0.10 (2.63 %)," ","11,900","45,310,000",0,0,3.80,3.8,3.90,3.80
31/01/2019,3.34,3.80,-0.10 (-2.56 %)," ","39,800","151,250,000",0,0,3.90,3.80,3.90,3.80
30/01/2019,3.42,3.90,0.00 (0.00 %)," ","58,500","220,010,000",0,0,3.90,3.8,3.90,3.70
29/01/2019,3.42,3.90,0.00 (0.00 %)," ","48,700","185,080,000",0,0,3.90,3.80,3.90,3.80
28/01/2019,3.42,3.90,0.00 (0.00 %)," ","57,100","216,990,000",0,0,3.90,3.8,3.90,3.80
25/01/2019,3.42,3.90,0.10 (2.63 %)," ","36,700","139,470,000",0,0,3.80,3.80,3.90,3.80
24/01/2019,3.34,3.80,0.00 (0.00 %)," ","5,100","19,380,000",0,0,3.80,3.8,3.80,3.80
23/01/2019,3.34,3.80,0.00 (0.00 %)," ","11,900","45,220,000",0,0,3.80,3.80,3.80,3.80
22/01/2019,3.34,3.80,-0.10 (-2.56 %)," ","36,900","140,230,000",0,0,3.90,3.8,3.90,3.80
21/01/2019,3.42,3.90,0.00 (0.00 %)," ","20,700","78,670,000",0,0,3.90,3.80,3.90,3.80
18/01/2019,3.42,3.90,0.10 (2.63 %)," ","22,100","83,990,000",0,0,3.80,3.8,3.90,3.80
17/01/2019,3.34,3.80,0.10 (2.70 %)," ","23,700","88,870,000","214,100","792,170,000",3.70,3.70,3.80,3.70
16/01/2019,3.25,3.70,0.00 (0.00 %)," ","68,300","258,840,000",0,0,3.70,3.8,3.90,3.70
14/01/2019,3.42,3.90,0.00 (0.00 %)," ","36,700","139,480,000",0,0,3.90,3.8,3.90,3.80
11/01/2019,3.42,3.90,0.00 (0.00 %)," ","19,400","74,000,000",0,0,3.90,3.80,3.90,3.80
10/01/2019,3.42,3.90,0.00 (0.00 %)," ","4,300","16,000,000",0,0,3.90,3.9,3.90,3.80
09/01/2019,3.42,3.90,0.00 (0.00 %)," ","15,500","59,000,000",0,0,3.90,3.80,3.90,3.80
08/01/2019,3.42,3.90,0.10 (2.63 %)," ","29,300","111,850,000",0,0,3.80,3.8,3.90,3.80
07/01/2019,3.34,3.80,-0.10 (-2.56 %)," ","8,100","30,780,000",0,0,3.90,3.80,3.80,3.80
04/01/2019,3.42,3.90,0.00 (0.00 %)," ",0,0,0,0,3.90,3.9,3.90,3.90
03/01/2019,3.42,3.90,0.00 (0.00 %)," ","15,200","57,780,000",0,0,3.90,3.80,3.90,3.80
02/01/2019,3.42,3.90,0.00 (0.00 %)," ","9,200","34,980,000",0,0,3.90,3.8,3.90,3.80
28/12/2018,3.42,3.90,0.00 (0.00 %)," ",0,0,0,0,3.90,3.90,3.90,3.90
27/12/2018,3.42,3.90,0.00 (0.00 %)," ",0,0,0,0,3.90,3.9,3.90,3.90
26/12/2018,3.42,3.90,0.00 (0.00 %)," ",0,0,0,0,3.90,3.90,3.90,3.90
25/12/2018,3.42,3.90,0.00 (0.00 %)," ","18,100","67,890,000",0,0,3.90,3.7,3.90,3.70
24/12/2018,3.42,3.90,0.10 (2.63 %)," ","13,200","50,170,000",0,0,3.80,3.80,3.90,3.80
21/12/2018,3.34,3.80,-0.10 (-2.56 %)," ","18,300","69,560,000",0,0,3.90,3.8,3.90,3.80
20/12/2018,3.42,3.90,0.00 (0.00 %)," ","27,200","103,380,000",0,0,3.90,3.80,3.90,3.80
19/12/2018,3.42,3.90,0.00 (0.00 %)," ","4,900","18,650,000",0,0,3.90,3.8,3.90,3.80
18/12/2018,3.42,3.90,0.00 (0.00 %)," ","1,360","5,052,000",0,0,3.90,3.70,3.90,3.70
17/12/2018,3.42,3.90,0.00 (0.00 %)," ",0,0,0,0,3.90,3.9,3.90,3.90
13/12/2018,3.42,3.90,0.10 (2.63 %)," ","17,300","64,420,000",0,0,3.80,3.7,3.90,3.70
12/12/2018,3.34,3.80,0.00 (0.00 %)," ",0,0,0,0,3.80,3.80,3.80,3.80
11/12/2018,3.34,3.80,-0.10 (-2.56 %)," ","8,106","30,812,800",0,0,3.90,3.9,3.90,3.80
10/12/2018,3.42,3.90,0.00 (0.00 %)," ","11,500","44,860,000",0,0,3.90,3.90,4.00,3.90
07/12/2018,3.42,3.90,0.00 (0.00 %)," ","7,300","28,440,000",0,0,3.90,3.8,3.90,3.80
06/12/2018,3.42,3.90,0.20 (5.41 %)," ","10,000","37,830,000",0,0,3.70,3.70,3.90,3.70
05/12/2018,3.25,3.70,-0.10 (-2.63 %)," ",200,"740,000",0,0,3.80,3.7,3.70,3.70
04/12/2018,3.34,3.80,0.00 (0.00 %)," ","25,400","93,790,000",0,0,3.80,3.80,3.80,3.60
03/12/2018,3.34,3.80,0.00 (0.00 %)," ","12,800","48,640,000",0,0,3.80,3.8,3.80,3.80
30/11/2018,3.34,3.80,-0.10 (-2.56 %)," ","16,700","62,260,000",0,0,3.90,3.70,3.90,3.60
29/11/2018,3.42,3.90,0.10 (2.63 %)," ","10,800","41,070,000",0,0,3.80,3.8,3.90,3.80
28/11/2018,3.34,3.80,0.00 (0.00 %)," ","45,400","170,120,000",0,0,3.80,3.90,3.90,3.70
27/11/2018,3.34,3.80,-0.10 (-2.56 %)," ","16,000","60,800,000",0,0,3.90,3.8,3.80,3.80
26/11/2018,3.42,3.90,-0.10 (-2.50 %)," ",500,"1,950,000",0,0,4.00,3.90,3.90,3.90
23/11/2018,3.51,4.00,0.00 (0.00 %)," ","25,400","99,580,000",0,0,4.00,3.9,4.00,3.90
22/11/2018,3.51,4.00,0.10 (2.56 %)," ",100,"400,000",0,0,3.90,4.00,4.00,4.00
21/11/2018,3.42,3.90,-0.10 (-2.50 %)," ","7,600","29,670,000",0,0,4.00,4.0,4.00,3.90
20/11/2018,3.51,4.00,0.10 (2.56 %)," ","22,400","89,600,000",0,0,3.90,4.00,4.00,4.00
19/11/2018,3.42,3.90,0.00 (0.00 %)," ","18,310","72,018,000",0,0,3.90,3.9,4.00,3.90
15/11/2018,3.51,4.00,0.00 (0.00 %)," ","8,900","34,740,000",0,0,4.00,4.0,4.00,3.90
14/11/2018,3.51,4.00,0.00 (0.00 %)," ","95,310","365,258,000",0,0,4.00,3.90,4.00,3.70
13/11/2018,3.51,4.00,0.00 (0.00 %)," ","49,100","193,900,000",0,0,4.00,4.0,4.00,3.90
12/11/2018,3.51,4.00,0.00 (0.00 %)," ","54,200","209,950,000",0,0,4.00,3.90,4.00,3.80
09/11/2018,3.51,4.00,0.00 (0.00 %)," ","59,100","231,200,000",0,0,4.00,3.9,4.00,3.90
08/11/2018,3.51,4.00,0.00 (0.00 %)," ","46,100","181,200,000",0,0,4.00,3.90,4.00,3.90
07/11/2018,3.51,4.00,0.00 (0.00 %)," ","23,500","91,700,000",0,0,4.00,3.9,4.00,3.90
06/11/2018,3.51,4.00,0.10 (2.56 %)," ","30,100","117,560,000",0,0,3.90,4.00,4.00,3.80
05/11/2018,3.42,3.90,0.00 (0.00 %)," ",0,0,0,0,3.90,3.9,3.90,3.90
02/11/2018,3.42,3.90,-0.10 (-2.50 %)," ","12,200","47,900,000",0,0,4.00,3.90,4.00,3.90
01/11/2018,3.51,4.00,0.10 (2.56 %)," ",100,"400,000",0,0,3.90,4.0,4.00,4.00
31/10/2018,3.42,3.90,-0.10 (-2.50 %)," ",500,"1,970,000",0,0,4.00,3.90,4.00,3.90
30/10/2018,3.51,4.00,0.00 (0.00 %)," ",0,0,0,0,4.00,4.0,4.00,4.00
29/10/2018,3.51,4.00,0.00 (0.00 %)," ","3,300","12,900,000",0,0,4.00,3.90,4.00,3.90
26/10/2018,3.51,4.00,0.00 (0.00 %)," ",0,0,0,0,4.00,4.0,4.00,4.00
25/10/2018,3.51,4.00,0.00 (0.00 %)," ","2,040","7,792,000",0,0,4.00,3.80,4.00,3.80
24/10/2018,3.51,4.00,0.00 (0.00 %)," ","13,100","51,100,000",0,0,4.00,3.9,4.00,3.90
23/10/2018,3.51,4.00,0.10 (2.56 %)," ","9,800","38,230,000",0,0,3.90,3.90,4.00,3.90
22/10/2018,3.42,3.90,0.00 (0.00 %)," ","5,200","19,780,000",0,0,3.90,3.9,3.90,3.80
18/10/2018,3.42,3.90,0.10 (2.63 %)," ","10,860","41,328,000",0,0,3.80,3.8,3.90,3.80
17/10/2018,3.34,3.80,0.00 (0.00 %)," ","9,400","35,750,000",0,0,3.80,3.90,3.90,3.80
16/10/2018,3.34,3.80,-0.10 (-2.56 %)," ","11,100","42,190,000",0,0,3.90,3.8,3.90,3.80
15/10/2018,3.42,3.90,0.10 (2.63 %)," ","11,000","41,820,000",0,0,3.80,3.90,3.90,3.80
12/10/2018,3.34,3.80,-0.10 (-2.56 %)," ","9,900","38,500,000",0,0,3.90,3.9,3.90,3.80
11/10/2018,3.42,3.90,-0.10 (-2.50 %)," ","16,900","65,940,000",0,0,4.00,3.90,4.00,3.80
10/10/2018,3.51,4.00,0.00 (0.00 %)," ","15,100","59,900,000",0,0,4.00,4.0,4.00,3.90
09/10/2018,3.51,4.00,0.00 (0.00 %)," ","11,300","44,180,000",0,0,4.00,3.90,4.00,3.90
08/10/2018,3.51,4.00,0.10 (2.56 %)," ","52,854","207,100,600",0,0,3.90,3.8,4.10,3.80
05/10/2018,3.42,3.90,0.00 (0.00 %)," ","27,500","105,200,000",0,0,3.90,3.80,3.90,3.80
04/10/2018,3.42,3.90,0.00 (0.00 %)," ","25,500","97,920,000",0,0,3.90,3.8,3.90,3.80
03/10/2018,3.42,3.90,0.00 (0.00 %)," ","5,100","19,870,000",0,0,3.90,3.80,3.90,3.80
02/10/2018,3.42,3.90,-0.10 (-2.50 %)," ","20,700","81,540,000",0,0,4.00,3.9,4.00,3.90
01/10/2018,3.51,4.00,0.00 (0.00 %)," ",0,0,0,0,4.00,4.00,4.00,4.00
28/09/2018,3.51,4.00,0.00 (0.00 %)," ","3,500","13,640,000",0,0,4.00,3.9,4.00,3.80
27/09/2018,3.51,4.00,0.10 (2.56 %)," ","28,267","110,254,600",0,0,3.90,3.80,4.00,3.80
26/09/2018,3.42,3.90,0.00 (0.00 %)," ","15,100","58,880,000",0,0,3.90,3.9,3.90,3.80
25/09/2018,3.42,3.90,0.00 (0.00 %)," ","1,720","6,690,000",0,0,3.90,3.80,3.90,3.80
24/09/2018,3.42,3.90,-0.10 (-2.50 %)," ",600,"2,340,000",0,0,4.00,3.9,3.90,3.90
20/09/2018,3.51,4.00,0.10 (2.56 %)," ","1,900","7,420,000",0,0,3.90,3.9,4.00,3.90
19/09/2018,3.42,3.90,-0.10 (-2.50 %)," ","12,000","46,810,000",0,0,4.00,4.00,4.00,3.90
18/09/2018,3.51,4.00,0.10 (2.56 %)," ","26,200","101,380,000",0,0,3.90,4.0,4.00,3.80
17/09/2018,3.42,3.90,0.00 (0.00 %)," ","4,110","16,029,000",0,0,3.90,3.90,3.90,3.90
14/09/2018,3.42,3.90,-0.10 (-2.50 %)," ","10,200","39,790,000",0,0,4.00,3.9,4.00,3.90
13/09/2018,3.51,4.00,0.10 (2.56 %)," ","16,250","63,040,000",0,0,3.90,3.90,4.00,3.80
12/09/2018,3.42,3.90,0.00 (0.00 %)," ","34,600","134,960,000",0,0,3.90,3.9,4.00,3.90
11/09/2018,3.42,3.90,0.10 (2.63 %)," ","4,063","15,833,100",0,0,3.80,3.90,3.90,3.90
10/09/2018,3.34,3.80,-0.20 (-5.00 %)," ","23,800","91,750,000",0,0,4.00,4.0,4.00,3.80
07/09/2018,3.51,4.00,0.10 (2.56 %)," ","10,490","40,858,000",0,0,3.90,3.80,4.00,3.80
06/09/2018,3.42,3.90,0.10 (2.63 %)," ","16,130","61,401,000",0,0,3.80,3.9,3.90,3.80
05/09/2018,3.34,3.80,-0.10 (-2.56 %)," ","31,800","121,260,000",0,0,3.90,3.80,3.90,3.80
04/09/2018,3.42,3.90,0.00 (0.00 %)," ","4,200","16,090,000",0,0,3.90,4.0,4.00,3.80
31/08/2018,3.42,3.90,0.00 (0.00 %)," ","10,000","39,000,000",0,0,3.90,3.90,3.90,3.90
30/08/2018,3.42,3.90,0.00 (0.00 %)," ","20,771","81,019,800",0,0,3.90,4.0,4.00,3.90
29/08/2018,3.42,3.90,-0.10 (-2.50 %)," ","12,700","49,550,000",0,0,4.00,4.00,4.00,3.90
28/08/2018,3.51,4.00,0.00 (0.00 %)," ","29,500","115,080,000",0,0,4.00,3.9,4.00,3.90
27/08/2018,3.51,4.00,0.10 (2.56 %)," ","23,800","92,850,000",0,0,3.90,4.00,4.00,3.90
24/08/2018,3.42,3.90,0.00 (0.00 %)," ","14,200","55,400,000",0,0,3.90,3.9,4.00,3.90
22/08/2018,3.42,3.90,-0.10 (-2.50 %)," ","25,800","100,640,000",0,0,4.00,3.9,4.00,3.90
21/08/2018,3.51,4.00,0.00 (0.00 %)," ","12,300","48,300,000",0,0,4.00,3.90,4.00,3.90
20/08/2018,3.51,4.00,0.00 (0.00 %)," ","7,000","27,350,000",0,0,4.00,4.0,4.00,3.90
17/08/2018,3.51,4.00,0.00 (0.00 %)," ","15,500","60,500,000",0,0,4.00,4.00,4.00,3.90
16/08/2018,3.51,4.00,0.00 (0.00 %)," ","20,475","79,902,500",0,0,4.00,4.0,4.00,3.90
15/08/2018,3.51,4.00,0.00 (0.00 %)," ","32,500","126,800,000",0,0,4.00,4.00,4.00,3.90
14/08/2018,3.51,4.00,0.10 (2.56 %)," ","8,300","32,380,000",0,0,3.90,3.9,4.00,3.90
13/08/2018,3.42,3.90,0.00 (0.00 %)," ","58,225","222,917,500",0,0,3.90,4.00,4.00,3.60
10/08/2018,3.42,3.90,-0.10 (-2.50 %)," ","24,850","96,945,000",0,0,4.00,4.0,4.00,3.90
09/08/2018,3.51,4.00,0.10 (2.56 %)," ","9,160","35,734,000",0,0,3.90,3.90,4.00,3.90
08/08/2018,3.42,3.90,-0.10 (-2.50 %)," ","13,000","50,720,000",0,0,4.00,3.9,4.00,3.90
07/08/2018,3.51,4.00,0.00 (0.00 %)," ","25,100","100,400,000",0,0,4.00,4.00,4.00,4.00
06/08/2018,3.51,4.00,0.00 (0.00 %)," ","11,100","43,300,000",0,0,4.00,3.9,4.00,3.90
03/08/2018,3.51,4.00,0.00 (0.00 %)," ","18,200","71,050,000",0,0,4.00,4.00,4.00,3.90
02/08/2018,3.51,4.00,0.10 (2.56 %)," ","1,500","5,900,000",0,0,3.90,4.0,4.00,3.90
01/08/2018,3.42,3.90,0.00 (0.00 %)," ","8,400","32,770,000",0,0,3.90,4.00,4.00,3.90
31/07/2018,3.42,3.90,-0.10 (-2.50 %)," ","25,600","100,460,000",0,0,4.00,4.0,3.90,4.00
30/07/2018,3.51,4.00,0.00 (0.00 %)," ","29,100","114,530,000",0,0,4.00,4.00,4.00,3.90
27/07/2018,3.51,4.00,0.00 (0.00 %)," ","19,700","78,800,000",0,0,4.00,4.0,4.00,4.00
25/07/2018,3.51,4.00,0.00 (0.00 %)," ","30,700","120,600,000",0,0,4.00,3.9,4.00,3.90
24/07/2018,3.51,4.00,0.00 (0.00 %)," ","88,400","344,880,000",0,0,4.00,4.00,4.00,3.90
23/07/2018,3.51,4.00,0.00 (0.00 %)," ","20,500","80,200,000",0,0,4.00,4.0,4.00,3.90
20/07/2018,3.51,4.00,0.00 (0.00 %)," ","54,700","213,680,000",0,0,4.00,4.00,4.00,3.90
19/07/2018,3.51,4.00,0.00 (0.00 %)," ","68,200","266,180,000",0,0,4.00,4.0,4.00,3.90
18/07/2018,3.51,4.00,0.20 (5.26 %)," ","48,500","193,600,000",0,0,3.80,3.90,4.00,3.90
17/07/2018,3.34,3.80,-0.20 (-5.00 %)," ","15,800","61,630,000",0,0,4.00,4.0,4.00,3.80
16/07/2018,3.51,4.00,0.10 (2.56 %)," ","44,900","173,890,000",0,0,3.90,4.00,4.00,3.80
13/07/2018,3.42,3.90,0.00 (0.00 %)," ","33,800","133,180,000",0,0,3.90,4.0,4.00,3.90
12/07/2018,3.42,3.90,-0.10 (-2.50 %)," ","56,000","218,410,000",0,0,4.00,3.90,4.00,3.90
11/07/2018,3.51,4.00,0.00 (0.00 %)," ","61,850","242,245,000",0,0,4.00,4.0,4.00,3.90
10/07/2018,3.51,4.00,0.00 (0.00 %)," ","1,100","4,400,000",0,0,4.00,4.00,4.00,4.00
09/07/2018,3.51,4.00,-0.10 (-2.44 %)," ","25,100","100,420,000",0,0,4.10,4.0,4.10,4.00
06/07/2018,3.60,4.10,0.10 (2.50 %)," ","48,800","193,280,000",0,0,4.00,4.00,4.10,3.90
05/07/2018,3.51,4.00,0.00 (0.00 %)," ","31,000","121,100,000",20,"72,000",4.00,4.0,4.00,3.90
04/07/2018,3.51,4.00,0.00 (0.00 %)," ","2,400","9,500,000",0,0,4.00,3.90,4.00,3.90
03/07/2018,3.51,4.00,0.00 (0.00 %)," ","44,300","175,160,000",0,0,4.00,4.0,4.00,3.90
02/07/2018,3.51,4.00,0.00 (0.00 %)," ","50,700","197,840,000",0,0,4.00,3.90,4.00,3.90
29/06/2018,3.51,4.00,0.00 (0.00 %)," ","22,300","87,280,000",0,0,4.00,4.0,4.00,3.90
25/07/2018,3.51,4.00,0.00 (0.00 %)," ","30,700","120,600,000",0,0,4.00,3.9,4.00,3.90
24/07/2018,3.51,4.00,0.00 (0.00 %)," ","88,400","344,880,000",0,0,4.00,4.00,4.00,3.90
23/07/2018,3.51,4.00,0.00 (0.00 %)," ","20,500","80,200,000",0,0,4.00,4.0,4.00,3.90
20/07/2018,3.51,4.00,0.00 (0.00 %)," ","54,700","213,680,000",0,0,4.00,4.00,4.00,3.90
19/07/2018,3.51,4.00,0.00 (0.00 %)," ","68,200","266,180,000",0,0,4.00,4.0,4.00,3.90
18/07/2018,3.51,4.00,0.20 (5.26 %)," ","48,500","193,600,000",0,0,3.80,3.90,4.00,3.90
17/07/2018,3.34,3.80,-0.20 (-5.00 %)," ","15,800","61,630,000",0,0,4.00,4.0,4.00,3.80
16/07/2018,3.51,4.00,0.10 (2.56 %)," ","44,900","173,890,000",0,0,3.90,4.00,4.00,3.80
13/07/2018,3.42,3.90,0.00 (0.00 %)," ","33,800","133,180,000",0,0,3.90,4.0,4.00,3.90
12/07/2018,3.42,3.90,-0.10 (-2.50 %)," ","56,000","218,410,000",0,0,4.00,3.90,4.00,3.90
11/07/2018,3.51,4.00,0.00 (0.00 %)," ","61,850","242,245,000",0,0,4.00,4.0,4.00,3.90
10/07/2018,3.51,4.00,0.00 (0.00 %)," ","1,100","4,400,000",0,0,4.00,4.00,4.00,4.00
09/07/2018,3.51,4.00,-0.10 (-2.44 %)," ","25,100","100,420,000",0,0,4.10,4.0,4.10,4.00
06/07/2018,3.60,4.10,0.10 (2.50 %)," ","48,800","193,280,000",0,0,4.00,4.00,4.10,3.90
05/07/2018,3.51,4.00,0.00 (0.00 %)," ","31,000","121,100,000",20,"72,000",4.00,4.0,4.00,3.90
04/07/2018,3.51,4.00,0.00 (0.00 %)," ","2,400","9,500,000",0,0,4.00,3.90,4.00,3.90
03/07/2018,3.51,4.00,0.00 (0.00 %)," ","44,300","175,160,000",0,0,4.00,4.0,4.00,3.90
02/07/2018,3.51,4.00,0.00 (0.00 %)," ","50,700","197,840,000",0,0,4.00,3.90,4.00,3.90
29/06/2018,3.51,4.00,0.00 (0.00 %)," ","22,300","87,280,000",0,0,4.00,4.0,4.00,3.90
27/06/2018,3.51,4.00,0.00 (0.00 %)," ","12,030","48,117,000",0,0,4.00,4.0,4.00,4.00
26/06/2018,3.51,4.00,-0.10 (-2.44 %)," ","22,500","90,000,000",0,0,4.10,4.00,4.00,4.00
25/06/2018,3.60,4.10,-0.10 (-2.38 %)," ","37,970","153,910,000",0,0,4.20,4.1,4.20,4.00
22/06/2018,3.69,4.20,0.10 (2.44 %)," ","21,608","88,722,800",0,0,4.10,4.10,4.20,4.10
21/06/2018,3.60,4.10,0.10 (2.50 %)," ","33,900","136,620,000",0,0,4.00,4.1,4.10,4.00
20/06/2018,3.51,4.00,0.00 (0.00 %)," ","15,000","60,000,000",0,0,4.00,4.00,4.00,4.00
19/06/2018,3.51,4.00,-0.10 (-2.44 %)," ","35,880","143,552,000",0,0,4.10,4.0,4.10,4.00
18/06/2018,3.60,4.10,0.00 (0.00 %)," ","21,300","87,380,000",0,0,4.10,4.20,4.20,4.10
15/06/2018,3.60,4.10,0.00 (0.00 %)," ","29,600","121,370,000",0,0,4.10,4.2,4.20,4.10
14/06/2018,3.60,4.10,-0.10 (-2.38 %)," ","17,131","70,967,100",0,0,4.20,4.20,4.20,4.10
13/06/2018,3.69,4.20,0.10 (2.44 %)," ","31,900","131,020,000",0,0,4.10,4.1,4.20,4.10
12/06/2018,3.60,4.10,-0.10 (-2.38 %)," ","56,300","230,130,000",0,0,4.20,4.20,4.30,4.00
11/06/2018,3.69,4.20,0.00 (0.00 %)," ","22,420","94,180,000",0,0,4.20,4.2,4.30,4.20
08/06/2018,3.69,4.20,0.10 (2.44 %)," ","40,300","166,000,000",0,0,4.10,4.20,4.20,4.10
07/06/2018,3.60,4.10,-0.10 (-2.38 %)," ","13,700","56,220,000",0,0,4.20,4.2,4.20,4.10
06/06/2018,3.69,4.20,0.00 (0.00 %)," ","26,700","110,440,000","15,000","64,500,000",4.20,4.20,4.20,4.10
05/06/2018,3.69,4.20,0.00 (0.00 %)," ","17,300","71,230,000",0,0,4.20,4.1,4.20,4.00
04/06/2018,3.69,4.20,0.10 (2.44 %)," ","10,100","42,000,000","34,800","134,760,000",4.10,4.00,4.20,4.00
01/06/2018,3.60,4.10,0.00 (0.00 %)," ","3,280","13,440,000","10,000","42,000,000",4.10,4.1,4.10,4.10
30/05/2018,3.60,4.10,0.10 (2.50 %)," ","6,900","27,640,000",0,0,4.00,4.0,4.10,4.00
29/05/2018,3.51,4.00,0.10 (2.56 %)," ","29,600","117,720,000",0,0,3.90,4.00,4.00,3.90
28/05/2018,3.42,3.90,-0.20 (-4.88 %)," ","60,800","240,080,000",0,0,4.10,4.1,4.10,3.90
25/05/2018,3.60,4.10,0.00 (0.00 %)," ","34,800","142,700,000",0,0,4.10,4.10,4.20,4.10
24/05/2018,3.60,4.10,0.10 (2.50 %)," ","49,000","196,220,000",0,0,4.00,4.1,4.20,3.90
23/05/2018,3.51,4.00,-0.20 (-4.76 %)," ","74,900","301,230,000",0,0,4.20,4.20,4.20,4.00
22/05/2018,3.69,4.20,0.00 (0.00 %)," ","78,630","322,470,000",0,0,4.20,4.3,4.30,4.00
21/05/2018,3.69,4.20,0.00 (0.00 %)," ","28,800","120,480,000",0,0,4.20,4.10,4.30,4.10
18/05/2018,3.69,4.20,0.00 (0.00 %)," ","18,300","76,860,000",0,0,4.20,4.2,4.20,4.20
17/05/2018,3.69,4.20,0.10 (2.44 %)," ","36,400","149,290,000",0,0,4.10,4.10,4.20,4.10
16/05/2018,3.60,4.10,0.10 (2.50 %)," ","61,100","246,710,000",0,0,4.00,4.0,4.10,4.00
15/05/2018,3.51,4.00,0.00 (0.00 %)," ","54,600","218,410,000",0,0,4.00,4.00,4.10,4.00
14/05/2018,3.51,4.00,0.00 (0.00 %)," ","33,320","133,306,000",0,0,4.00,4.0,4.10,3.90
11/05/2018,3.51,4.00,0.00 (0.00 %)," ","34,500","137,950,000",0,0,4.00,4.00,4.00,3.90
10/05/2018,3.51,4.00,0.00 (0.00 %)," ","41,794","167,887,200",0,0,4.00,4.0,4.10,4.00
09/05/2018,3.51,4.00,0.00 (0.00 %)," ","66,000","263,900,000",0,0,4.00,4.00,4.00,3.90
08/05/2018,3.51,4.00,0.00 (0.00 %)," ","53,110","212,534,000",0,0,4.00,4.0,4.10,4.00
07/05/2018,3.51,4.00,0.00 (0.00 %)," ","96,300","385,030,000",0,0,4.00,4.00,4.10,3.90
04/05/2018,3.51,4.00,0.00 (0.00 %)," ","23,500","93,810,000",0,0,4.00,4.0,4.00,3.90
30/05/2018,3.60,4.10,0.10 (2.50 %)," ","6,900","27,640,000",0,0,4.00,4.0,4.10,4.00
29/05/2018,3.51,4.00,0.10 (2.56 %)," ","29,600","117,720,000",0,0,3.90,4.00,4.00,3.90
28/05/2018,3.42,3.90,-0.20 (-4.88 %)," ","60,800","240,080,000",0,0,4.10,4.1,4.10,3.90
25/05/2018,3.60,4.10,0.00 (0.00 %)," ","34,800","142,700,000",0,0,4.10,4.10,4.20,4.10
24/05/2018,3.60,4.10,0.10 (2.50 %)," ","49,000","196,220,000",0,0,4.00,4.1,4.20,3.90
23/05/2018,3.51,4.00,-0.20 (-4.76 %)," ","74,900","301,230,000",0,0,4.20,4.20,4.20,4.00
22/05/2018,3.69,4.20,0.00 (0.00 %)," ","78,630","322,470,000",0,0,4.20,4.3,4.30,4.00
21/05/2018,3.69,4.20,0.00 (0.00 %)," ","28,800","120,480,000",0,0,4.20,4.10,4.30,4.10
18/05/2018,3.69,4.20,0.00 (0.00 %)," ","18,300","76,860,000",0,0,4.20,4.2,4.20,4.20
17/05/2018,3.69,4.20,0.10 (2.44 %)," ","36,400","149,290,000",0,0,4.10,4.10,4.20,4.10
16/05/2018,3.60,4.10,0.10 (2.50 %)," ","61,100","246,710,000",0,0,4.00,4.0,4.10,4.00
15/05/2018,3.51,4.00,0.00 (0.00 %)," ","54,600","218,410,000",0,0,4.00,4.00,4.10,4.00
14/05/2018,3.51,4.00,0.00 (0.00 %)," ","33,320","133,306,000",0,0,4.00,4.0,4.10,3.90
11/05/2018,3.51,4.00,0.00 (0.00 %)," ","34,500","137,950,000",0,0,4.00,4.00,4.00,3.90
10/05/2018,3.51,4.00,0.00 (0.00 %)," ","41,794","167,887,200",0,0,4.00,4.0,4.10,4.00
09/05/2018,3.51,4.00,0.00 (0.00 %)," ","66,000","263,900,000",0,0,4.00,4.00,4.00,3.90
08/05/2018,3.51,4.00,0.00 (0.00 %)," ","53,110","212,534,000",0,0,4.00,4.0,4.10,4.00
07/05/2018,3.51,4.00,0.00 (0.00 %)," ","96,300","385,030,000",0,0,4.00,4.00,4.10,3.90
04/05/2018,3.51,4.00,0.00 (0.00 %)," ","23,500","93,810,000",0,0,4.00,4.0,4.00,3.90
