04/05/2022,33.70,33.70,33.70,0.00 (0.00 %)," ",0,0,0,0,33.70,33.70,33.70,33.70
29/04/2022,33.70,33.70,33.70,1.70 (5.31 %)," ",200,"6,740,000",0,0,32.00,33.7,33.70,33.70
28/04/2022,32.80,32.80,32.80,-1.20 (-3.53 %)," ","2,800","89,590,000",0,0,34.00,29.20,32.80,29.00
27/04/2022,34.00,34.00,34.00,0.00 (0.00 %)," ",0,0,0,0,34.00,34.0,34.00,34.00
26/04/2022,34.00,34.00,34.00,0.00 (0.00 %)," ",0,0,0,0,34.00,34.00,34.00,34.00
25/04/2022,34.00,34.00,34.00,0.00 (0.00 %)," ",0,0,0,0,34.00,34.0,34.00,34.00
22/04/2022,34.00,34.00,34.00,3.00 (9.68 %)," ",100,"3,400,000",0,0,31.00,34.00,34.00,34.00
21/04/2022,31.00,31.00,31.00,-3.10 (-9.09 %)," ",500,"15,500,000",0,0,34.10,31.0,31.00,31.00
20/04/2022,34.10,34.10,34.10,0.00 (0.00 %)," ",0,0,0,0,34.10,34.10,34.10,34.10
19/04/2022,34.10,34.10,34.10,0.00 (0.00 %)," ",0,0,0,0,34.10,34.1,34.10,34.10
18/04/2022,34.00,34.00,34.00,0.90 (2.72 %)," ","5,100","173,760,000",0,0,33.10,30.60,34.80,30.60
14/04/2022,32.20,32.20,32.20,0.20 (0.63 %)," ","2,000","64,500,000",0,0,32.00,30.2,32.60,30.20
13/04/2022,32.00,32.00,32.00,1.00 (3.23 %)," ",300,"9,600,000",0,0,31.00,32.00,32.00,32.00
12/04/2022,31.00,31.00,31.00,0.80 (2.65 %)," ","1,100","34,050,000",0,0,30.20,30.2,31.10,30.20
08/04/2022,30.20,30.20,30.20,0.00 (0.00 %)," ",0,0,0,0,30.20,30.20,30.20,30.20
07/04/2022,30.10,30.10,30.10,-2.90 (-8.79 %)," ","2,800","84,540,000",0,0,33.00,29.1,31.00,29.10
06/04/2022,33.00,33.00,33.00,0.00 (0.00 %)," ",0,0,0,0,33.00,33.00,33.00,33.00
05/04/2022,33.00,33.00,33.00,0.00 (0.00 %)," ",500,"16,500,000",0,0,33.00,33.0,33.00,33.00
04/04/2022,33.00,33.00,33.00,0.00 (0.00 %)," ",0,0,0,0,33.00,33.00,33.00,33.00
01/04/2022,33.00,33.00,33.00,-0.90 (-2.65 %)," ",200,"6,600,000",0,0,33.90,33.0,33.00,33.00
31/03/2022,35.60,35.60,35.60,0.60 (1.71 %)," ","7,500","254,390,000",0,0,35.00,39.00,39.00,31.10
30/03/2022,35.50,35.50,35.50,-4.10 (-10.35 %)," ","2,913","102,045,000",0,0,39.60,33.7,35.90,33.70
29/03/2022,38.00,38.00,38.00,-2.00 (-5.00 %)," ","1,700","67,350,000",0,0,40.00,40.00,40.00,38.00
28/03/2022,40.00,40.00,40.00,4.40 (12.36 %)," ",200,"8,000,000",0,0,35.60,40.0,40.00,40.00
25/03/2022,34.90,34.90,34.90,0.00 (0.00 %)," ","3,202","113,909,800",0,0,34.90,39.00,39.00,34.90
24/03/2022,35.20,35.20,35.20,3.50 (11.04 %)," ","9,071","316,104,000",0,0,31.70,32.7,35.20,32.70
23/03/2022,32.70,32.70,32.70,1.60 (5.14 %)," ","1,500","47,570,000",0,0,31.10,31.90,32.70,31.00
22/03/2022,31.00,31.00,31.00,0.60 (1.97 %)," ","1,000","31,110,000",0,0,30.40,32.8,32.80,30.50
21/03/2022,31.00,31.00,31.00,-2.20 (-6.63 %)," ",800,"24,350,000",0,0,33.20,31.00,31.00,30.10
18/03/2022,33.20,33.20,33.20,0.00 (0.00 %)," ",0,0,0,0,33.20,33.2,33.20,33.20
17/03/2022,33.20,33.20,33.20,0.00 (0.00 %)," ",0,0,0,0,33.20,33.20,33.20,33.20
16/03/2022,33.00,33.00,33.00,3.10 (10.37 %)," ",571,"18,649,000",0,0,29.90,33.3,33.30,33.00
15/03/2022,29.00,29.00,29.00,-4.80 (-14.20 %)," ",500,"14,950,000",0,0,33.80,33.50,33.50,29.00
14/03/2022,33.80,33.80,33.80,0.00 (0.00 %)," ",0,0,0,0,33.80,33.8,33.80,33.80
11/03/2022,33.80,33.80,33.80,2.80 (9.03 %)," ",200,"6,760,000",0,0,31.00,33.80,33.80,33.80
10/03/2022,31.00,31.00,31.00,0.00 (0.00 %)," ",0,0,0,0,31.00,31.0,31.00,31.00
09/03/2022,31.00,31.00,31.00,0.00 (0.00 %)," ",0,0,0,0,31.00,31.00,31.00,31.00
08/03/2022,31.00,31.00,31.00,0.00 (0.00 %)," ",400,"12,400,000",0,0,31.00,31.0,31.00,31.00
07/03/2022,31.00,31.00,31.00,0.00 (0.00 %)," ",0,0,0,0,31.00,31.00,31.00,31.00
04/03/2022,31.00,31.00,31.00,0.00 (0.00 %)," ",0,0,0,0,31.00,31.0,31.00,31.00
03/03/2022,31.00,31.00,31.00,0.00 (0.00 %)," ",300,"9,300,000",0,0,31.00,31.00,31.00,31.00
02/03/2022,31.00,31.00,31.00,-2.70 (-8.01 %)," ",100,"3,100,000",0,0,33.70,31.0,31.00,31.00
01/03/2022,33.70,33.70,33.70,0.00 (0.00 %)," ",0,0,0,0,33.70,33.70,33.70,33.70
28/02/2022,33.70,33.70,33.70,0.00 (0.00 %)," ",0,0,0,0,33.70,33.7,33.70,33.70
25/02/2022,33.70,33.70,33.70,2.20 (6.98 %)," ",100,"3,370,000",0,0,31.50,33.70,33.70,33.70
24/02/2022,31.00,31.00,31.00,0.10 (0.32 %)," ","2,700","85,000,000",0,0,30.90,31.7,31.90,31.00
23/02/2022,30.80,30.80,30.80,0.00 (0.00 %)," ","2,300","71,040,000",0,0,30.80,32.90,32.90,30.00
22/02/2022,30.60,30.60,30.60,-0.40 (-1.29 %)," ","8,600","264,700,000",0,0,31.00,32.2,32.20,30.60
21/02/2022,31.00,31.00,31.00,-3.30 (-9.62 %)," ",500,"15,500,000",0,0,34.30,31.00,31.00,31.00
18/02/2022,34.30,34.30,34.30,0.00 (0.00 %)," ",0,0,0,0,34.30,34.3,34.30,34.30
17/02/2022,34.30,34.30,34.30,0.00 (0.00 %)," ",0,0,0,0,34.30,34.30,34.30,34.30
16/02/2022,34.20,34.20,34.20,1.40 (4.27 %)," ",200,"6,860,000",0,0,32.80,34.4,34.40,34.20
15/02/2022,32.80,32.80,32.80,1.70 (5.47 %)," ",100,"3,280,000",0,0,31.10,32.80,32.80,32.80
14/02/2022,31.50,31.50,31.50,-0.50 (-1.56 %)," ","1,500","46,650,000",0,0,32.00,31.0,31.50,31.00
11/02/2022,32.00,32.00,32.00,1.60 (5.26 %)," ","1,000","32,000,000",0,0,30.40,32.00,32.00,32.00
10/02/2022,32.00,32.00,32.00,-3.20 (-9.09 %)," ","6,301","191,271,000",0,0,35.20,30.1,32.00,30.00
09/02/2022,35.20,35.20,35.20,0.00 (0.00 %)," ","1,200","42,240,000",0,0,35.20,35.20,35.20,35.20
08/02/2022,35.20,35.20,35.20,0.00 (0.00 %)," ",0,0,0,0,35.20,35.2,35.20,35.20
07/02/2022,35.00,35.00,35.00,-0.80 (-2.23 %)," ","5,200","182,960,000",0,0,35.80,35.80,35.80,35.00
28/01/2022,36.40,36.40,36.40,2.20 (6.43 %)," ",400,"14,300,000",0,0,34.20,36.8,36.80,33.00
27/01/2022,33.00,33.00,33.00,-4.00 (-10.81 %)," ","2,900","99,190,000",0,0,37.00,33.00,36.50,32.90
26/01/2022,37.00,37.00,37.00,0.00 (0.00 %)," ",0,0,0,0,37.00,37.0,37.00,37.00
25/01/2022,37.00,37.00,37.00,4.00 (12.12 %)," ",100,"3,700,000",0,0,33.00,37.00,37.00,37.00
24/01/2022,33.00,33.00,33.00,-4.80 (-12.70 %)," ",100,"3,300,000",0,0,37.80,33.0,33.00,33.00
21/01/2022,37.80,37.80,37.80,0.00 (0.00 %)," ",0,0,0,0,37.80,37.80,37.80,37.80
20/01/2022,37.80,37.80,37.80,0.00 (0.00 %)," ",0,0,0,0,37.80,37.8,37.80,37.80
19/01/2022,37.80,37.80,37.80,0.00 (0.00 %)," ",0,0,0,0,37.80,37.80,37.80,37.80
18/01/2022,37.80,37.80,37.80,2.80 (8.00 %)," ",100,"3,780,000",0,0,35.00,37.8,37.80,37.80
14/01/2022,35.00,35.00,35.00,0.00 (0.00 %)," ",0,0,0,0,35.00,35.00,35.00,35.00
13/01/2022,35.00,35.00,35.00,0.00 (0.00 %)," ",0,0,0,0,35.00,35.0,35.00,35.00
12/01/2022,35.00,35.00,35.00,0.00 (0.00 %)," ",400,"14,000,000",0,0,35.00,35.00,35.00,35.00
11/01/2022,35.00,35.00,35.00,0.00 (0.00 %)," ",0,0,0,0,35.00,35.0,35.00,35.00
10/01/2022,35.00,35.00,35.00,0.00 (0.00 %)," ",0,0,922,"32,270,000",35.00,35.00,35.00,35.00
07/01/2022,35.00,35.00,35.00,0.00 (0.00 %)," ","3,900","136,500,000",0,0,35.00,35.0,35.00,35.00
06/01/2022,35.00,35.00,35.00,-3.80 (-9.79 %)," ",500,"17,500,000",0,0,38.80,35.00,35.00,35.00
05/01/2022,38.80,38.80,38.80,0.00 (0.00 %)," ",0,0,0,0,38.80,38.8,38.80,38.80
04/01/2022,38.80,38.80,38.80,0.00 (0.00 %)," ",0,0,0,0,38.80,38.80,38.80,38.80
31/12/2021,39.60,39.60,39.60,1.70 (4.49 %)," ","4,400","170,870,000",0,0,37.90,37.8,39.90,34.20
30/12/2021,38.40,38.40,38.40,1.50 (4.07 %)," ","12,600","477,320,000",0,0,36.90,36.90,41.90,33.30
29/12/2021,36.90,36.90,36.90,2.20 (6.34 %)," ",200,"7,380,000",0,0,34.70,36.9,36.90,36.90
27/12/2021,39.30,39.30,39.30,0.00 (0.00 %)," ",0,0,0,0,39.30,39.30,39.30,39.30
24/12/2021,39.30,39.30,39.30,0.00 (0.00 %)," ",0,0,0,0,39.30,39.3,39.30,39.30
23/12/2021,39.30,39.30,39.30,2.90 (7.97 %)," ",200,"7,860,000",0,0,36.40,39.30,39.30,39.30
21/12/2021,37.80,37.80,37.80,-1.70 (-4.30 %)," ","1,500","54,640,000",0,0,39.50,34.0,37.80,33.60
20/12/2021,39.50,39.50,39.50,0.00 (0.00 %)," ",0,0,0,0,39.50,39.50,39.50,39.50
17/12/2021,39.50,39.50,39.50,0.00 (0.00 %)," ",0,0,0,0,39.50,39.5,39.50,39.50
16/12/2021,39.50,39.50,39.50,0.00 (0.00 %)," ",0,0,0,0,39.50,39.50,39.50,39.50
15/12/2021,39.50,39.50,39.50,0.00 (0.00 %)," ",0,0,0,0,39.50,39.5,39.50,39.50
14/12/2021,39.50,39.50,39.50,0.00 (0.00 %)," ",0,0,0,0,39.50,39.50,39.50,39.50
13/12/2021,34.70,34.70,34.70,-2.30 (-6.22 %)," ",700,"27,620,000",0,0,37.00,41.9,41.90,34.70
10/12/2021,37.00,37.00,37.00,-3.50 (-8.64 %)," ",900,"33,300,000",0,0,40.50,37.00,37.00,37.00
09/12/2021,40.50,40.50,40.50,4.20 (11.57 %)," ",500,"20,250,000",0,0,36.30,40.5,40.50,40.50
08/12/2021,36.26,38.90,36.87,2.10 (5.71 %)," ","10,400","397,910,000",0,0,36.80,37.90,39.00,37.90
07/12/2021,34.91,37.50,35.54,0.30 (0.81 %)," ","2,100","77,350,000",0,0,37.20,34.0,37.50,34.00
06/12/2021,35.23,37.00,35.06,-0.60 (-1.60 %)," ","3,100","115,250,000",0,0,37.60,37.50,37.50,37.00
03/12/2021,35.63,37.50,35.54,0.10 (0.27 %)," ","3,502","131,644,800",0,0,37.40,37.5,37.90,37.50
02/12/2021,35.41,37.30,35.35,1.30 (3.61 %)," ","5,700","212,353,600",0,0,36.00,37.80,38.00,37.30
01/12/2021,34.12,37.00,35.06,-1.50 (-3.90 %)," ",400,"14,400,000",0,0,38.50,35.0,37.00,35.00
30/11/2021,38.50,38.50,36.49,0.00 (0.00 %)," ",0,0,0,0,38.50,38.50,38.50,38.50
29/11/2021,38.50,38.50,36.49,0.00 (0.00 %)," ",0,0,0,0,38.50,38.5,38.50,38.50
26/11/2021,35.82,38.50,36.49,0.70 (1.85 %)," ",200,"7,700,000",0,0,37.80,38.50,38.50,38.50
25/11/2021,35.86,36.40,34.50,0.00 (0.00 %)," ",500,"18,920,000",0,0,36.40,38.0,38.90,36.40
24/11/2021,34.49,34.00,32.22,-3.80 (-10.05 %)," ","2,700","98,250,000",0,0,37.80,33.50,37.70,33.50
23/11/2021,37.80,37.80,35.82,0.00 (0.00 %)," ",0,0,0,0,37.80,37.8,37.80,37.80
22/11/2021,37.80,37.80,35.82,0.00 (0.00 %)," ",0,0,0,0,37.80,37.80,37.80,37.80
19/11/2021,37.80,37.80,35.82,0.00 (0.00 %)," ",0,0,0,0,37.80,37.8,37.80,37.80
18/11/2021,37.80,37.80,35.82,0.00 (0.00 %)," ",0,0,0,0,37.80,37.80,37.80,37.80
17/11/2021,37.80,37.80,35.82,0.00 (0.00 %)," ",0,0,0,0,37.80,37.8,37.80,37.80
16/11/2021,37.80,37.80,35.82,0.00 (0.00 %)," ",0,0,0,0,37.80,37.80,37.80,37.80
15/11/2021,37.80,37.80,35.82,0.00 (0.00 %)," ",0,0,0,0,37.80,37.8,37.80,37.80
12/11/2021,37.80,37.80,35.82,0.00 (0.00 %)," ",0,0,0,0,37.80,37.80,37.80,37.80
11/11/2021,35.82,37.80,35.82,0.00 (0.00 %)," ",100,"3,780,000",0,0,37.80,37.8,37.80,37.80
10/11/2021,35.82,37.80,35.82,0.00 (0.00 %)," ",0,0,0,0,37.80,37.80,37.80,37.80
09/11/2021,37.80,37.80,35.82,0.00 (0.00 %)," ",0,0,0,0,37.80,37.8,37.80,37.80
08/11/2021,35.82,37.80,35.82,1.30 (3.56 %)," ",100,"3,780,000",0,0,36.50,37.80,37.80,37.80
05/11/2021,34.59,36.50,34.59,-1.90 (-4.95 %)," ",200,"7,300,000",0,0,38.40,36.5,36.50,36.50
04/11/2021,38.40,38.40,36.39,0.00 (0.00 %)," ",0,0,0,0,38.40,38.40,38.40,38.40
03/11/2021,38.40,38.40,36.39,0.00 (0.00 %)," ",0,0,0,0,38.40,38.4,38.40,38.40
02/11/2021,38.40,38.40,36.39,0.00 (0.00 %)," ",0,0,0,0,38.40,38.40,38.40,38.40
01/11/2021,36.39,38.40,36.39,-0.10 (-0.26 %)," ",100,"3,840,000",0,0,38.50,38.4,38.40,38.40
29/10/2021,38.50,38.50,36.49,0.00 (0.00 %)," ",0,0,0,0,38.50,38.50,38.50,38.50
28/10/2021,36.49,38.50,36.49,0.50 (1.32 %)," ",100,"3,850,000",0,0,38.00,38.5,38.50,38.50
27/10/2021,35.99,38.90,36.87,1.40 (3.73 %)," ",500,"18,990,000",0,0,37.50,37.00,38.90,37.00
26/10/2021,35.54,37.50,35.54,0.60 (1.63 %)," ",100,"3,750,000",0,0,36.90,37.5,37.50,37.50
25/10/2021,34.97,36.90,34.97,0.80 (2.22 %)," ",200,"7,380,000",0,0,36.10,36.90,36.90,36.90
22/10/2021,34.22,36.00,34.12,1.50 (4.35 %)," ",800,"28,890,000",0,0,34.50,36.9,36.90,36.00
21/10/2021,34.50,34.50,32.70,0.00 (0.00 %)," ",0,0,0,0,34.50,34.50,34.50,34.50
20/10/2021,32.70,34.50,32.70,-2.80 (-7.51 %)," ",100,"3,450,000",0,0,37.30,34.5,34.50,34.50
19/10/2021,37.30,37.30,35.35,0.00 (0.00 %)," ",0,0,0,0,37.30,37.30,37.30,37.30
18/10/2021,37.30,37.30,35.35,0.00 (0.00 %)," ",5,"182,500",0,0,37.30,37.3,37.30,37.30
15/10/2021,37.30,37.30,35.35,0.00 (0.00 %)," ",0,0,0,0,37.30,37.30,37.30,37.30
14/10/2021,37.30,37.30,35.35,0.00 (0.00 %)," ",0,0,0,0,37.30,37.3,37.30,37.30
13/10/2021,35.37,37.30,35.35,-0.20 (-0.53 %)," ",400,"14,930,000",0,0,37.50,37.40,37.40,37.20
12/10/2021,37.50,37.50,35.54,0.00 (0.00 %)," ",0,0,0,0,37.50,37.5,37.50,37.50
11/10/2021,35.54,37.50,35.54,1.70 (4.75 %)," ",100,"3,750,000",0,0,35.80,37.50,37.50,37.50
08/10/2021,35.80,35.80,33.93,0.00 (0.00 %)," ",51,"1,555,500",0,0,35.80,35.8,35.80,35.80
07/10/2021,35.80,35.80,33.93,0.00 (0.00 %)," ",0,0,0,0,35.80,35.80,35.80,35.80
06/10/2021,35.80,35.80,33.93,0.00 (0.00 %)," ",4,"122,000",0,0,35.80,35.8,35.80,35.80
05/10/2021,35.80,35.80,33.93,0.00 (0.00 %)," ",0,0,0,0,35.80,35.80,35.80,35.80
04/10/2021,33.93,35.80,33.93,0.00 (0.00 %)," ",500,"17,900,000",0,0,35.80,35.8,35.80,35.80
01/10/2021,35.80,35.80,33.93,0.00 (0.00 %)," ",0,0,0,0,35.80,35.80,35.80,35.80
30/09/2021,33.93,38.30,36.30,2.80 (7.89 %)," ","2,000","71,610,000",0,0,35.50,38.0,39.00,35.00
29/09/2021,33.64,35.50,33.64,-3.90 (-9.90 %)," ",100,"3,550,000",0,0,39.40,35.50,35.50,35.50
28/09/2021,39.40,39.40,37.34,0.00 (0.00 %)," ",0,0,0,0,39.40,39.4,39.40,39.40
27/09/2021,39.40,39.40,37.34,0.00 (0.00 %)," ",0,0,0,0,39.40,39.40,39.40,39.40
24/09/2021,37.34,39.40,37.34,1.90 (5.07 %)," ",200,"7,880,000",0,0,37.50,39.4,39.40,39.40
23/09/2021,35.52,37.00,35.06,1.70 (4.82 %)," ",400,"14,990,000",0,0,35.30,38.90,38.90,37.00
22/09/2021,33.44,35.10,33.26,1.10 (3.24 %)," ","1,700","59,990,000",0,0,34.00,38.0,39.00,34.60
21/09/2021,32.25,34.00,32.22,-5.00 (-12.82 %)," ",300,"10,210,000",0,0,39.00,34.10,34.10,34.00
20/09/2021,39.00,39.00,36.96,0.00 (0.00 %)," ",0,0,0,0,39.00,39.0,39.00,39.00
17/09/2021,39.00,39.00,36.96,0.00 (0.00 %)," ",0,0,0,0,39.00,39.00,39.00,39.00
16/09/2021,39.00,39.00,36.96,0.00 (0.00 %)," ",0,0,0,0,39.00,39.0,39.00,39.00
15/09/2021,36.96,39.00,36.96,-0.50 (-1.27 %)," ",100,"3,900,000",0,0,39.50,39.00,39.00,39.00
14/09/2021,39.50,39.50,37.43,0.00 (0.00 %)," ",0,0,0,0,39.50,39.5,39.50,39.50
13/09/2021,37.42,39.50,37.43,1.00 (2.60 %)," ",600,"23,690,000",0,0,38.50,39.40,39.50,39.40
10/09/2021,36.49,38.50,36.49,-0.50 (-1.28 %)," ",200,"7,700,000",0,0,39.00,38.5,38.50,38.50
09/09/2021,36.96,39.00,36.96,-1.50 (-3.70 %)," ",300,"11,700,000",0,0,40.50,39.00,39.00,39.00
08/09/2021,40.50,40.50,38.38,0.00 (0.00 %)," ",0,0,0,0,40.50,40.5,40.50,40.50
07/09/2021,38.33,39.60,37.53,-0.30 (-0.75 %)," ",400,"16,180,000",0,0,39.90,43.00,43.00,39.60
06/09/2021,39.90,39.90,37.81,0.00 (0.00 %)," ",0,0,0,0,39.90,39.9,39.90,39.90
01/09/2021,39.90,39.90,37.81,0.00 (0.00 %)," ",0,0,0,0,39.90,39.90,39.90,39.90
31/08/2021,39.90,39.90,37.81,0.00 (0.00 %)," ",0,0,0,0,39.90,39.9,39.90,39.90
30/08/2021,39.90,39.90,37.81,0.00 (0.00 %)," ",0,0,0,0,39.90,39.90,39.90,39.90
27/08/2021,39.90,39.90,37.81,0.00 (0.00 %)," ",0,0,0,0,39.90,39.9,39.90,39.90
26/08/2021,37.81,39.90,37.81,2.30 (6.12 %)," ",215,"8,497,500",0,0,37.60,39.90,39.90,39.90
25/08/2021,35.63,35.00,33.17,-1.90 (-5.15 %)," ",300,"11,280,000",0,0,36.90,38.9,38.90,35.00
24/08/2021,34.96,37.90,35.92,-2.00 (-5.01 %)," ","1,000","36,890,000",0,0,39.90,34.50,37.90,34.50
23/08/2021,39.90,39.90,37.81,0.00 (0.00 %)," ",0,0,0,0,39.90,39.9,39.90,39.90
20/08/2021,37.81,39.90,37.81,0.90 (2.31 %)," ",100,"3,990,000",0,0,39.00,39.90,39.90,39.90
19/08/2021,39.00,39.00,36.96,0.00 (0.00 %)," ",20,"700,000",0,0,39.00,39.0,39.00,39.00
18/08/2021,36.96,39.00,36.96,3.80 (10.80 %)," ",200,"7,800,000",0,0,35.20,39.00,39.00,39.00
17/08/2021,33.32,33.50,31.75,-4.80 (-12.53 %)," ",700,"24,610,000",0,0,38.30,39.3,39.30,33.50
16/08/2021,36.26,39.40,37.34,0.50 (1.29 %)," ","3,900","149,200,000",0,0,38.90,38.00,39.40,37.00
13/08/2021,36.87,38.90,36.87,0.10 (0.26 %)," ",100,"3,890,000",0,0,38.80,38.9,38.90,38.90
12/08/2021,36.74,38.90,36.87,-1.10 (-2.75 %)," ",356,"13,534,000",0,0,40.00,38.50,38.90,38.50
11/08/2021,40.00,40.00,37.91,0.00 (0.00 %)," ",0,0,0,0,40.00,40.0,40.00,40.00
10/08/2021,40.00,40.00,37.91,0.00 (0.00 %)," ",0,0,0,0,40.00,40.00,40.00,40.00
09/08/2021,40.00,40.00,37.91,0.00 (0.00 %)," ",0,0,0,0,40.00,40.0,40.00,40.00
06/08/2021,40.00,40.00,37.91,0.00 (0.00 %)," ",0,0,0,0,40.00,40.00,40.00,40.00
05/08/2021,40.00,40.00,37.91,0.00 (0.00 %)," ",0,0,0,0,40.00,40.0,40.00,40.00
04/08/2021,40.00,40.00,37.91,0.00 (0.00 %)," ",0,0,0,0,40.00,40.00,40.00,40.00
03/08/2021,40.00,40.00,37.91,0.00 (0.00 %)," ",0,0,0,0,40.00,40.0,40.00,40.00
02/08/2021,40.00,40.00,37.91,0.00 (0.00 %)," ",0,0,0,0,40.00,40.00,40.00,40.00
30/07/2021,37.91,40.00,37.91,0.00 (0.00 %)," ",100,"4,000,000",0,0,40.00,40.0,40.00,40.00
29/07/2021,40.00,40.00,37.91,0.00 (0.00 %)," ",0,0,0,0,40.00,40.00,40.00,40.00
28/07/2021,40.00,40.00,37.91,0.00 (0.00 %)," ",0,0,0,0,40.00,40.0,40.00,40.00
27/07/2021,40.00,40.00,37.91,0.00 (0.00 %)," ",0,0,0,0,40.00,40.00,40.00,40.00
26/07/2021,40.00,40.00,37.91,0.00 (0.00 %)," ",0,0,0,0,40.00,40.0,40.00,40.00
23/07/2021,40.00,40.00,37.91,0.00 (0.00 %)," ",0,0,0,0,40.00,40.00,40.00,40.00
22/07/2021,37.91,40.00,37.91,0.70 (1.78 %)," ",200,"8,000,000",0,0,39.30,40.0,40.00,40.00
21/07/2021,37.28,40.00,37.91,0.90 (2.30 %)," ",500,"19,670,000",0,0,39.10,38.90,40.00,38.90
20/07/2021,39.10,39.10,37.06,0.00 (0.00 %)," ",0,0,0,0,39.10,39.1,39.10,39.10
19/07/2021,39.10,39.10,37.06,0.00 (0.00 %)," ",0,0,0,0,39.10,39.10,39.10,39.10
16/07/2021,39.10,39.10,37.06,0.00 (0.00 %)," ",0,0,0,0,39.10,39.1,39.10,39.10
15/07/2021,37.06,39.10,37.06,-0.30 (-0.76 %)," ",100,"3,910,000",0,0,39.40,39.10,39.10,39.10
14/07/2021,39.40,39.40,37.34,0.00 (0.00 %)," ",0,0,0,0,39.40,39.4,39.40,39.40
13/07/2021,37.34,39.40,37.34,-0.20 (-0.51 %)," ",100,"3,940,000",0,0,39.60,39.40,39.40,39.40
12/07/2021,39.60,39.60,37.53,0.00 (0.00 %)," ",0,0,0,0,39.60,39.6,39.60,39.60
09/07/2021,39.60,39.60,37.53,0.00 (0.00 %)," ",0,0,0,0,39.60,39.60,39.60,39.60
08/07/2021,37.53,39.60,37.53,0.00 (0.00 %)," ",0,0,0,0,39.60,39.6,39.60,39.60
07/07/2021,39.60,39.60,37.53,0.00 (0.00 %)," ",0,0,0,0,39.60,39.60,39.60,39.60
06/07/2021,39.60,39.60,37.53,0.00 (0.00 %)," ",0,0,0,0,39.60,39.6,39.60,39.60
05/07/2021,39.60,39.60,37.53,0.00 (0.00 %)," ",0,0,0,0,39.60,39.60,39.60,39.60
02/07/2021,39.60,39.60,37.53,0.00 (0.00 %)," ",0,0,0,0,39.60,39.6,39.60,39.60
01/07/2021,39.60,39.60,37.53,0.00 (0.00 %)," ",0,0,0,0,39.60,39.60,39.60,39.60
30/06/2021,37.55,40.40,38.29,-2.80 (-6.48 %)," ","2,700","106,990,000",0,0,43.20,36.9,41.00,36.80
29/06/2021,40.92,42.00,39.80,0.60 (1.45 %)," ","2,500","107,940,000",0,0,41.40,42.50,45.00,41.50
28/06/2021,39.20,40.00,37.91,0.80 (2.04 %)," ","2,500","103,400,000",0,0,39.20,40.0,42.40,40.00
25/06/2021,37.11,39.90,37.81,2.10 (5.56 %)," ","1,000","39,160,000",0,0,37.80,36.90,39.90,36.90
24/06/2021,37.80,37.80,35.82,0.00 (0.00 %)," ",0,0,0,0,37.80,37.8,37.80,37.80
23/06/2021,37.80,37.80,35.82,0.00 (0.00 %)," ",0,0,0,0,37.80,37.80,37.80,37.80
22/06/2021,35.82,37.80,35.82,2.40 (6.78 %)," ",100,"3,780,000",0,0,35.40,37.8,37.80,37.80
18/06/2021,34.20,34.20,32.41,0.00 (0.00 %)," ",0,0,0,0,34.20,34.20,34.20,34.20
17/06/2021,34.20,34.20,32.41,0.00 (0.00 %)," ",0,0,0,0,34.20,34.2,34.20,34.20
16/06/2021,32.41,34.20,32.41,-0.80 (-2.29 %)," ","1,000","34,200,000",0,0,35.00,34.20,34.20,34.20
15/06/2021,35.00,35.00,33.17,0.00 (0.00 %)," ",0,0,0,0,35.00,35.0,35.00,35.00
14/06/2021,33.17,35.00,33.17,0.00 (0.00 %)," ","2,600","91,000,000",0,0,35.00,35.00,35.00,35.00
11/06/2021,33.17,35.00,33.17,0.10 (0.29 %)," ","1,200","42,000,000",0,0,34.90,35.0,35.00,35.00
10/06/2021,34.90,34.90,33.07,0.00 (0.00 %)," ",0,0,0,0,34.90,34.90,34.90,34.90
09/06/2021,34.90,34.90,33.07,0.00 (0.00 %)," ",0,0,0,0,34.90,34.9,34.90,34.90
08/06/2021,33.07,34.90,33.07,0.10 (0.29 %)," ",200,"6,980,000",0,0,34.80,34.90,34.90,34.90
07/06/2021,34.80,34.80,32.98,0.00 (0.00 %)," ",0,0,0,0,34.80,34.8,34.80,34.80
04/06/2021,34.80,34.80,32.98,0.00 (0.00 %)," ",0,0,0,0,34.80,34.80,34.80,34.80
03/06/2021,34.80,34.80,32.98,0.00 (0.00 %)," ",0,0,0,0,34.80,34.8,34.80,34.80
02/06/2021,32.98,34.80,32.98,-2.80 (-7.45 %)," ",100,"3,480,000",0,0,37.60,34.80,34.80,34.80
01/06/2021,37.60,37.60,35.63,0.00 (0.00 %)," ",0,0,0,0,37.60,37.6,37.60,37.60
31/05/2021,35.63,37.60,35.63,0.60 (1.62 %)," ",100,"3,760,000",0,0,37.00,37.60,37.60,37.60
28/05/2021,35.05,37.60,35.63,-0.20 (-0.53 %)," ",500,"18,490,000",0,0,37.80,34.5,37.60,34.50
27/05/2021,37.80,37.80,35.82,0.00 (0.00 %)," ",0,0,0,0,37.80,37.80,37.80,37.80
26/05/2021,37.80,37.80,35.82,0.00 (0.00 %)," ",75,"2,625,000",0,0,37.80,37.8,37.80,37.80
25/05/2021,37.80,37.80,35.82,0.00 (0.00 %)," ",0,0,0,0,37.80,37.80,37.80,37.80
24/05/2021,37.80,37.80,35.82,0.00 (0.00 %)," ",0,0,0,0,37.80,37.8,37.80,37.80
21/05/2021,35.82,37.80,35.82,2.80 (8.00 %)," ",100,"3,780,000",0,0,35.00,37.80,37.80,37.80
20/05/2021,33.20,35.00,33.17,0.00 (0.00 %)," ",300,"10,510,000",0,0,35.00,35.1,35.10,35.00
19/05/2021,35.00,35.00,33.17,0.00 (0.00 %)," ",0,0,0,0,35.00,35.00,35.00,35.00
18/05/2021,33.17,35.00,33.17,0.00 (0.00 %)," ",100,"3,500,000",0,0,35.00,35.0,35.00,35.00
17/05/2021,33.12,34.90,33.07,-4.10 (-10.51 %)," ",200,"6,990,000",0,0,39.00,35.00,35.00,34.90
14/05/2021,39.00,39.00,36.96,0.00 (0.00 %)," ",0,0,0,0,39.00,39.0,39.00,39.00
13/05/2021,39.00,39.00,36.96,0.00 (0.00 %)," ",0,0,0,0,39.00,39.00,39.00,39.00
12/05/2021,39.00,39.00,36.96,0.00 (0.00 %)," ",0,0,0,0,39.00,39.0,39.00,39.00
11/05/2021,39.00,39.00,36.96,0.00 (0.00 %)," ",0,0,0,0,39.00,39.00,39.00,39.00
10/05/2021,39.00,39.00,36.96,0.00 (0.00 %)," ",0,0,0,0,39.00,39.0,39.00,39.00
07/05/2021,39.00,39.00,36.96,0.00 (0.00 %)," ",0,0,"1,008","33,465,600",39.00,39.00,39.00,39.00
06/05/2021,39.00,39.00,36.96,0.00 (0.00 %)," ",0,0,0,0,39.00,39.0,39.00,39.00
05/05/2021,39.00,39.00,36.96,0.00 (0.00 %)," ",0,0,0,0,39.00,39.00,39.00,39.00
04/05/2021,39.00,39.00,36.96,0.00 (0.00 %)," ",0,0,0,0,39.00,39.0,39.00,39.00
29/04/2021,39.00,39.00,36.96,0.00 (0.00 %)," ",0,0,0,0,39.00,39.00,39.00,39.00
28/04/2021,39.00,39.00,36.96,0.00 (0.00 %)," ",0,0,0,0,39.00,39.0,39.00,39.00
27/04/2021,39.00,39.00,36.96,0.00 (0.00 %)," ",0,0,0,0,39.00,39.00,39.00,39.00
26/04/2021,36.96,39.00,36.96,-0.50 (-1.27 %)," ",100,"3,900,000",0,0,39.50,39.0,39.00,39.00
23/04/2021,39.50,39.50,37.43,0.00 (0.00 %)," ",0,0,0,0,39.50,39.50,39.50,39.50
22/04/2021,39.50,39.50,37.43,0.00 (0.00 %)," ",0,0,0,0,39.50,39.5,39.50,39.50
20/04/2021,39.50,39.50,37.43,0.00 (0.00 %)," ",0,0,0,0,39.50,39.50,39.50,39.50
19/04/2021,39.50,39.50,37.43,0.00 (0.00 %)," ",0,0,0,0,39.50,39.5,39.50,39.50
16/04/2021,39.50,39.50,37.43,0.00 (0.00 %)," ",0,0,0,0,39.50,39.50,39.50,39.50
15/04/2021,37.43,39.50,37.43,0.00 (0.00 %)," ",0,0,0,0,39.50,39.5,39.50,39.50
14/04/2021,39.50,39.50,37.43,0.00 (0.00 %)," ",0,0,0,0,39.50,39.50,39.50,39.50
13/04/2021,37.43,39.50,37.43,-0.30 (-0.75 %)," ",100,"3,950,000",0,0,39.80,39.5,39.50,39.50
12/04/2021,39.80,39.80,37.72,0.00 (0.00 %)," ",0,0,0,0,39.80,39.80,39.80,39.80
09/04/2021,39.80,39.80,37.72,0.00 (0.00 %)," ",0,0,0,0,39.80,39.8,39.80,39.80
08/04/2021,39.80,39.80,37.72,0.00 (0.00 %)," ",0,0,0,0,39.80,39.80,39.80,39.80
07/04/2021,37.72,39.80,37.72,0.00 (0.00 %)," ",100,"3,980,000",0,0,39.80,39.8,39.80,39.80
06/04/2021,39.80,39.80,37.72,0.00 (0.00 %)," ",0,0,0,0,39.80,39.80,39.80,39.80
05/04/2021,39.80,39.80,37.72,0.00 (0.00 %)," ",0,0,0,0,39.80,39.8,39.80,39.80
02/04/2021,39.80,39.80,37.72,0.00 (0.00 %)," ",0,0,0,0,39.80,39.80,39.80,39.80
01/04/2021,39.80,39.80,37.72,0.00 (0.00 %)," ",0,0,0,0,39.80,39.8,39.80,39.80
31/03/2021,37.72,39.80,37.72,1.20 (3.11 %)," ",100,"3,980,000",0,0,38.60,39.80,39.80,39.80
30/03/2021,36.56,38.60,36.58,-1.00 (-2.53 %)," ","1,700","65,590,000",0,0,39.60,38.5,38.70,38.50
29/03/2021,37.53,37.40,35.44,-3.50 (-8.56 %)," ",200,"7,920,000",0,0,40.90,41.80,41.80,37.40
26/03/2021,40.90,40.90,38.76,0.00 (0.00 %)," ",0,0,0,0,40.90,40.9,40.90,40.90
25/03/2021,38.76,40.90,38.76,2.20 (5.68 %)," ",260,"10,400,000",0,0,38.70,40.90,40.90,40.90
24/03/2021,36.71,38.00,36.01,-0.20 (-0.52 %)," ",500,"19,370,000",0,0,38.20,39.9,39.90,38.00
23/03/2021,36.19,39.10,37.06,0.50 (1.30 %)," ","1,200","45,830,000",0,0,38.60,38.00,39.20,38.00
22/03/2021,36.58,36.20,34.31,-2.00 (-5.24 %)," ",300,"11,580,000",0,0,38.20,39.8,39.80,36.20
19/03/2021,38.20,38.20,36.20,0.00 (0.00 %)," ",0,0,0,0,38.20,38.20,38.20,38.20
18/03/2021,36.20,38.20,36.20,0.00 (0.00 %)," ",100,"3,820,000",0,0,38.20,38.2,38.20,38.20
17/03/2021,36.15,34.50,32.70,-4.80 (-12.21 %)," ",630,"24,030,000",0,0,39.30,41.80,41.80,34.50
16/03/2021,37.21,38.00,36.01,0.30 (0.80 %)," ",300,"11,780,000",0,0,37.70,39.9,39.90,38.00
15/03/2021,37.70,37.70,35.73,0.00 (0.00 %)," ",0,0,0,0,37.70,37.70,37.70,37.70
12/03/2021,35.70,36.60,34.69,-0.80 (-2.14 %)," ","4,000","150,700,000",0,0,37.40,38.0,38.00,36.60
11/03/2021,37.40,37.40,35.44,0.00 (0.00 %)," ",0,0,0,0,37.40,37.40,37.40,37.40
10/03/2021,37.40,37.40,35.44,0.00 (0.00 %)," ",30,"1,065,000",0,0,37.40,37.4,37.40,37.40
09/03/2021,37.40,37.40,35.44,0.00 (0.00 %)," ",0,0,0,0,37.40,37.40,37.40,37.40
05/03/2021,37.40,37.40,35.44,0.00 (0.00 %)," ",0,0,0,0,37.40,37.4,37.40,37.40
04/03/2021,35.44,37.40,35.44,0.10 (0.27 %)," ",200,"7,480,000",0,0,37.30,37.40,37.40,37.40
03/03/2021,35.34,37.20,35.25,-0.10 (-0.27 %)," ",800,"29,830,000",0,0,37.30,37.3,37.30,37.20
02/03/2021,35.35,37.30,35.35,-2.70 (-6.75 %)," ",100,"3,730,000",0,0,40.00,37.30,37.30,37.30
01/03/2021,37.91,37.40,35.44,-4.00 (-9.66 %)," ",500,"20,000,000",0,0,41.40,37.2,41.80,37.20
26/02/2021,39.27,37.00,35.06,-5.20 (-12.32 %)," ","2,500","103,600,000",0,0,42.20,43.90,43.90,37.00
25/02/2021,39.96,42.90,40.66,4.50 (11.72 %)," ","5,300","223,500,000",0,0,38.40,38.4,42.90,38.40
24/02/2021,36.39,38.40,36.39,-0.30 (-0.78 %)," ",100,"3,840,000",0,0,38.70,38.40,38.40,38.40
23/02/2021,36.68,38.70,36.68,1.20 (3.20 %)," ",500,"19,350,000",0,0,37.50,38.7,38.70,38.70
22/02/2021,35.53,35.10,33.26,-2.70 (-7.14 %)," ",700,"26,240,000",0,0,37.80,37.90,37.90,35.10
19/02/2021,35.85,38.00,36.01,-1.40 (-3.55 %)," ",600,"22,700,000",0,0,39.40,37.5,38.00,37.50
18/02/2021,39.00,39.00,36.96,-0.40 (-1.02 %)," ",40,"1,480,000",0,0,39.40,0.00,0.00,0.00
17/02/2021,39.40,39.40,37.34,0.00 (0.00 %)," ",0,0,0,0,39.40,39.4,39.40,39.40
05/02/2021,39.80,39.80,37.72,0.00 (0.00 %)," ",0,0,0,0,39.80,39.80,39.80,39.80
04/02/2021,37.72,39.80,37.72,2.80 (7.57 %)," ",700,"27,860,000",0,0,37.00,39.8,39.80,39.80
03/02/2021,35.09,37.00,35.06,-6.20 (-14.35 %)," ","3,330","123,313,000",0,0,43.20,36.80,37.10,36.80
02/02/2021,40.89,43.90,41.60,4.40 (11.14 %)," ",600,"25,890,000",0,0,39.50,39.4,43.90,39.40
01/02/2021,37.43,39.50,37.43,4.90 (14.16 %)," ",600,"23,700,000",0,0,34.60,39.50,39.50,39.50
29/01/2021,32.75,41.90,39.71,4.50 (12.03 %)," ","8,500","293,700,000",0,0,37.40,41.9,41.90,31.90
28/01/2021,35.41,34.00,32.22,-5.80 (-14.57 %)," ","4,200","156,940,000",0,0,39.80,45.00,45.00,34.00
27/01/2021,37.72,39.80,37.72,-6.90 (-14.78 %)," ",410,"16,318,000",0,0,46.70,39.8,39.80,39.80
26/01/2021,44.26,46.70,44.26,3.70 (8.60 %)," ",500,"23,350,000",0,0,43.00,46.70,46.70,46.70
25/01/2021,40.72,42.40,40.18,-0.20 (-0.47 %)," ",800,"34,370,000",0,0,42.60,46.9,46.90,42.40
22/01/2021,40.37,42.60,40.37,1.00 (2.40 %)," ",700,"29,820,000",0,0,41.60,42.60,42.60,42.60
21/01/2021,41.60,41.60,39.42,0.00 (0.00 %)," ",0,0,0,0,41.60,41.6,41.60,41.60
20/01/2021,39.39,39.10,37.06,0.90 (2.36 %)," ",900,"37,410,000",0,0,38.20,42.80,42.80,39.10
19/01/2021,36.20,38.20,36.20,-3.80 (-9.05 %)," ",600,"22,920,000",0,0,42.00,38.2,38.20,38.20
18/01/2021,39.80,42.00,39.80,1.70 (4.22 %)," ",570,"23,557,000",0,0,40.30,42.00,42.00,42.00
15/01/2021,38.22,40.00,37.91,1.10 (2.83 %)," ","3,000","121,000,000",0,0,38.90,40.0,41.00,40.00
14/01/2021,36.87,38.30,36.30,-5.10 (-11.75 %)," ","1,100","42,790,000",0,0,43.40,44.90,44.90,38.30
13/01/2021,41.13,43.40,41.13,3.20 (7.96 %)," ",100,"4,340,000",0,0,40.20,43.4,43.40,43.40
12/01/2021,38.11,40.00,37.91,-1.20 (-2.91 %)," ","3,700","148,800,000",0,0,41.20,41.20,41.20,40.00
11/01/2021,39.02,41.00,38.86,-7.00 (-14.58 %)," ","2,900","119,410,000",0,0,48.00,42.0,42.00,41.00
08/01/2021,45.49,48.00,45.49,4.60 (10.60 %)," ",200,"9,600,000",0,0,43.40,48.00,48.00,48.00
07/01/2021,41.13,46.30,43.88,5.30 (12.93 %)," ",200,"8,680,000",0,0,41.00,40.5,46.30,40.50
06/01/2021,38.86,41.00,38.86,-4.40 (-9.69 %)," ","3,700","151,700,000",0,0,45.40,41.00,41.00,41.00
05/01/2021,45.40,45.40,43.03,0.00 (0.00 %)," ",0,0,0,0,45.40,45.4,45.40,45.40
04/01/2021,43.05,46.00,43.59,-5.20 (-10.16 %)," ",470,"21,224,000",0,0,51.20,43.70,46.00,43.70
31/12/2020,48.57,59.90,56.77,6.20 (11.55 %)," ","9,400","481,730,000",0,0,53.70,60.0,60.00,45.70
30/12/2020,50.85,60.40,57.24,7.80 (14.83 %)," ","11,500","617,020,000",0,0,52.60,44.80,60.40,44.80
29/12/2020,52.60,52.60,49.85,0.00 (0.00 %)," ",0,0,0,0,52.60,52.6,52.60,52.60
28/12/2020,52.60,52.60,49.85,0.00 (0.00 %)," ",0,0,0,0,52.60,52.60,52.60,52.60
25/12/2020,52.60,52.60,49.85,0.00 (0.00 %)," ",0,0,0,0,52.60,52.6,52.60,52.60
24/12/2020,49.83,53.10,50.32,6.80 (14.69 %)," ","2,000","105,160,000",0,0,46.30,45.90,53.10,45.90
23/12/2020,43.89,38.50,36.49,-5.80 (-13.09 %)," ","5,920","273,990,000",0,0,44.30,50.0,50.00,38.10
22/12/2020,41.94,38.50,36.49,-5.00 (-11.49 %)," ","4,200","185,860,000",0,0,43.50,44.00,50.00,38.00
21/12/2020,41.23,40.00,37.91,-3.30 (-7.62 %)," ",200,"8,700,000",0,0,43.30,47.0,47.00,40.00
18/12/2020,40.99,39.00,36.96,-3.10 (-7.36 %)," ",200,"8,650,000",0,0,42.10,47.50,47.50,39.00
17/12/2020,39.88,38.20,36.20,-6.60 (-14.73 %)," ","2,400","101,000,000",0,0,44.80,39.0,44.40,38.20
16/12/2020,42.49,46.30,43.88,6.00 (14.89 %)," ","1,200","53,800,000",0,0,40.30,40.30,46.30,40.30
15/12/2020,40.30,40.30,38.19,0.00 (0.00 %)," ",0,0,0,0,40.30,40.3,40.30,40.30
14/12/2020,38.14,39.60,37.53,-0.40 (-1.00 %)," ",200,"8,050,000",0,0,40.00,40.90,40.90,39.60
11/12/2020,37.91,40.00,37.91,0.40 (1.01 %)," ",100,"4,000,000",0,0,39.60,40.0,40.00,40.00
10/12/2020,39.60,39.60,37.53,0.00 (0.00 %)," ",0,0,0,0,39.60,39.60,39.60,39.60
09/12/2020,39.60,39.60,37.53,0.00 (0.00 %)," ",0,0,0,0,39.60,39.6,39.60,39.60
08/12/2020,37.56,40.80,38.67,2.20 (5.70 %)," ",600,"23,780,000",0,0,38.60,33.80,40.80,33.80
07/12/2020,36.54,39.00,36.96,0.30 (0.78 %)," ","1,200","46,270,000",0,0,38.70,33.7,39.00,33.70
04/12/2020,36.68,38.70,36.68,5.00 (14.84 %)," ",200,"7,740,000",0,0,33.70,38.70,38.70,38.70
03/12/2020,31.94,33.70,31.94,-4.80 (-12.47 %)," ",100,"3,370,000",0,0,38.50,33.7,33.70,33.70
02/12/2020,36.50,40.00,37.91,-0.90 (-2.20 %)," ","1,000","38,510,000",0,0,40.90,37.70,40.30,37.60
01/12/2020,38.76,37.80,35.82,-1.00 (-2.58 %)," ",200,"8,180,000",0,0,38.80,44.0,44.00,37.80
30/11/2020,36.78,44.50,42.17,5.80 (14.99 %)," ","2,200","85,390,000",0,0,38.70,37.60,44.50,37.60
26/11/2020,42.00,42.00,39.80,0.00 (0.00 %)," ",0,0,0,0,42.00,42.0,42.00,42.00
25/11/2020,39.80,41.50,39.33,-1.00 (-2.35 %)," ",200,"8,400,000",0,0,42.50,42.50,42.50,41.50
24/11/2020,42.50,42.50,40.28,0.00 (0.00 %)," ",0,0,0,0,42.50,42.5,42.50,42.50
23/11/2020,40.28,42.50,40.28,-7.50 (-15.00 %)," ","1,023","43,545,000",0,0,50.00,42.50,42.50,42.50
20/11/2020,50.00,50.00,47.39,0.00 (0.00 %)," ",0,0,0,0,50.00,50.0,50.00,50.00
19/11/2020,50.00,50.00,47.39,0.00 (0.00 %)," ",0,0,0,0,50.00,50.00,50.00,50.00
18/11/2020,50.00,50.00,47.39,0.00 (0.00 %)," ",0,0,0,0,50.00,50.0,50.00,50.00
17/11/2020,50.00,50.00,47.39,0.00 (0.00 %)," ",0,0,0,0,50.00,50.00,50.00,50.00
16/11/2020,47.39,50.00,47.39,0.00 (0.00 %)," ",100,"5,000,000",0,0,50.00,50.0,50.00,50.00
13/11/2020,47.39,50.00,47.39,6.00 (13.64 %)," ",100,"5,000,000",0,0,44.00,50.00,50.00,50.00
12/11/2020,44.00,44.00,41.70,0.00 (0.00 %)," ",0,0,0,0,44.00,44.0,44.00,44.00
11/11/2020,44.00,44.00,41.70,0.00 (0.00 %)," ",0,0,0,0,44.00,44.00,44.00,44.00
10/11/2020,41.70,44.00,41.70,5.20 (13.40 %)," ",810,"35,640,000",0,0,38.80,44.0,44.00,44.00
09/11/2020,36.81,38.00,36.01,3.50 (10.14 %)," ","2,600","100,980,000",0,0,34.50,39.00,39.60,38.00
06/11/2020,38.00,38.00,32.70,0.00 (0.00 %)," ",0,0,0,0,38.00,38.0,38.00,38.00
05/11/2020,32.70,38.10,32.78,-1.90 (-4.75 %)," ","9,682","368,083,000",0,0,40.00,38.00,38.10,38.00
04/11/2020,34.43,40.30,34.67,-5.70 (-12.39 %)," ","10,600","424,180,000",0,0,46.00,40.0,40.30,40.00
03/11/2020,39.58,46.00,39.58,-6.30 (-12.05 %)," ","1,000","46,000,000",0,0,52.30,46.00,46.00,46.00
02/11/2020,44.96,51.50,44.31,-1.40 (-2.65 %)," ",200,"10,450,000",0,0,52.90,53.0,53.00,51.50
30/10/2020,45.52,52.60,45.26,0.40 (0.77 %)," ","1,400","74,060,000",0,0,52.20,53.00,55.00,52.50
29/10/2020,44.88,52.70,45.34,6.80 (14.81 %)," ",500,"26,080,000",0,0,45.90,50.0,52.70,50.00
28/10/2020,39.50,46.00,39.58,-6.00 (-11.54 %)," ","1,110","50,960,000",0,0,52.00,45.00,46.00,45.00
27/10/2020,44.72,50.10,43.11,-2.10 (-4.02 %)," ","3,933","204,404,000",0,0,52.20,52.3,52.40,50.10
26/10/2020,52.20,52.20,44.91,0.00 (0.00 %)," ",0,0,0,0,52.20,52.20,52.20,52.20
23/10/2020,52.20,52.20,44.91,0.00 (0.00 %)," ",0,0,0,0,52.20,52.2,52.20,52.20
22/10/2020,52.20,52.20,44.91,0.00 (0.00 %)," ",0,0,0,0,52.20,52.20,52.20,52.20
21/10/2020,44.91,52.20,44.91,0.10 (0.19 %)," ",100,"5,220,000",0,0,52.10,52.2,52.20,52.20
20/10/2020,44.83,52.10,44.83,0.10 (0.19 %)," ",100,"5,210,000",0,0,52.00,52.10,52.10,52.10
19/10/2020,52.00,52.00,44.74,0.00 (0.00 %)," ",0,0,0,0,52.00,52.0,52.00,52.00
16/10/2020,52.00,52.00,44.74,0.00 (0.00 %)," ",0,0,0,0,52.00,52.00,52.00,52.00
15/10/2020,44.74,52.00,44.74,0.30 (0.58 %)," ",100,"5,200,000",0,0,51.70,52.0,52.00,52.00
14/10/2020,51.70,51.70,44.48,0.00 (0.00 %)," ",0,0,0,0,51.70,51.70,51.70,51.70
13/10/2020,51.70,51.70,44.48,0.00 (0.00 %)," ",0,0,0,0,51.70,51.7,51.70,51.70
12/10/2020,51.70,51.70,44.48,0.00 (0.00 %)," ",0,0,0,0,51.70,51.70,51.70,51.70
09/10/2020,51.70,51.70,44.48,0.00 (0.00 %)," ",0,0,0,0,51.70,51.7,51.70,51.70
08/10/2020,51.70,51.70,44.48,0.00 (0.00 %)," ",0,0,0,0,51.70,51.70,51.70,51.70
07/10/2020,51.70,51.70,44.48,0.00 (0.00 %)," ",0,0,0,0,51.70,51.7,51.70,51.70
06/10/2020,51.70,51.70,44.48,0.00 (0.00 %)," ",0,0,0,0,51.70,51.70,51.70,51.70
05/10/2020,51.70,51.70,44.48,0.00 (0.00 %)," ",0,0,0,0,51.70,51.7,51.70,51.70
02/10/2020,51.70,51.70,44.48,0.00 (0.00 %)," ",0,0,0,0,51.70,51.70,51.70,51.70
01/10/2020,44.48,51.70,44.48,0.10 (0.19 %)," ",110,"5,609,000",0,0,51.60,51.7,51.70,51.70
30/09/2020,51.60,51.60,44.40,0.00 (0.00 %)," ",10,"441,000",0,0,51.60,51.60,51.60,51.60
29/09/2020,44.40,51.60,44.40,0.10 (0.19 %)," ",100,"5,160,000",0,0,51.50,51.6,51.60,51.60
28/09/2020,51.50,51.50,44.31,0.00 (0.00 %)," ",0,0,0,0,51.50,51.50,51.50,51.50
25/09/2020,51.50,51.50,44.31,0.00 (0.00 %)," ",0,0,0,0,51.50,51.5,51.50,51.50
24/09/2020,44.31,51.50,44.31,0.50 (0.98 %)," ",100,"5,150,000",0,0,51.00,51.50,51.50,51.50
23/09/2020,51.00,51.00,43.88,0.00 (0.00 %)," ",0,0,0,0,51.00,51.0,51.00,51.00
22/09/2020,51.00,51.00,43.88,0.00 (0.00 %)," ",0,0,0,0,51.00,51.00,51.00,51.00
21/09/2020,43.88,51.00,43.88,5.90 (13.08 %)," ",100,"5,100,000",0,0,45.10,51.0,51.00,51.00
18/09/2020,38.80,45.10,38.80,-7.90 (-14.91 %)," ",200,"9,020,000",0,0,53.00,45.10,45.10,45.10
17/09/2020,53.00,53.00,45.60,0.00 (0.00 %)," ",0,0,0,0,53.00,53.0,53.00,53.00
16/09/2020,45.60,53.00,45.60,1.80 (3.52 %)," ",100,"5,300,000",0,0,51.20,53.00,53.00,53.00
15/09/2020,44.07,48.50,41.73,-8.50 (-14.91 %)," ",744,"37,984,000",0,0,57.00,58.0,58.00,48.50
14/09/2020,49.04,57.00,49.04,0.00 (0.00 %)," ",100,"5,700,000",0,0,57.00,57.00,57.00,57.00
11/09/2020,49.04,57.00,49.04,1.00 (1.79 %)," ",100,"5,700,000",0,0,56.00,57.0,57.00,57.00
10/09/2020,56.00,56.00,48.18,0.00 (0.00 %)," ",0,0,0,0,56.00,56.00,56.00,56.00
09/09/2020,48.18,56.00,48.18,1.00 (1.82 %)," ",100,"5,600,000",0,0,55.00,56.0,56.00,56.00
08/09/2020,47.32,55.00,47.32,3.00 (5.77 %)," ",100,"5,500,000",0,0,52.00,55.00,55.00,55.00
07/09/2020,44.74,52.00,44.74,5.00 (10.64 %)," ",100,"5,200,000",0,0,47.00,52.0,52.00,52.00
04/09/2020,40.44,47.00,40.44,5.70 (13.80 %)," ",104,"4,840,800",0,0,41.30,47.00,47.00,47.00
03/09/2020,35.56,40.10,34.50,-4.00 (-9.07 %)," ",421,"17,370,000",0,0,44.10,50.0,50.00,37.60
01/09/2020,44.10,44.10,37.94,0.00 (0.00 %)," ",0,0,0,0,44.10,44.10,44.10,44.10
31/08/2020,37.92,45.90,39.49,-0.10 (-0.22 %)," ",400,"17,630,000",0,0,46.00,52.0,52.00,39.20
28/08/2020,39.58,44.50,38.29,-7.80 (-14.91 %)," ",900,"41,400,000",0,0,52.30,58.00,58.00,44.50
27/08/2020,44.96,51.00,43.88,-9.00 (-15.00 %)," ",810,"42,310,000",0,0,60.00,61.0,61.00,51.00
26/08/2020,51.63,60.00,51.63,5.00 (9.09 %)," ",101,"6,047,000",0,0,55.00,60.00,60.00,60.00
25/08/2020,47.32,55.00,47.32,4.00 (7.84 %)," ",100,"5,500,000",0,0,51.00,55.0,55.00,55.00
24/08/2020,43.88,51.00,43.88,5.90 (13.08 %)," ",100,"5,100,000",0,0,45.10,51.00,51.00,51.00
21/08/2020,45.10,45.10,38.80,0.00 (0.00 %)," ",0,0,0,0,45.10,45.1,45.10,45.10
20/08/2020,45.10,45.10,38.80,0.00 (0.00 %)," ",0,0,0,0,45.10,45.10,45.10,45.10
19/08/2020,45.10,45.10,38.80,0.00 (0.00 %)," ",0,0,0,0,45.10,45.1,45.10,45.10
18/08/2020,38.80,45.10,38.80,0.20 (0.45 %)," ",100,"4,510,000",0,0,44.90,45.10,45.10,45.10
17/08/2020,44.90,44.90,38.63,0.00 (0.00 %)," ",0,0,0,0,44.90,44.9,44.90,44.90
14/08/2020,38.63,44.90,38.63,0.30 (0.67 %)," ",100,"4,490,000",0,0,44.60,44.90,44.90,44.90
13/08/2020,38.37,45.00,38.72,3.10 (7.40 %)," ",400,"17,840,000",0,0,41.90,44.9,45.00,44.00
12/08/2020,36.05,41.90,36.05,3.80 (9.97 %)," ",220,"9,140,000",0,0,38.10,41.90,41.90,41.90
11/08/2020,32.81,37.00,31.84,-6.30 (-14.55 %)," ",600,"22,880,000",0,0,43.30,43.8,43.80,37.00
10/08/2020,37.28,42.50,36.57,-1.70 (-3.85 %)," ",300,"13,000,000",0,0,44.20,45.00,45.00,42.50
07/08/2020,38.03,42.00,36.14,-2.00 (-4.55 %)," ",200,"8,840,000",0,0,44.00,46.4,46.40,42.00
06/08/2020,37.86,44.00,37.86,-2.00 (-4.35 %)," ",200,"8,800,000",0,0,46.00,44.00,44.00,44.00
05/08/2020,39.58,46.00,39.58,1.10 (2.45 %)," ",100,"4,600,000",0,0,44.90,46.0,46.00,46.00
04/08/2020,38.63,44.90,38.63,2.90 (6.90 %)," ",100,"4,490,000",0,0,42.00,44.90,44.90,44.90
03/08/2020,36.14,42.00,36.14,-5.70 (-11.95 %)," ",100,"4,200,000",0,0,47.70,42.0,42.00,42.00
31/07/2020,47.70,47.70,41.04,0.00 (0.00 %)," ",0,0,0,0,47.70,47.70,47.70,47.70
30/07/2020,47.70,47.70,41.04,0.00 (0.00 %)," ",0,0,0,0,47.70,47.7,47.70,47.70
29/07/2020,47.70,47.70,41.04,0.00 (0.00 %)," ",0,0,0,0,47.70,47.70,47.70,47.70
28/07/2020,47.70,47.70,41.04,0.00 (0.00 %)," ",0,0,0,0,47.70,47.7,47.70,47.70
27/07/2020,47.70,47.70,41.04,0.00 (0.00 %)," ",0,0,0,0,47.70,47.70,47.70,47.70
24/07/2020,41.04,47.70,41.04,-0.30 (-0.62 %)," ",150,"6,810,000",0,0,48.00,47.7,47.70,47.70
23/07/2020,48.00,48.00,41.30,0.00 (0.00 %)," ",0,0,0,0,48.00,48.00,48.00,48.00
22/07/2020,48.00,48.00,41.30,0.00 (0.00 %)," ",0,0,0,0,48.00,48.0,48.00,48.00
21/07/2020,48.00,48.00,41.30,0.00 (0.00 %)," ",0,0,0,0,48.00,48.00,48.00,48.00
20/07/2020,48.00,48.00,41.30,0.00 (0.00 %)," ",0,0,0,0,48.00,48.0,48.00,48.00
17/07/2020,48.00,48.00,41.30,0.00 (0.00 %)," ",0,0,0,0,48.00,48.00,48.00,48.00
16/07/2020,48.00,48.00,41.30,0.00 (0.00 %)," ",0,0,0,0,48.00,48.0,48.00,48.00
15/07/2020,41.30,48.00,41.30,0.40 (0.84 %)," ",100,"4,800,000",0,0,47.60,48.00,48.00,48.00
14/07/2020,47.60,47.60,40.96,0.00 (0.00 %)," ",0,0,0,0,47.60,47.6,47.60,47.60
13/07/2020,40.96,47.60,40.96,5.10 (12.00 %)," ",100,"4,760,000",0,0,42.50,47.60,47.60,47.60
10/07/2020,36.57,42.50,36.57,-7.50 (-15.00 %)," ",200,"8,500,000",0,0,50.00,42.5,42.50,42.50
09/07/2020,43.02,50.00,43.02,0.70 (1.42 %)," ",100,"5,000,000",0,0,49.30,50.00,50.00,50.00
08/07/2020,49.30,49.30,42.42,0.00 (0.00 %)," ",0,0,0,0,49.30,49.3,49.30,49.30
07/07/2020,49.30,49.30,42.42,0.00 (0.00 %)," ",0,0,0,0,49.30,49.30,49.30,49.30
06/07/2020,49.30,49.30,42.42,0.00 (0.00 %)," ",0,0,0,0,49.30,49.3,49.30,49.30
03/07/2020,42.42,49.30,42.42,-8.70 (-15.00 %)," ",100,"4,930,000",0,0,58.00,49.30,49.30,49.30
02/07/2020,58.00,58.00,49.90,0.00 (0.00 %)," ",0,0,0,0,58.00,58.0,58.00,58.00
01/07/2020,58.00,58.00,49.90,0.00 (0.00 %)," ",0,0,0,0,58.00,58.00,58.00,58.00
30/06/2020,58.00,58.00,49.90,0.00 (0.00 %)," ",0,0,0,0,58.00,58.0,58.00,58.00
29/06/2020,58.00,58.00,49.90,0.00 (0.00 %)," ",0,0,0,0,58.00,58.00,58.00,58.00
26/06/2020,49.90,58.00,49.90,-2.00 (-3.33 %)," ",100,"5,800,000",0,0,60.00,58.0,58.00,58.00
25/06/2020,51.63,60.00,51.63,1.00 (1.69 %)," ",100,"6,000,000",0,0,59.00,60.00,60.00,60.00
24/06/2020,59.00,59.00,50.76,0.00 (0.00 %)," ",0,0,0,0,59.00,59.0,59.00,59.00
23/06/2020,59.00,59.00,50.76,0.00 (0.00 %)," ",0,0,0,0,59.00,59.00,59.00,59.00
22/06/2020,59.00,59.00,50.76,0.00 (0.00 %)," ",0,0,0,0,59.00,59.0,59.00,59.00
19/06/2020,59.00,59.00,50.76,0.00 (0.00 %)," ",0,0,0,0,59.00,59.00,59.00,59.00
18/06/2020,59.00,59.00,50.76,0.00 (0.00 %)," ",0,0,0,0,59.00,59.0,59.00,59.00
17/06/2020,50.76,59.00,50.76,-1.00 (-1.67 %)," ",500,"29,500,000",0,0,60.00,59.00,59.00,59.00
16/06/2020,51.63,60.00,51.63,2.00 (3.45 %)," ",100,"6,000,000",0,0,58.00,60.0,60.00,60.00
15/06/2020,58.00,58.00,49.90,0.00 (0.00 %)," ",0,0,0,0,58.00,58.00,58.00,58.00
12/06/2020,49.90,58.00,49.90,3.00 (5.45 %)," ",100,"5,800,000",0,0,55.00,58.0,58.00,58.00
11/06/2020,47.32,55.00,47.32,7.00 (14.58 %)," ",100,"5,500,000",0,0,48.00,55.00,55.00,55.00
10/06/2020,48.00,48.00,41.30,0.00 (0.00 %)," ",0,0,0,0,48.00,48.0,48.00,48.00
09/06/2020,48.00,48.00,41.30,0.00 (0.00 %)," ",0,0,0,0,48.00,48.00,48.00,48.00
08/06/2020,48.00,48.00,41.30,0.00 (0.00 %)," ",0,0,0,0,48.00,48.0,48.00,48.00
05/06/2020,48.00,48.00,41.30,0.00 (0.00 %)," ",6,"244,800",0,0,48.00,48.00,48.00,48.00
04/06/2020,48.00,48.00,41.30,0.00 (0.00 %)," ",5,"220,000",0,0,48.00,48.0,48.00,48.00
03/06/2020,41.30,48.00,41.30,-1.00 (-2.04 %)," ",100,"4,800,000",0,0,49.00,48.00,48.00,48.00
02/06/2020,49.00,49.00,42.16,0.00 (0.00 %)," ",20,"834,000",0,0,49.00,49.0,49.00,49.00
01/06/2020,42.16,49.00,42.16,-5.00 (-9.26 %)," ",200,"9,800,000",0,0,54.00,49.00,49.00,49.00
29/05/2020,46.46,54.00,46.46,6.90 (14.65 %)," ",617,"33,093,400",0,0,47.10,54.0,54.00,54.00
28/05/2020,40.52,49.90,42.93,0.90 (1.84 %)," ","2,810","132,267,000",0,0,49.00,41.70,49.90,41.70
27/05/2020,42.16,49.00,42.16,-2.70 (-5.22 %)," ",105,"5,120,000",0,0,51.70,49.0,49.00,49.00
26/05/2020,44.48,51.70,44.48,6.70 (14.89 %)," ",100,"5,170,000",0,0,45.00,51.70,51.70,51.70
25/05/2020,38.73,43.30,37.26,-4.80 (-9.98 %)," ",700,"31,510,000",0,0,48.10,55.3,55.30,43.30
22/05/2020,41.39,48.10,41.39,6.20 (14.80 %)," ",100,"4,810,000",0,0,41.90,48.10,48.10,48.10
21/05/2020,41.90,41.90,36.05,0.00 (0.00 %)," ",0,0,0,0,41.90,41.9,41.90,41.90
20/05/2020,41.90,41.90,36.05,0.00 (0.00 %)," ",0,0,0,0,41.90,41.90,41.90,41.90
19/05/2020,41.90,41.90,36.05,0.00 (0.00 %)," ",0,0,0,0,41.90,41.9,41.90,41.90
18/05/2020,41.90,41.90,36.05,0.00 (0.00 %)," ",0,0,0,0,41.90,41.90,41.90,41.90
15/05/2020,41.90,41.90,36.05,0.00 (0.00 %)," ",0,0,0,0,41.90,41.9,41.90,41.90
14/05/2020,41.90,41.90,36.05,0.00 (0.00 %)," ",0,0,0,0,41.90,41.90,41.90,41.90
13/05/2020,41.90,41.90,36.05,0.00 (0.00 %)," ",0,0,0,0,41.90,41.9,41.90,41.90
12/05/2020,36.05,41.90,36.05,0.00 (0.00 %)," ",500,"20,950,000",0,0,41.90,41.90,41.90,41.90
11/05/2020,41.90,41.90,36.05,0.00 (0.00 %)," ",0,0,0,0,41.90,41.9,41.90,41.90
08/05/2020,41.90,41.90,36.05,0.00 (0.00 %)," ",0,0,0,0,41.90,41.90,41.90,41.90
07/05/2020,36.05,41.90,36.05,-7.30 (-14.84 %)," ",500,"20,950,000",0,0,49.20,41.9,41.90,41.90
06/05/2020,49.20,49.20,42.33,0.00 (0.00 %)," ",0,0,0,0,49.20,49.20,49.20,49.20
05/05/2020,49.20,49.20,42.33,0.00 (0.00 %)," ",0,0,0,0,49.20,49.2,49.20,49.20
04/05/2020,42.33,49.20,42.33,-8.60 (-14.88 %)," ",200,"9,840,000",0,0,57.80,49.20,49.20,49.20
29/04/2020,49.73,57.80,49.73,7.50 (14.91 %)," ",100,"5,780,000",25,"1,070,000",50.30,57.8,57.80,57.80
28/04/2020,43.31,50.00,43.02,1.70 (3.52 %)," ",600,"30,200,000",0,0,48.30,52.00,52.00,50.00
27/04/2020,41.56,48.30,41.56,6.30 (15.00 %)," ",100,"4,830,000",0,0,42.00,48.3,48.30,48.30
24/04/2020,36.14,42.00,36.14,5.00 (13.51 %)," ",100,"4,200,000",0,0,37.00,42.00,42.00,42.00
23/04/2020,31.84,37.00,31.84,1.90 (5.41 %)," ",100,"3,700,000",0,0,35.10,37.0,37.00,37.00
22/04/2020,35.10,35.10,30.20,0.00 (0.00 %)," ",0,0,0,0,35.10,35.10,35.10,35.10
21/04/2020,30.20,35.10,30.20,0.30 (0.86 %)," ",105,"3,679,000",0,0,34.80,35.1,35.10,35.10
20/04/2020,29.94,34.80,29.94,-0.10 (-0.29 %)," ",500,"17,400,000",0,0,34.90,34.80,34.80,34.80
17/04/2020,30.01,34.70,29.86,-0.40 (-1.14 %)," ",520,"18,142,000",0,0,35.10,35.0,35.00,34.70
16/04/2020,30.19,35.10,30.20,0.10 (0.29 %)," ","1,900","66,660,000",0,0,35.00,35.10,35.10,35.00
15/04/2020,35.00,35.00,30.11,0.00 (0.00 %)," ",0,0,0,0,35.00,35.0,35.00,35.00
14/04/2020,35.00,35.00,30.11,0.00 (0.00 %)," ",0,0,0,0,35.00,35.00,35.00,35.00
13/04/2020,30.11,35.00,30.11,-3.00 (-7.89 %)," ",300,"10,500,000",0,0,38.00,35.0,35.00,35.00
10/04/2020,38.00,38.00,32.70,0.00 (0.00 %)," ",0,0,0,0,38.00,38.00,38.00,38.00
09/04/2020,32.70,38.00,32.70,-0.30 (-0.78 %)," ",100,"3,800,000",0,0,38.30,38.0,38.00,38.00
08/04/2020,38.30,38.30,32.95,0.00 (0.00 %)," ",0,0,0,0,38.30,38.30,38.30,38.30
07/04/2020,32.95,38.30,32.95,-6.70 (-14.89 %)," ",300,"11,490,000",0,0,45.00,38.3,38.30,38.30
06/04/2020,45.00,45.00,38.72,0.00 (0.00 %)," ",0,0,0,0,45.00,45.00,45.00,45.00
03/04/2020,45.00,45.00,38.72,0.00 (0.00 %)," ",0,0,0,0,45.00,45.0,45.00,45.00
01/04/2020,45.00,45.00,38.72,0.00 (0.00 %)," ",0,0,0,0,45.00,45.00,45.00,45.00
31/03/2020,38.68,49.50,42.59,2.00 (4.21 %)," ",200,"8,990,000",0,0,47.50,40.4,49.50,40.40
30/03/2020,47.50,47.50,40.87,0.00 (0.00 %)," ",0,0,0,0,47.50,47.50,47.50,47.50
27/03/2020,40.87,47.50,40.87,5.90 (14.18 %)," ",100,"4,750,000",0,0,41.60,47.5,47.50,47.50
26/03/2020,35.79,41.60,35.79,4.10 (10.93 %)," ",200,"8,320,000",0,0,37.50,41.60,41.60,41.60
25/03/2020,32.30,31.50,27.10,-5.50 (-14.86 %)," ",500,"18,770,000",0,0,37.00,41.9,41.90,31.50
24/03/2020,37.00,37.00,31.84,0.00 (0.00 %)," ",0,0,0,0,37.00,37.00,37.00,37.00
23/03/2020,31.84,37.00,31.84,-6.50 (-14.94 %)," ",100,"3,700,000",0,0,43.50,37.0,37.00,37.00
20/03/2020,37.43,43.50,37.43,-7.60 (-14.87 %)," ",100,"4,350,000",0,0,51.10,43.50,43.50,43.50
19/03/2020,43.97,51.10,43.97,-9.00 (-14.98 %)," ",100,"5,110,000",0,0,60.10,51.1,51.10,51.10
18/03/2020,60.10,60.10,51.71,0.00 (0.00 %)," ",0,0,0,0,60.10,60.10,60.10,60.10
17/03/2020,60.10,60.10,51.71,0.00 (0.00 %)," ",0,0,0,0,60.10,60.1,60.10,60.10
16/03/2020,60.10,60.10,51.71,0.00 (0.00 %)," ",0,0,0,0,60.10,60.10,60.10,60.10
13/03/2020,51.71,60.10,51.71,-10.50 (-14.87 %)," ",100,"6,010,000",0,0,70.60,60.1,60.10,60.10
12/03/2020,60.75,70.60,60.75,0.00 (0.00 %)," ",0,0,0,0,70.60,70.60,70.60,70.60
11/03/2020,60.75,70.60,60.75,0.00 (0.00 %)," ",0,0,0,0,70.60,70.6,70.60,70.60
10/03/2020,70.60,70.60,60.75,0.00 (0.00 %)," ",0,0,0,0,70.60,70.60,70.60,70.60
09/03/2020,70.60,70.60,60.75,0.00 (0.00 %)," ",0,0,0,0,70.60,70.6,70.60,70.60
06/03/2020,70.60,70.60,60.75,0.00 (0.00 %)," ",0,0,0,0,70.60,70.60,70.60,70.60
05/03/2020,70.60,70.60,60.75,0.00 (0.00 %)," ",0,0,0,0,70.60,70.6,70.60,70.60
04/03/2020,70.60,70.60,60.75,0.00 (0.00 %)," ",0,0,0,0,70.60,70.60,70.60,70.60
03/03/2020,70.60,70.60,60.75,0.00 (0.00 %)," ",0,0,0,0,70.60,70.6,70.60,70.60
02/03/2020,70.60,70.60,60.75,0.00 (0.00 %)," ",0,0,50,"3,005,000",70.60,70.60,70.60,70.60
28/02/2020,70.60,70.60,60.75,0.00 (0.00 %)," ",0,0,0,0,70.60,70.6,70.60,70.60
27/02/2020,70.60,70.60,60.75,0.00 (0.00 %)," ",0,0,0,0,70.60,70.60,70.60,70.60
26/02/2020,70.60,70.60,60.75,0.00 (0.00 %)," ",0,0,0,0,70.60,70.6,70.60,70.60
25/02/2020,70.60,70.60,60.75,0.00 (0.00 %)," ",0,0,0,0,70.60,70.60,70.60,70.60
24/02/2020,70.60,70.60,60.75,0.00 (0.00 %)," ",0,0,0,0,70.60,70.6,70.60,70.60
21/02/2020,70.60,70.60,60.75,0.00 (0.00 %)," ",0,0,0,0,70.60,70.60,70.60,70.60
20/02/2020,70.60,70.60,60.75,0.00 (0.00 %)," ",0,0,0,0,70.60,70.6,70.60,70.60
19/02/2020,70.60,70.60,60.75,0.00 (0.00 %)," ",0,0,0,0,70.60,70.60,70.60,70.60
18/02/2020,70.60,70.60,60.75,0.00 (0.00 %)," ",0,0,0,0,70.60,70.6,70.60,70.60
17/02/2020,70.60,70.60,60.75,0.00 (0.00 %)," ",0,0,0,0,70.60,70.60,70.60,70.60
14/02/2020,70.60,70.60,60.75,0.00 (0.00 %)," ",0,0,0,0,70.60,70.6,70.60,70.60
13/02/2020,70.60,70.60,60.75,0.00 (0.00 %)," ",0,0,0,0,70.60,70.60,70.60,70.60
12/02/2020,70.60,70.60,60.75,0.00 (0.00 %)," ",0,0,0,0,70.60,70.6,70.60,70.60
11/02/2020,60.75,70.60,60.75,-12.40 (-14.94 %)," ",100,"7,060,000",0,0,83.00,70.60,70.60,70.60
10/02/2020,83.00,83.00,71.41,0.00 (0.00 %)," ",0,0,0,0,83.00,83.0,83.00,83.00
07/02/2020,83.00,83.00,71.41,0.00 (0.00 %)," ",0,0,0,0,83.00,83.00,83.00,83.00
06/02/2020,83.00,83.00,71.41,0.00 (0.00 %)," ",0,0,0,0,83.00,83.0,83.00,83.00
05/02/2020,83.00,83.00,71.41,0.00 (0.00 %)," ",0,0,0,0,83.00,83.00,83.00,83.00
04/02/2020,71.41,83.00,71.41,10.00 (13.70 %)," ",100,"8,300,000",0,0,73.00,83.0,83.00,83.00
03/02/2020,62.81,73.00,62.81,8.10 (12.48 %)," ",100,"7,300,000",0,0,64.90,73.00,73.00,73.00
31/01/2020,64.90,64.90,55.84,0.00 (0.00 %)," ",0,0,0,0,64.90,64.9,64.90,64.90
30/01/2020,55.84,64.90,55.84,8.40 (14.87 %)," ",100,"6,490,000",0,0,56.50,64.90,64.90,64.90
22/01/2020,48.61,56.50,48.61,7.00 (14.14 %)," ",100,"5,650,000",0,0,49.50,56.5,56.50,56.50
21/01/2020,42.59,49.50,42.59,0.00 (0.00 %)," ",0,0,0,0,49.50,49.50,49.50,49.50
20/01/2020,42.59,49.50,42.59,5.70 (13.01 %)," ",100,"4,950,000",0,0,43.80,49.5,49.50,49.50
17/01/2020,37.69,37.60,32.35,-6.60 (-14.93 %)," ",200,"8,760,000",0,0,44.20,50.00,50.00,37.60
16/01/2020,38.03,44.20,38.03,-7.70 (-14.84 %)," ",100,"4,420,000",0,0,51.90,44.2,44.20,44.20
15/01/2020,51.90,51.90,44.66,0.00 (0.00 %)," ",0,0,0,0,51.90,51.90,51.90,51.90
14/01/2020,51.90,51.90,44.66,0.00 (0.00 %)," ",0,0,0,0,51.90,51.9,51.90,51.90
13/01/2020,51.90,51.90,44.66,0.00 (0.00 %)," ",0,0,0,0,51.90,51.90,51.90,51.90
10/01/2020,51.90,51.90,44.66,0.00 (0.00 %)," ",0,0,0,0,51.90,51.9,51.90,51.90
09/01/2020,51.90,51.90,44.66,0.00 (0.00 %)," ",0,0,0,0,51.90,51.90,51.90,51.90
08/01/2020,51.90,51.90,44.66,0.00 (0.00 %)," ",0,0,0,0,51.90,51.9,51.90,51.90
07/01/2020,51.90,51.90,44.66,0.00 (0.00 %)," ",0,0,0,0,51.90,51.90,51.90,51.90
06/01/2020,51.90,51.90,44.66,0.00 (0.00 %)," ",0,0,0,0,51.90,51.9,51.90,51.90
03/01/2020,44.63,54.80,47.15,0.80 (1.48 %)," ",300,"15,560,000",0,0,54.00,46.00,54.80,46.00
02/01/2020,46.46,54.00,46.46,-9.30 (-14.69 %)," ",100,"5,400,000",358,"19,296,200",63.30,54.0,54.00,53.90
31/12/2019,54.51,68.20,58.68,8.60 (14.43 %)," ","4,800","304,070,000",0,0,59.60,65.50,68.20,50.70
30/12/2019,51.26,52.60,45.26,-9.20 (-14.89 %)," ","3,500","208,520,000",0,0,61.80,61.8,70.80,52.60
27/12/2019,53.14,61.90,53.26,7.90 (14.63 %)," ","1,700","105,000,000",0,0,54.00,58.50,62.00,58.50
26/12/2019,46.46,54.00,46.46,7.00 (14.89 %)," ","1,500","81,000,000",0,0,47.00,54.0,54.00,54.00
25/12/2019,40.43,35.80,30.80,-6.20 (-14.76 %)," ","1,200","56,380,000",0,0,42.00,48.00,48.00,35.80
24/12/2019,36.17,44.80,38.55,5.70 (14.58 %)," ","1,500","63,050,000",0,0,39.10,36.5,44.80,36.50
23/12/2019,33.60,39.10,33.64,4.80 (13.99 %)," ",200,"7,810,000",0,0,34.30,39.00,39.10,39.00
20/12/2019,29.50,34.00,29.25,-0.50 (-1.45 %)," ","4,000","137,130,000",0,0,34.50,35.0,35.00,34.00
19/12/2019,29.68,34.50,29.68,0.00 (0.00 %)," ","1,000","34,500,000",0,0,34.50,34.50,34.50,34.50
18/12/2019,34.50,34.50,29.68,0.00 (0.00 %)," ",0,0,0,0,34.50,34.5,34.50,34.50
17/12/2019,29.68,34.50,29.68,-0.40 (-1.15 %)," ",600,"20,700,000",0,0,34.90,34.50,34.50,34.50
16/12/2019,30.03,34.90,30.03,0.00 (0.00 %)," ",100,"3,490,000",0,0,34.90,34.9,34.90,34.90
13/12/2019,30.01,34.80,29.94,-0.30 (-0.85 %)," ",500,"17,440,000",0,0,35.10,35.00,35.00,34.80
12/12/2019,30.20,35.10,30.20,-3.70 (-9.54 %)," ",100,"3,510,000",0,0,38.80,35.1,35.10,35.10
11/12/2019,33.38,38.80,33.38,4.40 (12.79 %)," ",100,"3,880,000",0,0,34.40,38.80,38.80,38.80
10/12/2019,29.60,34.40,29.60,2.80 (8.86 %)," ",600,"20,640,000",0,0,31.60,34.4,34.40,34.40
09/12/2019,27.19,31.60,27.19,4.10 (14.91 %)," ",100,"3,160,000",0,0,27.50,31.60,31.60,31.60
06/12/2019,27.50,27.50,23.66,0.00 (0.00 %)," ",0,0,0,0,27.50,27.5,27.50,27.50
05/12/2019,27.50,27.50,23.66,0.00 (0.00 %)," ",0,0,0,0,27.50,27.50,27.50,27.50
04/12/2019,27.50,27.50,23.66,0.00 (0.00 %)," ",0,0,0,0,27.50,27.5,27.50,27.50
03/12/2019,27.50,27.50,23.66,0.00 (0.00 %)," ",0,0,0,0,27.50,27.50,27.50,27.50
02/12/2019,27.50,27.50,23.66,0.00 (0.00 %)," ",0,0,0,0,27.50,27.5,27.50,27.50
29/11/2019,27.50,27.50,23.66,0.00 (0.00 %)," ",0,0,0,0,27.50,27.50,27.50,27.50
28/11/2019,27.50,27.50,23.66,0.00 (0.00 %)," ",0,0,0,0,27.50,27.5,27.50,27.50
27/11/2019,27.50,27.50,23.66,0.00 (0.00 %)," ",0,0,0,0,27.50,27.50,27.50,27.50
26/11/2019,27.50,27.50,23.66,0.00 (0.00 %)," ",0,0,0,0,27.50,27.5,27.50,27.50
25/11/2019,27.50,27.50,23.66,0.00 (0.00 %)," ",0,0,0,0,27.50,27.50,27.50,27.50
22/11/2019,27.50,27.50,23.66,0.00 (0.00 %)," ",0,0,0,0,27.50,27.5,27.50,27.50
21/11/2019,27.50,27.50,23.66,0.00 (0.00 %)," ",0,0,0,0,27.50,27.50,27.50,27.50
20/11/2019,27.50,27.50,23.66,0.00 (0.00 %)," ",0,0,0,0,27.50,27.5,27.50,27.50
19/11/2019,27.50,27.50,23.66,0.00 (0.00 %)," ",0,0,0,0,27.50,27.50,27.50,27.50
18/11/2019,27.50,27.50,23.66,0.00 (0.00 %)," ",0,0,0,0,27.50,27.5,27.50,27.50
15/11/2019,27.50,27.50,23.66,0.00 (0.00 %)," ",0,0,0,0,27.50,27.50,27.50,27.50
14/11/2019,27.50,27.50,23.66,0.00 (0.00 %)," ",0,0,0,0,27.50,27.5,27.50,27.50
13/11/2019,27.50,27.50,23.66,0.00 (0.00 %)," ",0,0,0,0,27.50,27.50,27.50,27.50
12/11/2019,27.50,27.50,23.66,0.00 (0.00 %)," ",0,0,0,0,27.50,27.5,27.50,27.50
11/11/2019,27.50,27.50,23.66,0.00 (0.00 %)," ",0,0,0,0,27.50,27.50,27.50,27.50
08/11/2019,27.50,27.50,23.66,0.00 (0.00 %)," ",0,0,0,0,27.50,27.5,27.50,27.50
07/11/2019,27.50,27.50,23.66,0.00 (0.00 %)," ",0,0,0,0,27.50,27.50,27.50,27.50
06/11/2019,27.50,27.50,23.66,0.00 (0.00 %)," ",0,0,0,0,27.50,27.5,27.50,27.50
05/11/2019,23.66,27.50,23.66,1.90 (7.42 %)," ",500,"13,750,000",0,0,25.60,27.50,27.50,27.50
04/11/2019,25.60,25.60,22.03,0.00 (0.00 %)," ",0,0,0,0,25.60,25.6,25.60,25.60
01/11/2019,25.60,25.60,22.03,0.00 (0.00 %)," ",0,0,0,0,25.60,25.60,25.60,25.60
31/10/2019,25.60,25.60,22.03,0.00 (0.00 %)," ",0,0,0,0,25.60,25.6,25.60,25.60
30/10/2019,25.60,25.60,22.03,0.00 (0.00 %)," ",0,0,0,0,25.60,25.60,25.60,25.60
29/10/2019,25.60,25.60,22.03,0.00 (0.00 %)," ",0,0,0,0,25.60,25.6,25.60,25.60
28/10/2019,25.60,25.60,22.03,0.00 (0.00 %)," ",0,0,0,0,25.60,25.60,25.60,25.60
25/10/2019,22.05,25.50,21.94,-1.80 (-6.59 %)," ",400,"10,250,000",0,0,27.30,25.8,25.80,25.50
24/10/2019,27.30,27.30,23.49,0.00 (0.00 %)," ",0,0,0,0,27.30,27.30,27.30,27.30
23/10/2019,27.30,27.30,23.49,0.00 (0.00 %)," ",0,0,0,0,27.30,27.3,27.30,27.30
22/10/2019,27.30,27.30,23.49,0.00 (0.00 %)," ",0,0,0,0,27.30,27.30,27.30,27.30
21/10/2019,27.30,27.30,23.49,0.00 (0.00 %)," ",0,0,0,0,27.30,27.3,27.30,27.30
18/10/2019,23.49,27.30,23.49,-0.30 (-1.09 %)," ",100,"2,730,000",0,0,27.60,27.30,27.30,27.30
17/10/2019,27.60,27.60,23.75,0.00 (0.00 %)," ",0,0,0,0,27.60,27.6,27.60,27.60
16/10/2019,27.60,27.60,23.75,0.00 (0.00 %)," ",0,0,0,0,27.60,27.60,27.60,27.60
14/10/2019,27.30,27.30,23.49,0.00 (0.00 %)," ",0,0,0,0,27.30,27.3,27.30,27.30
11/10/2019,27.30,27.30,23.49,0.00 (0.00 %)," ",0,0,0,0,27.30,27.30,27.30,27.30
10/10/2019,23.51,34.00,23.34,-0.90 (-2.58 %)," ","1,500","51,360,000",0,0,34.90,34.9,34.90,34.00
09/10/2019,23.96,34.00,23.34,-1.00 (-2.86 %)," ","3,300","115,150,000",0,0,35.00,35.00,35.00,34.00
08/10/2019,24.03,35.00,24.03,1.50 (4.48 %)," ",200,"7,000,000",0,0,33.50,35.0,35.00,35.00
07/10/2019,33.50,33.50,23.00,0.00 (0.00 %)," ",0,0,0,0,33.50,33.50,33.50,33.50
04/10/2019,33.50,33.50,23.00,0.00 (0.00 %)," ",0,0,0,0,33.50,33.5,33.50,33.50
03/10/2019,23.00,33.00,22.66,3.00 (10.00 %)," ",200,"6,700,000",0,0,30.00,34.00,34.00,33.00
02/10/2019,30.00,30.00,20.60,0.00 (0.00 %)," ",0,0,0,0,30.00,30.0,30.00,30.00
01/10/2019,30.00,30.00,20.60,0.00 (0.00 %)," ",0,0,0,0,30.00,30.00,30.00,30.00
30/09/2019,30.00,30.00,20.60,0.00 (0.00 %)," ",0,0,0,0,30.00,30.0,30.00,30.00
27/09/2019,30.00,30.00,20.60,0.00 (0.00 %)," ",0,0,0,0,30.00,30.00,30.00,30.00
26/09/2019,30.00,30.00,20.60,0.00 (0.00 %)," ",0,0,0,0,30.00,30.0,30.00,30.00
25/09/2019,30.00,30.00,20.60,0.00 (0.00 %)," ",0,0,0,0,30.00,30.00,30.00,30.00
24/09/2019,30.00,30.00,20.60,0.00 (0.00 %)," ",0,0,0,0,30.00,30.0,30.00,30.00
23/09/2019,20.60,30.00,20.60,-1.00 (-3.23 %)," ","2,026","60,780,000",0,0,31.00,30.00,30.00,30.00
20/09/2019,31.00,31.00,21.28,0.00 (0.00 %)," ",0,0,0,0,31.00,31.0,31.00,31.00
19/09/2019,31.00,31.00,21.28,0.00 (0.00 %)," ",0,0,0,0,31.00,31.00,31.00,31.00
18/09/2019,31.00,31.00,21.28,0.00 (0.00 %)," ",0,0,0,0,31.00,31.0,31.00,31.00
17/09/2019,31.00,31.00,21.28,0.00 (0.00 %)," ",0,0,0,0,31.00,31.00,31.00,31.00
16/09/2019,31.00,31.00,21.28,0.00 (0.00 %)," ",0,0,0,0,31.00,31.0,31.00,31.00
13/09/2019,31.00,31.00,21.28,0.00 (0.00 %)," ",0,0,0,0,31.00,31.00,31.00,31.00
12/09/2019,31.00,31.00,21.28,0.00 (0.00 %)," ",0,0,0,0,31.00,31.0,31.00,31.00
11/09/2019,31.00,31.00,21.28,0.00 (0.00 %)," ",0,0,0,0,31.00,31.00,31.00,31.00
10/09/2019,31.00,31.00,21.28,0.00 (0.00 %)," ",0,0,0,0,31.00,31.0,31.00,31.00
09/09/2019,31.00,31.00,21.28,0.00 (0.00 %)," ",0,0,0,0,31.00,31.00,31.00,31.00
06/09/2019,31.00,31.00,21.28,0.00 (0.00 %)," ",0,0,0,0,31.00,31.0,31.00,31.00
05/09/2019,31.00,31.00,21.28,0.00 (0.00 %)," ",0,0,0,0,31.00,31.00,31.00,31.00
04/09/2019,31.00,31.00,21.28,0.00 (0.00 %)," ",0,0,0,0,31.00,31.0,31.00,31.00
03/09/2019,31.00,31.00,21.28,0.00 (0.00 %)," ",0,0,0,0,31.00,31.00,31.00,31.00
30/08/2019,31.00,31.00,21.28,0.00 (0.00 %)," ",0,0,0,0,31.00,31.0,31.00,31.00
29/08/2019,21.28,31.00,21.28,1.00 (3.33 %)," ",100,"3,100,000",0,0,30.00,31.00,31.00,31.00
28/08/2019,30.00,30.00,20.60,0.00 (0.00 %)," ",0,0,0,0,30.00,30.0,30.00,30.00
27/08/2019,30.00,30.00,20.60,0.00 (0.00 %)," ",0,0,153,"3,901,500",30.00,30.00,30.00,30.00
26/08/2019,20.60,30.00,20.60,1.10 (3.81 %)," ","1,000","30,000,000",0,0,28.90,30.0,30.00,30.00
23/08/2019,28.90,28.90,19.84,0.00 (0.00 %)," ",0,0,0,0,28.90,28.90,28.90,28.90
22/08/2019,28.90,28.90,19.84,0.00 (0.00 %)," ",0,0,0,0,28.90,28.9,28.90,28.90
21/08/2019,28.90,28.90,19.84,0.00 (0.00 %)," ",0,0,"1,075","26,445,000",28.90,28.90,28.90,28.90
20/08/2019,19.86,32.00,21.97,4.10 (14.70 %)," ","1,300","37,600,000",0,0,27.90,28.0,32.00,28.00
19/08/2019,27.90,27.90,19.15,0.00 (0.00 %)," ",0,0,0,0,27.90,27.90,27.90,27.90
16/08/2019,19.18,28.00,19.22,0.00 (0.00 %)," ","3,200","89,410,000",0,0,28.00,27.0,28.10,27.00
15/08/2019,28.00,28.00,19.22,0.00 (0.00 %)," ",0,0,0,0,28.00,28.00,28.00,28.00
14/08/2019,28.00,28.00,19.22,0.00 (0.00 %)," ",0,0,0,0,28.00,28.0,28.00,28.00
13/08/2019,28.00,28.00,19.22,0.00 (0.00 %)," ",0,0,0,0,28.00,28.00,28.00,28.00
12/08/2019,28.00,28.00,19.22,0.00 (0.00 %)," ",0,0,0,0,28.00,28.0,28.00,28.00
09/08/2019,28.00,28.00,19.22,0.00 (0.00 %)," ",0,0,0,0,28.00,28.00,28.00,28.00
08/08/2019,19.22,28.00,19.22,-4.00 (-12.50 %)," ",500,"14,000,000",0,0,32.00,28.0,28.00,28.00
07/08/2019,21.97,32.00,21.97,-4.00 (-11.11 %)," ","1,000","32,000,000",0,0,36.00,32.00,32.00,32.00
06/08/2019,36.00,36.00,24.72,0.00 (0.00 %)," ",0,0,0,0,36.00,36.0,36.00,36.00
05/08/2019,36.00,36.00,24.72,0.00 (0.00 %)," ",0,0,0,0,36.00,36.00,36.00,36.00
02/08/2019,36.00,36.00,24.72,0.00 (0.00 %)," ",0,0,0,0,36.00,36.0,36.00,36.00
01/08/2019,36.00,36.00,24.72,0.00 (0.00 %)," ",0,0,0,0,36.00,36.00,36.00,36.00
31/07/2019,36.00,36.00,24.72,0.00 (0.00 %)," ",0,0,0,0,36.00,36.0,36.00,36.00
30/07/2019,36.00,36.00,24.72,0.00 (0.00 %)," ",0,0,0,0,36.00,36.00,36.00,36.00
29/07/2019,36.00,36.00,24.72,0.00 (0.00 %)," ",0,0,0,0,36.00,36.0,36.00,36.00
26/07/2019,24.72,36.00,24.72,-6.00 (-14.29 %)," ","3,200","115,200,000",0,0,42.00,36.00,36.00,36.00
25/07/2019,42.00,42.00,28.83,0.00 (0.00 %)," ",0,0,0,0,42.00,42.0,42.00,42.00
24/07/2019,42.00,42.00,28.83,0.00 (0.00 %)," ",0,0,0,0,42.00,42.00,42.00,42.00
23/07/2019,42.00,42.00,28.83,0.00 (0.00 %)," ",0,0,0,0,42.00,42.0,42.00,42.00
22/07/2019,42.00,42.00,28.83,0.00 (0.00 %)," ",0,0,0,0,42.00,42.00,42.00,42.00
19/07/2019,42.00,42.00,28.83,0.00 (0.00 %)," ",0,0,0,0,42.00,42.0,42.00,42.00
18/07/2019,42.00,42.00,28.83,0.00 (0.00 %)," ",0,0,0,0,42.00,42.00,42.00,42.00
17/07/2019,42.00,42.00,28.83,0.00 (0.00 %)," ",0,0,"1,919","68,508,300",42.00,42.0,42.00,42.00
16/07/2019,42.00,42.00,28.83,0.00 (0.00 %)," ",0,0,0,0,42.00,42.00,42.00,42.00
15/07/2019,42.00,42.00,28.83,0.00 (0.00 %)," ",0,0,0,0,42.00,42.0,42.00,42.00
12/07/2019,42.00,42.00,28.83,0.00 (0.00 %)," ",0,0,0,0,42.00,42.00,42.00,42.00
11/07/2019,28.83,42.00,28.83,-7.40 (-14.98 %)," ",600,"25,200,000",0,0,49.40,42.0,42.00,42.00
10/07/2019,49.40,49.40,33.91,0.00 (0.00 %)," ",0,0,0,0,49.40,49.40,49.40,49.40
09/07/2019,49.40,49.40,33.91,0.00 (0.00 %)," ",0,0,0,0,49.40,49.4,49.40,49.40
08/07/2019,33.91,49.40,33.91,-8.70 (-14.97 %)," ",100,"4,940,000",0,0,58.10,49.40,49.40,49.40
05/07/2019,58.10,58.10,39.89,0.00 (0.00 %)," ",0,0,0,0,58.10,58.1,58.10,58.10
04/07/2019,58.10,58.10,39.89,0.00 (0.00 %)," ",0,0,0,0,58.10,58.10,58.10,58.10
03/07/2019,58.10,58.10,39.89,0.00 (0.00 %)," ",0,0,0,0,58.10,58.1,58.10,58.10
02/07/2019,58.10,58.10,39.89,0.00 (0.00 %)," ",0,0,0,0,58.10,58.10,58.10,58.10
01/07/2019,58.10,58.10,39.89,0.00 (0.00 %)," ",0,0,0,0,58.10,58.1,58.10,58.10
28/06/2019,39.85,59.90,41.12,5.20 (9.51 %)," ",400,"23,220,000",0,0,54.70,62.90,62.90,46.50
27/06/2019,37.53,49.70,34.12,-8.70 (-14.90 %)," ",700,"38,270,000",0,0,58.40,67.1,67.10,49.70
26/06/2019,40.11,46.80,32.13,-8.10 (-14.75 %)," ",700,"40,900,000",0,0,54.90,63.10,63.10,46.70
25/06/2019,37.67,49.30,33.85,-8.70 (-15.00 %)," ",300,"16,460,000",0,0,58.00,66.0,66.00,49.30
24/06/2019,39.82,58.00,39.82,7.20 (14.17 %)," ",100,"5,800,000",0,0,50.80,58.00,58.00,58.00
21/06/2019,34.86,40.00,27.46,-6.90 (-14.71 %)," ","3,210","163,029,000",0,0,46.90,52.0,52.00,39.90
20/06/2019,32.20,46.90,32.20,6.10 (14.95 %)," ",100,"4,690,000",0,0,40.80,46.90,46.90,46.90
19/06/2019,28.01,39.00,26.77,-0.80 (-2.01 %)," ",500,"20,400,000",0,0,39.80,45.0,45.00,39.00
18/06/2019,27.34,38.50,26.43,0.00 (0.00 %)," ","3,200","127,450,000",0,0,38.50,43.50,44.00,38.50
17/06/2019,26.43,38.50,26.43,5.00 (14.93 %)," ",500,"19,250,000",0,0,33.50,38.5,38.50,38.50
14/06/2019,23.00,33.50,23.00,4.20 (14.33 %)," ",100,"3,350,000",0,0,29.30,33.50,33.50,33.50
13/06/2019,20.12,29.30,20.12,3.80 (14.90 %)," ",200,"5,860,000",0,0,25.50,29.3,29.30,29.30
12/06/2019,17.51,25.50,17.51,3.30 (14.86 %)," ",100,"2,550,000",0,0,22.20,25.50,25.50,25.50
11/06/2019,22.20,22.20,15.24,0.00 (0.00 %)," ",0,0,0,0,22.20,22.2,22.20,22.20
10/06/2019,22.20,22.20,15.24,0.00 (0.00 %)," ",0,0,103,"2,626,500",22.20,22.20,22.20,22.20
07/06/2019,22.20,22.20,15.24,0.00 (0.00 %)," ",0,0,0,0,22.20,22.2,22.20,22.20
06/06/2019,22.20,22.20,15.24,0.00 (0.00 %)," ",0,0,0,0,22.20,22.20,22.20,22.20
05/06/2019,22.20,22.20,15.24,0.00 (0.00 %)," ",0,0,0,0,22.20,22.2,22.20,22.20
02/07/2019,58.10,58.10,39.89,0.00 (0.00 %)," ",0,0,0,0,58.10,58.10,58.10,58.10
01/07/2019,58.10,58.10,39.89,0.00 (0.00 %)," ",0,0,0,0,58.10,58.1,58.10,58.10
28/06/2019,39.85,59.90,41.12,5.20 (9.51 %)," ",400,"23,220,000",0,0,54.70,62.90,62.90,46.50
27/06/2019,37.53,49.70,34.12,-8.70 (-14.90 %)," ",700,"38,270,000",0,0,58.40,67.1,67.10,49.70
26/06/2019,40.11,46.80,32.13,-8.10 (-14.75 %)," ",700,"40,900,000",0,0,54.90,63.10,63.10,46.70
25/06/2019,37.67,49.30,33.85,-8.70 (-15.00 %)," ",300,"16,460,000",0,0,58.00,66.0,66.00,49.30
24/06/2019,39.82,58.00,39.82,7.20 (14.17 %)," ",100,"5,800,000",0,0,50.80,58.00,58.00,58.00
21/06/2019,34.86,40.00,27.46,-6.90 (-14.71 %)," ","3,210","163,029,000",0,0,46.90,52.0,52.00,39.90
20/06/2019,32.20,46.90,32.20,6.10 (14.95 %)," ",100,"4,690,000",0,0,40.80,46.90,46.90,46.90
19/06/2019,28.01,39.00,26.77,-0.80 (-2.01 %)," ",500,"20,400,000",0,0,39.80,45.0,45.00,39.00
18/06/2019,27.34,38.50,26.43,0.00 (0.00 %)," ","3,200","127,450,000",0,0,38.50,43.50,44.00,38.50
17/06/2019,26.43,38.50,26.43,5.00 (14.93 %)," ",500,"19,250,000",0,0,33.50,38.5,38.50,38.50
14/06/2019,23.00,33.50,23.00,4.20 (14.33 %)," ",100,"3,350,000",0,0,29.30,33.50,33.50,33.50
13/06/2019,20.12,29.30,20.12,3.80 (14.90 %)," ",200,"5,860,000",0,0,25.50,29.3,29.30,29.30
12/06/2019,17.51,25.50,17.51,3.30 (14.86 %)," ",100,"2,550,000",0,0,22.20,25.50,25.50,25.50
11/06/2019,22.20,22.20,15.24,0.00 (0.00 %)," ",0,0,0,0,22.20,22.2,22.20,22.20
10/06/2019,22.20,22.20,15.24,0.00 (0.00 %)," ",0,0,103,"2,626,500",22.20,22.20,22.20,22.20
07/06/2019,22.20,22.20,15.24,0.00 (0.00 %)," ",0,0,0,0,22.20,22.2,22.20,22.20
06/06/2019,22.20,22.20,15.24,0.00 (0.00 %)," ",0,0,0,0,22.20,22.20,22.20,22.20
05/06/2019,22.20,22.20,15.24,0.00 (0.00 %)," ",0,0,0,0,22.20,22.2,22.20,22.20
04/06/2019,22.20,22.20,15.24,0.00 (0.00 %)," ",0,0,0,0,22.20,22.20,22.20,22.20
03/06/2019,22.20,22.20,15.24,0.00 (0.00 %)," ",0,0,0,0,22.20,22.2,22.20,22.20
31/05/2019,22.20,22.20,15.24,0.00 (0.00 %)," ",0,0,0,0,22.20,22.20,22.20,22.20
30/05/2019,22.20,22.20,15.24,0.00 (0.00 %)," ",0,0,0,0,22.20,22.2,22.20,22.20
29/05/2019,25.70,25.70,15.24,0.00 (0.00 %)," ",0,0,0,0,25.70,25.70,25.70,25.70
28/05/2019,25.70,25.70,15.24,0.00 (0.00 %)," ",0,0,0,0,25.70,25.7,25.70,25.70
27/05/2019,25.70,25.70,15.24,0.00 (0.00 %)," ",0,0,0,0,25.70,25.70,25.70,25.70
24/05/2019,25.70,25.70,15.24,0.00 (0.00 %)," ",0,0,0,0,25.70,25.7,25.70,25.70
23/05/2019,25.70,25.70,15.24,0.00 (0.00 %)," ",0,0,0,0,25.70,25.70,25.70,25.70
22/05/2019,25.70,25.70,15.24,0.00 (0.00 %)," ",0,0,0,0,25.70,25.7,25.70,25.70
21/05/2019,15.24,25.70,15.24,-4.30 (-14.33 %)," ",100,"2,570,000",0,0,30.00,25.70,25.70,25.70
20/05/2019,30.00,30.00,17.79,0.00 (0.00 %)," ",0,0,0,0,30.00,30.0,30.00,30.00
17/05/2019,30.00,30.00,17.79,0.00 (0.00 %)," ",0,0,0,0,30.00,30.00,30.00,30.00
16/05/2019,17.79,30.00,17.79,-4.50 (-13.04 %)," ",200,"6,000,000",0,0,34.50,30.0,30.00,30.00
15/05/2019,34.50,34.50,20.46,0.00 (0.00 %)," ",0,0,0,0,34.50,34.50,34.50,34.50
14/05/2019,34.50,34.50,20.46,0.00 (0.00 %)," ",0,0,0,0,34.50,34.5,34.50,34.50
13/05/2019,34.50,34.50,20.46,0.00 (0.00 %)," ",0,0,0,0,34.50,34.50,34.50,34.50
10/05/2019,34.50,34.50,20.46,0.00 (0.00 %)," ",0,0,0,0,34.50,34.5,34.50,34.50
09/05/2019,34.50,34.50,20.46,0.00 (0.00 %)," ",0,0,0,0,34.50,34.50,34.50,34.50
08/05/2019,34.50,34.50,20.46,0.00 (0.00 %)," ",0,0,0,0,34.50,34.5,34.50,34.50
04/06/2019,22.20,22.20,15.24,0.00 (0.00 %)," ",0,0,0,0,22.20,22.20,22.20,22.20
03/06/2019,22.20,22.20,15.24,0.00 (0.00 %)," ",0,0,0,0,22.20,22.2,22.20,22.20
31/05/2019,22.20,22.20,15.24,0.00 (0.00 %)," ",0,0,0,0,22.20,22.20,22.20,22.20
30/05/2019,22.20,22.20,15.24,0.00 (0.00 %)," ",0,0,0,0,22.20,22.2,22.20,22.20
29/05/2019,25.70,25.70,15.24,0.00 (0.00 %)," ",0,0,0,0,25.70,25.70,25.70,25.70
28/05/2019,25.70,25.70,15.24,0.00 (0.00 %)," ",0,0,0,0,25.70,25.7,25.70,25.70
27/05/2019,25.70,25.70,15.24,0.00 (0.00 %)," ",0,0,0,0,25.70,25.70,25.70,25.70
24/05/2019,25.70,25.70,15.24,0.00 (0.00 %)," ",0,0,0,0,25.70,25.7,25.70,25.70
23/05/2019,25.70,25.70,15.24,0.00 (0.00 %)," ",0,0,0,0,25.70,25.70,25.70,25.70
22/05/2019,25.70,25.70,15.24,0.00 (0.00 %)," ",0,0,0,0,25.70,25.7,25.70,25.70
21/05/2019,15.24,25.70,15.24,-4.30 (-14.33 %)," ",100,"2,570,000",0,0,30.00,25.70,25.70,25.70
20/05/2019,30.00,30.00,17.79,0.00 (0.00 %)," ",0,0,0,0,30.00,30.0,30.00,30.00
17/05/2019,30.00,30.00,17.79,0.00 (0.00 %)," ",0,0,0,0,30.00,30.00,30.00,30.00
16/05/2019,17.79,30.00,17.79,-4.50 (-13.04 %)," ",200,"6,000,000",0,0,34.50,30.0,30.00,30.00
15/05/2019,34.50,34.50,20.46,0.00 (0.00 %)," ",0,0,0,0,34.50,34.50,34.50,34.50
14/05/2019,34.50,34.50,20.46,0.00 (0.00 %)," ",0,0,0,0,34.50,34.5,34.50,34.50
13/05/2019,34.50,34.50,20.46,0.00 (0.00 %)," ",0,0,0,0,34.50,34.50,34.50,34.50
10/05/2019,34.50,34.50,20.46,0.00 (0.00 %)," ",0,0,0,0,34.50,34.5,34.50,34.50
09/05/2019,34.50,34.50,20.46,0.00 (0.00 %)," ",0,0,0,0,34.50,34.50,34.50,34.50
08/05/2019,34.50,34.50,20.46,0.00 (0.00 %)," ",0,0,0,0,34.50,34.5,34.50,34.50
07/05/2019,34.50,34.50,20.46,0.00 (0.00 %)," ",0,0,0,0,34.50,34.50,34.50,34.50
06/05/2019,34.50,34.50,20.46,0.00 (0.00 %)," ",0,0,0,0,34.50,34.5,34.50,34.50
03/05/2019,34.50,34.50,20.46,0.00 (0.00 %)," ",0,0,0,0,34.50,34.50,34.50,34.50
02/05/2019,34.50,34.50,20.46,0.00 (0.00 %)," ",0,0,0,0,34.50,34.5,34.50,34.50
26/04/2019,34.50,34.50,20.46,0.00 (0.00 %)," ",0,0,0,0,34.50,34.50,34.50,34.50
25/04/2019,34.50,34.50,20.46,0.00 (0.00 %)," ",0,0,0,0,34.50,34.5,34.50,34.50
24/04/2019,34.50,34.50,20.46,0.00 (0.00 %)," ",0,0,0,0,34.50,34.50,34.50,34.50
23/04/2019,20.46,34.50,20.46,0.00 (0.00 %)," ",100,"3,450,000",0,0,34.50,34.5,34.50,34.50
22/04/2019,34.50,34.50,20.46,0.00 (0.00 %)," ",0,0,0,0,34.50,34.50,34.50,34.50
19/04/2019,34.50,34.50,20.46,0.00 (0.00 %)," ",0,0,0,0,34.50,34.5,34.50,34.50
18/04/2019,20.46,34.50,20.46,4.50 (15.00 %)," ",100,"3,450,000",0,0,30.00,34.50,34.50,34.50
17/04/2019,17.79,34.50,20.46,4.50 (15.00 %)," ",200,"6,000,000",0,0,30.00,25.5,34.50,25.50
16/04/2019,30.00,30.00,17.79,0.00 (0.00 %)," ",0,0,0,0,30.00,30.00,30.00,30.00
12/04/2019,30.00,30.00,17.79,0.00 (0.00 %)," ",0,0,0,0,30.00,30.0,30.00,30.00
11/04/2019,30.00,30.00,17.79,0.00 (0.00 %)," ",0,0,0,0,30.00,30.00,30.00,30.00
10/04/2019,17.79,30.00,17.79,1.00 (3.45 %)," ",100,"3,000,000",0,0,29.00,30.0,30.00,30.00
09/04/2019,29.00,29.00,17.20,0.00 (0.00 %)," ",0,0,0,0,29.00,29.00,29.00,29.00
08/04/2019,29.00,29.00,17.20,0.00 (0.00 %)," ",0,0,0,0,29.00,29.0,29.00,29.00
05/04/2019,29.00,29.00,17.20,0.00 (0.00 %)," ",0,0,0,0,29.00,29.00,29.00,29.00
04/04/2019,29.00,29.00,17.20,0.00 (0.00 %)," ",0,0,0,0,29.00,29.0,29.00,29.00
03/04/2019,17.20,29.00,17.20,-5.00 (-14.71 %)," ",100,"2,900,000",0,0,34.00,29.00,29.00,29.00
02/04/2019,20.16,34.00,20.16,-5.90 (-14.79 %)," ",100,"3,400,000",0,0,39.90,34.0,34.00,34.00
01/04/2019,39.90,39.90,23.66,0.00 (0.00 %)," ",0,0,0,0,39.90,39.90,39.90,39.90
29/03/2019,23.69,40.00,23.72,2.70 (7.24 %)," ","1,700","67,900,000",0,0,37.30,41.0,41.00,32.50
28/03/2019,22.12,37.30,22.12,4.80 (14.77 %)," ",100,"3,730,000",0,0,32.50,37.30,37.30,37.30
27/03/2019,19.27,32.50,19.27,4.20 (14.84 %)," ",100,"3,250,000",0,0,28.30,32.5,32.50,32.50
26/03/2019,28.30,28.30,16.78,0.00 (0.00 %)," ",0,0,0,0,28.30,28.30,28.30,28.30
25/03/2019,16.78,28.30,16.78,-3.60 (-11.29 %)," ",100,"2,830,000",0,0,31.90,28.3,28.30,28.30
22/03/2019,31.90,31.90,18.92,0.00 (0.00 %)," ",0,0,0,0,31.90,31.90,31.90,31.90
21/03/2019,31.90,31.90,18.92,0.00 (0.00 %)," ",0,0,0,0,31.90,31.9,31.90,31.90
20/03/2019,31.90,31.90,18.92,0.00 (0.00 %)," ",0,0,0,0,31.90,31.90,31.90,31.90
19/03/2019,31.90,31.90,18.92,0.00 (0.00 %)," ",0,0,0,0,31.90,31.9,31.90,31.90
18/03/2019,18.92,31.90,18.92,4.10 (14.75 %)," ",100,"3,190,000",0,0,27.80,31.90,31.90,31.90
15/03/2019,16.49,27.80,16.49,-4.80 (-14.72 %)," ","2,000","55,600,000",0,0,32.60,27.8,27.80,27.80
14/03/2019,32.60,32.60,19.33,0.00 (0.00 %)," ",0,0,0,0,32.60,32.60,32.60,32.60
13/03/2019,32.60,32.60,19.33,0.00 (0.00 %)," ",0,0,0,0,32.60,32.6,32.60,32.60
12/03/2019,32.60,32.60,19.33,0.00 (0.00 %)," ",0,0,0,0,32.60,32.60,32.60,32.60
11/03/2019,32.60,32.60,19.33,0.00 (0.00 %)," ",0,0,0,0,32.60,32.6,32.60,32.60
08/03/2019,32.60,32.60,19.33,0.00 (0.00 %)," ",0,0,0,0,32.60,32.60,32.60,32.60
07/03/2019,32.60,32.60,19.33,0.00 (0.00 %)," ",0,0,0,0,32.60,32.6,32.60,32.60
06/03/2019,32.60,32.60,19.33,0.00 (0.00 %)," ",0,0,0,0,32.60,32.60,32.60,32.60
05/03/2019,32.60,32.60,19.33,0.00 (0.00 %)," ",0,0,0,0,32.60,32.6,32.60,32.60
04/03/2019,32.60,32.60,19.33,0.00 (0.00 %)," ",0,0,0,0,32.60,32.60,32.60,32.60
01/03/2019,32.60,32.60,19.33,0.00 (0.00 %)," ",0,0,0,0,32.60,32.6,32.60,32.60
28/02/2019,32.60,32.60,19.33,0.00 (0.00 %)," ",0,0,0,0,32.60,32.60,32.60,32.60
27/02/2019,32.60,32.60,19.33,0.00 (0.00 %)," ",0,0,0,0,32.60,32.6,32.60,32.60
26/02/2019,32.60,32.60,19.33,0.00 (0.00 %)," ",0,0,0,0,32.60,32.60,32.60,32.60
25/02/2019,32.60,32.60,19.33,0.00 (0.00 %)," ",0,0,0,0,32.60,32.6,32.60,32.60
22/02/2019,32.60,32.60,19.33,0.00 (0.00 %)," ",0,0,0,0,32.60,32.60,32.60,32.60
21/02/2019,19.33,32.60,19.33,-4.60 (-12.37 %)," ",100,"3,260,000",0,0,37.20,32.6,32.60,32.60
20/02/2019,22.06,37.20,22.06,-6.50 (-14.87 %)," ",100,"3,720,000",0,0,43.70,37.20,37.20,37.20
19/02/2019,25.92,43.70,25.92,0.00 (0.00 %)," ",100,"4,370,000",0,0,43.70,43.7,43.70,43.70
18/02/2019,43.70,43.70,25.92,0.00 (0.00 %)," ",0,0,0,0,43.70,43.70,43.70,43.70
15/02/2019,43.70,43.70,25.92,0.00 (0.00 %)," ",0,0,0,0,43.70,43.7,43.70,43.70
14/02/2019,43.70,43.70,25.92,0.00 (0.00 %)," ",0,0,0,0,43.70,43.70,43.70,43.70
13/02/2019,25.92,43.70,25.92,-7.70 (-14.98 %)," ",100,"4,370,000",0,0,51.40,43.7,43.70,43.70
12/02/2019,51.40,51.40,30.48,0.00 (0.00 %)," ",0,0,0,0,51.40,51.40,51.40,51.40
11/02/2019,51.40,51.40,30.48,0.00 (0.00 %)," ",0,0,0,0,51.40,51.4,51.40,51.40
01/02/2019,51.40,51.40,30.48,0.00 (0.00 %)," ",0,0,0,0,51.40,51.40,51.40,51.40
31/01/2019,51.40,51.40,30.48,0.00 (0.00 %)," ",0,0,0,0,51.40,51.4,51.40,51.40
30/01/2019,51.40,51.40,30.48,0.00 (0.00 %)," ",0,0,0,0,51.40,51.40,51.40,51.40
29/01/2019,51.40,51.40,30.48,0.00 (0.00 %)," ",0,0,0,0,51.40,51.4,51.40,51.40
28/01/2019,51.40,51.40,30.48,0.00 (0.00 %)," ",0,0,0,0,51.40,51.40,51.40,51.40
25/01/2019,30.48,51.40,30.48,-9.00 (-14.90 %)," ",100,"5,140,000",0,0,60.40,51.4,51.40,51.40
24/01/2019,60.40,60.40,35.82,0.00 (0.00 %)," ",0,0,0,0,60.40,60.40,60.40,60.40
23/01/2019,60.40,60.40,35.82,0.00 (0.00 %)," ",0,0,0,0,60.40,60.4,60.40,60.40
22/01/2019,60.40,60.40,35.82,0.00 (0.00 %)," ",0,0,0,0,60.40,60.40,60.40,60.40
21/01/2019,60.40,60.40,35.82,0.00 (0.00 %)," ",0,0,0,0,60.40,60.4,60.40,60.40
18/01/2019,60.40,60.40,35.82,0.00 (0.00 %)," ",0,0,0,0,60.40,60.40,60.40,60.40
17/01/2019,60.40,60.40,35.82,0.00 (0.00 %)," ",0,0,0,0,60.40,60.4,60.40,60.40
16/01/2019,35.82,60.40,35.82,0.00 (0.00 %)," ",0,0,0,0,60.40,60.40,60.40,60.40
15/01/2019,35.82,60.40,35.82,0.00 (0.00 %)," ",0,0,0,0,60.40,60.4,60.40,60.40
14/01/2019,35.82,60.40,35.82,0.00 (0.00 %)," ",0,0,0,0,60.40,60.40,60.40,60.40
11/01/2019,35.82,60.40,35.82,7.80 (14.83 %)," ",100,"6,040,000",0,0,52.60,60.4,60.40,60.40
10/01/2019,31.19,52.60,31.19,0.00 (0.00 %)," ",0,0,0,0,52.60,52.60,52.60,52.60
09/01/2019,31.19,52.60,31.19,6.80 (14.85 %)," ",100,"5,000,000",0,0,45.80,52.6,52.60,52.60
08/01/2019,27.16,45.80,27.16,0.00 (0.00 %)," ",0,0,0,0,45.80,45.80,45.80,45.80
07/01/2019,27.16,45.80,27.16,0.00 (0.00 %)," ",0,0,0,0,45.80,45.8,45.80,45.80
04/01/2019,27.14,35.90,21.29,-6.30 (-14.93 %)," ","1,800","82,380,000",0,0,42.20,35.90,47.00,35.90
03/01/2019,25.03,42.20,25.03,-7.40 (-14.92 %)," ",100,"4,220,000",0,0,49.60,42.2,42.20,42.20
02/01/2019,29.41,49.60,29.41,0.00 (0.00 %)," ",0,0,0,0,49.60,49.60,49.60,49.60
28/12/2018,29.44,50.00,29.65,5.40 (12.11 %)," ","1,100","54,600,000",0,0,44.60,47.0,50.00,47.00
27/12/2018,26.45,44.60,26.45,5.70 (14.65 %)," ",700,"31,220,000",0,0,38.90,44.60,44.60,44.60
26/12/2018,23.07,38.90,23.07,3.30 (9.27 %)," ",100,"3,890,000",0,0,35.60,38.9,38.90,38.90
25/12/2018,21.11,32.20,19.10,-5.50 (-14.59 %)," ",200,"7,120,000",0,0,37.70,39.00,39.00,32.20
24/12/2018,22.36,37.70,22.36,0.00 (0.00 %)," ",0,0,0,0,37.70,37.7,37.70,37.70
21/12/2018,22.36,37.70,22.36,0.00 (0.00 %)," ",100,"3,770,000",0,0,37.70,37.70,37.70,37.70
20/12/2018,22.36,37.70,22.36,0.00 (0.00 %)," ",0,0,0,0,37.70,37.7,37.70,37.70
19/12/2018,22.36,37.70,22.36,4.80 (14.59 %)," ",100,"3,770,000",0,0,32.90,37.70,37.70,37.70
18/12/2018,19.53,30.60,18.15,-5.10 (-14.29 %)," ",400,"13,170,000",0,0,35.70,30.4,40.00,30.40
17/12/2018,21.17,35.70,21.17,-6.30 (-15.00 %)," ",100,"3,570,000",0,0,42.00,35.70,35.70,35.70
14/12/2018,24.91,42.00,24.91,0.00 (0.00 %)," ",0,0,0,0,42.00,42.0,42.00,42.00
13/12/2018,24.91,42.00,24.91,0.00 (0.00 %)," ",0,0,0,0,42.00,42.00,42.00,42.00
12/12/2018,24.91,42.00,24.91,0.00 (0.00 %)," ",0,0,0,0,42.00,42.0,42.00,42.00
11/12/2018,24.91,42.00,24.91,0.00 (0.00 %)," ",0,0,0,0,42.00,42.00,42.00,42.00
10/12/2018,24.91,42.00,24.91,0.00 (0.00 %)," ",0,0,0,0,42.00,42.0,42.00,42.00
07/12/2018,24.91,42.00,24.91,-7.00 (-14.29 %)," ","1,022","42,887,400",0,0,49.00,42.00,42.00,42.00
06/12/2018,29.06,49.00,29.06,0.00 (0.00 %)," ",0,0,0,0,49.00,49.0,49.00,49.00
05/12/2018,29.06,49.00,29.06,0.00 (0.00 %)," ",0,0,0,0,49.00,49.00,49.00,49.00
04/12/2018,29.06,49.00,29.06,0.00 (0.00 %)," ",0,0,0,0,49.00,49.0,49.00,49.00
03/12/2018,29.06,49.00,29.06,0.00 (0.00 %)," ",0,0,0,0,49.00,49.00,49.00,49.00
30/11/2018,29.06,49.00,29.06,0.00 (0.00 %)," ",0,0,0,0,49.00,49.0,49.00,49.00
29/11/2018,29.06,49.00,29.06,0.00 (0.00 %)," ",0,0,0,0,49.00,49.00,49.00,49.00
28/11/2018,29.06,49.00,29.06,0.00 (0.00 %)," ",0,0,0,0,49.00,49.0,49.00,49.00
27/11/2018,29.06,49.00,29.06,0.00 (0.00 %)," ",0,0,0,0,49.00,49.00,49.00,49.00
26/11/2018,29.06,49.00,29.06,0.00 (0.00 %)," ",0,0,0,0,49.00,49.0,49.00,49.00
23/11/2018,29.06,49.00,29.06,13.30 (37.25 %)," ",100,"4,900,000",0,0,35.70,49.00,49.00,49.00
22/11/2018,21.17,35.70,21.17,0.00 (0.00 %)," ",0,0,0,0,35.70,35.7,35.70,35.70
21/11/2018,21.17,35.70,21.17,0.00 (0.00 %)," ",0,0,0,0,35.70,35.70,35.70,35.70
20/11/2018,21.17,35.70,21.17,0.00 (0.00 %)," ",0,0,0,0,35.70,35.7,35.70,35.70
19/11/2018,21.17,35.70,21.17,0.00 (0.00 %)," ",0,0,0,0,35.70,35.70,35.70,35.70
16/11/2018,21.17,35.70,21.17,0.00 (0.00 %)," ",0,0,0,0,35.70,35.7,35.70,35.70
15/11/2018,21.17,35.70,21.17,0.00 (0.00 %)," ",0,0,0,0,35.70,35.70,35.70,35.70
14/11/2018,21.17,35.70,21.17,0.00 (0.00 %)," ",0,0,0,0,35.70,35.7,35.70,35.70
13/11/2018,21.17,35.70,21.17,0.00 (0.00 %)," ",0,0,0,0,35.70,35.70,35.70,35.70
12/11/2018,21.17,35.70,21.17,0.00 (0.00 %)," ",0,0,0,0,35.70,35.7,35.70,35.70
09/11/2018,21.17,35.70,21.17,0.00 (0.00 %)," ",0,0,0,0,35.70,35.70,35.70,35.70
08/11/2018,21.17,35.70,21.17,0.00 (0.00 %)," ",0,0,0,0,35.70,35.7,35.70,35.70
07/11/2018,21.17,35.70,21.17,0.00 (0.00 %)," ",0,0,0,0,35.70,35.70,35.70,35.70
06/11/2018,21.17,35.70,21.17,0.00 (0.00 %)," ",0,0,0,0,35.70,35.7,35.70,35.70
05/11/2018,21.17,35.70,21.17,0.00 (0.00 %)," ",0,0,0,0,35.70,35.70,35.70,35.70
02/11/2018,21.17,35.70,21.17,0.00 (0.00 %)," ",0,0,0,0,35.70,35.7,35.70,35.70
01/11/2018,21.17,35.70,21.17,0.00 (0.00 %)," ",0,0,0,0,35.70,35.70,35.70,35.70
31/10/2018,21.17,35.70,21.17,0.00 (0.00 %)," ",0,0,0,0,35.70,35.7,35.70,35.70
30/10/2018,21.17,35.70,21.17,0.00 (0.00 %)," ",0,0,0,0,35.70,35.70,35.70,35.70
29/10/2018,21.17,35.70,21.17,0.00 (0.00 %)," ",0,0,0,0,35.70,35.7,35.70,35.70
26/10/2018,21.17,35.70,21.17,0.00 (0.00 %)," ",0,0,0,0,35.70,35.70,35.70,35.70
25/10/2018,21.17,35.70,21.17,0.00 (0.00 %)," ",0,0,0,0,35.70,35.7,35.70,35.70
24/10/2018,21.17,35.70,21.17,0.00 (0.00 %)," ",0,0,0,0,35.70,35.70,35.70,35.70
23/10/2018,21.17,35.70,21.17,0.00 (0.00 %)," ",0,0,0,0,35.70,35.7,35.70,35.70
22/10/2018,21.17,35.70,21.17,0.00 (0.00 %)," ",0,0,0,0,35.70,35.70,35.70,35.70
19/10/2018,21.17,35.70,21.17,0.00 (0.00 %)," ",0,0,0,0,35.70,35.7,35.70,35.70
18/10/2018,21.17,35.70,21.17,0.00 (0.00 %)," ",0,0,0,0,35.70,35.70,35.70,35.70
17/10/2018,21.17,35.70,21.17,0.00 (0.00 %)," ",0,0,0,0,35.70,35.7,35.70,35.70
16/10/2018,21.17,35.70,21.17,0.00 (0.00 %)," ",0,0,0,0,35.70,35.70,35.70,35.70
15/10/2018,21.17,35.70,21.17,0.00 (0.00 %)," ",0,0,0,0,35.70,35.7,35.70,35.70
12/10/2018,21.17,35.70,21.17,0.00 (0.00 %)," ",0,0,0,0,35.70,35.70,35.70,35.70
11/10/2018,21.17,35.70,21.17,0.00 (0.00 %)," ",0,0,0,0,35.70,35.7,35.70,35.70
10/10/2018,21.17,35.70,21.17,0.00 (0.00 %)," ",0,0,0,0,35.70,35.70,35.70,35.70
09/10/2018,21.17,35.70,21.17,0.00 (0.00 %)," ",0,0,0,0,35.70,35.7,35.70,35.70
08/10/2018,21.17,35.70,21.17,0.00 (0.00 %)," ",0,0,0,0,35.70,35.70,35.70,35.70
05/10/2018,21.17,35.70,21.17,0.00 (0.00 %)," ",0,0,0,0,35.70,35.7,35.70,35.70
04/10/2018,21.17,35.70,21.17,0.00 (0.00 %)," ",0,0,0,0,35.70,35.70,35.70,35.70
03/10/2018,21.17,35.70,21.17,0.00 (0.00 %)," ",0,0,0,0,35.70,35.7,35.70,35.70
02/10/2018,21.17,35.70,21.17,0.00 (0.00 %)," ",0,0,0,0,35.70,35.70,35.70,35.70
01/10/2018,21.17,35.70,21.17,0.00 (0.00 %)," ",0,0,0,0,35.70,35.7,35.70,35.70
28/09/2018,21.17,35.70,21.17,-6.30 (-15.00 %)," ",100,"3,570,000",0,0,42.00,35.70,35.70,35.70
27/09/2018,24.91,42.00,24.91,4.20 (11.11 %)," ",100,"4,200,000",0,0,37.80,42.0,42.00,42.00
26/09/2018,22.42,37.80,22.42,4.80 (14.55 %)," ",100,"3,780,000",0,0,33.00,37.80,37.80,37.80
25/09/2018,19.57,33.00,19.57,0.00 (0.00 %)," ",0,0,0,0,33.00,33.0,33.00,33.00
24/09/2018,19.57,33.00,19.57,0.00 (0.00 %)," ",0,0,0,0,33.00,33.00,33.00,33.00
21/09/2018,19.57,33.00,19.57,0.00 (0.00 %)," ",0,0,0,0,33.00,33.0,33.00,33.00
20/09/2018,19.57,33.00,19.57,0.00 (0.00 %)," ",0,0,0,0,33.00,33.00,33.00,33.00
19/09/2018,19.57,33.00,19.57,3.00 (10.00 %)," ",200,"6,600,000",0,0,30.00,33.0,33.00,33.00
18/09/2018,17.79,30.00,17.79,0.00 (0.00 %)," ",0,0,0,0,30.00,30.00,30.00,30.00
17/09/2018,17.79,30.00,17.79,0.00 (0.00 %)," ",0,0,0,0,30.00,30.0,30.00,30.00
14/09/2018,17.79,30.00,17.79,0.00 (0.00 %)," ",0,0,0,0,30.00,30.00,30.00,30.00
13/09/2018,17.79,30.00,17.79,0.00 (0.00 %)," ",0,0,0,0,30.00,30.0,30.00,30.00
12/09/2018,17.79,30.00,17.79,0.00 (0.00 %)," ",0,0,0,0,30.00,30.00,30.00,30.00
11/09/2018,17.79,30.00,17.79,0.00 (0.00 %)," ",0,0,0,0,30.00,30.0,30.00,30.00
10/09/2018,17.79,30.00,17.79,0.00 (0.00 %)," ",0,0,0,0,30.00,30.00,30.00,30.00
07/09/2018,17.79,30.00,17.79,0.00 (0.00 %)," ",0,0,0,0,30.00,30.0,30.00,30.00
06/09/2018,17.79,30.00,17.79,0.00 (0.00 %)," ",0,0,0,0,30.00,30.00,30.00,30.00
05/09/2018,17.79,30.00,17.79,0.00 (0.00 %)," ",0,0,0,0,30.00,30.0,30.00,30.00
04/09/2018,17.79,30.00,17.79,0.00 (0.00 %)," ",0,0,0,0,30.00,30.00,30.00,30.00
31/08/2018,17.79,30.00,17.79,0.00 (0.00 %)," ",0,0,0,0,30.00,30.0,30.00,30.00
30/08/2018,17.79,30.00,17.79,0.00 (0.00 %)," ",0,0,0,0,30.00,30.00,30.00,30.00
29/08/2018,17.79,30.00,17.79,3.80 (14.50 %)," ",100,"3,000,000",0,0,26.20,30.0,30.00,30.00
28/08/2018,15.51,24.10,14.29,-0.50 (-2.03 %)," ",200,"5,230,000",0,0,24.60,28.20,28.20,24.10
27/08/2018,14.59,24.60,14.59,0.00 (0.00 %)," ",0,0,0,0,24.60,24.6,24.60,24.60
24/08/2018,14.59,24.60,14.59,0.00 (0.00 %)," ",0,0,0,0,24.60,24.60,24.60,24.60
23/08/2018,14.59,24.60,14.59,0.00 (0.00 %)," ",0,0,0,0,24.60,24.6,24.60,24.60
22/08/2018,14.59,24.60,14.59,0.00 (0.00 %)," ",0,0,0,0,24.60,24.60,24.60,24.60
21/08/2018,14.59,24.60,14.59,-3.10 (-11.19 %)," ",100,"2,460,000",0,0,27.70,24.6,24.60,24.60
20/08/2018,16.40,23.70,14.05,-4.00 (-14.44 %)," ",200,"5,530,000",0,0,27.70,31.60,31.60,23.70
17/08/2018,16.43,27.70,16.43,3.40 (13.99 %)," ",100,"2,770,000",0,0,24.30,27.7,27.70,27.70
16/08/2018,14.41,24.30,14.41,0.00 (0.00 %)," ",0,0,0,0,24.30,24.30,24.30,24.30
15/08/2018,14.41,24.30,14.41,0.00 (0.00 %)," ",0,0,0,0,24.30,24.3,24.30,24.30
14/08/2018,14.41,24.30,14.41,3.10 (14.62 %)," ",100,"2,430,000",0,0,21.20,24.30,24.30,24.30
13/08/2018,12.57,21.20,12.57,0.00 (0.00 %)," ",0,0,0,0,21.20,21.2,21.20,21.20
10/08/2018,12.57,21.20,12.57,0.00 (0.00 %)," ",0,0,0,0,21.20,21.20,21.20,21.20
09/08/2018,12.57,21.20,12.57,-3.60 (-14.52 %)," ",100,"2,120,000",0,0,24.80,21.2,21.20,21.20
08/08/2018,14.71,24.80,14.71,-4.20 (-14.48 %)," ",100,"2,480,000",0,0,29.00,24.80,24.80,24.80
07/08/2018,17.20,29.00,17.20,0.00 (0.00 %)," ",0,0,0,0,29.00,29.0,29.00,29.00
06/08/2018,17.20,29.00,17.20,0.00 (0.00 %)," ",0,0,0,0,29.00,29.00,29.00,29.00
03/08/2018,17.20,29.00,17.20,0.00 (0.00 %)," ",0,0,0,0,29.00,29.0,29.00,29.00
02/08/2018,17.20,29.00,17.20,-4.60 (-13.69 %)," ",100,"2,900,000",0,0,33.60,29.00,29.00,29.00
01/08/2018,19.93,33.60,19.93,0.00 (0.00 %)," ",0,0,0,0,33.60,33.6,33.60,33.60
31/07/2018,19.93,33.60,19.93,4.30 (14.68 %)," ","2,388","80,236,800",0,0,29.30,33.60,33.60,33.60
30/07/2018,17.38,29.30,17.38,3.80 (14.90 %)," ",100,"2,930,000",0,0,25.50,29.3,29.30,29.30
27/07/2018,15.12,25.50,15.12,0.00 (0.00 %)," ",0,0,0,0,25.50,25.50,25.50,25.50
26/07/2018,15.12,25.50,15.12,0.00 (0.00 %)," ",0,0,0,0,25.50,25.5,25.50,25.50
25/07/2018,15.12,25.50,15.12,0.00 (0.00 %)," ",0,0,0,0,25.50,25.50,25.50,25.50
24/07/2018,15.12,25.50,15.12,0.00 (0.00 %)," ",0,0,0,0,25.50,25.5,25.50,25.50
23/07/2018,15.12,25.50,15.12,0.00 (0.00 %)," ",0,0,0,0,25.50,25.50,25.50,25.50
20/07/2018,15.12,25.50,15.12,0.00 (0.00 %)," ",0,0,0,0,25.50,25.5,25.50,25.50
19/07/2018,15.12,25.50,15.12,0.00 (0.00 %)," ",0,0,0,0,25.50,25.50,25.50,25.50
18/07/2018,17.79,25.50,15.12,-4.50 (-15.00 %)," ",562,"14,331,000",0,0,30.00,25.5,25.50,25.50
17/07/2018,17.79,30.00,17.79,-5.00 (-14.29 %)," ",100,"3,000,000",0,0,35.00,30.00,30.00,30.00
16/07/2018,20.76,35.00,20.76,0.00 (0.00 %)," ",0,0,0,0,35.00,35.0,35.00,35.00
13/07/2018,20.76,35.00,20.76,0.00 (0.00 %)," ",0,0,0,0,35.00,35.00,35.00,35.00
12/07/2018,20.76,35.00,20.76,0.00 (0.00 %)," ",0,0,0,0,35.00,35.0,35.00,35.00
11/07/2018,20.76,35.00,20.76,0.00 (0.00 %)," ",0,0,0,0,35.00,35.00,35.00,35.00
10/07/2018,20.76,35.00,20.76,-5.70 (-14.00 %)," ",100,"3,500,000",0,0,40.70,35.0,35.00,35.00
09/07/2018,24.14,40.70,24.14,-7.10 (-14.85 %)," ",100,"4,070,000",0,0,47.80,40.70,40.70,40.70
06/07/2018,28.35,47.80,28.35,0.00 (0.00 %)," ",0,0,0,0,47.80,47.8,47.80,47.80
05/07/2018,28.35,47.80,28.35,-8.40 (-14.95 %)," ",100,"4,780,000",0,0,56.20,47.80,47.80,47.80
04/07/2018,33.33,56.20,33.33,0.00 (0.00 %)," ",0,0,0,0,56.20,56.2,56.20,56.20
03/07/2018,33.33,56.20,33.33,0.00 (0.00 %)," ",0,0,0,0,56.20,56.20,56.20,56.20
02/07/2018,33.33,56.20,33.33,0.00 (0.00 %)," ",0,0,0,0,56.20,56.2,56.20,56.20
29/06/2018,33.33,56.20,33.33,0.00 (0.00 %)," ",0,0,0,0,56.20,56.20,56.20,56.20
28/06/2018,33.30,49.30,29.24,-8.60 (-14.85 %)," ",200,"11,230,000",0,0,57.90,63.0,63.00,49.30
27/06/2018,34.34,57.90,34.34,7.50 (14.88 %)," ",100,"5,790,000",0,0,50.40,57.90,57.90,57.90
26/06/2018,29.89,50.40,29.89,0.00 (0.00 %)," ",0,0,0,0,50.40,50.4,50.40,50.40
25/06/2018,29.89,50.40,29.89,0.00 (0.00 %)," ",0,0,0,0,50.40,50.40,50.40,50.40
22/06/2018,29.89,50.40,29.89,6.50 (14.81 %)," ",100,"5,040,000",0,0,43.90,50.4,50.40,50.40
21/06/2018,26.03,43.90,26.03,0.00 (0.00 %)," ",0,0,0,0,43.90,43.90,43.90,43.90
20/06/2018,26.03,43.90,26.03,0.00 (0.00 %)," ",0,0,0,0,43.90,43.9,43.90,43.90
19/06/2018,26.03,43.90,26.03,0.00 (0.00 %)," ",0,0,0,0,43.90,43.90,43.90,43.90
18/06/2018,26.03,43.90,26.03,0.00 (0.00 %)," ",0,0,0,0,43.90,43.9,43.90,43.90
15/06/2018,26.03,43.90,26.03,0.00 (0.00 %)," ",0,0,0,0,43.90,43.90,43.90,43.90
14/06/2018,26.03,43.90,26.03,0.00 (0.00 %)," ",0,0,0,0,43.90,43.9,43.90,43.90
13/06/2018,26.03,43.90,26.03,0.00 (0.00 %)," ",0,0,0,0,43.90,43.90,43.90,43.90
12/06/2018,26.03,43.90,26.03,5.70 (14.92 %)," ",100,"4,390,000",0,0,38.20,43.9,43.90,43.90
11/06/2018,22.65,38.20,22.65,4.90 (14.71 %)," ",100,"3,820,000",0,0,33.30,38.20,38.20,38.20
08/06/2018,19.75,33.30,19.75,0.00 (0.00 %)," ",0,0,0,0,33.30,33.3,33.30,33.30
07/06/2018,19.75,33.30,19.75,0.00 (0.00 %)," ",0,0,0,0,33.30,33.30,33.30,33.30
06/06/2018,19.75,33.30,19.75,0.00 (0.00 %)," ",0,0,0,0,33.30,33.3,33.30,33.30
05/06/2018,19.75,33.30,19.75,0.00 (0.00 %)," ",0,0,0,0,33.30,33.30,33.30,33.30
04/06/2018,19.75,33.30,19.75,0.00 (0.00 %)," ",0,0,0,0,33.30,33.3,33.30,33.30
01/06/2018,19.75,33.30,19.75,0.00 (0.00 %)," ",0,0,0,0,33.30,33.30,33.30,33.30
31/05/2018,19.75,33.30,19.75,0.00 (0.00 %)," ",0,0,0,0,33.30,33.3,33.30,33.30
30/05/2018,19.75,36.80,19.75,0.00 (0.00 %)," ",0,0,0,0,36.80,36.80,36.80,36.80
29/05/2018,19.75,36.80,19.75,0.00 (0.00 %)," ",0,0,0,0,36.80,36.8,36.80,36.80
28/05/2018,19.75,36.80,19.75,0.00 (0.00 %)," ",0,0,0,0,36.80,36.80,36.80,36.80
25/05/2018,19.75,36.80,19.75,0.00 (0.00 %)," ",0,0,0,0,36.80,36.8,36.80,36.80
24/05/2018,19.75,36.80,19.75,0.00 (0.00 %)," ",0,0,0,0,36.80,36.80,36.80,36.80
23/05/2018,19.75,36.80,19.75,4.80 (15.00 %)," ","2,100","77,280,000",0,0,32.00,36.8,36.80,36.80
22/05/2018,17.17,32.00,17.17,0.00 (0.00 %)," ",0,0,0,0,32.00,32.00,32.00,32.00
21/05/2018,17.17,32.00,17.17,0.00 (0.00 %)," ",0,0,0,0,32.00,32.0,32.00,32.00
18/05/2018,17.17,32.00,17.17,0.00 (0.00 %)," ",0,0,0,0,32.00,32.00,32.00,32.00
17/05/2018,17.17,32.00,17.17,0.00 (0.00 %)," ",0,0,0,0,32.00,32.0,32.00,32.00
16/05/2018,17.17,32.00,17.17,0.00 (0.00 %)," ",0,0,0,0,32.00,32.00,32.00,32.00
15/05/2018,17.17,32.00,17.17,-3.20 (-9.09 %)," ",100,"3,200,000",0,0,35.20,32.0,32.00,32.00
14/05/2018,18.89,35.20,18.89,-6.10 (-14.77 %)," ","1,900","66,880,000",0,0,41.30,35.20,35.20,35.20
11/05/2018,22.16,41.30,22.16,-7.20 (-14.85 %)," ",100,"4,130,000",0,0,48.50,41.3,41.30,41.30
10/05/2018,26.03,48.50,26.03,0.00 (0.00 %)," ",0,0,0,0,48.50,48.50,48.50,48.50
09/05/2018,26.03,48.50,26.03,-8.50 (-14.91 %)," ",100,"4,850,000",0,0,57.00,48.5,48.50,48.50
08/05/2018,30.59,57.00,30.59,-10.00 (-14.93 %)," ",100,"5,700,000",0,0,67.00,57.00,57.00,57.00
07/05/2018,35.95,67.00,35.95,0.00 (0.00 %)," ",0,0,0,0,67.00,67.0,67.00,67.00
04/05/2018,35.95,67.00,35.95,0.00 (0.00 %)," ",0,0,0,0,67.00,67.00,67.00,67.00
03/05/2018,35.95,67.00,35.95,0.00 (0.00 %)," ",0,0,0,0,67.00,67.0,67.00,67.00
02/05/2018,35.95,67.00,35.95,0.00 (0.00 %)," ",0,0,0,0,67.00,67.00,67.00,67.00
27/04/2018,35.95,67.00,35.95,0.00 (0.00 %)," ",0,0,0,0,67.00,67.0,67.00,67.00
26/04/2018,35.95,67.00,35.95,0.00 (0.00 %)," ",0,0,0,0,67.00,67.00,67.00,67.00
24/04/2018,35.95,67.00,35.95,0.00 (0.00 %)," ",0,0,0,0,67.00,67.0,67.00,67.00
23/04/2018,35.95,67.00,35.95,0.00 (0.00 %)," ",0,0,0,0,67.00,67.00,67.00,67.00
20/04/2018,35.95,67.00,35.95,0.00 (0.00 %)," ",0,0,0,0,67.00,67.0,67.00,67.00
19/04/2018,35.95,67.00,35.95,0.00 (0.00 %)," ",0,0,0,0,67.00,67.00,67.00,67.00
18/04/2018,35.95,67.00,35.95,0.00 (0.00 %)," ",0,0,0,0,67.00,67.0,67.00,67.00
17/04/2018,35.95,67.00,35.95,0.00 (0.00 %)," ",0,0,0,0,67.00,67.00,67.00,67.00
16/04/2018,35.95,67.00,35.95,0.00 (0.00 %)," ",0,0,0,0,67.00,67.0,67.00,67.00
13/04/2018,35.95,67.00,35.95,0.00 (0.00 %)," ",0,0,0,0,67.00,67.00,67.00,67.00
12/04/2018,35.95,67.00,35.95,-11.00 (-14.10 %)," ",307,"20,569,000",0,0,78.00,67.0,67.00,67.00
11/04/2018,41.86,78.00,41.86,0.00 (0.00 %)," ",0,0,0,0,78.00,78.00,78.00,78.00
10/04/2018,41.86,78.00,41.86,0.00 (0.00 %)," ",0,0,0,0,78.00,78.0,78.00,78.00
09/04/2018,41.86,78.00,41.86,0.00 (0.00 %)," ",0,0,0,0,78.00,78.00,78.00,78.00
06/04/2018,41.86,78.00,41.86,0.00 (0.00 %)," ",0,0,0,0,78.00,78.0,78.00,78.00
05/04/2018,41.86,78.00,41.86,0.00 (0.00 %)," ",0,0,0,0,78.00,78.00,78.00,78.00
04/04/2018,41.86,78.00,41.86,0.00 (0.00 %)," ",0,0,0,0,78.00,78.0,78.00,78.00
03/04/2018,41.86,78.00,41.86,0.00 (0.00 %)," ",0,0,0,0,78.00,78.00,78.00,78.00
02/04/2018,41.86,78.00,41.86,0.00 (0.00 %)," ",0,0,0,0,78.00,78.0,78.00,78.00
30/03/2018,41.86,67.00,35.95,-11.50 (-14.65 %)," ",200,"15,600,000",0,0,78.50,89.00,89.00,67.00
29/03/2018,42.13,78.50,42.13,0.00 (0.00 %)," ",0,0,0,0,78.50,78.5,78.50,78.50
28/03/2018,42.13,78.50,42.13,10.20 (14.93 %)," ",100,"7,850,000",0,0,68.30,78.50,78.50,78.50
27/03/2018,36.65,68.30,36.65,8.90 (14.98 %)," ",100,"6,830,000",0,0,59.40,68.3,68.30,68.30
26/03/2018,31.88,59.40,31.88,0.00 (0.00 %)," ",0,0,0,0,59.40,59.40,59.40,59.40
23/03/2018,31.88,59.40,31.88,7.70 (14.89 %)," ",100,"5,940,000",0,0,51.70,59.4,59.40,59.40
22/03/2018,27.74,51.70,27.74,6.70 (14.89 %)," ",100,"5,170,000",0,0,45.00,51.70,51.70,51.70
21/03/2018,24.15,45.00,24.15,0.00 (0.00 %)," ",0,0,0,0,45.00,45.0,45.00,45.00
20/03/2018,24.15,45.00,24.15,0.00 (0.00 %)," ",0,0,0,0,45.00,45.00,45.00,45.00
19/03/2018,24.15,45.00,24.15,0.00 (0.00 %)," ",0,0,0,0,45.00,45.0,45.00,45.00
16/03/2018,24.15,45.00,24.15,0.00 (0.00 %)," ",0,0,0,0,45.00,45.00,45.00,45.00
15/03/2018,24.15,45.00,24.15,0.00 (0.00 %)," ",0,0,0,0,45.00,45.0,45.00,45.00
14/03/2018,24.15,45.00,24.15,1.50 (3.45 %)," ",920,"41,400,000",0,0,43.50,45.00,45.00,45.00
13/03/2018,23.34,43.50,23.34,0.00 (0.00 %)," ",0,0,0,0,43.50,43.5,43.50,43.50
12/03/2018,23.34,43.50,23.34,0.00 (0.00 %)," ",0,0,0,0,43.50,43.50,43.50,43.50
09/03/2018,23.34,43.50,23.34,0.00 (0.00 %)," ",0,0,0,0,43.50,43.5,43.50,43.50
08/03/2018,23.34,43.50,23.34,0.00 (0.00 %)," ",0,0,0,0,43.50,43.50,43.50,43.50
07/03/2018,23.34,43.50,23.34,0.00 (0.00 %)," ",0,0,0,0,43.50,43.5,43.50,43.50
06/03/2018,23.34,43.50,23.34,0.00 (0.00 %)," ",0,0,0,0,43.50,43.50,43.50,43.50
05/03/2018,23.34,43.50,23.34,0.00 (0.00 %)," ",0,0,0,0,43.50,43.5,43.50,43.50
02/03/2018,23.34,43.50,23.34,0.00 (0.00 %)," ",0,0,0,0,43.50,43.50,43.50,43.50
01/03/2018,23.34,43.50,23.34,0.00 (0.00 %)," ",0,0,0,0,43.50,43.5,43.50,43.50
28/02/2018,23.34,43.50,23.34,0.00 (0.00 %)," ",0,0,0,0,43.50,43.50,43.50,43.50
27/02/2018,23.34,43.50,23.34,0.00 (0.00 %)," ",0,0,0,0,43.50,43.5,43.50,43.50
26/02/2018,23.34,43.50,23.34,0.00 (0.00 %)," ",0,0,0,0,43.50,43.50,43.50,43.50
23/02/2018,23.34,43.50,23.34,0.00 (0.00 %)," ",0,0,0,0,43.50,43.5,43.50,43.50
22/02/2018,23.34,43.50,23.34,0.00 (0.00 %)," ",0,0,0,0,43.50,43.50,43.50,43.50
21/02/2018,23.34,43.50,23.34,0.00 (0.00 %)," ",0,0,0,0,43.50,43.5,43.50,43.50
13/02/2018,23.34,43.50,23.34,0.00 (0.00 %)," ",0,0,0,0,43.50,43.50,43.50,43.50
12/02/2018,23.34,43.50,23.34,0.00 (0.00 %)," ",0,0,0,0,43.50,43.5,43.50,43.50
09/02/2018,23.34,43.50,23.34,0.00 (0.00 %)," ",0,0,0,0,43.50,43.50,43.50,43.50
08/02/2018,23.34,43.50,23.34,0.00 (0.00 %)," ",0,0,0,0,43.50,43.5,43.50,43.50
07/02/2018,23.34,43.50,23.34,0.00 (0.00 %)," ",0,0,0,0,43.50,43.50,43.50,43.50
06/02/2018,23.34,43.50,23.34,0.00 (0.00 %)," ",0,0,0,0,43.50,43.5,43.50,43.50
05/02/2018,23.34,43.50,23.34,0.00 (0.00 %)," ",0,0,0,0,43.50,43.50,43.50,43.50
02/02/2018,23.34,43.50,23.34,-6.50 (-13.00 %)," ",512,"22,278,000",0,0,50.00,43.5,43.50,43.50
01/02/2018,26.83,50.00,26.83,0.00 (0.00 %)," ",0,0,0,0,50.00,50.00,50.00,50.00
31/01/2018,26.83,50.00,26.83,0.00 (0.00 %)," ",0,0,0,0,50.00,50.0,50.00,50.00
30/01/2018,26.83,50.00,26.83,0.00 (0.00 %)," ","1,000","50,000,000",0,0,50.00,50.00,50.00,50.00
29/01/2018,26.83,50.00,26.83,0.00 (0.00 %)," ",0,0,0,0,50.00,50.0,50.00,50.00
26/01/2018,26.83,50.00,26.83,0.00 (0.00 %)," ",0,0,0,0,50.00,50.00,50.00,50.00
25/01/2018,26.83,50.00,26.83,0.00 (0.00 %)," ",0,0,0,0,50.00,50.0,50.00,50.00
24/01/2018,26.83,50.00,26.83,0.00 (0.00 %)," ",0,0,0,0,50.00,50.00,50.00,50.00
23/01/2018,26.83,50.00,26.83,0.00 (0.00 %)," ",0,0,0,0,50.00,50.0,50.00,50.00
22/01/2018,26.83,50.00,26.83,0.00 (0.00 %)," ",0,0,0,0,50.00,50.00,50.00,50.00
19/01/2018,26.83,50.00,26.83,0.00 (0.00 %)," ",0,0,0,0,50.00,50.0,50.00,50.00
18/01/2018,26.83,50.00,26.83,0.00 (0.00 %)," ",0,0,0,0,50.00,50.00,50.00,50.00
17/01/2018,26.83,50.00,26.83,0.00 (0.00 %)," ","2,000","100,000,000",0,0,50.00,50.0,50.00,50.00
13/02/2018,23.34,43.50,23.34,0.00 (0.00 %)," ",0,0,0,0,43.50,43.50,43.50,43.50
12/02/2018,23.34,43.50,23.34,0.00 (0.00 %)," ",0,0,0,0,43.50,43.5,43.50,43.50
09/02/2018,23.34,43.50,23.34,0.00 (0.00 %)," ",0,0,0,0,43.50,43.50,43.50,43.50
08/02/2018,23.34,43.50,23.34,0.00 (0.00 %)," ",0,0,0,0,43.50,43.5,43.50,43.50
07/02/2018,23.34,43.50,23.34,0.00 (0.00 %)," ",0,0,0,0,43.50,43.50,43.50,43.50
06/02/2018,23.34,43.50,23.34,0.00 (0.00 %)," ",0,0,0,0,43.50,43.5,43.50,43.50
05/02/2018,23.34,43.50,23.34,0.00 (0.00 %)," ",0,0,0,0,43.50,43.50,43.50,43.50
02/02/2018,23.34,43.50,23.34,-6.50 (-13.00 %)," ",512,"22,278,000",0,0,50.00,43.5,43.50,43.50
01/02/2018,26.83,50.00,26.83,0.00 (0.00 %)," ",0,0,0,0,50.00,50.00,50.00,50.00
31/01/2018,26.83,50.00,26.83,0.00 (0.00 %)," ",0,0,0,0,50.00,50.0,50.00,50.00
30/01/2018,26.83,50.00,26.83,0.00 (0.00 %)," ","1,000","50,000,000",0,0,50.00,50.00,50.00,50.00
29/01/2018,26.83,50.00,26.83,0.00 (0.00 %)," ",0,0,0,0,50.00,50.0,50.00,50.00
26/01/2018,26.83,50.00,26.83,0.00 (0.00 %)," ",0,0,0,0,50.00,50.00,50.00,50.00
25/01/2018,26.83,50.00,26.83,0.00 (0.00 %)," ",0,0,0,0,50.00,50.0,50.00,50.00
24/01/2018,26.83,50.00,26.83,0.00 (0.00 %)," ",0,0,0,0,50.00,50.00,50.00,50.00
23/01/2018,26.83,50.00,26.83,0.00 (0.00 %)," ",0,0,0,0,50.00,50.0,50.00,50.00
22/01/2018,26.83,50.00,26.83,0.00 (0.00 %)," ",0,0,0,0,50.00,50.00,50.00,50.00
19/01/2018,26.83,50.00,26.83,0.00 (0.00 %)," ",0,0,0,0,50.00,50.0,50.00,50.00
18/01/2018,26.83,50.00,26.83,0.00 (0.00 %)," ",0,0,0,0,50.00,50.00,50.00,50.00
17/01/2018,26.83,50.00,26.83,0.00 (0.00 %)," ","2,000","100,000,000",0,0,50.00,50.0,50.00,50.00
16/01/2018,26.83,50.00,26.83,0.00 (0.00 %)," ",0,0,0,0,50.00,50.00,50.00,50.00
15/01/2018,26.83,50.00,26.83,0.00 (0.00 %)," ",0,0,0,0,50.00,50.0,50.00,50.00
12/01/2018,26.83,50.00,26.83,0.00 (0.00 %)," ",0,0,0,0,50.00,50.00,50.00,50.00
11/01/2018,26.83,50.00,26.83,0.00 (0.00 %)," ",0,0,0,0,50.00,50.0,50.00,50.00
10/01/2018,26.83,50.00,26.83,0.00 (0.00 %)," ",0,0,0,0,50.00,50.00,50.00,50.00
09/01/2018,26.83,50.00,26.83,5.00 (11.11 %)," ","9,000","450,000,000",0,0,45.00,50.0,50.00,50.00
08/01/2018,24.15,45.00,24.15,0.00 (0.00 %)," ",0,0,0,0,45.00,45.00,45.00,45.00
05/01/2018,24.15,45.00,24.15,0.00 (0.00 %)," ",0,0,0,0,45.00,45.0,45.00,45.00
04/01/2018,24.15,45.00,24.15,-5.00 (-10.00 %)," ",100,"4,500,000",0,0,50.00,45.00,45.00,45.00
03/01/2018,26.83,50.00,26.83,0.00 (0.00 %)," ",0,0,0,0,50.00,50.0,50.00,50.00
02/01/2018,26.83,50.00,26.83,0.00 (0.00 %)," ",0,0,0,0,50.00,50.00,50.00,50.00
29/12/2017,26.83,50.00,26.83,0.00 (0.00 %)," ",0,0,0,0,50.00,50.0,50.00,50.00
28/12/2017,26.83,50.00,26.83,0.00 (0.00 %)," ",0,0,0,0,50.00,50.00,50.00,50.00
27/12/2017,26.83,50.00,26.83,0.00 (0.00 %)," ",0,0,0,0,50.00,50.0,50.00,50.00
26/12/2017,26.83,50.00,26.83,0.00 (0.00 %)," ",0,0,0,0,50.00,50.00,50.00,50.00
25/12/2017,26.83,50.00,26.83,0.00 (0.00 %)," ",0,0,0,0,50.00,50.0,50.00,50.00
22/12/2017,26.83,50.00,26.83,0.00 (0.00 %)," ",0,0,0,0,50.00,50.00,50.00,50.00
21/12/2017,26.83,50.00,26.83,0.00 (0.00 %)," ",0,0,0,0,50.00,50.0,50.00,50.00
20/12/2017,26.83,50.00,26.83,0.00 (0.00 %)," ",0,0,0,0,50.00,50.00,50.00,50.00
19/12/2017,26.83,50.00,26.83,-3.80 (-7.06 %)," ","1,000","50,000,000",0,0,53.80,50.0,50.00,50.00
18/12/2017,28.87,53.80,28.87,0.00 (0.00 %)," ",0,0,0,0,53.80,53.80,53.80,53.80
15/12/2017,28.87,53.80,28.87,0.00 (0.00 %)," ",0,0,0,0,53.80,53.8,53.80,53.80
14/12/2017,28.87,53.80,28.87,0.00 (0.00 %)," ",0,0,0,0,53.80,53.80,53.80,53.80
13/12/2017,28.87,53.80,28.87,0.00 (0.00 %)," ",0,0,0,0,53.80,53.8,53.80,53.80
12/12/2017,28.87,53.80,28.87,0.00 (0.00 %)," ",0,0,"700,500","42,030,000,000",53.80,53.80,53.80,53.80
11/12/2017,28.87,53.80,28.87,7.00 (14.96 %)," ",100,"5,380,000",0,0,46.80,53.8,53.80,53.80
08/12/2017,25.11,46.80,25.11,6.10 (14.99 %)," ",200,"9,360,000",0,0,40.70,46.80,46.80,46.80
07/12/2017,21.84,40.70,21.84,5.30 (14.97 %)," ",400,"16,280,000",0,0,35.40,40.7,40.70,40.70
06/12/2017,19.00,35.40,19.00,4.60 (14.94 %)," ",100,"3,540,000",0,0,30.80,35.40,35.40,35.40
05/12/2017,16.53,30.80,16.53,0.00 (0.00 %)," ",0,0,"700,000","18,340,000,000",30.80,30.8,30.80,30.80
04/12/2017,16.53,30.80,16.53,8.80 (40.00 %)," ",100,"3,080,000",0,0,22.00,30.80,30.80,30.80
01/12/2017,11.81,22.00,11.81,0.00 (0.00 %)," ",0,0,0,0,22.00,22.0,22.00,22.00
30/11/2017,11.81,22.00,11.81,0.00 (0.00 %)," ",0,0,0,0,22.00,22.00,22.00,22.00
29/11/2017,11.81,22.00,11.81,0.00 (0.00 %)," ",0,0,0,0,22.00,22.0,22.00,22.00
28/11/2017,11.81,22.00,11.81,0.00 (0.00 %)," ",0,0,0,0,22.00,22.00,22.00,22.00
27/11/2017,11.81,22.00,11.81,0.00 (0.00 %)," ",0,0,0,0,22.00,22.0,22.00,22.00
24/11/2017,11.81,22.00,11.81,0.00 (0.00 %)," ",0,0,0,0,22.00,22.00,22.00,22.00
23/11/2017,11.81,22.00,11.81,0.00 (0.00 %)," ",0,0,0,0,22.00,22.0,22.00,22.00
22/11/2017,11.81,22.00,11.81,0.00 (0.00 %)," ",0,0,0,0,22.00,22.00,22.00,22.00
21/11/2017,11.81,22.00,11.81,0.00 (0.00 %)," ",0,0,0,0,22.00,22.0,22.00,22.00
20/11/2017,11.81,22.00,11.81,0.00 (0.00 %)," ",0,0,0,0,22.00,22.00,22.00,22.00
17/11/2017,11.81,22.00,11.81,0.00 (0.00 %)," ",0,0,0,0,22.00,22.0,22.00,22.00
16/11/2017,11.81,22.00,11.81,0.00 (0.00 %)," ",0,0,0,0,22.00,22.00,22.00,22.00
15/11/2017,11.81,22.00,11.81,0.00 (0.00 %)," ",0,0,0,0,22.00,22.0,22.00,22.00
14/11/2017,11.81,22.00,11.81,0.00 (0.00 %)," ",0,0,0,0,22.00,22.00,22.00,22.00
13/11/2017,11.81,22.00,11.81,0.00 (0.00 %)," ",0,0,0,0,22.00,22.0,22.00,22.00
10/11/2017,11.81,22.00,11.81,0.00 (0.00 %)," ",0,0,0,0,22.00,22.00,22.00,22.00
09/11/2017,11.81,22.00,11.81,0.00 (0.00 %)," ",0,0,0,0,22.00,22.0,22.00,22.00
08/11/2017,11.81,22.00,11.81,0.00 (0.00 %)," ",0,0,0,0,22.00,22.00,22.00,22.00
07/11/2017,11.81,22.00,11.81,0.00 (0.00 %)," ",0,0,0,0,22.00,22.0,22.00,22.00
06/11/2017,11.81,22.00,11.81,0.00 (0.00 %)," ",0,0,0,0,22.00,22.00,22.00,22.00
