04/05/2022,9.06,9.06,-0.34 (-3.62 %)," ","436,000","3,968,000,000",0,0,9.00,9.34,9.00
29/04/2022,9.39,9.39,0.49 (5.51 %)," ","221,900","2,062,000,000",0,0,9.20,9.43,9.20
28/04/2022,8.90,8.90,0.20 (2.30 %)," ","394,700","3,502,000,000",0,0,8.90,9.00,8.80
27/04/2022,8.70,8.70,0.20 (2.35 %)," ","140,000","1,199,000,000",0,0,8.50,8.80,8.43
26/04/2022,8.45,8.45,0.05 (0.60 %)," ","189,000","1,544,000,000",0,0,8.00,8.45,7.83
25/04/2022,8.40,8.40,-0.20 (-2.33 %)," ","750,900","6,531,000,000",0,0,8.71,9.00,8.40
22/04/2022,8.63,8.63,0.13 (1.53 %)," ","390,100","3,340,000,000",0,0,8.01,8.80,8.01
21/04/2022,8.50,8.50,-0.60 (-6.59 %)," ","1,053,400","8,934,000,000",0,0,8.50,9.00,8.47
20/04/2022,9.10,9.10,-0.40 (-4.21 %)," ","817,600","7,249,000,000",0,0,9.20,9.20,8.84
19/04/2022,9.50,9.50,-0.70 (-6.86 %)," ","901,100","8,660,000,000",0,0,9.50,10.05,9.49
18/04/2022,10.20,10.20,-0.70 (-6.42 %)," ","677,600","6,981,000,000",0,0,10.70,10.70,10.15
15/04/2022,10.90,10.90,-0.30 (-2.68 %)," ","472,700","5,125,000,000",0,0,10.95,10.95,10.65
14/04/2022,11.15,11.15,-0.05 (-0.45 %)," ","336,300","3,741,000,000",0,0,11.45,11.45,10.90
13/04/2022,11.20,11.20,0.30 (2.75 %)," ","778,600","8,316,000,000",0,0,10.75,11.20,10.45
12/04/2022,10.85,10.85,-0.25 (-2.25 %)," ","938,300","10,034,000,000",0,0,11.10,11.40,10.35
08/04/2022,11.10,11.10,-0.80 (-6.72 %)," ","874,000","10,066,000,000",0,0,11.80,12.10,11.10
07/04/2022,11.90,11.90,-0.30 (-2.46 %)," ","707,300","8,505,000,000",0,0,12.05,12.30,11.70
06/04/2022,12.20,12.20,-0.70 (-5.43 %)," ","3,192,000","39,096,000,000",0,0,12.50,12.70,12.00
05/04/2022,12.85,12.85,0.45 (3.63 %)," ","1,140,300","14,445,000,000",0,0,12.40,12.95,12.40
04/04/2022,12.40,12.40,0.20 (1.64 %)," ","457,400","5,624,000,000",0,0,12.15,12.50,12.10
01/04/2022,12.15,12.15,0.05 (0.41 %)," ","539,700","6,487,000,000",0,0,12.00,12.20,11.80
31/03/2022,12.05,12.05,-0.15 (-1.23 %)," ","468,000","5,716,000,000",0,0,12.40,12.40,12.05
30/03/2022,12.20,12.20,-0.50 (-3.94 %)," ","888,900","11,073,000,000",0,0,12.60,12.60,12.20
29/03/2022,12.65,12.65,0.25 (2.02 %)," ","721,900","9,106,000,000",0,0,12.30,12.80,12.30
28/03/2022,12.40,12.40,-0.10 (-0.80 %)," ","1,087,800","13,319,000,000",0,0,12.30,12.45,12.00
25/03/2022,12.50,12.50,-0.20 (-1.57 %)," ","773,600","9,719,000,000",0,0,12.75,12.75,12.45
24/03/2022,12.65,12.65,0.05 (0.40 %)," ","524,300","6,618,000,000","60,000","770,000,000",12.60,12.70,12.50
23/03/2022,12.60,12.60,0.20 (1.61 %)," ","1,212,800","15,391,000,000",0,0,12.40,12.90,12.40
22/03/2022,12.40,12.40,-0.10 (-0.80 %)," ","606,100","7,514,000,000",0,0,12.35,12.45,12.35
21/03/2022,12.45,12.45,0.15 (1.22 %)," ","553,400","6,852,000,000","60,000","780,000,000",12.25,12.50,12.20
18/03/2022,12.25,12.25,0.05 (0.41 %)," ","471,300","5,762,000,000",0,0,12.30,12.35,12.10
17/03/2022,12.20,12.20,0.20 (1.67 %)," ","438,900","5,331,000,000",0,0,12.10,12.30,12.05
16/03/2022,12.00,12.00,0.00 (0.00 %)," ","516,200","6,206,000,000",0,0,11.90,12.20,11.90
15/03/2022,12.00,12.00,0.00 (0.00 %)," ","377,100","4,509,000,000",0,0,11.85,12.15,11.85
14/03/2022,12.00,12.00,-0.40 (-3.23 %)," ","865,100","10,414,000,000",0,0,12.25,12.30,11.85
11/03/2022,12.40,12.40,-0.30 (-2.36 %)," ","668,000","8,379,000,000",0,0,12.70,12.70,12.40
10/03/2022,12.70,12.70,-0.10 (-0.78 %)," ","457,800","5,832,000,000",0,0,12.75,13.00,12.65
09/03/2022,12.75,12.75,0.25 (2.00 %)," ","1,128,500","14,100,000,000",0,0,12.40,13.10,12.10
08/03/2022,12.50,12.50,-0.60 (-4.58 %)," ","1,154,600","14,703,000,000",0,0,12.95,13.00,12.50
07/03/2022,13.10,13.10,0.00 (0.00 %)," ","933,400","12,091,000,000",0,0,13.00,13.15,12.65
04/03/2022,13.05,13.05,-0.25 (-1.88 %)," ","1,191,900","15,836,000,000",0,0,13.60,13.60,13.05
03/03/2022,13.25,13.25,0.85 (6.85 %)," ","1,638,300","21,221,000,000",0,0,12.40,13.25,12.30
02/03/2022,12.40,12.40,-0.30 (-2.36 %)," ","641,100","8,025,000,000",0,0,12.70,12.80,12.30
01/03/2022,12.70,12.70,0.50 (4.10 %)," ","1,323,200","16,799,000,000",0,0,12.20,12.90,12.20
28/02/2022,12.20,12.20,0.00 (0.00 %)," ","490,100","5,977,000,000",0,0,12.30,12.30,12.10
25/02/2022,12.20,12.20,0.00 (0.00 %)," ","601,700","7,376,000,000",0,0,12.40,12.45,12.15
24/02/2022,12.20,12.20,-0.10 (-0.81 %)," ","1,378,300","16,888,000,000",0,0,12.30,12.80,11.50
23/02/2022,12.30,12.30,0.20 (1.65 %)," ","566,800","6,936,000,000",0,0,12.10,12.45,12.05
22/02/2022,12.10,12.10,-0.40 (-3.20 %)," ","839,800","10,225,000,000",0,0,12.30,12.45,11.85
21/02/2022,12.50,12.50,0.10 (0.81 %)," ","678,500","8,421,000,000",0,0,12.35,12.50,12.20
18/02/2022,12.35,12.35,0.05 (0.41 %)," ","648,000","7,940,000,000",0,0,12.00,12.45,12.00
17/02/2022,12.25,12.25,0.15 (1.24 %)," ","868,100","10,669,000,000",0,0,12.20,12.45,12.20
16/02/2022,12.10,12.10,0.40 (3.42 %)," ","715,200","8,526,000,000",0,0,11.70,12.10,11.65
15/02/2022,11.65,11.65,-0.15 (-1.27 %)," ","409,900","4,763,000,000",0,0,11.75,11.80,11.45
14/02/2022,11.75,11.75,0.05 (0.43 %)," ","705,400","8,247,000,000",0,0,11.55,12.00,11.45
11/02/2022,11.65,11.65,-0.25 (-2.10 %)," ","708,700","8,358,000,000",0,0,11.85,11.95,11.60
10/02/2022,11.85,11.85,-0.05 (-0.42 %)," ","1,300,900","15,180,000,000",0,0,11.85,11.85,11.55
09/02/2022,11.90,11.90,0.00 (0.00 %)," ","564,100","6,708,000,000",0,0,11.85,12.00,11.80
08/02/2022,11.90,11.90,0.00 (0.00 %)," ","363,400","4,341,000,000",0,0,12.10,12.10,11.80
07/02/2022,11.90,11.90,0.70 (6.25 %)," ","1,006,300","11,588,000,000",0,0,11.10,11.95,11.00
28/01/2022,11.20,11.20,0.00 (0.00 %)," ","414,900","4,611,000,000",0,0,11.15,11.20,11.00
27/01/2022,11.15,11.15,0.05 (0.45 %)," ","247,000","2,749,000,000",0,0,11.30,11.30,11.05
26/01/2022,11.10,11.10,-0.40 (-3.48 %)," ","480,400","5,391,000,000",0,0,11.70,11.80,11.00
25/01/2022,11.50,11.50,0.00 (0.00 %)," ","715,100","8,001,000,000",0,0,11.00,11.50,11.00
24/01/2022,11.45,11.45,-0.85 (-6.91 %)," ","931,700","10,798,000,000",0,0,12.30,12.30,11.45
21/01/2022,12.30,12.30,-0.10 (-0.81 %)," ","374,700","4,629,000,000",0,0,12.60,12.60,12.15
20/01/2022,12.35,12.35,0.75 (6.47 %)," ","443,400","5,395,000,000",0,0,11.60,12.40,11.60
19/01/2022,11.60,11.60,-0.20 (-1.69 %)," ","595,600","7,022,000,000",0,0,11.50,12.20,11.50
18/01/2022,11.80,11.80,-0.85 (-6.72 %)," ","1,140,400","13,685,000,000","20,000","270,000,000",12.60,12.65,11.80
17/01/2022,12.65,12.65,-0.95 (-6.99 %)," ","965,800","12,619,000,000",0,0,13.50,13.70,12.65
14/01/2022,13.60,13.60,0.20 (1.49 %)," ","825,900","11,127,000,000","30,000","420,000,000",13.10,13.90,13.05
13/01/2022,13.40,13.40,-0.80 (-5.63 %)," ","1,315,800","17,952,000,000",0,0,14.15,14.45,13.25
12/01/2022,14.15,14.15,-1.05 (-6.91 %)," ","2,545,500","36,584,000,000",0,0,15.00,15.50,14.15
11/01/2022,15.20,15.20,-0.60 (-3.80 %)," ","1,391,900","21,664,000,000","30,000","480,000,000",15.60,16.00,15.20
10/01/2022,15.80,15.80,-0.60 (-3.66 %)," ","2,591,400","42,455,000,000",0,0,16.75,16.75,15.80
07/01/2022,16.35,16.35,1.05 (6.86 %)," ","3,724,500","59,789,000,000",0,0,15.40,16.35,15.10
06/01/2022,15.30,15.30,0.20 (1.32 %)," ","1,644,200","24,910,000,000",0,0,15.00,15.60,14.90
05/01/2022,15.10,15.10,-0.20 (-1.31 %)," ","1,853,500","28,306,000,000",0,0,15.30,15.60,15.10
04/01/2022,15.25,15.25,0.15 (0.99 %)," ","1,564,800","23,971,000,000",0,0,15.45,15.50,15.10
31/12/2021,15.10,15.10,0.70 (4.86 %)," ","1,740,300","25,537,000,000",0,0,14.80,15.10,14.20
30/12/2021,14.40,14.40,0.30 (2.13 %)," ","1,217,200","17,246,000,000",0,0,14.00,14.65,13.80
29/12/2021,14.10,14.10,-0.10 (-0.70 %)," ","895,400","12,614,000,000",0,0,14.20,14.20,13.90
28/12/2021,14.20,14.20,-0.10 (-0.70 %)," ","995,400","14,159,000,000",0,0,14.20,14.50,14.05
27/12/2021,14.25,14.25,-0.15 (-1.04 %)," ","938,000","13,368,000,000",0,0,14.50,14.50,14.00
24/12/2021,14.35,14.35,0.85 (6.30 %)," ","1,335,800","18,284,000,000",0,0,13.45,14.35,13.30
23/12/2021,13.45,13.45,-0.55 (-3.93 %)," ","1,570,400","21,334,000,000",0,0,13.95,14.00,13.20
22/12/2021,13.95,13.95,-0.15 (-1.06 %)," ","1,377,100","19,212,000,000",0,0,14.20,14.20,13.80
21/12/2021,14.05,14.05,-0.05 (-0.35 %)," ","1,023,600","14,443,000,000",0,0,14.10,14.45,14.00
20/12/2021,14.10,14.10,-0.45 (-3.09 %)," ","1,010,900","14,384,000,000",0,0,14.50,14.50,14.00
17/12/2021,14.55,14.55,-0.05 (-0.34 %)," ","843,900","12,348,000,000",0,0,14.75,14.80,14.55
16/12/2021,14.60,14.60,0.10 (0.69 %)," ","763,800","11,118,000,000",0,0,14.55,14.75,14.40
15/12/2021,14.50,14.50,0.20 (1.40 %)," ","940,500","13,640,000,000",0,0,14.40,14.80,14.20
14/12/2021,14.30,14.30,-0.15 (-1.04 %)," ","1,017,300","14,573,000,000",0,0,14.50,14.55,14.15
13/12/2021,14.45,14.45,0.45 (3.21 %)," ","835,800","11,904,000,000",0,0,14.05,14.50,13.90
10/12/2021,14.00,14.00,-0.25 (-1.75 %)," ","679,100","9,538,000,000",0,0,14.25,14.30,13.85
09/12/2021,14.25,14.25,0.45 (3.26 %)," ","764,800","10,821,000,000",0,0,13.80,14.35,13.80
08/12/2021,13.80,13.80,-0.05 (-0.36 %)," ","986,000","13,686,000,000",0,0,14.00,14.10,13.70
07/12/2021,13.85,13.85,0.05 (0.36 %)," ","1,085,100","14,893,000,000",0,0,13.70,14.10,13.20
06/12/2021,13.80,13.80,-1.00 (-6.76 %)," ","2,378,500","33,280,000,000",0,0,14.55,14.80,13.80
03/12/2021,14.80,14.80,-0.90 (-5.73 %)," ","1,708,900","25,896,000,000",0,0,15.65,15.70,14.80
02/12/2021,15.70,15.70,-0.05 (-0.32 %)," ","1,319,200","20,891,000,000",0,0,16.00,16.10,15.65
01/12/2021,15.75,15.75,0.15 (0.96 %)," ","1,332,600","20,942,000,000",0,0,15.40,15.95,15.30
30/11/2021,15.60,15.60,0.55 (3.65 %)," ","1,736,500","26,992,000,000",0,0,15.20,15.95,15.20
29/11/2021,15.05,15.05,-0.25 (-1.63 %)," ","1,960,200","29,202,000,000",0,0,14.50,15.30,14.50
26/11/2021,15.30,15.30,-0.60 (-3.77 %)," ","1,914,300","29,967,000,000",0,0,15.95,16.30,15.20
25/11/2021,15.90,15.90,0.35 (2.25 %)," ","1,598,600","25,231,000,000",0,0,15.55,16.15,15.00
24/11/2021,15.55,15.55,0.25 (1.63 %)," ","1,483,200","23,333,000,000",0,0,15.45,16.25,15.45
23/11/2021,15.30,15.30,-0.80 (-4.97 %)," ","3,262,500","49,561,000,000",0,0,15.50,16.05,15.00
22/11/2021,16.10,16.10,-1.20 (-6.94 %)," ","3,650,800","60,267,000,000",0,0,17.50,17.65,16.10
19/11/2021,17.30,17.30,-0.10 (-0.57 %)," ","3,782,900","66,810,000,000",0,0,18.45,18.45,16.20
18/11/2021,17.40,17.40,1.10 (6.75 %)," ","2,995,300","51,305,000,000",0,0,16.55,17.40,16.50
17/11/2021,16.30,16.30,0.40 (2.52 %)," ","2,824,700","45,156,000,000",0,0,15.85,16.50,15.50
16/11/2021,15.90,15.90,0.30 (1.92 %)," ","3,523,000","56,409,000,000",0,0,15.80,16.50,15.50
15/11/2021,15.60,15.60,1.00 (6.85 %)," ","4,610,400","71,110,000,000",0,0,15.00,15.60,15.00
12/11/2021,14.60,14.60,0.20 (1.39 %)," ","2,115,600","30,394,000,000",0,0,14.40,14.90,14.05
11/11/2021,14.40,14.40,-0.20 (-1.37 %)," ","2,860,600","41,483,000,000",0,0,15.00,15.00,14.15
10/11/2021,14.60,14.60,0.65 (4.66 %)," ","3,756,900","53,476,000,000",0,0,13.90,14.90,13.70
09/11/2021,13.95,13.95,-0.45 (-3.13 %)," ","2,641,900","37,350,000,000",0,0,14.75,14.75,13.80
08/11/2021,14.40,14.40,0.60 (4.35 %)," ","3,401,300","48,712,000,000","53,800","691,330,000",14.00,14.50,13.80
05/11/2021,13.80,13.80,0.00 (0.00 %)," ","1,627,700","22,572,000,000",0,0,13.90,14.25,13.70
04/11/2021,13.80,13.80,0.40 (2.99 %)," ","2,889,100","39,024,000,000",0,0,13.15,14.00,12.90
03/11/2021,13.40,13.40,-1.00 (-6.94 %)," ","4,362,300","61,592,000,000","160,000","2,144,000,000",14.65,15.35,13.40
02/11/2021,14.40,14.40,0.90 (6.67 %)," ","4,082,200","57,335,000,000",0,0,13.60,14.40,13.55
01/11/2021,13.50,13.50,0.20 (1.50 %)," ","3,401,000","45,799,000,000",0,0,13.35,13.75,13.10
29/10/2021,13.30,13.30,0.25 (1.92 %)," ","3,529,900","45,886,000,000","160,000","2,107,000,000",13.10,13.45,12.70
28/10/2021,13.05,13.05,-0.35 (-2.61 %)," ","2,280,100","29,995,000,000",0,0,13.20,13.40,13.00
27/10/2021,13.40,13.40,0.40 (3.08 %)," ","3,980,700","52,868,000,000",0,0,12.80,13.85,12.70
26/10/2021,13.00,13.00,0.20 (1.56 %)," ","3,010,100","37,941,000,000",0,0,12.30,13.30,12.15
25/10/2021,12.80,12.80,-0.70 (-5.19 %)," ","7,528,600","99,528,000,000",0,0,13.55,13.95,12.70
22/10/2021,13.50,13.50,0.80 (6.30 %)," ","5,063,400","66,321,000,000","484,000","6,050,000,000",12.90,13.55,12.50
21/10/2021,12.70,12.70,0.60 (4.96 %)," ","3,830,500","48,057,000,000",0,0,12.45,12.70,12.40
20/10/2021,12.10,12.10,0.40 (3.42 %)," ","2,834,300","33,969,000,000",0,0,11.75,12.30,11.60
19/10/2021,11.70,11.70,0.05 (0.43 %)," ","706,900","8,247,000,000",0,0,11.65,11.90,11.50
18/10/2021,11.65,11.65,-0.25 (-2.10 %)," ","1,400,500","16,493,000,000",0,0,12.00,12.10,11.55
15/10/2021,11.90,11.90,0.45 (3.93 %)," ","2,178,400","25,677,000,000",0,0,11.60,11.95,11.60
14/10/2021,11.45,11.45,0.05 (0.44 %)," ","755,400","8,658,000,000",0,0,11.40,11.55,11.35
13/10/2021,11.40,11.40,0.00 (0.00 %)," ","1,005,600","11,453,000,000",0,0,11.40,11.55,11.20
12/10/2021,11.40,11.40,0.00 (0.00 %)," ","851,200","9,609,000,000",0,0,11.40,11.45,11.15
11/10/2021,11.40,11.40,-0.15 (-1.30 %)," ","682,400","7,871,000,000",0,0,11.70,11.70,11.40
08/10/2021,11.55,11.55,0.20 (1.76 %)," ","1,090,500","12,576,000,000",0,0,11.35,11.70,11.35
07/10/2021,11.35,11.35,0.05 (0.44 %)," ","832,100","9,426,000,000","484,000","5,808,000,000",11.25,11.55,11.15
06/10/2021,11.30,11.30,0.10 (0.89 %)," ","618,300","6,965,000,000",0,0,11.25,11.45,11.15
05/10/2021,11.20,11.20,0.30 (2.75 %)," ","822,500","9,147,000,000",0,0,11.10,11.25,11.00
04/10/2021,10.90,10.90,-0.20 (-1.80 %)," ","906,500","9,953,000,000",0,0,11.00,11.10,10.90
01/10/2021,11.10,11.10,-0.15 (-1.33 %)," ","806,200","8,993,000,000",0,0,11.20,11.40,11.00
30/09/2021,11.25,11.25,0.00 (0.00 %)," ","855,400","9,752,000,000",0,0,11.25,11.60,11.25
29/09/2021,11.25,11.25,0.05 (0.45 %)," ","827,400","9,163,000,000",0,0,11.25,11.45,10.90
28/09/2021,11.20,11.20,-0.10 (-0.88 %)," ","1,801,800","19,708,000,000",0,0,10.90,11.25,10.70
27/09/2021,11.30,11.30,-0.80 (-6.61 %)," ","3,059,500","35,399,000,000",0,0,12.00,12.00,11.30
24/09/2021,12.10,12.10,-0.15 (-1.22 %)," ","1,282,600","15,633,000,000",0,0,12.10,12.45,12.00
23/09/2021,12.25,12.25,-0.30 (-2.39 %)," ","3,723,000","47,237,000,000","115,000","1,495,000,000",12.90,13.10,12.25
22/09/2021,12.55,12.55,0.80 (6.81 %)," ","2,790,900","34,423,000,000",0,0,11.75,12.55,11.60
21/09/2021,11.75,11.75,-0.30 (-2.49 %)," ","2,437,700","28,422,000,000",0,0,11.65,11.90,11.40
20/09/2021,12.05,12.05,0.05 (0.42 %)," ","2,060,900","24,936,000,000",0,0,12.05,12.35,11.90
17/09/2021,12.00,12.00,0.15 (1.27 %)," ","2,576,800","31,025,000,000",0,0,11.85,12.30,11.75
16/09/2021,11.85,11.85,-0.15 (-1.25 %)," ","2,197,200","26,295,000,000",0,0,12.05,12.50,11.75
15/09/2021,12.00,12.00,-0.20 (-1.64 %)," ","1,928,100","23,140,000,000",0,0,12.05,12.20,11.85
14/09/2021,12.20,12.20,-0.20 (-1.61 %)," ","1,873,400","23,104,000,000",0,0,12.40,12.65,12.05
13/09/2021,12.40,12.40,-0.25 (-1.98 %)," ","2,480,400","31,186,000,000",0,0,13.00,13.00,12.30
10/09/2021,12.65,12.65,0.35 (2.85 %)," ","3,350,600","41,796,000,000",0,0,12.40,12.90,12.05
09/09/2021,12.30,12.30,0.30 (2.50 %)," ","1,954,900","24,094,000,000",0,0,12.10,12.50,12.00
08/09/2021,12.00,12.00,0.00 (0.00 %)," ","2,751,300","33,001,000,000",0,0,11.70,12.30,11.70
07/09/2021,12.00,12.00,-0.45 (-3.61 %)," ","4,458,200","56,252,000,000",0,0,13.20,13.20,12.00
06/09/2021,12.45,12.45,0.80 (6.87 %)," ","1,663,700","20,531,000,000",0,0,11.95,12.45,11.95
01/09/2021,11.65,11.65,0.40 (3.56 %)," ","2,777,300","31,922,000,000",0,0,11.30,11.70,11.25
31/08/2021,11.25,11.25,0.05 (0.45 %)," ","2,032,400","22,919,000,000",0,0,11.10,11.60,10.95
30/08/2021,11.20,11.20,-0.35 (-3.03 %)," ","4,094,900","46,089,000,000",0,0,11.65,11.70,11.05
27/08/2021,11.55,11.55,0.05 (0.43 %)," ","2,342,500","27,490,000,000",0,0,11.65,12.00,11.55
26/08/2021,11.50,11.50,0.45 (4.07 %)," ","2,759,600","31,571,000,000",0,0,11.05,11.65,10.90
25/08/2021,11.05,11.05,-0.30 (-2.64 %)," ","1,192,900","13,078,000,000",0,0,11.15,11.20,10.75
24/08/2021,11.35,11.35,0.05 (0.44 %)," ","1,909,200","22,013,000,000",0,0,11.80,11.80,11.00
23/08/2021,11.30,11.30,0.70 (6.60 %)," ","5,040,500","54,899,000,000",0,0,10.70,11.30,10.50
20/08/2021,10.60,10.60,-0.50 (-4.50 %)," ","7,115,700","79,368,000,000",0,0,11.00,11.85,10.60
19/08/2021,11.10,11.10,-0.65 (-5.53 %)," ","2,623,400","29,919,000,000","24,090","264,026,400",11.70,11.70,11.10
18/08/2021,11.75,11.75,-0.15 (-1.26 %)," ","1,585,800","18,565,000,000",0,0,11.65,12.00,11.55
17/08/2021,11.90,11.90,-0.55 (-4.42 %)," ","4,413,700","53,730,000,000",0,0,12.45,13.20,11.65
16/08/2021,12.45,12.45,0.80 (6.87 %)," ","1,212,700","15,008,000,000",0,0,12.20,12.45,11.80
13/08/2021,11.65,11.65,0.05 (0.43 %)," ","2,728,700","30,251,000,000",0,0,11.15,11.65,10.80
12/08/2021,11.60,11.60,-0.85 (-6.83 %)," ","7,169,700","88,316,000,000",0,0,13.20,13.20,11.60
11/08/2021,12.45,12.45,0.80 (6.87 %)," ","1,419,100","17,663,000,000",0,0,12.45,12.45,12.30
10/08/2021,11.65,11.65,0.75 (6.88 %)," ","1,072,900","12,499,000,000",0,0,11.65,11.65,11.60
09/08/2021,10.90,10.90,0.70 (6.86 %)," ","4,757,500","51,122,000,000",0,0,10.30,10.90,10.30
06/08/2021,10.20,10.20,0.65 (6.81 %)," ","2,182,000","22,245,000,000",0,0,10.20,10.20,10.05
05/08/2021,9.55,9.55,0.62 (6.94 %)," ","846,100","7,886,000,000",0,0,9.16,9.55,8.91
04/08/2021,8.93,8.93,0.33 (3.84 %)," ","1,748,800","15,398,000,000",0,0,8.75,8.99,8.61
03/08/2021,8.60,8.60,-0.13 (-1.49 %)," ","1,173,800","10,112,000,000",0,0,8.74,8.77,8.50
02/08/2021,8.73,8.73,0.08 (0.92 %)," ","814,700","7,201,000,000",0,0,8.78,9.20,8.61
30/07/2021,8.65,8.65,0.03 (0.35 %)," ","564,700","4,842,000,000",0,0,8.62,8.72,8.40
29/07/2021,8.62,8.62,-0.25 (-2.82 %)," ","805,600","7,022,000,000",0,0,8.79,8.95,8.58
28/07/2021,8.87,8.87,-0.21 (-2.31 %)," ","246,400","2,201,000,000",0,0,9.08,9.08,8.85
27/07/2021,9.08,9.08,0.04 (0.44 %)," ","884,800","8,015,000,000",0,0,9.00,9.33,8.84
26/07/2021,9.04,9.04,-0.17 (-1.85 %)," ","950,100","8,533,000,000",0,0,9.21,9.21,8.84
23/07/2021,9.21,9.21,0.31 (3.48 %)," ","1,240,100","11,202,000,000",0,0,8.79,9.40,8.71
22/07/2021,8.90,8.90,0.38 (4.46 %)," ","1,696,200","15,047,000,000",0,0,8.53,9.09,8.50
21/07/2021,8.52,8.52,-0.16 (-1.84 %)," ","366,500","3,201,000,000",0,0,8.68,9.18,8.50
20/07/2021,8.68,8.68,0.01 (0.12 %)," ","929,200","7,628,000,000",0,0,8.15,9.00,8.10
19/07/2021,8.67,8.67,-0.65 (-6.97 %)," ","851,000","7,393,000,000",0,0,8.71,8.80,8.67
16/07/2021,9.32,9.32,-0.60 (-6.05 %)," ","1,436,000","13,546,000,000",0,0,9.95,9.96,9.28
15/07/2021,9.92,9.92,-0.73 (-6.85 %)," ","2,756,800","27,421,000,000",0,0,10.10,10.20,9.91
14/07/2021,10.65,10.65,-0.75 (-6.58 %)," ","1,861,800","19,941,000,000",0,0,11.10,11.10,10.65
13/07/2021,11.40,11.40,-0.05 (-0.44 %)," ","723,100","8,055,000,000",0,0,11.55,11.60,10.75
12/07/2021,11.45,11.45,0.25 (2.23 %)," ","2,652,700","30,833,000,000",0,0,11.60,11.95,10.85
09/07/2021,11.20,11.20,0.70 (6.67 %)," ","2,403,800","26,864,000,000",0,0,11.00,11.20,10.80
08/07/2021,10.50,10.50,-0.40 (-3.67 %)," ","199,600","2,107,000,000",0,0,10.95,10.95,10.35
07/07/2021,10.90,10.90,0.10 (0.93 %)," ","310,900","3,255,000,000",0,0,10.50,10.90,10.15
06/07/2021,10.80,10.80,-0.50 (-4.42 %)," ","529,400","5,807,000,000",0,0,11.30,11.30,10.80
05/07/2021,11.30,11.30,-0.50 (-4.24 %)," ","351,100","4,026,000,000",0,0,11.85,11.85,11.25
02/07/2021,11.80,11.80,0.05 (0.43 %)," ","463,500","5,443,000,000",0,0,11.80,12.00,11.50
01/07/2021,11.75,11.75,-0.30 (-2.49 %)," ","969,600","11,250,000,000",0,0,12.10,12.10,11.40
30/06/2021,12.05,12.05,-0.60 (-4.74 %)," ","919,300","11,134,000,000",0,0,12.60,12.60,11.95
29/06/2021,12.65,12.65,-0.50 (-3.80 %)," ","725,400","9,343,000,000",0,0,13.15,13.20,12.65
28/06/2021,13.15,13.15,-0.35 (-2.59 %)," ","333,100","4,400,000,000",0,0,13.55,13.55,13.05
25/06/2021,13.50,13.50,0.50 (3.85 %)," ","412,600","5,467,000,000",0,0,13.00,13.50,12.85
24/06/2021,13.00,13.00,-0.40 (-2.99 %)," ","441,400","5,771,000,000",0,0,13.30,13.30,12.95
23/06/2021,13.40,13.40,-0.25 (-1.83 %)," ","785,900","10,401,000,000",0,0,13.30,13.50,13.05
22/06/2021,13.65,13.65,-0.70 (-4.88 %)," ","1,184,800","16,527,000,000",0,0,14.35,14.45,13.60
21/06/2021,14.35,14.35,-0.15 (-1.03 %)," ","873,200","12,490,000,000",0,0,14.55,14.55,14.15
18/06/2021,14.50,14.50,0.45 (3.20 %)," ","1,197,000","17,127,000,000",0,0,14.00,14.65,13.90
17/06/2021,14.05,14.05,-0.05 (-0.35 %)," ","1,198,200","16,355,000,000",0,0,14.00,14.05,13.40
16/06/2021,14.10,14.10,0.20 (1.44 %)," ","1,777,000","24,069,000,000",0,0,13.90,14.20,13.00
15/06/2021,13.90,13.90,-0.35 (-2.46 %)," ","636,800","8,853,000,000",0,0,14.20,14.30,13.55
14/06/2021,14.25,14.25,-0.40 (-2.73 %)," ","1,335,100","19,173,000,000","413,090","6,444,204,000",14.70,14.80,14.00
11/06/2021,14.65,14.65,-0.05 (-0.34 %)," ","1,125,500","16,201,000,000",0,0,14.70,14.70,14.15
10/06/2021,14.70,14.70,-0.30 (-2.00 %)," ","1,202,400","18,014,000,000",0,0,15.10,15.25,14.70
09/06/2021,15.00,15.00,-0.30 (-1.96 %)," ","1,985,100","30,221,000,000",0,0,15.25,15.80,14.60
08/06/2021,15.30,15.30,-0.30 (-1.92 %)," ","2,382,500","37,238,000,000",0,0,15.60,16.15,14.95
07/06/2021,15.60,15.60,-0.70 (-4.29 %)," ","1,400,800","21,831,000,000",0,0,16.20,16.20,15.20
04/06/2021,16.30,16.30,0.70 (4.49 %)," ","2,075,800","32,909,000,000",0,0,15.65,16.40,15.20
03/06/2021,15.60,15.60,1.00 (6.85 %)," ","2,039,200","30,629,000,000",0,0,14.65,15.60,14.15
02/06/2021,14.60,14.60,0.20 (1.39 %)," ","1,052,400","14,824,000,000",0,0,14.30,14.60,13.80
01/06/2021,14.40,14.40,0.35 (2.49 %)," ","1,295,000","18,660,000,000",0,0,13.95,14.70,13.85
31/05/2021,14.05,14.05,0.15 (1.08 %)," ","1,151,600","16,025,000,000",0,0,13.95,14.25,13.55
28/05/2021,13.90,13.90,0.90 (6.92 %)," ","3,007,200","41,198,000,000",0,0,13.10,13.90,13.10
27/05/2021,13.00,13.00,0.80 (6.56 %)," ","1,998,700","25,281,000,000",0,0,12.20,13.00,11.90
26/05/2021,12.20,12.20,0.35 (2.95 %)," ","1,386,300","16,851,000,000",0,0,11.75,12.50,11.55
25/05/2021,11.85,11.85,-0.15 (-1.25 %)," ","308,800","3,658,000,000",0,0,12.10,12.10,11.65
24/05/2021,12.00,12.00,0.00 (0.00 %)," ","422,700","5,013,000,000",0,0,12.05,12.05,11.70
21/05/2021,12.00,12.00,0.25 (2.13 %)," ","2,023,800","24,367,000,000",0,0,11.85,12.45,11.75
20/05/2021,11.75,11.75,0.75 (6.82 %)," ","2,168,200","24,793,000,000",0,0,10.90,11.75,10.70
19/05/2021,11.00,11.00,0.25 (2.33 %)," ","390,700","4,276,000,000",0,0,10.55,11.10,10.50
18/05/2021,10.75,10.75,-0.70 (-6.11 %)," ","1,017,500","11,214,000,000","20,000","245,000,000",11.25,11.40,10.75
17/05/2021,11.45,11.45,-0.05 (-0.43 %)," ","1,210,400","13,869,000,000",0,0,11.30,11.75,11.20
14/05/2021,11.50,11.50,-0.40 (-3.36 %)," ","1,386,600","15,787,000,000",0,0,11.60,11.75,11.10
13/05/2021,11.90,11.90,-0.10 (-0.83 %)," ","1,493,100","17,539,000,000",0,0,11.80,12.15,11.45
12/05/2021,12.00,12.00,0.10 (0.84 %)," ","1,758,400","20,964,000,000",0,0,11.80,12.30,11.45
11/05/2021,11.90,11.90,0.20 (1.71 %)," ","3,790,700","46,402,000,000",0,0,11.90,12.50,11.80
10/05/2021,11.70,11.70,0.75 (6.85 %)," ","1,494,800","17,175,000,000",0,0,10.85,11.70,10.65
07/05/2021,10.95,10.95,-0.15 (-1.35 %)," ","422,300","4,662,000,000",0,0,11.00,11.20,10.95
06/05/2021,11.10,11.10,-0.55 (-4.72 %)," ","1,180,100","13,375,000,000",0,0,11.50,11.60,11.10
05/05/2021,11.65,11.65,0.00 (0.00 %)," ","1,450,200","16,538,000,000",0,0,11.35,11.80,11.00
04/05/2021,11.65,11.65,-0.50 (-4.12 %)," ","569,100","6,700,000,000",0,0,12.10,12.15,11.60
29/04/2021,12.15,12.15,0.75 (6.58 %)," ","3,232,100","38,530,000,000",0,0,11.60,12.15,11.50
28/04/2021,11.40,11.40,0.70 (6.54 %)," ","1,457,000","16,242,000,000",0,0,10.70,11.40,10.65
27/04/2021,10.70,10.70,0.30 (2.88 %)," ","447,300","4,727,000,000",0,0,10.50,10.70,10.30
26/04/2021,10.40,10.40,0.10 (0.97 %)," ","658,700","6,708,000,000",0,0,10.40,10.60,9.99
23/04/2021,10.30,10.30,-0.20 (-1.90 %)," ","497,600","5,077,000,000",0,0,10.10,10.55,10.00
22/04/2021,10.50,10.50,-0.75 (-6.67 %)," ","1,255,300","13,514,000,000",0,0,11.00,11.00,10.50
20/04/2021,11.25,11.25,-0.80 (-6.64 %)," ","3,444,700","40,182,000,000",0,0,12.25,12.50,11.25
19/04/2021,12.05,12.05,0.75 (6.64 %)," ","1,838,400","21,858,000,000",0,0,11.55,12.05,11.55
16/04/2021,11.30,11.30,0.70 (6.60 %)," ","2,216,400","24,332,000,000",0,0,10.60,11.30,10.00
15/04/2021,10.60,10.60,0.65 (6.53 %)," ","3,646,300","37,686,000,000",0,0,9.98,10.60,9.78
14/04/2021,9.95,9.95,0.65 (6.99 %)," ","2,840,000","27,056,000,000",0,0,9.26,9.95,8.80
13/04/2021,9.30,9.30,-0.31 (-3.23 %)," ","877,200","8,262,000,000",0,0,9.72,9.72,8.98
12/04/2021,9.61,9.61,0.62 (6.90 %)," ","2,104,300","19,714,000,000",0,0,8.99,9.61,8.90
09/04/2021,8.99,8.99,0.19 (2.16 %)," ","522,500","4,621,000,000",0,0,8.80,9.02,8.70
08/04/2021,8.80,8.80,-0.10 (-1.12 %)," ","195,000","1,728,000,000",0,0,8.90,9.00,8.74
07/04/2021,8.90,8.90,-0.08 (-0.89 %)," ","392,500","3,461,000,000",0,0,8.63,8.90,8.63
06/04/2021,8.98,8.98,0.41 (4.78 %)," ","1,029,100","9,121,000,000",0,0,8.51,9.15,8.51
05/04/2021,8.57,8.57,0.00 (0.00 %)," ","561,400","4,798,000,000",0,0,8.60,8.69,8.30
02/04/2021,8.57,8.57,0.54 (6.72 %)," ","2,489,900","20,650,000,000",0,0,8.05,8.59,8.03
01/04/2021,8.03,8.03,0.03 (0.37 %)," ","309,700","2,479,000,000",0,0,8.00,8.06,7.82
31/03/2021,8.00,8.00,-0.02 (-0.25 %)," ","145,800","1,152,000,000",0,0,8.02,8.02,7.80
30/03/2021,8.02,8.02,0.07 (0.88 %)," ","444,900","3,576,000,000",0,0,8.11,8.12,7.80
29/03/2021,7.95,7.95,0.35 (4.61 %)," ","158,100","1,235,000,000",0,0,7.60,8.00,7.60
26/03/2021,7.60,7.60,-0.20 (-2.56 %)," ","210,200","1,563,000,000",0,0,7.70,7.80,7.26
25/03/2021,7.80,7.80,0.00 (0.00 %)," ","303,500","2,347,000,000",0,0,7.80,7.90,7.60
24/03/2021,7.80,7.80,-0.20 (-2.50 %)," ","252,500","1,988,000,000",0,0,7.95,8.00,7.75
23/03/2021,8.00,8.00,-0.19 (-2.32 %)," ","214,000","1,732,000,000",0,0,8.15,8.20,7.98
22/03/2021,8.19,8.19,-0.01 (-0.12 %)," ","268,800","2,183,000,000",0,0,8.20,8.22,8.01
19/03/2021,8.20,8.20,-0.02 (-0.24 %)," ","458,700","3,722,000,000",0,0,8.26,8.26,8.05
18/03/2021,8.22,8.22,0.20 (2.49 %)," ","720,900","5,840,000,000",0,0,8.04,8.22,8.00
17/03/2021,8.02,8.02,-0.08 (-0.99 %)," ","856,600","6,854,000,000","150,000","1,290,000,000",8.10,8.11,7.90
16/03/2021,8.10,8.10,-0.07 (-0.86 %)," ","852,600","6,899,000,000",0,0,8.25,8.25,7.91
15/03/2021,8.17,8.17,0.11 (1.36 %)," ","433,800","3,539,000,000",0,0,8.06,8.29,8.06
12/03/2021,8.06,8.06,-0.14 (-1.71 %)," ","748,500","6,026,000,000",0,0,8.15,8.20,8.00
11/03/2021,8.20,8.20,-0.30 (-3.53 %)," ","937,300","7,810,000,000",0,0,8.54,8.54,8.00
10/03/2021,8.50,8.50,-0.18 (-2.07 %)," ","446,300","3,822,000,000",0,0,8.68,8.70,8.50
09/03/2021,8.68,8.68,-0.07 (-0.80 %)," ","940,900","8,066,000,000",0,0,8.75,8.75,8.45
08/03/2021,8.75,8.75,0.40 (4.79 %)," ","1,493,300","12,765,000,000",0,0,8.40,8.80,8.33
05/03/2021,8.35,8.35,-0.05 (-0.60 %)," ","163,000","1,360,000,000",0,0,8.30,8.49,8.11
04/03/2021,8.40,8.40,-0.10 (-1.18 %)," ","1,112,200","9,494,000,000",0,0,8.60,8.70,7.95
03/03/2021,8.50,8.50,0.50 (6.25 %)," ","1,090,800","8,968,000,000",0,0,8.00,8.50,7.80
02/03/2021,8.00,8.00,-0.16 (-1.96 %)," ","141,300","1,134,000,000",0,0,8.49,8.49,7.90
01/03/2021,8.16,8.16,0.20 (2.51 %)," ","175,500","1,392,000,000",0,0,7.96,8.35,7.60
26/02/2021,7.96,7.96,0.51 (6.85 %)," ","249,200","1,924,000,000",0,0,7.35,7.97,7.10
25/02/2021,7.45,7.45,-0.14 (-1.84 %)," ","100,000","739,000,000",0,0,7.40,7.60,7.10
24/02/2021,7.59,7.59,0.48 (6.75 %)," ","335,700","2,538,000,000",0,0,7.18,7.60,7.00
23/02/2021,7.11,7.11,0.26 (3.80 %)," ","121,800","844,000,000",0,0,6.80,7.15,6.66
22/02/2021,6.85,6.85,-0.14 (-2.00 %)," ","100,400","690,000,000",0,0,6.80,6.99,6.80
19/02/2021,6.99,6.99,0.09 (1.30 %)," ","139,700","963,000,000",0,0,6.65,7.04,6.65
18/02/2021,6.90,6.90,0.10 (1.47 %)," ","158,400","1,100,000,000",0,0,6.80,7.02,6.80
17/02/2021,6.80,6.80,0.00 (0.00 %)," ","140,300","964,000,000",0,0,7.00,7.03,6.60
09/02/2021,6.80,6.80,-0.20 (-2.86 %)," ","108,000","716,000,000",0,0,6.56,6.98,6.51
08/02/2021,7.00,7.00,-0.02 (-0.28 %)," ","111,800","745,000,000",0,0,7.00,7.02,6.53
05/02/2021,7.02,7.02,0.27 (4.00 %)," ","1,330,600","9,318,000,000","28,347","199,846,350",6.70,7.10,6.59
04/02/2021,6.75,6.75,0.22 (3.37 %)," ","614,900","4,180,000,000",0,0,6.53,6.90,6.22
03/02/2021,6.53,6.53,0.03 (0.46 %)," ","316,500","1,998,000,000",0,0,6.10,6.56,6.06
02/02/2021,6.50,6.50,-0.48 (-6.88 %)," ","697,100","4,542,000,000",0,0,6.50,6.98,6.50
01/02/2021,6.98,6.98,-0.52 (-6.93 %)," ","293,200","2,067,000,000",0,0,7.50,7.50,6.98
29/01/2021,7.50,7.50,-0.49 (-6.13 %)," ","655,800","4,901,000,000",0,0,7.44,7.88,7.44
28/01/2021,7.99,7.99,-0.60 (-6.98 %)," ","347,800","2,779,000,000",0,0,7.99,8.10,7.99
27/01/2021,8.59,8.59,-0.64 (-6.93 %)," ","1,364,800","11,987,000,000",0,0,9.20,9.23,8.59
26/01/2021,9.23,9.23,-0.16 (-1.70 %)," ","1,402,700","13,006,000,000",0,0,9.50,9.55,8.90
25/01/2021,9.39,9.39,0.61 (6.95 %)," ","1,940,600","17,922,000,000",0,0,8.80,9.39,8.79
22/01/2021,8.78,8.78,0.22 (2.57 %)," ","1,542,300","13,634,000,000",0,0,8.70,9.03,8.68
21/01/2021,8.56,8.56,0.56 (7.00 %)," ","1,363,500","11,509,000,000",0,0,8.03,8.56,7.60
20/01/2021,8.00,8.00,-0.03 (-0.37 %)," ","330,700","2,625,000,000",0,0,8.10,8.12,7.47
19/01/2021,8.03,8.03,-0.59 (-6.84 %)," ","1,172,300","9,726,000,000",0,0,8.63,8.63,8.03
18/01/2021,8.62,8.62,0.12 (1.41 %)," ","1,032,900","8,823,000,000",0,0,8.50,8.65,8.50
15/01/2021,8.50,8.50,0.01 (0.12 %)," ","948,000","8,029,000,000",0,0,8.49,8.51,8.40
14/01/2021,8.49,8.49,0.00 (0.00 %)," ","1,570,100","13,200,000,000",0,0,8.49,8.50,8.29
13/01/2021,8.49,8.49,-0.05 (-0.59 %)," ","1,288,700","10,877,000,000",0,0,8.56,8.56,8.36
12/01/2021,8.54,8.54,-0.06 (-0.70 %)," ","1,207,300","10,227,000,000",0,0,8.61,8.61,8.40
11/01/2021,8.60,8.60,0.00 (0.00 %)," ","1,435,200","12,142,000,000",0,0,8.60,8.60,8.40
08/01/2021,8.60,8.60,-0.10 (-1.15 %)," ","1,564,200","13,342,000,000",0,0,8.71,8.72,8.38
07/01/2021,8.70,8.70,0.12 (1.40 %)," ","3,069,000","26,665,000,000",0,0,8.60,8.90,8.55
06/01/2021,8.58,8.58,-0.08 (-0.92 %)," ","2,031,700","17,418,000,000",0,0,8.67,8.70,8.40
05/01/2021,8.66,8.66,0.05 (0.58 %)," ","1,562,200","13,442,000,000",0,0,8.61,8.68,8.40
04/01/2021,8.61,8.61,0.56 (6.96 %)," ","3,565,100","29,684,000,000",0,0,8.06,8.61,8.00
31/12/2020,8.05,8.05,0.00 (0.00 %)," ","1,871,860","14,936,000,000",0,0,8.08,8.15,7.80
30/12/2020,8.05,8.05,0.04 (0.50 %)," ","3,197,660","26,420,000,000",0,0,8.05,8.57,7.71
29/12/2020,8.01,8.01,0.52 (6.94 %)," ","1,869,480","14,670,000,000",0,0,7.53,8.01,7.49
28/12/2020,7.49,7.49,0.49 (7.00 %)," ","2,403,660","17,524,000,000",0,0,7.09,7.49,7.09
25/12/2020,7.00,7.00,0.39 (5.90 %)," ","1,373,480","9,207,000,000",0,0,6.27,7.05,6.25
24/12/2020,6.61,6.61,0.12 (1.85 %)," ","666,360","4,568,000,000",0,0,6.94,6.94,6.10
23/12/2020,6.49,6.49,0.42 (6.92 %)," ","520,130","3,366,000,000",0,0,6.49,6.49,6.36
22/12/2020,6.07,6.07,0.30 (5.20 %)," ","392,320","2,258,000,000",0,0,5.72,6.16,5.63
21/12/2020,5.77,5.77,-0.02 (-0.35 %)," ","82,380","473,000,000",0,0,5.79,5.80,5.65
18/12/2020,5.79,5.79,0.09 (1.58 %)," ","136,120","772,000,000",0,0,5.62,5.79,5.58
17/12/2020,5.70,5.70,-0.18 (-3.06 %)," ","86,320","499,000,000",0,0,5.98,5.98,5.60
16/12/2020,5.88,5.88,0.18 (3.16 %)," ","132,450","774,000,000",0,0,5.71,6.00,5.70
15/12/2020,5.70,5.70,0.04 (0.71 %)," ","59,420","337,000,000",0,0,5.66,5.72,5.61
14/12/2020,5.66,5.66,-0.05 (-0.88 %)," ","63,650","362,000,000","1,745,923","9,305,769,590",5.72,5.72,5.66
11/12/2020,5.71,5.71,0.07 (1.24 %)," ","74,270","421,000,000",0,0,5.64,5.71,5.60
10/12/2020,5.64,5.64,-0.08 (-1.40 %)," ","24,330","138,000,000",0,0,5.80,5.80,5.61
09/12/2020,5.72,5.72,-0.08 (-1.38 %)," ","71,210","408,000,000",0,0,5.80,5.80,5.62
08/12/2020,5.80,5.80,0.10 (1.75 %)," ","103,550","585,000,000",0,0,5.70,5.90,5.50
07/12/2020,5.70,5.70,0.00 (0.00 %)," ","47,800","270,000,000",0,0,5.70,5.71,5.60
04/12/2020,5.70,5.70,0.05 (0.88 %)," ","89,100","505,000,000",0,0,5.87,5.87,5.60
03/12/2020,5.65,5.65,0.10 (1.80 %)," ","60,640","343,000,000",0,0,5.53,5.75,5.52
02/12/2020,5.55,5.55,-0.11 (-1.94 %)," ","60,100","336,000,000",0,0,5.60,5.81,5.43
01/12/2020,5.66,5.66,0.00 (0.00 %)," ","60,300","332,000,000",0,0,5.63,5.66,5.40
30/11/2020,5.66,5.66,-0.09 (-1.57 %)," ","55,900","314,000,000",0,0,5.75,6.00,5.50
27/11/2020,5.75,5.75,0.23 (4.17 %)," ","71,050","404,000,000",0,0,5.55,5.80,5.55
26/11/2020,5.52,5.52,-0.09 (-1.60 %)," ","110,210","609,000,000",0,0,5.45,5.60,5.45
25/11/2020,5.61,5.61,-0.22 (-3.77 %)," ","110,810","634,000,000",0,0,5.80,5.82,5.59
24/11/2020,5.83,5.83,-0.02 (-0.34 %)," ","116,740","676,000,000",0,0,5.80,5.85,5.72
23/11/2020,5.85,5.85,-0.25 (-4.10 %)," ","221,840","1,305,000,000",0,0,5.81,6.07,5.81
20/11/2020,6.10,6.10,0.39 (6.83 %)," ","518,550","3,159,000,000",0,0,6.10,6.10,6.00
19/11/2020,5.71,5.71,0.37 (6.93 %)," ","170,640","962,000,000",0,0,5.26,5.71,5.26
18/11/2020,5.34,5.34,0.03 (0.56 %)," ","87,790","467,000,000","4,499,092","25,521,154,250",5.35,5.36,5.20
17/11/2020,5.31,5.31,-0.07 (-1.30 %)," ","88,680","472,000,000",0,0,5.38,5.38,5.30
16/11/2020,5.38,5.38,-0.05 (-0.92 %)," ","28,450","154,000,000",0,0,5.43,5.43,5.37
13/11/2020,5.43,5.43,0.07 (1.31 %)," ","40,680","220,000,000",0,0,5.37,5.45,5.37
12/11/2020,5.36,5.36,-0.02 (-0.37 %)," ","176,510","957,000,000",0,0,5.40,5.50,5.30
11/11/2020,5.38,5.38,-0.12 (-2.18 %)," ","53,930","293,000,000",0,0,5.50,5.50,5.38
10/11/2020,5.50,5.50,-0.16 (-2.83 %)," ","72,800","405,000,000",0,0,5.68,5.68,5.49
09/11/2020,5.66,5.66,-0.01 (-0.18 %)," ","71,270","402,000,000",0,0,5.70,5.70,5.59
06/11/2020,5.67,5.67,-0.02 (-0.35 %)," ","52,820","297,000,000",0,0,5.71,5.71,5.50
05/11/2020,5.69,5.69,0.01 (0.18 %)," ","233,250","1,331,000,000",0,0,5.68,5.85,5.64
04/11/2020,5.68,5.68,0.18 (3.27 %)," ","104,630","586,000,000",0,0,5.52,5.68,5.47
03/11/2020,5.50,5.50,-0.15 (-2.65 %)," ","45,940","257,000,000",0,0,5.66,5.68,5.50
02/11/2020,5.65,5.65,0.25 (4.63 %)," ","281,890","1,564,000,000",0,0,5.58,5.65,5.45
30/10/2020,5.40,5.40,-0.03 (-0.55 %)," ","29,880","160,000,000",0,0,5.43,5.44,5.25
29/10/2020,5.43,5.43,0.13 (2.45 %)," ","102,290","542,000,000","182,160","1,032,847,200",5.30,5.46,5.25
28/10/2020,5.30,5.30,-0.32 (-5.69 %)," ","269,360","1,436,000,000",0,0,5.60,5.60,5.24
27/10/2020,5.62,5.62,-0.08 (-1.40 %)," ","108,360","603,000,000",0,0,5.75,5.75,5.46
26/10/2020,5.70,5.70,-0.13 (-2.23 %)," ","99,940","577,000,000",0,0,5.86,5.86,5.69
23/10/2020,5.83,5.83,-0.01 (-0.17 %)," ","56,890","330,000,000",0,0,5.85,5.85,5.70
22/10/2020,5.84,5.84,-0.01 (-0.17 %)," ","84,000","482,000,000",0,0,5.87,5.87,5.60
21/10/2020,5.85,5.85,-0.11 (-1.85 %)," ","126,770","747,000,000",0,0,5.96,6.00,5.73
20/10/2020,5.96,5.96,-0.22 (-3.56 %)," ","94,360","572,000,000",0,0,6.18,6.19,5.96
19/10/2020,6.18,6.18,0.03 (0.49 %)," ","215,160","1,351,000,000",0,0,6.35,6.37,6.15
16/10/2020,6.15,6.15,0.40 (6.96 %)," ","389,160","2,372,000,000",0,0,5.85,6.15,5.75
15/10/2020,5.75,5.75,-0.15 (-2.54 %)," ","165,990","965,000,000",0,0,5.90,5.93,5.72
14/10/2020,5.90,5.90,-0.33 (-5.30 %)," ","541,070","3,222,000,000",0,0,6.23,6.25,5.80
13/10/2020,6.23,6.23,-0.11 (-1.74 %)," ","233,770","1,472,000,000",0,0,6.50,6.50,6.17
12/10/2020,6.34,6.34,-0.28 (-4.23 %)," ","300,810","1,953,000,000",0,0,6.62,6.62,6.34
09/10/2020,6.62,6.62,-0.15 (-2.22 %)," ","133,320","887,000,000",0,0,6.80,6.80,6.57
08/10/2020,6.77,6.77,-0.03 (-0.44 %)," ","404,830","2,760,000,000",0,0,6.90,6.90,6.74
07/10/2020,6.80,6.80,0.16 (2.41 %)," ","504,390","3,409,000,000",0,0,6.65,6.85,6.63
06/10/2020,6.64,6.64,-0.01 (-0.15 %)," ","310,880","2,042,000,000",0,0,6.65,6.66,6.50
05/10/2020,6.65,6.65,0.05 (0.76 %)," ","267,670","1,769,000,000",0,0,6.61,6.65,6.56
02/10/2020,6.60,6.60,-0.14 (-2.08 %)," ","521,900","3,478,000,000",0,0,6.72,6.74,6.55
01/10/2020,6.74,6.74,0.09 (1.35 %)," ","327,050","2,200,000,000",0,0,7.01,7.01,6.67
30/09/2020,6.65,6.65,0.12 (1.84 %)," ","236,940","1,533,000,000",0,0,6.53,6.65,6.41
29/09/2020,6.53,6.53,-0.15 (-2.25 %)," ","467,260","3,059,000,000",0,0,6.68,6.70,6.49
28/09/2020,6.68,6.68,-0.01 (-0.15 %)," ","310,920","2,082,000,000",0,0,6.69,6.75,6.66
25/09/2020,6.69,6.69,-0.15 (-2.19 %)," ","476,950","3,207,000,000",0,0,6.84,6.85,6.65
24/09/2020,6.84,6.84,-0.24 (-3.39 %)," ","621,830","4,261,000,000",0,0,7.03,7.03,6.74
23/09/2020,7.08,7.08,-0.13 (-1.80 %)," ","557,280","3,980,000,000",0,0,7.16,7.23,7.07
22/09/2020,7.21,7.21,0.20 (2.85 %)," ","607,860","4,349,000,000",0,0,7.01,7.27,6.98
21/09/2020,7.01,7.01,0.18 (2.64 %)," ","1,019,340","6,981,000,000",0,0,6.80,7.01,6.45
18/09/2020,6.83,6.83,-0.47 (-6.44 %)," ","1,221,870","8,416,000,000",0,0,7.29,7.29,6.79
17/09/2020,7.30,7.30,-0.40 (-5.19 %)," ","1,124,290","8,295,000,000","1,130,261","8,103,971,370",7.71,7.71,7.17
16/09/2020,7.70,7.70,0.06 (0.79 %)," ","765,360","5,895,000,000","861,290","6,201,288,000",7.64,7.78,7.56
15/09/2020,7.64,7.64,-0.15 (-1.93 %)," ","414,240","3,178,000,000",0,0,7.79,7.81,7.59
14/09/2020,7.79,7.79,0.26 (3.45 %)," ","801,650","6,069,000,000",0,0,7.54,7.79,7.49
11/09/2020,7.53,7.53,-0.42 (-5.28 %)," ","741,350","5,613,000,000",0,0,7.95,7.95,7.42
10/09/2020,7.95,7.95,-0.34 (-4.10 %)," ","846,000","6,829,000,000",0,0,8.29,8.35,7.90
09/09/2020,8.29,8.29,0.54 (6.97 %)," ","1,294,980","10,570,000,000",0,0,7.71,8.29,7.65
08/09/2020,7.75,7.75,-0.08 (-1.02 %)," ","614,110","4,771,000,000",0,0,7.87,7.92,7.62
07/09/2020,7.83,7.83,0.51 (6.97 %)," ","1,168,100","8,992,000,000",0,0,7.42,7.83,7.42
04/09/2020,7.32,7.32,0.47 (6.86 %)," ","934,010","6,676,000,000","112,540","718,005,200",6.85,7.32,6.81
03/09/2020,6.85,6.85,0.04 (0.59 %)," ","399,000","2,722,000,000","900,000","5,706,000,000",6.81,6.86,6.79
01/09/2020,6.81,6.81,0.08 (1.19 %)," ","275,490","1,871,000,000",0,0,6.70,6.91,6.66
31/08/2020,6.73,6.73,-0.42 (-5.87 %)," ","706,380","4,891,000,000",0,0,7.11,7.12,6.70
28/08/2020,7.15,7.15,0.15 (2.14 %)," ","1,397,550","10,357,000,000",0,0,7.45,7.49,7.05
27/08/2020,7.00,7.00,0.45 (6.87 %)," ","1,148,890","8,024,000,000",0,0,6.90,7.00,6.90
26/08/2020,6.55,6.55,0.42 (6.85 %)," ","1,094,940","7,099,000,000",0,0,6.16,6.55,6.16
25/08/2020,6.13,6.13,0.01 (0.16 %)," ","113,650","694,000,000",0,0,6.12,6.13,6.10
24/08/2020,6.12,6.12,0.05 (0.82 %)," ","163,030","994,000,000",0,0,6.09,6.12,6.08
21/08/2020,6.07,6.07,0.02 (0.33 %)," ","128,350","777,000,000","1,500,000","8,535,000,000",6.08,6.08,6.03
20/08/2020,6.05,6.05,-0.06 (-0.98 %)," ","135,020","822,000,000",0,0,6.11,6.11,6.05
19/08/2020,6.11,6.11,0.00 (0.00 %)," ","171,230","1,045,000,000","1,479,566","8,418,730,540",6.12,6.12,6.09
18/08/2020,6.11,6.11,0.02 (0.33 %)," ","127,770","781,000,000",0,0,6.10,6.14,6.09
17/08/2020,6.09,6.09,-0.10 (-1.62 %)," ","252,820","1,550,000,000",0,0,6.09,6.20,6.06
14/08/2020,6.19,6.19,0.00 (0.00 %)," ","229,000","1,414,000,000",0,0,6.19,6.21,6.14
13/08/2020,6.19,6.19,0.06 (0.98 %)," ","330,340","2,043,000,000",0,0,6.15,6.23,6.15
12/08/2020,6.13,6.13,0.12 (2.00 %)," ","280,550","1,701,000,000",0,0,6.02,6.13,6.01
11/08/2020,6.01,6.01,-0.08 (-1.31 %)," ","215,430","1,304,000,000",0,0,6.09,6.13,6.01
10/08/2020,6.09,6.09,-0.19 (-3.03 %)," ","492,670","3,053,000,000",0,0,6.28,6.33,6.09
07/08/2020,6.28,6.28,-0.21 (-3.24 %)," ","317,520","2,014,000,000",0,0,6.48,6.48,6.24
06/08/2020,6.49,6.49,-0.10 (-1.52 %)," ","331,580","2,136,000,000",0,0,6.58,6.58,6.35
05/08/2020,6.59,6.59,-0.15 (-2.23 %)," ","555,030","3,695,000,000",0,0,6.74,6.78,6.58
04/08/2020,6.74,6.74,0.44 (6.98 %)," ","1,787,740","11,833,000,000",0,0,6.30,6.74,6.30
03/08/2020,6.30,6.30,0.10 (1.61 %)," ","891,690","5,601,000,000",0,0,6.20,6.38,6.20
31/07/2020,6.20,6.20,-0.30 (-4.62 %)," ","370,150","2,297,000,000",0,0,6.20,6.35,6.11
30/07/2020,6.50,6.50,0.31 (5.01 %)," ","736,040","4,749,000,000",0,0,6.20,6.60,6.20
29/07/2020,6.19,6.19,-0.21 (-3.28 %)," ","1,089,060","6,744,000,000",0,0,6.41,6.41,6.00
28/07/2020,6.40,6.40,0.41 (6.84 %)," ","1,145,160","7,189,000,000",0,0,5.99,6.40,5.97
27/07/2020,5.99,5.99,-0.11 (-1.80 %)," ","797,490","4,751,000,000",0,0,5.90,6.10,5.70
24/07/2020,6.10,6.10,-0.36 (-5.57 %)," ","1,001,140","6,194,000,000",0,0,6.45,6.45,6.01
23/07/2020,6.46,6.46,-0.19 (-2.86 %)," ","1,484,700","9,621,000,000",0,0,6.71,6.71,6.23
22/07/2020,6.65,6.65,-0.50 (-6.99 %)," ","1,609,380","11,048,000,000",0,0,7.13,7.15,6.65
21/07/2020,7.15,7.15,-0.07 (-0.97 %)," ","1,051,910","7,527,000,000",0,0,7.22,7.27,7.02
20/07/2020,7.22,7.22,-0.08 (-1.10 %)," ","780,210","5,662,000,000",0,0,7.22,7.31,7.22
17/07/2020,7.30,7.30,0.09 (1.25 %)," ","1,188,270","8,596,000,000",0,0,7.21,7.34,7.09
16/07/2020,7.21,7.21,0.30 (4.34 %)," ","1,648,190","11,726,000,000",0,0,6.91,7.21,6.91
15/07/2020,6.91,6.91,-0.21 (-2.95 %)," ","858,520","6,022,000,000",0,0,7.11,7.11,6.88
14/07/2020,7.12,7.12,-0.08 (-1.11 %)," ","891,530","6,323,000,000",0,0,7.21,7.21,6.99
13/07/2020,7.20,7.20,-0.22 (-2.96 %)," ","1,286,470","9,213,000,000",0,0,7.49,7.49,6.91
10/07/2020,7.42,7.42,0.48 (6.92 %)," ","1,509,850","11,056,000,000",0,0,6.96,7.42,6.96
09/07/2020,6.94,6.94,0.45 (6.93 %)," ","1,676,370","11,425,000,000",0,0,6.50,6.94,6.50
08/07/2020,6.49,6.49,0.42 (6.92 %)," ","1,316,250","8,382,000,000",0,0,6.07,6.49,6.07
07/07/2020,6.07,6.07,0.39 (6.87 %)," ","1,991,740","11,831,000,000",0,0,5.68,6.07,5.54
06/07/2020,5.68,5.68,-0.12 (-2.07 %)," ","484,600","2,767,000,000",0,0,5.80,5.81,5.60
03/07/2020,5.80,5.80,-0.13 (-2.19 %)," ","513,760","3,002,000,000",0,0,5.93,5.93,5.77
02/07/2020,5.93,5.93,0.16 (2.77 %)," ","1,149,280","6,717,000,000",0,0,5.81,5.93,5.79
01/07/2020,5.77,5.77,0.37 (6.85 %)," ","1,640,020","9,112,000,000",0,0,5.40,5.77,5.25
30/06/2020,5.40,5.40,-0.25 (-4.42 %)," ","1,812,070","9,948,000,000",0,0,5.65,5.69,5.26
29/06/2020,5.65,5.65,0.00 (0.00 %)," ","1,866,920","10,523,000,000","22,308","126,040,200",5.65,5.71,5.57
26/06/2020,5.65,5.65,0.12 (2.17 %)," ","1,164,410","6,530,000,000","500,000","2,750,000,000",5.55,5.68,5.53
25/06/2020,5.53,5.53,0.36 (6.96 %)," ","2,005,000","10,672,000,000",0,0,5.15,5.53,4.95
24/06/2020,5.17,5.17,-0.09 (-1.71 %)," ","442,320","2,278,000,000",0,0,5.26,5.26,5.00
23/06/2020,5.26,5.26,0.34 (6.91 %)," ","1,259,490","6,615,000,000","1,000,000","5,000,000,000",5.24,5.26,5.20
22/06/2020,4.92,4.92,0.32 (6.96 %)," ","421,530","2,072,000,000",0,0,4.91,4.92,4.90
19/06/2020,4.60,4.60,0.30 (6.98 %)," ","351,430","1,569,000,000","9,523,148","38,187,823,480",4.30,4.60,4.30
18/06/2020,4.30,4.30,-0.30 (-6.52 %)," ","611,540","2,692,000,000",0,0,4.60,4.89,4.28
17/06/2020,4.60,4.60,-0.34 (-6.88 %)," ","1,086,740","5,236,000,000",0,0,5.26,5.26,4.60
16/06/2020,4.94,4.94,0.32 (6.93 %)," ","2,065,950","10,196,000,000",0,0,4.94,4.94,4.68
15/06/2020,4.62,4.62,0.30 (6.94 %)," ","202,230","934,000,000",0,0,4.62,4.62,4.62
12/06/2020,4.32,4.32,0.28 (6.93 %)," ","1,019,990","4,406,000,000",0,0,4.32,4.32,4.30
11/06/2020,4.04,4.04,0.26 (6.88 %)," ","143,050","578,000,000",0,0,4.04,4.04,4.04
10/06/2020,3.78,3.78,0.24 (6.78 %)," ","310,430","1,173,000,000",0,0,3.78,3.78,3.78
09/06/2020,3.54,3.54,0.23 (6.95 %)," ","278,430","972,000,000",0,0,3.33,3.54,3.33
08/06/2020,3.31,3.31,0.21 (6.77 %)," ","537,620","1,763,000,000",0,0,3.15,3.31,3.14
05/06/2020,3.10,3.10,0.06 (1.97 %)," ","30,400","94,000,000",0,0,3.04,3.18,3.04
04/06/2020,3.04,3.04,-0.01 (-0.33 %)," ","97,530","298,000,000",0,0,3.14,3.14,2.96
03/06/2020,3.05,3.05,-0.10 (-3.17 %)," ","9,970","30,000,000",0,0,2.98,3.13,2.98
02/06/2020,3.15,3.15,0.08 (2.61 %)," ","39,990","123,000,000",0,0,2.99,3.17,2.99
01/06/2020,3.07,3.07,0.06 (1.99 %)," ","24,010","74,000,000",0,0,2.94,3.18,2.94
29/05/2020,3.01,3.01,-0.09 (-2.90 %)," ","150,850","448,000,000",0,0,3.10,3.10,2.90
28/05/2020,3.10,3.10,0.00 (0.00 %)," ","69,060","210,000,000",0,0,3.10,3.10,2.96
27/05/2020,3.10,3.10,-0.18 (-5.49 %)," ","103,000","334,000,000",0,0,3.43,3.43,3.10
26/05/2020,3.28,3.28,0.19 (6.15 %)," ","188,760","620,000,000",0,0,3.29,3.30,3.11
25/05/2020,3.09,3.09,0.20 (6.92 %)," ","102,750","311,000,000",0,0,2.93,3.09,2.93
22/05/2020,2.89,2.89,0.04 (1.40 %)," ","21,650","62,000,000",0,0,2.86,2.90,2.85
21/05/2020,2.85,2.85,0.07 (2.52 %)," ","16,370","47,000,000",0,0,2.86,2.86,2.82
20/05/2020,2.78,2.78,-0.07 (-2.46 %)," ","57,850","165,000,000",0,0,2.89,2.89,2.78
19/05/2020,2.85,2.85,0.05 (1.79 %)," ","59,870","170,000,000",0,0,2.85,2.90,2.78
18/05/2020,2.80,2.80,0.00 (0.00 %)," ","142,470","401,000,000",0,0,2.80,2.86,2.80
15/05/2020,2.80,2.80,0.00 (0.00 %)," ","51,740","145,000,000",0,0,2.83,2.83,2.76
14/05/2020,2.80,2.80,0.05 (1.82 %)," ","170,950","478,000,000",0,0,2.86,2.87,2.75
13/05/2020,2.75,2.75,-0.09 (-3.17 %)," ","46,650","127,000,000",0,0,2.70,2.86,2.70
12/05/2020,2.84,2.84,0.07 (2.53 %)," ","17,160","48,000,000",0,0,2.80,2.85,2.80
11/05/2020,2.77,2.77,0.01 (0.36 %)," ","32,720","94,000,000",0,0,2.77,2.88,2.77
08/05/2020,2.76,2.76,-0.02 (-0.72 %)," ","10,650","30,000,000",0,0,2.80,2.93,2.76
07/05/2020,2.78,2.78,0.13 (4.91 %)," ","4,030","11,000,000",0,0,2.66,2.80,2.66
06/05/2020,2.65,2.65,0.00 (0.00 %)," ","4,020","11,000,000",0,0,2.81,2.81,2.65
02/06/2020,3.15,3.15,0.08 (2.61 %)," ","39,990","123,000,000",0,0,2.99,3.17,2.99
01/06/2020,3.07,3.07,0.06 (1.99 %)," ","24,010","74,000,000",0,0,2.94,3.18,2.94
29/05/2020,3.01,3.01,-0.09 (-2.90 %)," ","150,850","448,000,000",0,0,3.10,3.10,2.90
28/05/2020,3.10,3.10,0.00 (0.00 %)," ","69,060","210,000,000",0,0,3.10,3.10,2.96
27/05/2020,3.10,3.10,-0.18 (-5.49 %)," ","103,000","334,000,000",0,0,3.43,3.43,3.10
26/05/2020,3.28,3.28,0.19 (6.15 %)," ","188,760","620,000,000",0,0,3.29,3.30,3.11
25/05/2020,3.09,3.09,0.20 (6.92 %)," ","102,750","311,000,000",0,0,2.93,3.09,2.93
22/05/2020,2.89,2.89,0.04 (1.40 %)," ","21,650","62,000,000",0,0,2.86,2.90,2.85
21/05/2020,2.85,2.85,0.07 (2.52 %)," ","16,370","47,000,000",0,0,2.86,2.86,2.82
20/05/2020,2.78,2.78,-0.07 (-2.46 %)," ","57,850","165,000,000",0,0,2.89,2.89,2.78
19/05/2020,2.85,2.85,0.05 (1.79 %)," ","59,870","170,000,000",0,0,2.85,2.90,2.78
18/05/2020,2.80,2.80,0.00 (0.00 %)," ","142,470","401,000,000",0,0,2.80,2.86,2.80
15/05/2020,2.80,2.80,0.00 (0.00 %)," ","51,740","145,000,000",0,0,2.83,2.83,2.76
14/05/2020,2.80,2.80,0.05 (1.82 %)," ","170,950","478,000,000",0,0,2.86,2.87,2.75
13/05/2020,2.75,2.75,-0.09 (-3.17 %)," ","46,650","127,000,000",0,0,2.70,2.86,2.70
12/05/2020,2.84,2.84,0.07 (2.53 %)," ","17,160","48,000,000",0,0,2.80,2.85,2.80
11/05/2020,2.77,2.77,0.01 (0.36 %)," ","32,720","94,000,000",0,0,2.77,2.88,2.77
08/05/2020,2.76,2.76,-0.02 (-0.72 %)," ","10,650","30,000,000",0,0,2.80,2.93,2.76
07/05/2020,2.78,2.78,0.13 (4.91 %)," ","4,030","11,000,000",0,0,2.66,2.80,2.66
06/05/2020,2.65,2.65,0.00 (0.00 %)," ","4,020","11,000,000",0,0,2.81,2.81,2.65
05/05/2020,2.65,2.65,-0.07 (-2.57 %)," ","15,550","42,000,000",0,0,2.72,2.77,2.65
04/05/2020,2.72,2.72,-0.07 (-2.51 %)," ","51,430","141,000,000",0,0,2.78,2.79,2.70
29/04/2020,2.79,2.79,0.01 (0.36 %)," ","7,890","22,000,000",0,0,2.79,2.91,2.78
28/04/2020,2.78,2.78,-0.17 (-5.76 %)," ","13,240","37,000,000",0,0,2.97,2.97,2.78
27/04/2020,2.95,2.95,0.03 (1.03 %)," ","65,750","191,000,000",0,0,2.89,2.95,2.89
24/04/2020,2.92,2.92,0.08 (2.82 %)," ","20,700","59,000,000",0,0,2.84,2.93,2.80
23/04/2020,2.84,2.84,-0.04 (-1.39 %)," ","46,530","136,000,000",0,0,2.99,2.99,2.84
22/04/2020,2.88,2.88,0.09 (3.23 %)," ","15,160","44,000,000",0,0,2.79,2.89,2.79
21/04/2020,2.79,2.79,-0.10 (-3.46 %)," ","14,640","40,000,000",0,0,2.69,2.99,2.69
20/04/2020,2.89,2.89,0.04 (1.40 %)," ","13,370","39,000,000",0,0,2.98,2.99,2.83
17/04/2020,2.85,2.85,-0.14 (-4.68 %)," ","15,740","46,000,000",0,0,2.97,2.97,2.85
16/04/2020,2.99,2.99,0.06 (2.05 %)," ","37,920","111,000,000",0,0,3.05,3.05,2.80
15/04/2020,2.93,2.93,0.07 (2.45 %)," ",180,"1,000,000",0,0,2.86,2.95,2.86
14/04/2020,2.86,2.86,0.02 (0.70 %)," ",430,"1,000,000",0,0,2.97,2.97,2.74
13/04/2020,2.84,2.84,0.12 (4.41 %)," ","5,280","15,000,000",0,0,2.61,2.85,2.61
10/04/2020,2.72,2.72,-0.11 (-3.89 %)," ","1,310","4,000,000",0,0,2.94,2.95,2.66
09/04/2020,2.83,2.83,0.06 (2.17 %)," ","14,480","38,000,000",0,0,2.60,2.84,2.60
08/04/2020,2.77,2.77,0.13 (4.92 %)," ","59,520","155,000,000",0,0,2.50,2.78,2.50
07/04/2020,2.64,2.64,0.00 (0.00 %)," ","8,460","21,000,000",0,0,2.50,2.64,2.50
06/04/2020,2.64,2.64,0.10 (3.94 %)," ",90,0,0,0,2.64,2.65,2.64
05/05/2020,2.65,2.65,-0.07 (-2.57 %)," ","15,550","42,000,000",0,0,2.72,2.77,2.65
04/05/2020,2.72,2.72,-0.07 (-2.51 %)," ","51,430","141,000,000",0,0,2.78,2.79,2.70
29/04/2020,2.79,2.79,0.01 (0.36 %)," ","7,890","22,000,000",0,0,2.79,2.91,2.78
28/04/2020,2.78,2.78,-0.17 (-5.76 %)," ","13,240","37,000,000",0,0,2.97,2.97,2.78
27/04/2020,2.95,2.95,0.03 (1.03 %)," ","65,750","191,000,000",0,0,2.89,2.95,2.89
24/04/2020,2.92,2.92,0.08 (2.82 %)," ","20,700","59,000,000",0,0,2.84,2.93,2.80
23/04/2020,2.84,2.84,-0.04 (-1.39 %)," ","46,530","136,000,000",0,0,2.99,2.99,2.84
22/04/2020,2.88,2.88,0.09 (3.23 %)," ","15,160","44,000,000",0,0,2.79,2.89,2.79
21/04/2020,2.79,2.79,-0.10 (-3.46 %)," ","14,640","40,000,000",0,0,2.69,2.99,2.69
20/04/2020,2.89,2.89,0.04 (1.40 %)," ","13,370","39,000,000",0,0,2.98,2.99,2.83
17/04/2020,2.85,2.85,-0.14 (-4.68 %)," ","15,740","46,000,000",0,0,2.97,2.97,2.85
16/04/2020,2.99,2.99,0.06 (2.05 %)," ","37,920","111,000,000",0,0,3.05,3.05,2.80
15/04/2020,2.93,2.93,0.07 (2.45 %)," ",180,"1,000,000",0,0,2.86,2.95,2.86
14/04/2020,2.86,2.86,0.02 (0.70 %)," ",430,"1,000,000",0,0,2.97,2.97,2.74
13/04/2020,2.84,2.84,0.12 (4.41 %)," ","5,280","15,000,000",0,0,2.61,2.85,2.61
10/04/2020,2.72,2.72,-0.11 (-3.89 %)," ","1,310","4,000,000",0,0,2.94,2.95,2.66
09/04/2020,2.83,2.83,0.06 (2.17 %)," ","14,480","38,000,000",0,0,2.60,2.84,2.60
08/04/2020,2.77,2.77,0.13 (4.92 %)," ","59,520","155,000,000",0,0,2.50,2.78,2.50
07/04/2020,2.64,2.64,0.00 (0.00 %)," ","8,460","21,000,000",0,0,2.50,2.64,2.50
06/04/2020,2.64,2.64,0.10 (3.94 %)," ",90,0,0,0,2.64,2.65,2.64
03/04/2020,2.54,2.54,0.04 (1.60 %)," ","1,690","4,000,000",0,0,2.34,2.54,2.33
01/04/2020,2.50,2.50,0.11 (4.60 %)," ","37,890","91,000,000",0,0,2.40,2.50,2.40
31/03/2020,2.39,2.39,0.14 (6.22 %)," ","1,460","3,000,000",0,0,2.40,2.40,2.12
30/03/2020,2.25,2.25,-0.10 (-4.26 %)," ","135,680","318,000,000",0,0,2.50,2.50,2.19
27/03/2020,2.35,2.35,-0.09 (-3.69 %)," ","1,090","3,000,000",0,0,2.29,2.59,2.29
26/03/2020,2.44,2.44,-0.07 (-2.79 %)," ",330,"1,000,000",0,0,2.68,2.68,2.43
25/03/2020,2.51,2.51,-0.13 (-4.92 %)," ",110,0,0,0,2.79,2.79,2.51
24/03/2020,2.64,2.64,0.17 (6.88 %)," ","64,050","167,000,000",0,0,2.47,2.64,2.45
23/03/2020,2.47,2.47,-0.18 (-6.79 %)," ","6,210","15,000,000",0,0,2.49,2.49,2.47
20/03/2020,2.65,2.65,-0.04 (-1.49 %)," ",220,"1,000,000",0,0,2.52,2.65,2.52
19/03/2020,2.69,2.69,-0.01 (-0.37 %)," ","2,770","7,000,000",0,0,2.52,2.69,2.52
18/03/2020,2.70,2.70,0.08 (3.05 %)," ","2,180","5,000,000",0,0,2.44,2.75,2.44
17/03/2020,2.62,2.62,0.12 (4.80 %)," ","2,010","5,000,000",0,0,2.62,2.62,2.34
16/03/2020,2.50,2.50,0.10 (4.17 %)," ","52,080","117,000,000",0,0,2.24,2.50,2.24
13/03/2020,2.40,2.40,-0.15 (-5.88 %)," ","15,360","37,000,000",0,0,2.65,2.65,2.38
12/03/2020,2.55,2.55,-0.19 (-6.93 %)," ","31,830","81,000,000",0,0,2.55,2.88,2.55
11/03/2020,2.74,2.74,-0.09 (-3.18 %)," ","23,890","63,000,000",0,0,2.82,2.82,2.64
10/03/2020,2.83,2.83,-0.01 (-0.35 %)," ","5,520","15,000,000",0,0,2.66,2.84,2.65
09/03/2020,2.84,2.84,-0.21 (-6.89 %)," ","4,230","12,000,000",0,0,2.84,2.85,2.84
06/03/2020,3.05,3.05,0.19 (6.64 %)," ","5,640","16,000,000",0,0,2.75,3.05,2.75
05/03/2020,2.86,2.86,0.01 (0.35 %)," ","3,120","9,000,000",0,0,2.83,2.86,2.80
04/03/2020,2.85,2.85,-0.12 (-4.04 %)," ","8,610","25,000,000",0,0,2.85,2.90,2.82
03/03/2020,2.97,2.97,0.14 (4.95 %)," ",510,"1,000,000",0,0,2.75,2.97,2.75
02/03/2020,2.83,2.83,0.01 (0.35 %)," ","3,290","9,000,000",0,0,2.87,3.01,2.83
28/02/2020,2.82,2.82,-0.07 (-2.42 %)," ",170,0,0,0,2.88,2.88,2.82
27/02/2020,2.89,2.89,-0.01 (-0.34 %)," ","1,290","4,000,000",0,0,2.86,2.89,2.86
26/02/2020,2.90,2.90,-0.01 (-0.34 %)," ",140,0,0,0,2.78,2.90,2.78
25/02/2020,2.91,2.91,-0.09 (-3.00 %)," ","4,510","13,000,000",0,0,2.98,2.98,2.82
24/02/2020,3.00,3.00,0.15 (5.26 %)," ","1,020","3,000,000",0,0,2.85,3.00,2.75
21/02/2020,2.85,2.85,-0.09 (-3.06 %)," ","5,020","15,000,000",0,0,2.90,3.13,2.85
20/02/2020,2.94,2.94,0.10 (3.52 %)," ","3,080","9,000,000",0,0,2.99,2.99,2.85
19/02/2020,2.84,2.84,-0.12 (-4.05 %)," ","11,170","32,000,000",0,0,2.96,2.96,2.83
18/02/2020,2.96,2.96,0.16 (5.71 %)," ","9,960","28,000,000",0,0,2.76,2.99,2.76
17/02/2020,2.80,2.80,-0.15 (-5.08 %)," ","32,580","91,000,000",0,0,2.82,2.89,2.75
14/02/2020,2.95,2.95,-0.05 (-1.67 %)," ","31,050","88,000,000",0,0,2.83,2.95,2.80
13/02/2020,3.00,3.00,0.00 (0.00 %)," ","2,070","6,000,000",0,0,3.14,3.14,3.00
12/02/2020,3.00,3.00,0.01 (0.33 %)," ","8,130","24,000,000",0,0,3.01,3.10,2.99
11/02/2020,2.99,2.99,-0.01 (-0.33 %)," ","3,020","9,000,000",0,0,3.10,3.10,2.97
10/02/2020,3.00,3.00,0.02 (0.67 %)," ",120,0,0,0,3.10,3.15,3.00
07/02/2020,2.98,2.98,-0.21 (-6.58 %)," ","7,420","22,000,000",0,0,2.97,3.00,2.97
06/02/2020,3.19,3.19,0.15 (4.93 %)," ",10,0,0,0,3.19,3.19,3.19
05/02/2020,3.04,3.04,0.01 (0.33 %)," ",110,0,0,0,3.14,3.14,3.04
04/02/2020,3.03,3.03,-0.02 (-0.66 %)," ","1,970","6,000,000",0,0,2.86,3.15,2.86
03/02/2020,3.05,3.05,-0.02 (-0.65 %)," ","60,080","172,000,000",0,0,3.05,3.06,2.86
31/01/2020,3.07,3.07,-0.23 (-6.97 %)," ","61,750","190,000,000",0,0,3.49,3.49,3.07
30/01/2020,3.30,3.30,0.04 (1.23 %)," ","54,540","167,000,000",0,0,3.45,3.45,3.05
22/01/2020,3.26,3.26,0.00 (0.00 %)," ","2,670","8,000,000",0,0,3.35,3.46,3.04
21/01/2020,3.26,3.26,-0.24 (-6.86 %)," ","9,650","31,000,000",0,0,3.26,3.26,3.26
20/01/2020,3.50,3.50,-0.01 (-0.28 %)," ","1,140","4,000,000",0,0,3.56,3.56,3.27
17/01/2020,3.51,3.51,0.00 (0.00 %)," ",0,0,0,0,3.51,3.51,3.51
16/01/2020,3.51,3.51,0.08 (2.33 %)," ",10,0,0,0,3.51,3.51,3.51
15/01/2020,3.43,3.43,0.18 (5.54 %)," ",910,"3,000,000",0,0,3.43,3.43,3.43
14/01/2020,3.25,3.25,0.16 (5.18 %)," ","2,450","7,000,000",0,0,3.09,3.25,3.00
13/01/2020,3.09,3.09,0.19 (6.55 %)," ",10,0,0,0,3.09,3.09,3.09
10/01/2020,2.90,2.90,0.01 (0.35 %)," ","1,530","4,000,000",0,0,2.83,2.90,2.81
09/01/2020,2.89,2.89,0.07 (2.48 %)," ",30,0,0,0,2.98,2.98,2.82
08/01/2020,2.82,2.82,-0.08 (-2.76 %)," ","28,500","82,000,000",0,0,2.87,2.89,2.82
07/01/2020,2.90,2.90,0.05 (1.75 %)," ","3,210","9,000,000",0,0,2.80,2.90,2.80
06/01/2020,2.85,2.85,-0.13 (-4.36 %)," ","11,110","31,000,000",0,0,2.81,2.90,2.80
03/01/2020,2.98,2.98,0.15 (5.30 %)," ",300,"1,000,000",0,0,2.81,2.98,2.81
02/01/2020,2.83,2.83,-0.17 (-5.67 %)," ","4,220","12,000,000",0,0,2.90,2.90,2.81
31/12/2019,3.00,3.00,-0.19 (-5.96 %)," ","8,310","25,000,000",0,0,3.00,3.00,3.00
30/12/2019,3.19,3.19,-0.04 (-1.24 %)," ","3,110","10,000,000",0,0,3.02,3.19,3.01
27/12/2019,3.23,3.23,0.13 (4.19 %)," ","27,730","83,000,000",0,0,2.99,3.23,2.96
26/12/2019,3.10,3.10,-0.09 (-2.82 %)," ","12,410","38,000,000",0,0,3.29,3.39,3.03
25/12/2019,3.19,3.19,-0.01 (-0.31 %)," ","5,930","19,000,000",0,0,3.20,3.24,3.04
24/12/2019,3.20,3.20,0.00 (0.00 %)," ","1,000","3,000,000",0,0,3.01,3.20,3.00
23/12/2019,3.20,3.20,-0.01 (-0.31 %)," ","7,070","22,000,000",0,0,3.00,3.20,3.00
20/12/2019,3.21,3.21,-0.02 (-0.62 %)," ","21,970","68,000,000",0,0,3.06,3.22,3.06
19/12/2019,3.23,3.23,0.00 (0.00 %)," ",0,0,0,0,3.23,3.23,3.23
18/12/2019,3.23,3.23,-0.12 (-3.58 %)," ","9,120","29,000,000",0,0,3.15,3.23,3.12
17/12/2019,3.35,3.35,0.05 (1.52 %)," ","4,770","15,000,000",0,0,3.37,3.38,3.10
16/12/2019,3.30,3.30,0.08 (2.48 %)," ",350,"1,000,000",0,0,3.07,3.43,3.07
13/12/2019,3.22,3.22,-0.18 (-5.29 %)," ","6,540","21,000,000",0,0,3.28,3.37,3.17
12/12/2019,3.40,3.40,-0.03 (-0.87 %)," ","15,010","49,000,000",0,0,3.28,3.40,3.28
11/12/2019,3.43,3.43,-0.03 (-0.87 %)," ","9,270","31,000,000",0,0,3.58,3.65,3.22
10/12/2019,3.46,3.46,-0.03 (-0.86 %)," ",40,0,0,0,3.69,3.69,3.46
09/12/2019,3.49,3.49,-0.01 (-0.29 %)," ","2,060","7,000,000",0,0,3.27,3.60,3.27
06/12/2019,3.50,3.50,0.10 (2.94 %)," ",60,0,0,0,3.25,3.59,3.25
05/12/2019,3.40,3.40,-0.18 (-5.03 %)," ","6,730","23,000,000",0,0,3.79,3.79,3.33
04/12/2019,3.58,3.58,0.14 (4.07 %)," ","1,500","5,000,000",0,0,3.59,3.59,3.58
03/12/2019,3.44,3.44,-0.01 (-0.29 %)," ","4,500","15,000,000",0,0,3.30,3.44,3.21
02/12/2019,3.45,3.45,0.15 (4.55 %)," ",200,"1,000,000",0,0,3.30,3.45,3.30
29/11/2019,3.30,3.30,-0.17 (-4.90 %)," ",200,"1,000,000",0,0,3.53,3.53,3.30
28/11/2019,3.47,3.47,0.02 (0.58 %)," ","12,910","43,000,000",0,0,3.40,3.47,3.33
27/11/2019,3.45,3.45,-0.05 (-1.43 %)," ","2,650","9,000,000",0,0,3.33,3.45,3.33
26/11/2019,3.50,3.50,0.10 (2.94 %)," ","17,450","59,000,000",0,0,3.40,3.54,3.39
25/11/2019,3.40,3.40,-0.25 (-6.85 %)," ","16,640","57,000,000",0,0,3.41,3.49,3.40
22/11/2019,3.65,3.65,0.15 (4.29 %)," ",10,0,0,0,3.65,3.65,3.65
21/11/2019,3.50,3.50,0.00 (0.00 %)," ","12,240","41,000,000",0,0,3.33,3.50,3.33
20/11/2019,3.50,3.50,0.10 (2.94 %)," ","10,880","36,000,000",0,0,3.34,3.55,3.34
19/11/2019,3.40,3.40,-0.15 (-4.23 %)," ","7,620","26,000,000",0,0,3.69,3.69,3.40
18/11/2019,3.55,3.55,-0.13 (-3.53 %)," ",530,"2,000,000",0,0,3.46,3.55,3.44
15/11/2019,3.68,3.68,0.19 (5.44 %)," ","2,010","7,000,000","190,000","663,100,000",3.45,3.68,3.41
14/11/2019,3.49,3.49,-0.25 (-6.68 %)," ","62,810","219,000,000",0,0,3.48,3.50,3.48
13/11/2019,3.74,3.74,0.17 (4.76 %)," ","5,010","18,000,000",0,0,3.57,3.74,3.57
12/11/2019,3.57,3.57,-0.17 (-4.55 %)," ",740,"3,000,000",0,0,3.57,3.57,3.57
11/11/2019,3.74,3.74,-0.05 (-1.32 %)," ",290,"1,000,000",0,0,3.54,3.74,3.54
08/11/2019,3.79,3.79,0.00 (0.00 %)," ",0,0,0,0,3.79,3.79,3.79
07/11/2019,3.79,3.79,0.00 (0.00 %)," ",0,0,0,0,3.79,3.79,3.79
06/11/2019,3.79,3.79,0.00 (0.00 %)," ","1,010","4,000,000",0,0,3.78,3.79,3.78
05/11/2019,3.79,3.79,0.19 (5.28 %)," ","13,280","47,000,000",0,0,3.70,3.80,3.50
04/11/2019,3.60,3.60,-0.11 (-2.96 %)," ","3,510","13,000,000",0,0,3.80,3.80,3.60
01/11/2019,3.71,3.71,-0.17 (-4.38 %)," ","2,240","8,000,000",0,0,3.83,3.85,3.71
31/10/2019,3.88,3.88,0.03 (0.78 %)," ",170,"1,000,000",0,0,3.83,3.90,3.83
30/10/2019,3.85,3.85,-0.13 (-3.27 %)," ","12,450","48,000,000","466,354","1,818,780,600",3.90,3.90,3.85
29/10/2019,3.98,3.98,0.02 (0.51 %)," ","26,180","101,000,000",0,0,4.20,4.20,3.86
28/10/2019,3.96,3.96,-0.01 (-0.25 %)," ","12,680","49,000,000",0,0,3.82,3.96,3.80
25/10/2019,3.97,3.97,0.03 (0.76 %)," ","8,260","31,000,000",0,0,4.18,4.18,3.80
24/10/2019,3.94,3.94,0.12 (3.14 %)," ","1,820","7,000,000","224,400","857,208,000",4.05,4.05,3.74
23/10/2019,3.82,3.82,-0.28 (-6.83 %)," ","6,360","24,000,000",0,0,3.85,4.00,3.82
22/10/2019,4.10,4.10,0.25 (6.49 %)," ","20,200","78,000,000",0,0,3.83,4.10,3.83
21/10/2019,3.85,3.85,0.17 (4.62 %)," ","1,530","6,000,000",0,0,3.80,3.85,3.80
18/10/2019,3.68,3.68,-0.11 (-2.90 %)," ","11,000","41,000,000",0,0,3.83,3.85,3.68
17/10/2019,3.79,3.79,-0.03 (-0.79 %)," ","8,960","33,000,000",0,0,3.80,3.85,3.70
16/10/2019,3.82,3.82,-0.08 (-2.05 %)," ","6,210","24,000,000",0,0,3.80,3.82,3.80
15/10/2019,3.90,3.90,0.08 (2.09 %)," ",40,0,0,0,3.88,3.90,3.88
14/10/2019,3.82,3.82,0.00 (0.00 %)," ",930,"4,000,000",0,0,3.63,3.82,3.63
11/10/2019,3.82,3.82,0.24 (6.70 %)," ","2,490","9,000,000",0,0,3.79,3.83,3.62
10/10/2019,3.58,3.58,-0.25 (-6.53 %)," ","6,600","24,000,000",0,0,3.88,3.88,3.58
09/10/2019,3.83,3.83,0.03 (0.79 %)," ","9,000","33,000,000",0,0,3.70,3.90,3.60
08/10/2019,3.80,3.80,-0.04 (-1.04 %)," ","8,530","32,000,000",0,0,3.96,3.96,3.76
07/10/2019,3.84,3.84,-0.14 (-3.52 %)," ","27,130","104,000,000",0,0,3.95,3.95,3.80
04/10/2019,3.98,3.98,0.18 (4.74 %)," ",300,"1,000,000",0,0,4.00,4.00,3.98
03/10/2019,3.80,3.80,-0.05 (-1.30 %)," ",520,"2,000,000",0,0,3.79,3.80,3.79
02/10/2019,3.85,3.85,0.07 (1.85 %)," ","1,210","5,000,000",0,0,3.80,3.85,3.80
01/10/2019,3.78,3.78,0.18 (5.00 %)," ","8,520","31,000,000",0,0,3.60,3.79,3.60
30/09/2019,3.60,3.60,-0.20 (-5.26 %)," ","78,580","294,000,000",0,0,3.88,3.89,3.60
27/09/2019,3.80,3.80,0.00 (0.00 %)," ","20,680","79,000,000",0,0,3.80,3.90,3.79
26/09/2019,3.80,3.80,-0.05 (-1.30 %)," ","27,330","102,000,000",0,0,3.61,3.80,3.61
25/09/2019,3.85,3.85,0.01 (0.26 %)," ","8,690","33,000,000",0,0,3.80,3.85,3.80
24/09/2019,3.84,3.84,-0.14 (-3.52 %)," ","20,270","78,000,000",0,0,3.74,3.85,3.74
23/09/2019,3.98,3.98,-0.07 (-1.73 %)," ","89,790","345,000,000",0,0,3.88,3.98,3.78
20/09/2019,4.05,4.05,-0.01 (-0.25 %)," ","7,430","30,000,000",0,0,3.98,4.06,3.96
19/09/2019,4.06,4.06,-0.02 (-0.49 %)," ","1,240","5,000,000",0,0,3.84,4.06,3.82
18/09/2019,4.08,4.08,0.00 (0.00 %)," ","4,510","18,000,000",0,0,3.93,4.08,4.07
17/09/2019,4.08,4.08,-0.01 (-0.24 %)," ","9,570","39,000,000",0,0,3.93,4.10,4.07
16/09/2019,4.09,4.09,0.00 (0.00 %)," ",0,0,0,0,4.09,4.09,4.09
13/09/2019,4.09,4.09,-0.09 (-2.15 %)," ","4,010","16,000,000",0,0,3.93,4.14,3.93
12/09/2019,4.18,4.18,0.18 (4.50 %)," ","1,010","4,000,000",0,0,4.18,4.18,4.18
11/09/2019,4.00,4.00,-0.15 (-3.61 %)," ",310,"1,000,000",0,0,4.20,4.20,4.00
10/09/2019,4.15,4.15,0.04 (0.97 %)," ",220,"1,000,000",0,0,4.15,4.15,4.15
09/09/2019,4.11,4.11,-0.05 (-1.20 %)," ","1,240","5,000,000",0,0,4.16,4.16,4.10
06/09/2019,4.16,4.16,0.00 (0.00 %)," ","1,160","5,000,000",0,0,4.16,4.16,4.16
05/09/2019,4.16,4.16,-0.04 (-0.95 %)," ","10,110","42,000,000",0,0,4.14,4.16,4.14
04/09/2019,4.20,4.20,0.03 (0.72 %)," ",750,"3,000,000",0,0,3.93,4.20,4.18
03/09/2019,4.17,4.17,0.00 (0.00 %)," ","4,970","21,000,000",0,0,3.93,4.17,3.93
30/08/2019,4.17,4.17,-0.03 (-0.71 %)," ","6,490","26,000,000",0,0,4.15,4.19,4.00
29/08/2019,4.20,4.20,0.02 (0.48 %)," ","2,600","11,000,000",0,0,3.92,4.20,3.92
28/08/2019,4.18,4.18,-0.02 (-0.48 %)," ","14,890","59,000,000",0,0,4.00,4.18,3.92
27/08/2019,4.20,4.20,-0.01 (-0.24 %)," ","1,610","6,000,000",0,0,3.92,4.20,3.92
26/08/2019,4.21,4.21,-0.08 (-1.86 %)," ","1,940","8,000,000",0,0,3.99,4.22,3.99
23/08/2019,4.29,4.29,0.19 (4.63 %)," ","11,820","47,000,000",0,0,4.29,4.29,3.90
22/08/2019,4.10,4.10,-0.09 (-2.15 %)," ","1,530","6,000,000",0,0,4.27,4.27,4.10
21/08/2019,4.19,4.19,0.13 (3.20 %)," ","66,070","274,000,000",0,0,4.20,4.20,4.15
20/08/2019,4.06,4.06,-0.09 (-2.17 %)," ","121,510","504,000,000",0,0,3.98,4.18,3.98
19/08/2019,4.15,4.15,0.00 (0.00 %)," ",420,"2,000,000",0,0,4.20,4.20,4.01
16/08/2019,4.15,4.15,0.00 (0.00 %)," ","1,210","5,000,000",0,0,4.05,4.15,4.05
15/08/2019,4.15,4.15,-0.04 (-0.95 %)," ","32,330","131,000,000",0,0,4.00,4.15,4.00
14/08/2019,4.19,4.19,-0.01 (-0.24 %)," ","4,390","18,000,000",0,0,4.28,4.28,4.00
13/08/2019,4.20,4.20,0.00 (0.00 %)," ","22,090","90,000,000",0,0,3.94,4.20,3.94
12/08/2019,4.20,4.20,0.01 (0.24 %)," ","63,750","265,000,000",0,0,4.17,4.29,4.01
09/08/2019,4.19,4.19,0.08 (1.95 %)," ","35,190","146,000,000",0,0,4.11,4.30,4.11
08/08/2019,4.11,4.11,0.14 (3.53 %)," ","24,810","97,000,000",0,0,3.81,4.12,3.80
07/08/2019,3.97,3.97,-0.30 (-7.03 %)," ","41,100","161,000,000",0,0,4.10,4.14,3.79
06/08/2019,3.88,4.27,-0.08 (-1.84 %)," ","41,450","170,000,000",0,0,4.10,4.50,4.10
05/08/2019,3.95,4.35,-0.04 (-0.91 %)," ","26,780","116,000,000",0,0,4.39,4.61,4.30
02/08/2019,3.99,4.39,0.00 (0.00 %)," ","3,790","16,000,000",0,0,4.67,4.67,4.20
01/08/2019,3.99,4.39,-0.06 (-1.35 %)," ","24,060","105,000,000",0,0,4.69,4.69,4.30
31/07/2019,4.05,4.45,0.00 (0.00 %)," ","4,470","20,000,000",0,0,4.66,4.66,4.45
30/07/2019,4.05,4.45,0.01 (0.23 %)," ","51,230","228,000,000",0,0,4.45,4.49,4.43
29/07/2019,4.04,4.44,-0.11 (-2.42 %)," ","20,630","93,000,000",0,0,4.55,4.60,4.42
26/07/2019,4.14,4.55,-0.05 (-1.09 %)," ","2,930","13,000,000",0,0,4.31,4.55,4.31
25/07/2019,4.18,4.60,0.10 (2.22 %)," ","2,770","12,000,000",0,0,4.60,4.60,4.40
24/07/2019,4.09,4.50,-0.08 (-1.75 %)," ","1,030","5,000,000",0,0,4.31,4.50,4.31
23/07/2019,4.16,4.58,0.15 (3.39 %)," ","15,110","67,000,000",0,0,4.50,4.70,4.21
22/07/2019,4.03,4.43,-0.27 (-5.74 %)," ","1,000","4,000,000",0,0,4.43,4.43,4.43
19/07/2019,4.27,4.70,0.03 (0.64 %)," ",10,0,0,0,4.70,4.70,4.70
18/07/2019,4.25,4.67,0.00 (0.00 %)," ","10,680","48,000,000",0,0,4.40,4.67,4.40
17/07/2019,4.25,4.67,-0.03 (-0.64 %)," ","1,410","7,000,000",0,0,4.63,4.67,4.63
16/07/2019,4.27,4.70,0.13 (2.84 %)," ",40,0,0,0,4.58,4.70,4.58
15/07/2019,4.15,4.57,-0.03 (-0.65 %)," ","27,960","126,000,000",0,0,4.51,4.60,4.36
12/07/2019,4.18,4.60,-0.10 (-2.13 %)," ","37,000","169,000,000",0,0,4.51,4.63,4.50
11/07/2019,4.27,4.70,0.00 (0.00 %)," ",40,0,0,0,4.70,4.70,4.70
10/07/2019,4.27,4.70,-0.09 (-1.88 %)," ","7,290","33,000,000",0,0,4.48,4.70,4.47
09/07/2019,4.35,4.79,0.20 (4.36 %)," ","7,060","32,000,000",0,0,4.50,4.79,4.50
08/07/2019,4.17,4.59,-0.09 (-1.92 %)," ","7,350","33,000,000",0,0,4.60,4.60,4.45
05/07/2019,4.25,4.68,0.17 (3.77 %)," ","23,190","105,000,000",0,0,4.70,4.70,4.49
04/07/2019,4.10,4.51,-0.14 (-3.01 %)," ","26,390","124,000,000",0,0,4.85,4.70,4.51
03/07/2019,4.23,4.65,0.00 (0.00 %)," ","31,190","141,000,000",0,0,4.85,4.85,4.47
02/07/2019,4.23,4.65,0.03 (0.65 %)," ","20,150","91,000,000",0,0,4.65,4.85,4.46
01/07/2019,4.20,4.62,-0.02 (-0.43 %)," ","17,840","82,000,000",0,0,4.62,4.64,4.51
28/06/2019,4.22,4.64,0.04 (0.87 %)," ","10,340","46,000,000",0,0,4.64,4.72,4.43
27/06/2019,4.18,4.60,-0.17 (-3.56 %)," ","17,420","78,000,000",0,0,4.60,4.61,4.44
26/06/2019,4.34,4.77,0.00 (0.00 %)," ",0,0,0,0,4.77,4.77,4.77
25/06/2019,4.34,4.77,0.12 (2.58 %)," ","19,670","87,000,000",0,0,4.80,4.80,4.34
24/06/2019,4.23,4.65,-0.05 (-1.06 %)," ","5,820","26,000,000",0,0,4.49,4.65,4.49
21/06/2019,4.27,4.70,-0.08 (-1.67 %)," ",100,0,"835,000","3,991,300,000",4.70,4.70,4.70
20/06/2019,4.35,4.78,0.03 (0.63 %)," ",10,0,0,0,4.78,4.78,4.78
19/06/2019,4.32,4.75,-0.13 (-2.66 %)," ","3,140","15,000,000",0,0,4.75,4.75,4.60
18/06/2019,4.44,4.88,0.18 (3.83 %)," ",930,"4,000,000",0,0,4.88,4.88,4.70
17/06/2019,4.27,4.70,-0.10 (-2.08 %)," ","12,250","57,000,000",0,0,4.80,4.90,4.60
14/06/2019,4.36,4.80,0.00 (0.00 %)," ","1,190","6,000,000",0,0,4.74,4.80,4.74
13/06/2019,4.36,4.80,0.10 (2.13 %)," ","4,550","21,000,000",0,0,4.69,4.80,4.61
12/06/2019,4.27,4.70,0.00 (0.00 %)," ",740,"3,000,000",0,0,4.69,4.70,4.69
11/06/2019,4.27,4.70,0.02 (0.43 %)," ","100,030","468,000,000",0,0,4.75,4.75,4.56
10/06/2019,4.25,4.68,0.18 (4.00 %)," ","6,260","29,000,000",0,0,4.50,4.70,4.40
07/06/2019,4.09,4.50,-0.06 (-1.32 %)," ","4,900","22,000,000",0,0,4.73,4.73,4.50
06/06/2019,4.15,4.56,-0.04 (-0.87 %)," ","48,830","224,000,000",0,0,4.68,4.75,4.41
05/06/2019,4.18,4.60,0.05 (1.10 %)," ","2,470","11,000,000",0,0,4.75,4.75,4.46
04/06/2019,4.14,4.55,0.05 (1.11 %)," ","2,200","10,000,000",0,0,4.50,4.55,4.50
03/06/2019,4.09,4.50,-0.10 (-2.17 %)," ","16,580","75,000,000",0,0,4.56,4.56,4.50
31/05/2019,4.18,4.60,0.02 (0.44 %)," ","15,300","70,000,000",0,0,4.50,4.60,4.50
30/05/2019,4.16,4.58,-0.02 (-0.43 %)," ","108,650","498,000,000",0,0,4.57,4.59,4.56
29/05/2019,4.18,4.60,0.10 (2.22 %)," ","11,390","50,000,000",0,0,4.40,4.60,4.31
28/05/2019,4.09,4.50,0.19 (4.41 %)," ","8,700","38,000,000",0,0,4.40,4.56,4.30
27/05/2019,3.92,4.31,-0.04 (-0.92 %)," ","14,520","65,000,000",0,0,4.36,4.60,4.31
24/05/2019,3.95,4.35,0.01 (0.23 %)," ","11,020","48,000,000",0,0,4.59,4.60,4.24
23/05/2019,3.95,4.34,0.00 (0.00 %)," ","13,990","59,000,000",0,0,4.34,4.39,4.14
22/05/2019,3.95,4.34,0.04 (0.93 %)," ","8,830","38,000,000",0,0,4.34,4.38,4.20
21/05/2019,3.91,4.30,-0.08 (-1.83 %)," ","28,030","121,000,000",0,0,4.31,4.40,4.26
20/05/2019,3.98,4.38,-0.01 (-0.23 %)," ","16,530","70,000,000",0,0,4.59,4.59,4.12
17/05/2019,3.99,4.39,0.25 (6.04 %)," ","7,100","31,000,000","145,060","559,931,600",4.40,4.41,4.25
16/05/2019,3.76,4.14,-0.30 (-6.76 %)," ","31,290","131,000,000","1,200,000","4,956,000,000",4.45,4.60,4.14
15/05/2019,4.04,4.44,0.04 (0.91 %)," ","4,990","22,000,000",0,0,4.48,4.49,4.40
14/05/2019,4.00,4.40,-0.20 (-4.35 %)," ",510,"2,000,000",0,0,4.40,4.40,4.40
13/05/2019,4.18,4.60,0.20 (4.55 %)," ","9,710","44,000,000",0,0,4.52,4.65,4.50
10/05/2019,4.00,4.40,-0.20 (-4.35 %)," ","4,260","19,000,000",0,0,4.60,4.60,4.37
09/05/2019,4.18,4.60,0.03 (0.66 %)," ","147,110","643,000,000",0,0,4.59,4.60,4.32
08/05/2019,4.15,4.57,-0.13 (-2.77 %)," ","7,190","33,000,000",0,0,4.60,4.64,4.57
07/05/2019,4.27,4.70,0.02 (0.43 %)," ","1,950","9,000,000",0,0,4.61,4.70,4.61
06/05/2019,4.25,4.68,0.08 (1.74 %)," ","9,300","43,000,000",0,0,4.60,4.68,4.56
03/05/2019,4.18,4.60,-0.02 (-0.43 %)," ","102,130","470,000,000",0,0,4.88,4.88,4.57
02/05/2019,4.20,4.62,-0.26 (-5.33 %)," ","78,230","369,000,000",0,0,4.77,4.79,4.60
26/04/2019,4.44,4.88,0.01 (0.21 %)," ","24,890","121,000,000",0,0,4.85,4.88,4.80
25/04/2019,4.43,4.87,0.01 (0.21 %)," ","2,620","13,000,000",0,0,4.83,4.90,4.83
24/04/2019,4.42,4.86,0.07 (1.46 %)," ","20,510","99,000,000",0,0,4.82,4.86,4.81
23/04/2019,4.35,4.79,0.01 (0.21 %)," ","4,690","23,000,000",0,0,4.71,4.93,4.71
22/04/2019,4.35,4.78,-0.11 (-2.25 %)," ","58,140","271,000,000",0,0,4.90,4.90,4.57
19/04/2019,4.45,4.89,0.02 (0.41 %)," ","2,750","13,000,000",0,0,4.75,5.10,4.75
18/04/2019,4.43,4.87,0.01 (0.21 %)," ","14,710","71,000,000",0,0,4.93,4.93,4.80
17/04/2019,4.42,4.86,-0.09 (-1.82 %)," ","41,100","201,000,000",0,0,4.87,4.96,4.85
16/04/2019,4.50,4.95,-0.03 (-0.60 %)," ","12,190","60,000,000",0,0,4.95,4.95,4.85
12/04/2019,4.53,4.98,-0.01 (-0.20 %)," ","2,330","11,000,000",0,0,4.89,4.98,4.85
11/04/2019,4.54,4.99,-0.06 (-1.19 %)," ","24,410","120,000,000",0,0,4.91,4.99,4.83
10/04/2019,4.59,5.05,0.00 (0.00 %)," ",0,0,0,0,5.05,5.05,5.05
09/04/2019,4.59,5.05,0.00 (0.00 %)," ","7,500","38,000,000",0,0,4.91,5.10,4.91
08/04/2019,4.59,5.05,0.10 (2.02 %)," ","57,440","283,000,000","773,662","3,636,211,400",4.91,5.10,4.61
05/04/2019,4.50,4.95,0.06 (1.23 %)," ","3,630","18,000,000",0,0,4.95,4.96,4.89
04/04/2019,4.45,4.89,-0.07 (-1.41 %)," ","8,200","40,000,000",0,0,4.86,4.98,4.86
03/04/2019,4.51,4.96,0.00 (0.00 %)," ","10,900","54,000,000",0,0,4.97,4.98,4.88
02/04/2019,4.51,4.96,0.00 (0.00 %)," ","1,380","7,000,000",0,0,4.97,4.97,4.86
01/04/2019,4.51,4.96,-0.02 (-0.40 %)," ","6,740","33,000,000",0,0,4.86,4.98,4.86
29/03/2019,4.53,4.98,0.13 (2.68 %)," ","6,220","31,000,000",0,0,4.85,5.17,4.85
28/03/2019,4.41,4.85,0.00 (0.00 %)," ","1,110","5,000,000",0,0,4.88,4.88,4.85
27/03/2019,4.41,4.85,0.00 (0.00 %)," ",510,"2,000,000",0,0,4.83,4.89,4.83
26/03/2019,4.41,4.85,-0.04 (-0.82 %)," ","122,550","590,000,000",0,0,4.99,4.99,4.80
25/03/2019,4.45,4.89,-0.08 (-1.61 %)," ","23,590","115,000,000",0,0,5.04,5.04,4.85
22/03/2019,4.52,4.97,-0.03 (-0.60 %)," ","1,020","5,000,000",0,0,4.92,5.13,4.92
21/03/2019,4.55,5.00,-0.08 (-1.57 %)," ","10,660","53,000,000",0,0,5.10,5.18,5.00
20/03/2019,4.62,5.08,0.00 (0.00 %)," ","29,440","148,000,000",0,0,5.11,5.11,4.99
19/03/2019,4.62,5.08,0.08 (1.60 %)," ","59,880","301,000,000",0,0,5.10,5.10,4.93
18/03/2019,4.55,5.00,0.05 (1.01 %)," ","8,620","43,000,000",0,0,4.99,5.08,4.94
15/03/2019,4.50,4.95,-0.04 (-0.80 %)," ","34,180","167,000,000",0,0,4.95,4.99,4.81
14/03/2019,4.54,4.99,0.17 (3.53 %)," ","28,080","139,000,000","794,211","3,573,949,500",4.84,5.08,4.82
13/03/2019,4.38,4.82,0.02 (0.42 %)," ","34,560","166,000,000",0,0,4.80,4.82,4.79
12/03/2019,4.36,4.80,0.00 (0.00 %)," ","38,320","184,000,000",0,0,4.92,5.08,4.76
11/03/2019,4.36,4.80,-0.07 (-1.44 %)," ","19,270","93,000,000",0,0,4.74,4.92,4.74
08/03/2019,4.43,4.87,-0.07 (-1.42 %)," ","7,160","35,000,000",0,0,4.91,4.92,4.87
07/03/2019,4.49,4.94,0.07 (1.44 %)," ","28,900","141,000,000",0,0,5.18,5.18,4.85
06/03/2019,4.43,4.87,-0.08 (-1.62 %)," ","68,000","331,000,000",0,0,4.90,4.95,4.86
05/03/2019,4.50,4.95,-0.02 (-0.40 %)," ","53,980","265,000,000",0,0,4.97,4.97,4.89
04/03/2019,4.52,4.97,0.07 (1.43 %)," ","15,770","77,000,000",0,0,4.87,4.97,4.87
01/03/2019,4.45,4.90,0.10 (2.08 %)," ","33,090","160,000,000",0,0,4.97,4.97,4.76
28/02/2019,4.36,4.80,-0.03 (-0.62 %)," ","25,730","124,000,000",0,0,4.81,4.99,4.79
27/02/2019,4.39,4.83,-0.04 (-0.82 %)," ","27,600","133,000,000",0,0,4.82,4.87,4.75
26/02/2019,4.43,4.87,-0.02 (-0.41 %)," ","16,240","79,000,000",0,0,4.88,5.19,4.80
25/02/2019,4.45,4.89,0.04 (0.82 %)," ","19,360","94,000,000",0,0,4.90,4.90,4.80
22/02/2019,4.41,4.85,0.02 (0.41 %)," ","11,570","55,000,000",0,0,4.90,4.90,4.77
21/02/2019,4.39,4.83,0.01 (0.21 %)," ","17,130","82,000,000",0,0,4.90,5.05,4.79
20/02/2019,4.38,4.82,-0.05 (-1.03 %)," ","19,670","94,000,000",0,0,4.90,4.90,4.73
19/02/2019,4.43,4.87,0.05 (1.04 %)," ","24,380","117,000,000",0,0,4.89,4.89,4.80
18/02/2019,4.38,4.82,-0.08 (-1.63 %)," ","42,480","205,000,000",0,0,4.85,4.85,4.80
15/02/2019,4.45,4.90,-0.01 (-0.20 %)," ","11,020","53,000,000",0,0,4.90,4.91,4.70
14/02/2019,4.46,4.91,-0.01 (-0.20 %)," ","8,010","39,000,000",0,0,4.95,4.95,4.91
13/02/2019,4.47,4.92,-0.01 (-0.20 %)," ","62,850","309,000,000",0,0,4.95,4.96,4.85
12/02/2019,4.48,4.93,-0.06 (-1.20 %)," ","89,100","431,000,000",0,0,4.71,5.00,4.71
11/02/2019,4.54,4.99,0.05 (1.01 %)," ",330,"2,000,000",0,0,5.00,5.00,4.60
01/02/2019,4.49,4.94,0.14 (2.92 %)," ","1,940","9,000,000",0,0,4.99,4.99,4.70
31/01/2019,4.36,4.80,-0.14 (-2.83 %)," ","63,930","301,000,000",0,0,4.96,4.96,4.60
30/01/2019,4.49,4.94,-0.01 (-0.20 %)," ","13,340","66,000,000",0,0,5.09,5.09,4.90
29/01/2019,4.50,4.95,0.10 (2.06 %)," ","11,410","56,000,000",0,0,5.04,5.05,4.85
28/01/2019,4.41,4.85,-0.05 (-1.02 %)," ","1,230","6,000,000",0,0,4.85,4.99,4.82
25/01/2019,4.45,4.90,0.01 (0.20 %)," ","1,750","9,000,000",0,0,4.94,5.00,4.88
24/01/2019,4.45,4.89,0.00 (0.00 %)," ","15,640","77,000,000",0,0,4.90,4.99,4.83
23/01/2019,4.45,4.89,0.00 (0.00 %)," ","17,650","88,000,000",0,0,5.00,5.00,4.89
22/01/2019,4.45,4.89,-0.01 (-0.20 %)," ","8,520","40,000,000",0,0,5.04,5.05,4.68
21/01/2019,4.45,4.90,-0.09 (-1.80 %)," ","9,940","49,000,000",0,0,5.10,5.10,4.85
18/01/2019,4.54,4.99,0.17 (3.53 %)," ",600,"3,000,000",0,0,4.98,4.99,4.87
17/01/2019,4.38,4.82,-0.08 (-1.63 %)," ","34,930","168,000,000","229,894","1,126,480,600",4.82,5.06,4.82
16/01/2019,4.45,4.90,-0.05 (-1.01 %)," ","5,600","28,000,000",0,0,4.90,5.09,4.84
15/01/2019,4.50,4.95,0.00 (0.00 %)," ","15,320","76,000,000",0,0,5.00,5.00,4.70
14/01/2019,4.50,4.95,-0.04 (-0.80 %)," ","22,660","113,000,000",0,0,4.99,5.03,4.95
11/01/2019,4.54,4.99,0.04 (0.81 %)," ","57,000","285,000,000",0,0,4.70,5.07,4.70
10/01/2019,4.50,4.95,-0.05 (-1.00 %)," ","13,630","68,000,000",0,0,5.08,5.08,4.94
09/01/2019,4.55,5.00,0.10 (2.04 %)," ","1,050","5,000,000",0,0,4.90,5.09,4.80
08/01/2019,4.45,4.90,-0.10 (-2.00 %)," ","6,190","31,000,000",0,0,5.00,5.10,4.90
07/01/2019,4.55,5.00,0.05 (1.01 %)," ","5,280","26,000,000",0,0,4.80,5.00,4.80
04/01/2019,4.50,4.95,0.02 (0.41 %)," ",630,"3,000,000",0,0,4.97,4.97,4.95
03/01/2019,4.48,4.93,0.23 (4.89 %)," ","10,950","52,000,000",0,0,4.51,4.95,4.51
02/01/2019,4.27,4.70,-0.33 (-6.56 %)," ","28,830","142,000,000",0,0,4.70,5.10,4.70
28/12/2018,4.57,5.03,-0.06 (-1.18 %)," ","42,860","216,000,000",0,0,5.06,5.13,5.00
27/12/2018,4.63,5.09,0.00 (0.00 %)," ","23,840","121,000,000",0,0,5.30,5.30,5.01
26/12/2018,4.63,5.09,-0.01 (-0.20 %)," ","6,420","32,000,000",0,0,5.18,5.18,5.00
25/12/2018,4.64,5.10,-0.02 (-0.39 %)," ","21,550","109,000,000",0,0,4.90,5.10,4.90
24/12/2018,4.65,5.12,-0.05 (-0.97 %)," ","30,990","159,000,000",0,0,5.14,5.15,5.12
21/12/2018,4.70,5.17,-0.01 (-0.19 %)," ","14,490","74,000,000",0,0,5.19,5.19,5.12
20/12/2018,4.71,5.18,0.00 (0.00 %)," ","8,690","45,000,000",0,0,5.14,5.18,5.13
19/12/2018,4.71,5.18,-0.01 (-0.19 %)," ","8,330","43,000,000",0,0,5.18,5.19,5.12
18/12/2018,4.72,5.19,-0.05 (-0.95 %)," ","10,930","56,000,000",0,0,4.98,5.30,4.98
17/12/2018,4.76,5.24,0.03 (0.58 %)," ","11,230","58,000,000",0,0,5.20,5.24,5.19
14/12/2018,4.74,5.21,-0.04 (-0.76 %)," ","23,220","122,000,000",0,0,5.48,5.48,5.17
13/12/2018,4.77,5.25,-0.04 (-0.76 %)," ","55,240","287,000,000",0,0,5.48,5.49,5.10
12/12/2018,4.81,5.29,0.09 (1.73 %)," ","14,790","77,000,000",0,0,5.22,5.35,5.18
11/12/2018,4.73,5.20,0.06 (1.17 %)," ","90,660","470,000,000",0,0,5.20,5.23,5.12
10/12/2018,4.67,5.14,-0.01 (-0.19 %)," ","53,670","279,000,000",0,0,5.19,5.23,5.14
07/12/2018,4.68,5.15,-0.04 (-0.77 %)," ","58,860","304,000,000",0,0,5.13,5.20,5.13
06/12/2018,4.72,5.19,0.01 (0.19 %)," ","21,600","111,000,000",0,0,5.30,5.30,5.02
05/12/2018,4.71,5.18,-0.02 (-0.38 %)," ","37,410","194,000,000",0,0,5.20,5.23,5.17
04/12/2018,4.73,5.20,0.00 (0.00 %)," ","41,310","215,000,000",0,0,5.27,5.27,5.17
03/12/2018,4.73,5.20,0.13 (2.56 %)," ","132,480","684,000,000",0,0,5.18,5.23,5.08
30/11/2018,4.61,5.07,-0.03 (-0.59 %)," ","59,850","304,000,000",0,0,5.27,5.27,5.04
29/11/2018,4.64,5.10,0.11 (2.20 %)," ","299,360","1,525,000,000",0,0,5.03,5.26,4.99
28/11/2018,4.54,4.99,-0.02 (-0.40 %)," ","74,040","371,000,000",0,0,5.04,5.04,4.96
27/11/2018,4.55,5.01,0.11 (2.24 %)," ","19,060","94,000,000",0,0,5.04,5.04,4.90
26/11/2018,4.45,4.90,-0.12 (-2.39 %)," ","23,290","116,000,000",0,0,5.15,5.15,4.90
23/11/2018,4.56,5.02,-0.09 (-1.76 %)," ","58,700","295,000,000",0,0,5.10,5.12,4.97
22/11/2018,4.65,5.11,-0.01 (-0.20 %)," ","47,370","238,000,000","500,000","2,735,000,000",5.12,5.24,5.00
21/11/2018,4.65,5.12,-0.05 (-0.97 %)," ","79,180","400,000,000",0,0,5.30,5.30,5.00
20/11/2018,4.70,5.17,-0.18 (-3.36 %)," ","63,360","328,000,000",0,0,5.20,5.20,5.03
19/11/2018,4.86,5.35,0.05 (0.94 %)," ","1,790","9,000,000",0,0,5.35,5.35,5.30
16/11/2018,4.82,5.30,0.30 (6.00 %)," ","2,620","14,000,000",0,0,5.33,5.33,5.11
15/11/2018,4.55,5.00,-0.35 (-6.54 %)," ","40,100","202,000,000",0,0,5.35,5.35,5.00
14/11/2018,4.86,5.35,0.00 (0.00 %)," ","43,500","229,000,000",0,0,5.21,5.35,5.20
13/11/2018,4.86,5.35,-0.10 (-1.83 %)," ","42,780","223,000,000",0,0,5.41,5.41,5.16
12/11/2018,4.95,5.45,-0.05 (-0.91 %)," ","15,330","82,000,000",0,0,5.50,5.50,5.35
09/11/2018,5.00,5.50,-0.06 (-1.08 %)," ","42,840","233,000,000",0,0,5.58,5.65,5.40
08/11/2018,5.05,5.56,0.06 (1.09 %)," ",410,"2,000,000",0,0,5.57,5.58,5.47
07/11/2018,5.00,5.50,-0.03 (-0.54 %)," ","16,330","89,000,000","100,000","591,000,000",5.45,5.50,5.40
06/11/2018,5.03,5.53,-0.02 (-0.36 %)," ","14,810","81,000,000",0,0,5.58,5.58,5.47
05/11/2018,5.05,5.55,0.06 (1.09 %)," ","14,020","77,000,000",0,0,5.56,5.57,5.49
02/11/2018,4.99,5.49,0.04 (0.73 %)," ","16,520","89,000,000",0,0,5.40,5.49,5.31
01/11/2018,4.95,5.45,-0.13 (-2.33 %)," ","57,670","313,000,000",0,0,5.58,5.58,5.38
31/10/2018,5.07,5.58,0.01 (0.18 %)," ","35,780","197,000,000",0,0,5.44,5.60,5.44
30/10/2018,5.06,5.57,0.02 (0.36 %)," ","31,020","170,000,000",0,0,5.50,5.57,5.43
29/10/2018,5.05,5.55,-0.01 (-0.18 %)," ","25,740","143,000,000",0,0,5.67,5.67,5.50
26/10/2018,5.05,5.56,0.23 (4.32 %)," ","51,180","276,000,000",0,0,5.00,5.64,5.00
25/10/2018,4.85,5.33,-0.11 (-2.02 %)," ","17,410","89,000,000",0,0,5.06,5.47,5.06
24/10/2018,4.95,5.44,0.11 (2.06 %)," ","10,260","55,000,000",0,0,5.32,5.48,5.31
23/10/2018,4.85,5.33,-0.40 (-6.98 %)," ","182,660","980,000,000",0,0,5.85,5.85,5.33
22/10/2018,5.21,5.73,-0.06 (-1.04 %)," ","52,630","293,000,000",0,0,5.58,5.73,5.51
19/10/2018,5.26,5.79,-0.10 (-1.70 %)," ","67,950","388,000,000",0,0,5.72,5.90,5.68
18/10/2018,5.35,5.89,0.07 (1.20 %)," ","27,460","161,000,000",0,0,6.06,6.06,5.71
17/10/2018,5.29,5.82,0.03 (0.52 %)," ","39,700","228,000,000",0,0,5.82,5.90,5.70
16/10/2018,5.26,5.79,0.17 (3.02 %)," ","12,980","74,000,000","379,500","2,132,790,000",5.75,5.89,5.65
15/10/2018,5.11,5.62,-0.09 (-1.58 %)," ","24,490","140,000,000",0,0,5.60,5.81,5.60
12/10/2018,5.19,5.71,0.00 (0.00 %)," ","28,660","163,000,000",0,0,5.71,5.71,5.52
11/10/2018,5.19,5.71,-0.19 (-3.22 %)," ","78,530","443,000,000",0,0,5.71,5.72,5.51
10/10/2018,5.36,5.90,-0.02 (-0.34 %)," ","15,000","88,000,000",0,0,5.92,5.92,5.82
09/10/2018,5.38,5.92,0.00 (0.00 %)," ","41,590","243,000,000",0,0,5.95,5.95,5.81
08/10/2018,5.38,5.92,-0.02 (-0.34 %)," ","63,770","372,000,000",0,0,5.90,5.94,5.81
05/10/2018,5.40,5.94,0.00 (0.00 %)," ","23,900","141,000,000",0,0,5.84,5.97,5.84
04/10/2018,5.40,5.94,0.02 (0.34 %)," ","24,340","143,000,000",0,0,5.90,5.97,5.86
03/10/2018,5.38,5.92,0.04 (0.68 %)," ","15,720","92,000,000",0,0,5.85,6.00,5.84
02/10/2018,5.35,5.88,0.04 (0.68 %)," ","58,530","345,000,000",0,0,5.84,6.02,5.84
01/10/2018,5.31,5.84,-0.16 (-2.67 %)," ","105,600","624,000,000",0,0,5.86,6.16,5.84
28/09/2018,5.45,6.00,0.10 (1.69 %)," ","50,770","300,000,000",0,0,6.00,6.00,5.85
27/09/2018,5.36,5.90,-0.10 (-1.67 %)," ","62,460","367,000,000",0,0,5.90,6.00,5.83
26/09/2018,5.45,6.00,0.05 (0.84 %)," ","25,680","153,000,000",0,0,5.85,6.06,5.83
25/09/2018,5.41,5.95,-0.15 (-2.46 %)," ","78,310","471,000,000",0,0,5.95,6.11,5.77
24/09/2018,5.55,6.10,0.20 (3.39 %)," ","148,300","886,000,000",0,0,5.98,6.10,5.90
21/09/2018,5.36,5.90,0.02 (0.34 %)," ","108,510","638,000,000",0,0,5.98,5.98,5.86
20/09/2018,5.35,5.88,0.00 (0.00 %)," ","78,190","458,000,000",0,0,5.88,5.94,5.77
19/09/2018,5.35,5.88,0.08 (1.38 %)," ","157,300","919,000,000",0,0,5.80,5.97,5.75
18/09/2018,5.27,5.80,0.00 (0.00 %)," ","41,620","240,000,000",0,0,5.80,5.80,5.75
17/09/2018,5.27,5.80,0.05 (0.87 %)," ","57,970","336,000,000",0,0,5.76,5.84,5.76
14/09/2018,5.23,5.75,0.01 (0.17 %)," ","38,530","220,000,000",0,0,5.65,5.76,5.65
13/09/2018,5.22,5.74,-0.01 (-0.17 %)," ","95,510","549,000,000",0,0,5.75,5.77,5.73
12/09/2018,5.23,5.75,-0.05 (-0.86 %)," ","191,580","1,105,000,000",0,0,5.76,5.87,5.73
11/09/2018,5.27,5.80,0.00 (0.00 %)," ","126,580","731,000,000",0,0,5.80,5.81,5.73
10/09/2018,5.27,5.80,-0.05 (-0.85 %)," ","81,580","476,000,000",0,0,5.85,5.91,5.75
07/09/2018,5.32,5.85,0.06 (1.04 %)," ","136,340","799,000,000",0,0,5.98,5.98,5.80
06/09/2018,5.26,5.79,0.37 (6.83 %)," ","267,410","1,537,000,000","342,000","1,980,180,000",5.56,5.79,5.51
05/09/2018,4.93,5.42,-0.09 (-1.63 %)," ","302,960","1,684,000,000",0,0,5.35,5.80,5.35
04/09/2018,5.01,5.51,-0.19 (-3.33 %)," ","120,120","667,000,000",0,0,5.46,5.70,5.40
31/08/2018,5.18,5.70,0.00 (0.00 %)," ","122,470","697,000,000",0,0,5.70,5.71,5.61
30/08/2018,5.18,5.70,-0.27 (-4.52 %)," ","171,080","985,000,000",0,0,5.95,6.00,5.70
29/08/2018,5.43,5.97,0.20 (3.47 %)," ","703,990","4,246,000,000",0,0,6.16,6.16,5.78
28/08/2018,5.25,5.77,0.37 (6.85 %)," ","116,600","673,000,000",0,0,5.77,5.77,5.77
27/08/2018,4.91,5.40,0.35 (6.93 %)," ","172,520","932,000,000",0,0,5.40,5.40,5.40
24/08/2018,4.59,5.05,0.33 (6.99 %)," ","341,190","1,696,000,000","1,010,000","5,100,500,000",4.53,5.05,4.53
23/08/2018,4.29,4.72,0.12 (2.61 %)," ","159,240","746,000,000",0,0,4.63,4.77,4.63
22/08/2018,4.18,4.60,0.05 (1.10 %)," ","310,990","1,417,000,000",0,0,4.45,4.61,4.41
21/08/2018,4.14,4.55,0.10 (2.25 %)," ","17,360","78,000,000",0,0,4.50,4.60,4.41
20/08/2018,4.05,4.45,-0.10 (-2.20 %)," ","37,040","165,000,000",0,0,4.46,4.54,4.40
17/08/2018,4.14,4.55,-0.01 (-0.22 %)," ","64,340","293,000,000",0,0,4.55,4.56,4.45
16/08/2018,4.15,4.56,0.10 (2.24 %)," ","1,390","6,000,000",0,0,4.63,4.64,4.50
15/08/2018,4.05,4.46,-0.06 (-1.33 %)," ","1,040","5,000,000",0,0,4.51,4.51,4.46
14/08/2018,4.11,4.52,-0.02 (-0.44 %)," ","12,930","58,000,000",0,0,4.53,4.54,4.43
13/08/2018,4.13,4.54,0.14 (3.18 %)," ","19,930","90,000,000",0,0,4.55,4.69,4.40
10/08/2018,4.00,4.40,-0.14 (-3.08 %)," ","16,340","72,000,000",0,0,4.54,4.54,4.40
09/08/2018,4.13,4.54,-0.06 (-1.30 %)," ","18,810","85,000,000",0,0,4.64,4.64,4.48
08/08/2018,4.18,4.60,0.03 (0.66 %)," ","30,740","138,000,000",0,0,4.60,4.60,4.46
07/08/2018,4.15,4.57,0.05 (1.11 %)," ","33,250","149,000,000",0,0,4.60,4.60,4.47
06/08/2018,4.11,4.52,-0.12 (-2.59 %)," ","24,690","110,000,000",0,0,4.44,4.63,4.43
03/08/2018,4.22,4.64,-0.01 (-0.22 %)," ","53,850","243,000,000",0,0,4.65,4.65,4.50
02/08/2018,4.23,4.65,-0.09 (-1.90 %)," ","13,440","62,000,000",0,0,4.70,4.70,4.55
01/08/2018,4.31,4.74,-0.02 (-0.42 %)," ","1,370","7,000,000",0,0,4.77,4.77,4.69
31/07/2018,4.33,4.76,-0.03 (-0.63 %)," ","76,300","365,000,000",0,0,4.79,4.80,4.76
30/07/2018,4.35,4.79,0.26 (5.74 %)," ","137,500","655,000,000",0,0,4.58,4.80,4.58
"                GD khp lnh"
"                GD tha thun"
"                Gi m ca               "
"                Gi cao nht"
"                Gi thp nht"
"                KL  t 1"
"                KL  t 2"
"                KL  t 3"
"            "
"            "
"                KL"
"                GT"
"                KL"
"                GT"
"                 "
"       "
"    "
"        "
,24/08/2018
,4.59
,5.05
,0.33 (6.99 %)
,"  "
,"341,190"
,"1,696,000,000"
,"1,010,000"
,"5,100,500,000"
,4.53
,5.05
,4.53
,0
,0
,0


"    "
"        "
,23/08/2018
,4.29
,4.72
,0.12 (2.61 %)
,"  "
,"159,240"
,"746,000,000"
,0
,0
,4.63
,4.77
,4.63
,0
,0
,0


"    "
"        "
,22/08/2018
,4.18
,4.60
,0.05 (1.10 %)
,"  "
,"310,990"
,"1,417,000,000"
,0
,0
,4.45
,4.61
,4.41
,0
,0
,0


"    "
"        "
,21/08/2018
,4.14
,4.55
,0.10 (2.25 %)
,"  "
,"17,360"
,"78,000,000"
,0
,0
,4.50
,4.60
,4.41
,0
,0
,0


"    "
"        "
,20/08/2018
,4.05
,4.45
,-0.10 (-2.20 %)
,"  "
,"37,040"
,"165,000,000"
,0
,0
,4.46
,4.54
,4.40
,0
,0
,0


"    "
"        "
,17/08/2018
,4.14
,4.55
,-0.01 (-0.22 %)
,"  "
,"64,340"
,"293,000,000"
,0
,0
,4.55
,4.56
,4.45
,0
,0
,0


"    "
"        "
,16/08/2018
,4.15
,4.56
,0.10 (2.24 %)
,"  "
,"1,390"
,"6,000,000"
,0
,0
,4.63
,4.64
,4.50
,0
,0
,0


"    "
"        "
,15/08/2018
,4.05
,4.46
,-0.06 (-1.33 %)
,"  "
,"1,040"
,"5,000,000"
,0
,0
,4.51
,4.51
,4.46
,0
,0
,0


"    "
"        "
,14/08/2018
,4.11
,4.52
,-0.02 (-0.44 %)
,"  "
,"12,930"
,"58,000,000"
,0
,0
,4.53
,4.54
,4.43
,0
,0
,0


"    "
"        "
,13/08/2018
,4.13
,4.54
,0.14 (3.18 %)
,"  "
,"19,930"
,"90,000,000"
,0
,0
,4.55
,4.69
,4.40
,0
,0
,0


"    "
"        "
,10/08/2018
,4.00
,4.40
,-0.14 (-3.08 %)
,"  "
,"16,340"
,"72,000,000"
,0
,0
,4.54
,4.54
,4.40
,0
,0
,0


"    "
"        "
,09/08/2018
,4.13
,4.54
,-0.06 (-1.30 %)
,"  "
,"18,810"
,"85,000,000"
,0
,0
,4.64
,4.64
,4.48
,0
,0
,0


"    "
"        "
,08/08/2018
,4.18
,4.60
,0.03 (0.66 %)
,"  "
,"30,740"
,"138,000,000"
,0
,0
,4.60
,4.60
,4.46
,0
,0
,0


"    "
"        "
,07/08/2018
,4.15
,4.57
,0.05 (1.11 %)
,"  "
,"33,250"
,"149,000,000"
,0
,0
,4.60
,4.60
,4.47
,0
,0
,0


"    "
"        "
,06/08/2018
,4.11
,4.52
,-0.12 (-2.59 %)
,"  "
,"24,690"
,"110,000,000"
,0
,0
,4.44
,4.63
,4.43
,0
,0
,0


"    "
"        "
,03/08/2018
,4.22
,4.64
,-0.01 (-0.22 %)
,"  "
,"53,850"
,"243,000,000"
,0
,0
,4.65
,4.65
,4.50
,0
,0
,0


"    "
"        "
,02/08/2018
,4.23
,4.65
,-0.09 (-1.90 %)
,"  "
,"13,440"
,"62,000,000"
,0
,0
,4.70
,4.70
,4.55
,0
,0
,0


"    "
"        "
,01/08/2018
,4.31
,4.74
,-0.02 (-0.42 %)
,"  "
,"1,370"
,"7,000,000"
,0
,0
,4.77
,4.77
,4.69
,0
,0
,0


"    "
"        "
,31/07/2018
,4.33
,4.76
,-0.03 (-0.63 %)
,"  "
,"76,300"
,"365,000,000"
,0
,0
,4.79
,4.80
,4.76
,0
,0
,0


"    "
"        "
,30/07/2018
,4.35
,4.79
,0.26 (5.74 %)
,"  "
,"137,500"
,"655,000,000"
,0
,0
,4.58
,4.80
,4.58
,0
,0
,0


"    "
"        "
29/06/2018,4.45,4.89,0.06 (1.32 %)," ","62,650","307,000,000",0,0,4.90,5.00,4.61
28/06/2018,4.39,6.05,0.02 (0.33 %)," ","137,210","825,000,000",0,0,6.05,6.08,5.96
27/06/2018,4.37,6.03,0.03 (0.50 %)," ","37,450","225,000,000",0,0,6.05,6.05,5.96
26/06/2018,4.35,6.00,-0.09 (-1.48 %)," ","91,380","549,000,000",0,0,6.09,6.11,5.99
25/06/2018,4.42,6.09,0.09 (1.50 %)," ","54,900","331,000,000",0,0,6.00,6.28,6.00
22/06/2018,4.35,6.00,-0.14 (-2.28 %)," ","21,800","131,000,000",0,0,6.14,6.14,6.00
21/06/2018,4.45,6.14,0.04 (0.66 %)," ","25,360","153,000,000",0,0,6.01,6.19,6.00
20/06/2018,4.42,6.10,0.06 (0.99 %)," ","22,970","139,000,000",0,0,6.10,6.12,5.99
19/06/2018,4.38,6.04,-0.11 (-1.79 %)," ","110,430","667,000,000",0,0,6.20,6.20,5.95
18/06/2018,4.46,6.15,-0.06 (-0.97 %)," ","75,250","462,000,000",0,0,6.21,6.21,6.10
15/06/2018,4.50,6.21,0.00 (0.00 %)," ","21,380","132,000,000",0,0,6.06,6.21,6.06
14/06/2018,4.50,6.21,0.05 (0.81 %)," ","71,860","440,000,000",0,0,6.17,6.22,6.10
13/06/2018,4.47,6.16,0.00 (0.00 %)," ","14,860","92,000,000",0,0,6.20,6.23,6.16
12/06/2018,4.47,6.16,-0.06 (-0.96 %)," ","64,030","395,000,000",0,0,6.11,6.27,6.11
11/06/2018,4.51,6.22,0.03 (0.48 %)," ","39,160","245,000,000",0,0,6.26,6.26,6.20
08/06/2018,4.49,6.19,-0.12 (-1.90 %)," ","80,920","498,000,000",0,0,6.31,6.35,6.12
07/06/2018,4.58,6.31,0.11 (1.77 %)," ","76,710","482,000,000",0,0,6.28,6.37,6.25
06/06/2018,4.50,6.20,0.05 (0.81 %)," ","74,760","463,000,000",0,0,6.11,6.20,6.11
05/06/2018,4.46,6.15,0.07 (1.15 %)," ","73,300","447,000,000",0,0,6.06,6.15,6.06
04/06/2018,4.41,6.08,0.03 (0.50 %)," ","67,140","406,000,000",0,0,6.05,6.09,6.05
01/06/2018,4.39,6.05,-0.01 (-0.17 %)," ","121,420","733,000,000",0,0,6.06,6.06,6.02
31/05/2018,4.39,6.06,0.10 (1.68 %)," ","165,150","992,000,000",0,0,5.96,6.08,5.96
30/05/2018,4.32,5.96,-0.04 (-0.67 %)," ","62,390","372,000,000",0,0,5.95,6.10,5.95
29/05/2018,4.35,6.00,0.05 (0.84 %)," ","90,510","542,000,000",0,0,6.00,6.03,5.90
28/05/2018,4.31,5.95,-0.15 (-2.46 %)," ","54,530","321,000,000",0,0,6.09,6.09,5.80
25/05/2018,4.42,6.10,0.17 (2.87 %)," ","26,190","159,000,000",0,0,6.05,6.31,5.96
24/05/2018,4.30,5.93,-0.06 (-1.00 %)," ","25,730","154,000,000",0,0,5.90,6.05,5.90
23/05/2018,4.34,5.99,-0.08 (-1.32 %)," ","38,060","223,000,000",0,0,5.80,6.04,5.80
22/05/2018,4.40,6.07,-0.06 (-0.98 %)," ","16,570","98,000,000",0,0,6.07,6.07,5.90
21/05/2018,4.45,6.13,0.01 (0.16 %)," ","10,170","62,000,000",0,0,6.14,6.14,6.08
18/05/2018,4.44,6.12,-0.03 (-0.49 %)," ","21,420","130,000,000",0,0,6.15,6.15,6.05
17/05/2018,4.46,6.15,0.01 (0.16 %)," ","15,910","98,000,000",0,0,6.14,6.15,6.08
16/05/2018,4.45,6.14,-0.04 (-0.65 %)," ","21,210","129,000,000",0,0,6.10,6.15,6.10
15/05/2018,4.48,6.18,0.00 (0.00 %)," ","12,220","75,000,000",0,0,6.18,6.20,6.09
14/05/2018,4.48,6.18,0.08 (1.31 %)," ","14,080","86,000,000",0,0,6.07,6.18,6.07
11/05/2018,4.42,6.10,-0.05 (-0.81 %)," ","12,370","75,000,000",0,0,6.01,6.14,6.01
10/05/2018,4.46,6.15,0.09 (1.49 %)," ","15,970","97,000,000",0,0,5.90,6.15,5.80
09/05/2018,4.39,6.06,0.04 (0.66 %)," ","85,350","516,000,000",0,0,6.29,6.29,6.01
08/05/2018,4.37,6.02,-0.21 (-3.37 %)," ","20,400","123,000,000",0,0,6.26,6.26,6.02
07/05/2018,4.52,6.23,-0.04 (-0.64 %)," ","4,350","27,000,000",0,0,6.26,6.26,6.05
04/05/2018,4.55,6.27,0.08 (1.29 %)," ","16,210","100,000,000",0,0,5.95,6.29,5.95
03/05/2018,4.49,6.19,-0.05 (-0.80 %)," ","33,070","206,000,000","839,130","5,148,693,000",6.24,6.24,6.00
02/05/2018,4.53,6.24,0.24 (4.00 %)," ","78,050","487,000,000","283,150","1,698,900,000",6.24,6.38,6.10
27/04/2018,4.35,6.00,-0.07 (-1.15 %)," ","24,430","148,000,000","100,000","610,000,000",6.00,6.28,6.00
26/04/2018,4.40,6.07,-0.20 (-3.19 %)," ","36,680","221,000,000",0,0,5.94,6.30,5.94
24/04/2018,4.55,6.27,0.02 (0.32 %)," ","38,860","239,000,000",0,0,6.25,6.28,6.02
23/04/2018,4.53,6.25,-0.03 (-0.48 %)," ","52,920","334,000,000",0,0,6.25,6.70,6.20
20/04/2018,4.55,6.28,-0.02 (-0.32 %)," ","12,430","78,000,000",0,0,6.30,6.36,6.13
19/04/2018,4.57,6.30,0.02 (0.32 %)," ","38,650","242,000,000",0,0,6.69,6.69,6.11
18/04/2018,4.55,6.28,-0.12 (-1.88 %)," ","16,890","106,000,000",0,0,6.23,6.39,6.22
17/04/2018,4.64,6.40,0.15 (2.40 %)," ","28,720","179,000,000",0,0,6.29,6.40,6.20
16/04/2018,4.53,6.25,-0.05 (-0.79 %)," ","102,660","636,000,000",0,0,6.20,6.25,6.18
13/04/2018,4.57,6.30,0.00 (0.00 %)," ","74,460","462,000,000",0,0,6.10,6.38,6.10
12/04/2018,4.57,6.30,-0.10 (-1.56 %)," ","16,410","101,000,000",0,0,6.40,6.45,6.10
11/04/2018,4.64,6.40,-0.24 (-3.61 %)," ","28,190","177,000,000",0,0,6.73,6.73,6.21
10/04/2018,4.82,6.64,-0.04 (-0.60 %)," ","82,920","524,000,000",0,0,6.90,6.90,6.25
09/04/2018,4.84,6.68,0.08 (1.21 %)," ","59,430","405,000,000","300,000","1,950,000,000",6.90,6.90,6.68
06/04/2018,4.79,6.60,0.43 (6.97 %)," ","377,920","2,452,000,000",0,0,6.20,6.60,6.20
05/04/2018,4.47,6.17,-0.06 (-0.96 %)," ","26,060","162,000,000",0,0,6.23,6.25,6.17
04/04/2018,4.52,6.23,0.04 (0.65 %)," ","109,270","677,000,000",0,0,6.11,6.23,6.11
03/04/2018,4.49,6.19,0.18 (3.00 %)," ","27,050","165,000,000",0,0,6.01,6.19,6.01
02/04/2018,4.36,6.01,0.00 (0.00 %)," ","12,460","75,000,000",0,0,6.01,6.18,6.00
30/03/2018,4.36,6.01,0.01 (0.17 %)," ","44,880","270,000,000",0,0,6.02,6.15,6.00
29/03/2018,4.35,6.00,-0.17 (-2.76 %)," ","118,400","714,000,000",0,0,6.02,6.25,6.00
28/03/2018,4.47,6.17,-0.03 (-0.48 %)," ","66,990","408,000,000","330,000","2,046,000,000",6.10,6.38,6.00
27/03/2018,4.50,6.20,0.10 (1.64 %)," ","20,450","126,000,000",0,0,6.20,6.20,6.05
26/03/2018,4.42,6.10,-0.08 (-1.29 %)," ","6,390","39,000,000",0,0,6.04,6.17,6.04
23/03/2018,4.48,6.18,-0.02 (-0.32 %)," ","70,240","424,000,000",0,0,6.19,6.19,6.00
22/03/2018,4.50,6.20,-0.15 (-2.36 %)," ","49,850","311,000,000","90,000","531,900,000",6.24,6.49,6.20
21/03/2018,4.61,6.35,-0.06 (-0.94 %)," ","55,210","349,000,000",0,0,6.30,6.56,6.20
20/03/2018,4.65,6.41,0.20 (3.22 %)," ","129,460","825,000,000",0,0,6.29,6.58,6.27
19/03/2018,4.50,6.21,0.04 (0.65 %)," ","93,720","582,000,000",0,0,6.17,6.29,6.17
16/03/2018,4.47,6.17,0.02 (0.33 %)," ",790,"5,000,000",0,0,6.17,6.19,6.07
15/03/2018,4.46,6.15,0.05 (0.82 %)," ","5,570","34,000,000",0,0,6.18,6.18,6.10
14/03/2018,4.42,6.10,-0.04 (-0.65 %)," ","106,780","644,000,000",0,0,6.15,6.15,6.00
13/03/2018,4.45,6.14,0.08 (1.32 %)," ","56,780","341,000,000",0,0,6.15,6.15,6.00
12/03/2018,4.39,6.06,-0.16 (-2.57 %)," ","63,040","387,000,000",0,0,6.06,6.29,6.06
09/03/2018,4.51,6.22,-0.02 (-0.32 %)," ","19,710","122,000,000",0,0,6.10,6.24,6.10
08/03/2018,4.53,6.24,0.05 (0.81 %)," ","44,120","275,000,000",0,0,6.25,6.27,6.13
07/03/2018,4.49,6.19,0.06 (0.98 %)," ","62,510","386,000,000",0,0,6.01,6.26,6.00
03/04/2018,4.49,6.19,0.18 (3.00 %)," ","27,050","165,000,000",0,0,6.01,6.19,6.01
02/04/2018,4.36,6.01,0.00 (0.00 %)," ","12,460","75,000,000",0,0,6.01,6.18,6.00
30/03/2018,4.36,6.01,0.01 (0.17 %)," ","44,880","270,000,000",0,0,6.02,6.15,6.00
29/03/2018,4.35,6.00,-0.17 (-2.76 %)," ","118,400","714,000,000",0,0,6.02,6.25,6.00
28/03/2018,4.47,6.17,-0.03 (-0.48 %)," ","66,990","408,000,000","330,000","2,046,000,000",6.10,6.38,6.00
27/03/2018,4.50,6.20,0.10 (1.64 %)," ","20,450","126,000,000",0,0,6.20,6.20,6.05
26/03/2018,4.42,6.10,-0.08 (-1.29 %)," ","6,390","39,000,000",0,0,6.04,6.17,6.04
23/03/2018,4.48,6.18,-0.02 (-0.32 %)," ","70,240","424,000,000",0,0,6.19,6.19,6.00
22/03/2018,4.50,6.20,-0.15 (-2.36 %)," ","49,850","311,000,000","90,000","531,900,000",6.24,6.49,6.20
21/03/2018,4.61,6.35,-0.06 (-0.94 %)," ","55,210","349,000,000",0,0,6.30,6.56,6.20
20/03/2018,4.65,6.41,0.20 (3.22 %)," ","129,460","825,000,000",0,0,6.29,6.58,6.27
19/03/2018,4.50,6.21,0.04 (0.65 %)," ","93,720","582,000,000",0,0,6.17,6.29,6.17
16/03/2018,4.47,6.17,0.02 (0.33 %)," ",790,"5,000,000",0,0,6.17,6.19,6.07
15/03/2018,4.46,6.15,0.05 (0.82 %)," ","5,570","34,000,000",0,0,6.18,6.18,6.10
14/03/2018,4.42,6.10,-0.04 (-0.65 %)," ","106,780","644,000,000",0,0,6.15,6.15,6.00
13/03/2018,4.45,6.14,0.08 (1.32 %)," ","56,780","341,000,000",0,0,6.15,6.15,6.00
12/03/2018,4.39,6.06,-0.16 (-2.57 %)," ","63,040","387,000,000",0,0,6.06,6.29,6.06
09/03/2018,4.51,6.22,-0.02 (-0.32 %)," ","19,710","122,000,000",0,0,6.10,6.24,6.10
08/03/2018,4.53,6.24,0.05 (0.81 %)," ","44,120","275,000,000",0,0,6.25,6.27,6.13
07/03/2018,4.49,6.19,0.06 (0.98 %)," ","62,510","386,000,000",0,0,6.01,6.26,6.00
