06/05/2022,0.00,6.06,-0.45 (-6.91 %)," ","477,300","2,939,000,000",0,0,6.15,6.50,6.06
05/05/2022,0.00,6.51,-0.24 (-3.56 %)," ","393,200","2,661,000,000",0,0,6.79,7.00,6.30
04/05/2022,6.75,6.75,-0.35 (-4.93 %)," ","857,300","5,802,000,000",0,0,6.58,7.10,6.58
29/04/2022,7.07,7.07,0.47 (7.12 %)," ","1,511,200","10,645,000,000",0,0,7.07,7.07,6.83
28/04/2022,6.61,6.61,0.41 (6.61 %)," ","494,900","3,250,000,000",0,0,6.59,6.61,6.40
27/04/2022,6.18,6.18,0.38 (6.55 %)," ","419,400","2,527,000,000",0,0,5.78,6.18,5.50
26/04/2022,5.78,5.78,-0.42 (-6.77 %)," ","1,184,200","6,850,000,000",0,0,5.77,6.00,5.77
25/04/2022,6.20,6.20,-0.50 (-7.46 %)," ","662,900","4,115,000,000",0,0,6.22,6.29,6.20
22/04/2022,6.66,6.66,-0.50 (-6.98 %)," ","3,010,200","20,104,000,000",0,0,6.66,6.99,6.66
21/04/2022,7.16,7.16,-0.54 (-7.01 %)," ","29,800","213,000,000",0,0,7.16,7.16,7.16
20/04/2022,7.69,7.69,-0.57 (-6.90 %)," ","46,500","357,000,000",0,0,7.69,7.69,7.69
19/04/2022,8.26,8.26,-0.64 (-7.19 %)," ","89,900","742,000,000",0,0,8.26,8.26,8.26
18/04/2022,8.88,8.88,-0.62 (-6.53 %)," ","49,000","435,000,000",0,0,8.88,8.88,8.88
15/04/2022,9.54,9.54,-0.76 (-7.38 %)," ","98,100","935,000,000",0,0,9.54,9.54,9.54
14/04/2022,10.25,10.25,-0.75 (-6.82 %)," ","491,900","5,041,000,000",0,0,10.25,10.25,10.25
13/04/2022,11.00,11.00,0.00 (0.00 %)," ","448,600","4,760,000,000",0,0,11.10,11.25,10.25
12/04/2022,11.00,11.00,-0.80 (-6.78 %)," ","719,300","8,014,000,000",0,0,11.80,12.05,11.00
08/04/2022,11.80,11.80,-0.70 (-5.60 %)," ","300,700","3,622,000,000",0,0,12.10,12.45,11.80
07/04/2022,12.50,12.50,0.20 (1.63 %)," ","674,900","8,261,000,000",0,0,12.25,12.65,11.90
06/04/2022,12.25,12.25,-0.15 (-1.21 %)," ","438,500","5,380,000,000",0,0,12.30,12.40,12.10
05/04/2022,12.40,12.40,0.10 (0.81 %)," ","269,200","3,353,000,000",0,0,12.50,12.80,12.35
04/04/2022,12.30,12.30,0.10 (0.82 %)," ","443,900","5,417,000,000",0,0,12.25,12.35,12.00
01/04/2022,12.20,12.20,-0.30 (-2.40 %)," ","778,500","9,318,000,000",0,0,12.35,12.35,11.75
31/03/2022,12.45,12.45,-0.35 (-2.73 %)," ","467,700","5,901,000,000",0,0,12.60,12.90,12.40
30/03/2022,12.80,12.80,-0.60 (-4.48 %)," ","706,500","9,214,000,000",0,0,13.40,13.40,12.80
29/03/2022,13.40,13.40,0.40 (3.08 %)," ","884,500","11,730,000,000",0,0,12.90,13.65,12.80
28/03/2022,13.00,13.00,0.20 (1.56 %)," ","736,400","9,455,000,000",0,0,12.75,13.25,12.60
25/03/2022,12.75,12.75,-0.35 (-2.67 %)," ","1,008,600","12,937,000,000",0,0,13.00,13.10,12.75
24/03/2022,13.10,13.10,0.10 (0.77 %)," ","657,200","8,624,000,000",0,0,13.40,13.40,13.00
23/03/2022,13.00,13.00,-0.40 (-2.99 %)," ","850,600","11,197,000,000",0,0,12.95,13.50,12.95
22/03/2022,13.40,13.40,0.00 (0.00 %)," ","894,400","12,137,000,000",0,0,13.95,13.95,13.20
21/03/2022,13.40,13.40,0.10 (0.75 %)," ","848,300","11,433,000,000",0,0,13.70,13.70,13.30
18/03/2022,13.25,13.25,0.85 (6.85 %)," ","1,660,100","21,719,000,000",0,0,13.00,13.25,12.60
17/03/2022,12.40,12.40,-0.10 (-0.80 %)," ","718,300","8,942,000,000",0,0,12.40,12.70,12.30
16/03/2022,12.45,12.45,-0.35 (-2.73 %)," ","655,400","8,210,000,000",0,0,12.75,12.90,12.35
15/03/2022,12.80,12.80,0.30 (2.40 %)," ","973,000","12,035,000,000",0,0,11.80,13.35,11.80
14/03/2022,12.50,12.50,-0.90 (-6.72 %)," ","1,848,100","23,331,000,000",0,0,13.00,13.00,12.50
11/03/2022,13.40,13.40,-0.80 (-5.63 %)," ","1,693,400","23,086,000,000",0,0,14.05,14.05,13.25
10/03/2022,14.20,14.20,-0.50 (-3.40 %)," ","1,250,400","17,603,000,000",0,0,13.80,14.35,13.80
09/03/2022,14.65,14.65,0.95 (6.93 %)," ","2,202,400","31,302,000,000",0,0,14.00,14.65,13.20
08/03/2022,13.70,13.70,-0.80 (-5.52 %)," ","1,834,700","25,729,000,000",0,0,13.80,14.60,13.70
07/03/2022,14.50,14.50,0.60 (4.32 %)," ","2,092,600","30,422,000,000",0,0,14.70,14.80,14.20
04/03/2022,13.85,13.85,-0.85 (-5.78 %)," ","2,002,100","28,306,000,000",0,0,14.60,14.60,13.70
03/03/2022,14.70,14.70,0.60 (4.26 %)," ","3,185,900","47,705,000,000",0,0,14.70,15.05,14.10
02/03/2022,14.10,14.10,0.90 (6.82 %)," ","2,300,400","32,242,000,000",0,0,13.90,14.10,13.50
01/03/2022,13.20,13.20,-0.30 (-2.22 %)," ","1,608,400","21,974,000,000",0,0,14.00,14.10,13.10
28/02/2022,13.45,13.45,0.85 (6.75 %)," ","1,547,300","20,600,000,000",0,0,13.00,13.45,12.80
25/02/2022,12.60,12.60,0.10 (0.80 %)," ","1,678,000","21,055,000,000",0,0,12.40,12.80,11.95
24/02/2022,12.45,12.45,-0.05 (-0.40 %)," ","1,759,600","21,959,000,000",0,0,12.45,12.85,12.10
23/02/2022,12.45,12.45,0.45 (3.75 %)," ","1,660,400","20,854,000,000",0,0,12.00,12.80,12.00
22/02/2022,12.00,12.00,0.40 (3.45 %)," ","1,400,400","16,600,000,000",0,0,11.60,12.20,11.50
21/02/2022,11.60,11.60,0.30 (2.65 %)," ","1,029,600","11,908,000,000",0,0,11.30,11.80,11.30
18/02/2022,11.25,11.25,0.05 (0.45 %)," ","474,600","5,325,000,000",0,0,11.20,11.30,11.00
17/02/2022,11.20,11.20,0.00 (0.00 %)," ","389,400","4,287,000,000",0,0,11.20,11.20,10.90
16/02/2022,11.20,11.20,-0.10 (-0.88 %)," ","359,200","3,960,000,000",0,0,10.90,11.25,10.90
15/02/2022,11.25,11.25,-0.25 (-2.17 %)," ","504,300","5,668,000,000",0,0,11.50,11.50,11.10
14/02/2022,11.50,11.50,0.30 (2.68 %)," ","852,000","9,811,000,000",0,0,11.30,11.75,10.90
11/02/2022,11.20,11.20,0.20 (1.82 %)," ","505,500","5,676,000,000",0,0,11.00,11.50,10.95
10/02/2022,10.95,10.95,0.15 (1.39 %)," ","297,600","3,254,000,000",0,0,10.60,11.10,10.60
09/02/2022,10.75,10.75,-0.25 (-2.27 %)," ","357,100","3,848,000,000",0,0,10.70,11.00,10.60
08/02/2022,11.00,11.00,0.20 (1.85 %)," ","326,000","3,611,000,000",0,0,11.20,11.30,10.90
07/02/2022,10.80,10.80,0.70 (6.93 %)," ","515,200","5,528,000,000",0,0,10.30,10.80,10.30
28/01/2022,10.10,10.10,-0.80 (-7.34 %)," ","1,402,700","14,417,000,000",0,0,10.70,11.00,10.10
27/01/2022,10.85,10.85,-0.15 (-1.36 %)," ","341,100","3,727,000,000",0,0,11.20,11.20,10.80
26/01/2022,11.00,11.00,-0.20 (-1.79 %)," ","306,400","3,455,000,000",0,0,11.20,11.70,11.00
25/01/2022,11.20,11.20,0.10 (0.90 %)," ","525,800","5,799,000,000",0,0,11.05,11.20,10.80
24/01/2022,11.10,11.10,-0.80 (-6.72 %)," ","1,266,500","14,551,000,000",0,0,11.90,11.95,11.10
21/01/2022,11.90,11.90,0.00 (0.00 %)," ","818,100","9,819,000,000",0,0,11.80,12.25,11.75
20/01/2022,11.80,11.80,0.30 (2.61 %)," ","444,300","5,124,000,000",0,0,11.50,11.95,11.30
19/01/2022,11.25,11.25,-0.15 (-1.32 %)," ","595,800","6,786,000,000",0,0,11.60,11.65,11.10
18/01/2022,11.35,11.35,0.55 (5.09 %)," ","747,800","8,294,000,000",0,0,10.80,11.35,10.60
17/01/2022,10.80,10.80,-0.20 (-1.82 %)," ","1,431,300","16,459,000,000",0,0,11.40,11.75,10.80
14/01/2022,11.00,11.00,-0.70 (-5.98 %)," ","1,216,800","13,387,000,000",0,0,10.85,11.50,10.85
13/01/2022,11.65,11.65,-0.85 (-6.80 %)," ","1,790,500","21,514,000,000",0,0,12.80,12.80,11.65
12/01/2022,12.50,12.50,0.30 (2.46 %)," ","1,668,700","20,607,000,000",0,0,12.20,12.90,11.80
11/01/2022,12.20,12.20,-0.20 (-1.61 %)," ","1,376,700","16,907,000,000",0,0,12.35,12.85,11.80
10/01/2022,12.40,12.40,0.20 (1.64 %)," ","1,580,900","19,996,000,000",0,0,12.00,13.05,12.00
07/01/2022,12.20,12.20,-0.10 (-0.81 %)," ","1,103,000","13,589,000,000",0,0,12.50,12.50,12.15
06/01/2022,12.25,12.25,0.75 (6.52 %)," ","2,009,700","24,421,000,000",0,0,11.50,12.30,11.50
05/01/2022,11.50,11.50,0.10 (0.88 %)," ","1,225,400","14,190,000,000",0,0,11.60,11.80,11.45
04/01/2022,11.40,11.40,0.00 (0.00 %)," ","1,288,700","14,827,000,000",0,0,11.50,11.90,11.25
31/12/2021,11.35,11.35,-0.35 (-2.99 %)," ","1,132,700","12,992,000,000",0,0,11.80,11.80,11.25
30/12/2021,11.70,11.70,0.50 (4.46 %)," ","2,030,500","23,945,000,000",0,0,11.50,11.95,11.40
29/12/2021,11.20,11.20,0.70 (6.67 %)," ","2,534,800","27,614,000,000",0,0,10.50,11.20,10.20
28/12/2021,10.50,10.50,-0.20 (-1.87 %)," ","1,159,600","12,335,000,000",0,0,10.90,10.90,10.45
27/12/2021,10.70,10.70,0.10 (0.94 %)," ","1,562,800","17,091,000,000",0,0,11.20,11.20,10.65
24/12/2021,10.55,10.55,0.65 (6.57 %)," ","3,041,100","31,791,000,000",0,0,10.35,10.55,9.99
23/12/2021,9.90,9.90,0.30 (3.13 %)," ","1,411,300","13,642,000,000",0,0,9.51,10.05,9.30
22/12/2021,9.59,9.59,-0.01 (-0.10 %)," ","1,216,800","11,495,000,000",0,0,9.60,9.60,9.30
21/12/2021,9.56,9.56,0.16 (1.70 %)," ","871,200","8,291,000,000",0,0,9.30,9.74,9.29
20/12/2021,9.40,9.40,-0.20 (-2.08 %)," ","783,600","7,386,000,000",0,0,9.41,9.73,9.30
17/12/2021,9.60,9.60,-0.20 (-2.04 %)," ","1,203,600","11,719,000,000",0,0,9.80,10.00,9.50
16/12/2021,9.80,9.80,0.30 (3.16 %)," ","873,800","8,425,000,000",0,0,9.51,9.90,9.50
15/12/2021,9.50,9.50,-0.20 (-2.06 %)," ","1,498,900","14,798,000,000",0,0,9.93,10.20,9.50
14/12/2021,9.70,9.70,0.63 (6.95 %)," ","2,022,100","19,347,000,000",0,0,9.15,9.70,9.00
13/12/2021,9.07,9.07,0.13 (1.45 %)," ","671,000","6,064,000,000",0,0,9.00,9.10,8.95
10/12/2021,8.94,8.94,-0.14 (-1.54 %)," ","607,400","5,451,000,000",0,0,9.21,9.21,8.80
09/12/2021,9.08,9.08,0.29 (3.30 %)," ","1,046,400","9,384,000,000",0,0,8.74,9.09,8.71
08/12/2021,8.79,8.79,0.04 (0.46 %)," ","541,100","4,742,000,000",0,0,8.84,8.84,8.72
07/12/2021,8.75,8.75,0.45 (5.42 %)," ","725,800","6,231,000,000",0,0,8.50,8.78,8.40
06/12/2021,8.30,8.30,-0.60 (-6.74 %)," ","1,284,000","10,933,000,000",0,0,8.74,8.90,8.28
03/12/2021,8.90,8.90,-0.38 (-4.09 %)," ","738,500","6,692,000,000",0,0,9.40,9.40,8.90
02/12/2021,9.28,9.28,-0.02 (-0.22 %)," ","1,077,700","10,155,000,000",0,0,9.75,9.75,9.25
01/12/2021,9.30,9.30,0.60 (6.90 %)," ","2,285,800","21,073,000,000",0,0,8.70,9.30,8.70
30/11/2021,8.70,8.70,0.20 (2.35 %)," ","869,000","7,594,000,000",0,0,8.69,9.00,8.54
29/11/2021,8.50,8.50,-0.38 (-4.28 %)," ","624,100","5,272,000,000",0,0,8.28,8.79,8.28
26/11/2021,8.88,8.88,-0.11 (-1.22 %)," ","811,000","7,094,000,000",0,0,8.90,9.00,8.45
25/11/2021,8.99,8.99,-0.11 (-1.21 %)," ","635,500","5,655,000,000",0,0,9.05,9.06,8.60
24/11/2021,9.10,9.10,0.41 (4.72 %)," ","870,800","7,920,000,000",0,0,8.71,9.29,8.71
23/11/2021,8.69,8.69,-0.06 (-0.69 %)," ","1,368,700","11,284,000,000",0,0,8.16,8.74,8.14
22/11/2021,8.75,8.75,-0.65 (-6.91 %)," ","1,686,500","14,974,000,000",0,0,9.40,9.40,8.75
19/11/2021,9.40,9.40,-0.10 (-1.05 %)," ","2,158,500","20,992,000,000",0,0,9.90,10.15,8.84
18/11/2021,9.50,9.50,0.62 (6.98 %)," ","2,859,600","27,094,000,000",0,0,9.00,9.50,8.90
17/11/2021,8.88,8.88,-0.02 (-0.22 %)," ","608,600","5,370,000,000",0,0,8.86,8.96,8.70
16/11/2021,8.90,8.90,-0.14 (-1.55 %)," ","1,008,400","8,959,000,000",0,0,9.04,9.05,8.67
15/11/2021,9.04,9.04,0.56 (6.60 %)," ","2,187,400","19,249,000,000",0,0,8.51,9.07,8.35
12/11/2021,8.48,8.48,0.26 (3.16 %)," ","1,297,200","10,907,000,000",0,0,8.23,8.54,8.20
11/11/2021,8.22,8.22,-0.10 (-1.20 %)," ","760,500","6,231,000,000",0,0,8.33,8.34,8.10
10/11/2021,8.32,8.32,0.36 (4.52 %)," ","1,149,000","9,443,000,000",0,0,8.10,8.40,8.03
09/11/2021,7.96,7.96,-0.16 (-1.97 %)," ","733,000","5,859,000,000",0,0,8.17,8.17,7.94
08/11/2021,8.12,8.12,0.17 (2.14 %)," ","844,600","6,815,000,000",0,0,8.16,8.17,8.00
05/11/2021,7.95,7.95,0.23 (2.98 %)," ","943,500","7,513,000,000",0,0,7.72,8.20,7.72
04/11/2021,7.72,7.72,-0.19 (-2.40 %)," ","868,000","6,697,000,000",0,0,7.54,7.90,7.53
03/11/2021,7.91,7.91,-0.59 (-6.94 %)," ","1,772,100","14,391,000,000",0,0,8.30,8.46,7.91
02/11/2021,8.50,8.50,0.44 (5.46 %)," ","2,275,800","19,436,000,000",0,0,8.49,8.62,8.10
01/11/2021,8.06,8.06,0.52 (6.90 %)," ","1,643,100","13,020,000,000",0,0,7.61,8.06,7.61
29/10/2021,7.54,7.54,0.04 (0.53 %)," ","974,100","7,352,000,000",0,0,7.60,7.60,7.47
28/10/2021,7.50,7.50,-0.08 (-1.06 %)," ","998,600","7,483,000,000",0,0,7.59,7.59,7.44
27/10/2021,7.58,7.58,0.34 (4.70 %)," ","1,346,400","10,124,000,000",0,0,7.26,7.70,7.26
26/10/2021,7.24,7.24,-0.01 (-0.14 %)," ","623,200","4,488,000,000",0,0,7.24,7.28,7.11
25/10/2021,7.25,7.25,0.09 (1.26 %)," ","911,300","6,626,000,000",0,0,7.30,7.39,7.23
22/10/2021,7.16,7.16,-0.07 (-0.97 %)," ","563,300","4,041,000,000",0,0,7.23,7.32,7.10
21/10/2021,7.23,7.23,0.03 (0.42 %)," ","612,300","4,419,000,000",0,0,7.26,7.34,7.15
20/10/2021,7.20,7.20,0.15 (2.13 %)," ","1,601,400","11,713,000,000",0,0,7.14,7.54,7.07
19/10/2021,7.05,7.05,-0.10 (-1.40 %)," ","457,000","3,245,000,000",0,0,7.15,7.17,7.05
18/10/2021,7.15,7.15,0.07 (0.99 %)," ","750,800","5,394,000,000",0,0,7.25,7.25,7.12
15/10/2021,7.08,7.08,-0.13 (-1.80 %)," ","789,700","5,621,000,000",0,0,7.20,7.22,7.00
14/10/2021,7.21,7.21,0.01 (0.14 %)," ","724,300","5,204,000,000",0,0,7.13,7.25,7.13
13/10/2021,7.20,7.20,-0.07 (-0.96 %)," ","467,100","3,363,000,000",0,0,7.27,7.36,7.15
12/10/2021,7.27,7.27,0.23 (3.27 %)," ","1,276,300","9,230,000,000",0,0,7.04,7.40,7.00
11/10/2021,7.04,7.04,-0.07 (-0.98 %)," ","555,200","3,932,000,000",0,0,7.14,7.14,7.04
08/10/2021,7.11,7.11,0.03 (0.42 %)," ","692,200","4,907,000,000",0,0,7.15,7.20,6.95
07/10/2021,7.08,7.08,-0.17 (-2.34 %)," ","935,800","6,643,000,000",0,0,7.07,7.20,7.05
06/10/2021,7.25,7.25,-0.14 (-1.89 %)," ","776,000","5,659,000,000",0,0,7.60,7.60,7.20
05/10/2021,7.39,7.39,0.16 (2.21 %)," ","900,700","6,535,000,000",0,0,7.30,7.43,7.15
04/10/2021,7.23,7.23,-0.06 (-0.82 %)," ","1,443,900","10,726,000,000",0,0,7.60,7.68,7.23
01/10/2021,7.29,7.29,0.29 (4.14 %)," ","1,568,800","11,221,000,000","27,587","179,591,370",6.97,7.42,6.75
30/09/2021,7.00,7.00,0.00 (0.00 %)," ","943,500","6,585,000,000",0,0,7.00,7.18,6.83
29/09/2021,7.00,7.00,0.33 (4.95 %)," ","1,572,100","10,917,000,000",0,0,6.80,7.11,6.71
28/09/2021,6.67,6.67,0.34 (5.37 %)," ","1,389,000","9,135,000,000",0,0,6.35,6.68,6.29
27/09/2021,6.33,6.33,-0.08 (-1.25 %)," ","730,900","4,677,000,000",0,0,6.32,6.63,6.29
24/09/2021,6.41,6.41,-0.14 (-2.14 %)," ","486,000","3,160,000,000",0,0,6.57,6.59,6.40
23/09/2021,6.55,6.55,-0.40 (-5.76 %)," ","1,905,700","13,319,000,000",0,0,7.40,7.40,6.55
22/09/2021,6.95,6.95,0.45 (6.92 %)," ","2,296,400","15,762,000,000",0,0,6.68,6.95,6.50
21/09/2021,6.50,6.50,0.00 (0.00 %)," ","548,100","3,483,000,000",0,0,6.30,6.50,6.21
20/09/2021,6.50,6.50,-0.05 (-0.76 %)," ","639,700","4,172,000,000",0,0,6.69,6.69,6.45
17/09/2021,6.55,6.55,0.15 (2.34 %)," ","838,000","5,423,000,000",0,0,6.30,6.80,6.00
16/09/2021,6.40,6.40,-0.20 (-3.03 %)," ","442,300","2,862,000,000",0,0,6.60,6.60,6.36
15/09/2021,6.60,6.60,0.36 (5.77 %)," ","1,511,200","9,908,000,000",0,0,6.67,6.67,6.33
14/09/2021,6.24,6.24,0.40 (6.85 %)," ","1,071,300","6,617,000,000",0,0,5.86,6.24,5.86
13/09/2021,5.84,5.84,0.11 (1.92 %)," ","244,500","1,430,000,000",0,0,5.75,5.93,5.75
10/09/2021,5.73,5.73,-0.02 (-0.35 %)," ","162,700","927,000,000",0,0,5.76,5.76,5.66
09/09/2021,5.75,5.75,-0.03 (-0.52 %)," ","311,800","1,785,000,000",0,0,5.71,5.77,5.66
08/09/2021,5.78,5.78,0.04 (0.70 %)," ","77,500","443,000,000",0,0,5.74,5.78,5.70
07/09/2021,5.74,5.74,-0.25 (-4.17 %)," ","253,900","1,480,000,000",0,0,6.00,6.00,5.60
06/09/2021,5.99,5.99,0.24 (4.17 %)," ","555,000","3,268,000,000",0,0,5.72,6.10,5.71
01/09/2021,5.75,5.75,-0.05 (-0.86 %)," ","84,000","485,000,000",0,0,5.80,5.82,5.74
31/08/2021,5.80,5.80,0.17 (3.02 %)," ","260,800","1,491,000,000",0,0,5.63,5.82,5.63
30/08/2021,5.63,5.63,0.05 (0.90 %)," ","259,400","1,445,000,000",0,0,5.60,5.66,5.50
27/08/2021,5.58,5.58,0.03 (0.54 %)," ","167,900","925,000,000",0,0,5.50,5.58,5.45
26/08/2021,5.55,5.55,0.00 (0.00 %)," ","74,100","409,000,000",0,0,5.59,5.59,5.50
25/08/2021,5.55,5.55,0.03 (0.54 %)," ","81,600","450,000,000",0,0,5.58,5.58,5.50
24/08/2021,5.52,5.52,0.00 (0.00 %)," ","94,200","521,000,000",0,0,5.52,5.59,5.51
23/08/2021,5.52,5.52,-0.08 (-1.43 %)," ","114,300","633,000,000",0,0,5.60,5.60,5.51
20/08/2021,5.60,5.60,-0.19 (-3.28 %)," ","377,400","2,148,000,000",0,0,5.75,5.79,5.60
19/08/2021,5.79,5.79,-0.01 (-0.17 %)," ","88,400","506,000,000",0,0,5.81,5.85,5.70
18/08/2021,5.80,5.80,-0.06 (-1.02 %)," ","168,700","976,000,000",0,0,5.75,5.86,5.72
17/08/2021,5.86,5.86,-0.01 (-0.17 %)," ","132,000","764,000,000",0,0,5.90,5.90,5.72
16/08/2021,5.87,5.87,-0.02 (-0.34 %)," ","162,100","936,000,000",0,0,5.88,5.89,5.68
13/08/2021,5.89,5.89,-0.11 (-1.83 %)," ","96,100","560,000,000",0,0,6.00,6.00,5.75
12/08/2021,6.00,6.00,0.00 (0.00 %)," ","168,400","1,002,000,000",0,0,6.00,6.02,5.58
11/08/2021,6.00,6.00,0.00 (0.00 %)," ","168,100","1,019,000,000",0,0,6.00,6.15,6.00
10/08/2021,6.00,6.00,0.24 (4.17 %)," ","307,400","1,813,000,000",0,0,5.76,5.95,5.72
09/08/2021,5.76,5.76,0.00 (0.00 %)," ","139,200","798,000,000",0,0,5.72,5.77,5.69
06/08/2021,5.76,5.76,0.01 (0.17 %)," ","134,400","773,000,000",0,0,5.75,5.80,5.73
05/08/2021,5.75,5.75,0.02 (0.35 %)," ","75,700","433,000,000",0,0,5.70,5.75,5.68
04/08/2021,5.73,5.73,0.08 (1.42 %)," ","239,900","1,367,000,000",0,0,5.66,5.74,5.65
03/08/2021,5.65,5.65,-0.04 (-0.70 %)," ","78,300","442,000,000",0,0,5.68,5.72,5.50
02/08/2021,5.69,5.69,0.14 (2.52 %)," ","165,800","947,000,000",0,0,5.55,5.81,5.55
30/07/2021,5.55,5.55,0.00 (0.00 %)," ","59,500","327,000,000",0,0,5.55,5.55,5.40
29/07/2021,5.55,5.55,0.03 (0.54 %)," ","62,900","348,000,000",0,0,5.57,5.57,5.52
28/07/2021,5.52,5.52,-0.04 (-0.72 %)," ","68,000","376,000,000",0,0,5.56,5.60,5.51
27/07/2021,5.56,5.56,0.07 (1.28 %)," ","155,600","860,000,000",0,0,5.49,5.60,5.49
26/07/2021,5.49,5.49,-0.06 (-1.08 %)," ","131,900","708,000,000",0,0,5.31,5.50,5.31
23/07/2021,5.55,5.55,-0.10 (-1.77 %)," ","46,200","259,000,000",0,0,5.80,5.80,5.55
22/07/2021,5.65,5.65,0.15 (2.73 %)," ","108,400","604,000,000",0,0,5.42,5.65,5.42
21/07/2021,5.50,5.50,0.03 (0.55 %)," ","48,300","266,000,000",0,0,5.50,5.59,5.48
20/07/2021,5.47,5.47,-0.01 (-0.18 %)," ","121,400","649,000,000",0,0,5.30,5.47,5.20
19/07/2021,5.48,5.48,-0.22 (-3.86 %)," ","196,100","1,064,000,000",0,0,5.50,5.51,5.35
16/07/2021,5.70,5.70,-0.06 (-1.04 %)," ","94,700","539,000,000",0,0,5.63,5.85,5.63
15/07/2021,5.76,5.76,0.12 (2.13 %)," ","136,300","770,000,000",0,0,5.70,5.79,5.60
14/07/2021,5.64,5.64,0.04 (0.71 %)," ","90,000","506,000,000",0,0,5.64,5.80,5.60
13/07/2021,5.60,5.60,0.18 (3.32 %)," ","121,700","675,000,000",0,0,5.45,5.70,5.45
12/07/2021,5.42,5.42,-0.29 (-5.08 %)," ","252,600","1,390,000,000",0,0,5.70,5.70,5.40
09/07/2021,5.71,5.71,-0.25 (-4.19 %)," ","86,200","504,000,000",0,0,5.86,6.00,5.70
08/07/2021,5.96,5.96,0.06 (1.02 %)," ","146,500","865,000,000",0,0,5.90,6.00,5.89
07/07/2021,5.90,5.90,-0.10 (-1.67 %)," ","180,600","1,057,000,000",0,0,6.00,6.00,5.80
06/07/2021,6.00,6.00,-0.34 (-5.36 %)," ","152,800","960,000,000",0,0,6.36,6.60,6.00
05/07/2021,6.34,6.34,-0.16 (-2.46 %)," ","160,900","1,025,000,000",0,0,6.48,6.48,6.31
02/07/2021,6.50,6.50,0.05 (0.78 %)," ","152,600","992,000,000",0,0,6.50,6.61,6.45
01/07/2021,6.45,6.45,-0.05 (-0.77 %)," ","190,300","1,226,000,000",0,0,6.60,6.60,6.30
30/06/2021,6.50,6.50,-0.17 (-2.55 %)," ","264,600","1,745,000,000",0,0,6.67,6.69,6.50
29/06/2021,6.67,6.67,-0.17 (-2.49 %)," ","230,200","1,547,000,000",0,0,6.84,6.84,6.66
28/06/2021,6.84,6.84,-0.02 (-0.29 %)," ","229,800","1,585,000,000",0,0,6.86,7.05,6.79
25/06/2021,6.86,6.86,0.04 (0.59 %)," ","196,400","1,331,000,000",0,0,6.81,6.89,6.70
24/06/2021,6.82,6.82,-0.09 (-1.30 %)," ","117,400","807,000,000",0,0,6.91,6.93,6.81
23/06/2021,6.91,6.91,-0.15 (-2.12 %)," ","226,200","1,575,000,000",0,0,7.06,7.07,6.89
22/06/2021,7.06,7.06,0.23 (3.37 %)," ","873,800","6,217,000,000",0,0,6.98,7.25,6.90
21/06/2021,6.83,6.83,0.08 (1.19 %)," ","241,700","1,650,000,000",0,0,6.75,6.97,6.75
18/06/2021,6.75,6.75,-0.08 (-1.17 %)," ","238,500","1,614,000,000",0,0,6.80,6.85,6.74
17/06/2021,6.83,6.83,0.05 (0.74 %)," ","290,200","1,974,000,000",0,0,6.61,6.95,6.61
16/06/2021,6.78,6.78,0.02 (0.30 %)," ","317,300","2,164,000,000",0,0,6.80,6.98,6.77
15/06/2021,6.76,6.76,0.01 (0.15 %)," ","259,100","1,744,000,000",0,0,6.75,6.80,6.65
14/06/2021,6.75,6.75,0.07 (1.05 %)," ","298,900","2,035,000,000",0,0,6.70,7.00,6.58
11/06/2021,6.68,6.68,0.08 (1.21 %)," ","350,700","2,316,000,000",0,0,6.60,6.80,6.50
10/06/2021,6.60,6.60,-0.25 (-3.65 %)," ","267,300","1,757,000,000",0,0,6.58,6.70,6.50
09/06/2021,6.85,6.85,-0.03 (-0.44 %)," ","524,700","3,526,000,000",0,0,6.50,6.88,6.50
08/06/2021,6.88,6.88,-0.51 (-6.90 %)," ","626,900","4,396,000,000",0,0,7.30,7.30,6.88
07/06/2021,7.39,7.39,0.44 (6.33 %)," ","1,342,400","9,922,000,000",0,0,7.43,7.43,6.95
04/06/2021,6.95,6.95,0.45 (6.92 %)," ","759,300","5,063,000,000",0,0,6.50,6.95,6.30
03/06/2021,6.50,6.50,0.07 (1.09 %)," ","392,500","2,579,000,000",0,0,6.43,6.65,6.43
02/06/2021,6.43,6.43,-0.03 (-0.46 %)," ","313,000","2,034,000,000",0,0,6.50,6.59,6.43
01/06/2021,6.46,6.46,0.21 (3.36 %)," ","295,800","1,918,000,000",0,0,6.50,6.54,6.42
31/05/2021,6.25,6.25,0.25 (4.17 %)," ","359,700","2,200,000,000",0,0,6.06,6.26,6.00
28/05/2021,6.00,6.00,0.20 (3.45 %)," ","338,000","2,001,000,000",0,0,5.80,6.01,5.80
27/05/2021,5.80,5.80,-0.19 (-3.17 %)," ","149,200","879,000,000",0,0,6.00,6.02,5.75
26/05/2021,5.99,5.99,-0.21 (-3.39 %)," ","408,700","2,462,000,000",0,0,6.11,6.11,5.86
25/05/2021,6.20,6.20,0.01 (0.16 %)," ","130,000","811,000,000",0,0,6.19,6.30,6.19
24/05/2021,6.19,6.19,0.05 (0.81 %)," ","119,300","745,000,000",0,0,6.38,6.38,6.18
21/05/2021,6.14,6.14,0.39 (6.78 %)," ","602,300","3,419,000,000",0,0,5.75,6.15,5.40
20/05/2021,5.75,5.75,-0.28 (-4.64 %)," ","414,800","2,425,000,000",0,0,6.00,6.00,5.75
19/05/2021,6.03,6.03,-0.17 (-2.74 %)," ","220,800","1,353,000,000",0,0,6.26,6.26,5.91
18/05/2021,6.20,6.20,-0.16 (-2.52 %)," ","328,500","2,050,000,000",0,0,6.36,6.39,6.16
17/05/2021,6.36,6.36,-0.10 (-1.55 %)," ","88,400","567,000,000",0,0,6.46,6.55,6.22
14/05/2021,6.46,6.46,-0.09 (-1.37 %)," ","131,600","860,000,000",0,0,6.50,6.58,6.45
13/05/2021,6.55,6.55,-0.11 (-1.65 %)," ","200,300","1,317,000,000",0,0,6.66,6.66,6.53
12/05/2021,6.66,6.66,0.18 (2.78 %)," ","190,900","1,263,000,000",0,0,6.48,6.67,6.48
11/05/2021,6.48,6.48,0.09 (1.41 %)," ","326,900","2,108,000,000",0,0,6.39,6.67,6.36
10/05/2021,6.39,6.39,-0.10 (-1.54 %)," ","256,800","1,636,000,000",0,0,6.35,6.45,6.33
07/05/2021,6.49,6.49,-0.12 (-1.82 %)," ","202,500","1,315,000,000",0,0,6.61,6.63,6.42
06/05/2021,6.61,6.61,-0.24 (-3.50 %)," ","216,700","1,459,000,000",0,0,6.85,6.85,6.61
05/05/2021,6.85,6.85,0.25 (3.79 %)," ","231,900","1,581,000,000",0,0,7.00,7.00,6.60
04/05/2021,6.60,6.60,-0.09 (-1.35 %)," ","171,000","1,104,000,000",0,0,6.69,6.69,6.36
29/04/2021,6.69,6.69,-0.03 (-0.45 %)," ","175,500","1,180,000,000",0,0,6.72,6.85,6.61
28/04/2021,6.72,6.72,0.25 (3.86 %)," ","268,000","1,779,000,000",0,0,6.47,6.80,6.47
27/04/2021,6.47,6.47,-0.09 (-1.37 %)," ","181,500","1,170,000,000",0,0,6.36,6.56,6.36
26/04/2021,6.56,6.56,-0.34 (-4.93 %)," ","191,700","1,272,000,000",0,0,6.90,6.90,6.55
23/04/2021,6.90,6.90,0.25 (3.76 %)," ","550,400","3,633,000,000",0,0,6.22,7.00,6.22
22/04/2021,6.65,6.65,-0.50 (-6.99 %)," ","1,309,800","8,812,000,000",0,0,7.14,7.14,6.65
20/04/2021,7.15,7.15,-0.06 (-0.83 %)," ","446,500","3,211,000,000",0,0,7.21,7.25,7.12
19/04/2021,7.21,7.21,-0.09 (-1.23 %)," ","747,200","5,394,000,000",0,0,7.30,7.60,7.12
16/04/2021,7.30,7.30,-0.42 (-5.44 %)," ","724,500","5,387,000,000",0,0,7.70,7.72,7.18
15/04/2021,7.72,7.72,-0.28 (-3.50 %)," ","800,900","6,285,000,000",0,0,8.10,8.20,7.69
14/04/2021,8.00,8.00,0.01 (0.13 %)," ","708,700","5,534,000,000",0,0,7.80,8.00,7.50
13/04/2021,7.99,7.99,-0.31 (-3.73 %)," ","853,500","6,952,000,000",0,0,8.30,8.31,7.90
12/04/2021,8.30,8.30,0.38 (4.80 %)," ","1,405,800","11,236,000,000",0,0,7.90,8.46,7.81
09/04/2021,7.92,7.92,0.12 (1.54 %)," ","768,400","6,074,000,000",0,0,7.80,8.00,7.80
08/04/2021,7.80,7.80,0.05 (0.65 %)," ","523,100","4,132,000,000",0,0,8.00,8.00,7.80
07/04/2021,7.75,7.75,0.19 (2.51 %)," ","567,500","4,306,000,000",0,0,7.56,7.75,7.56
06/04/2021,7.56,7.56,-0.06 (-0.79 %)," ","333,300","2,527,000,000",0,0,7.61,7.61,7.55
05/04/2021,7.62,7.62,-0.14 (-1.80 %)," ","483,000","3,689,000,000",0,0,7.76,7.76,7.55
02/04/2021,7.76,7.76,0.04 (0.52 %)," ","332,200","2,572,000,000",0,0,7.72,7.84,7.50
01/04/2021,7.72,7.72,0.02 (0.26 %)," ","223,600","1,710,000,000",0,0,7.70,7.75,7.50
31/03/2021,7.70,7.70,-0.10 (-1.28 %)," ","227,900","1,768,000,000",0,0,7.56,7.86,7.56
30/03/2021,7.80,7.80,0.03 (0.39 %)," ","542,800","4,259,000,000",0,0,8.10,8.10,7.75
29/03/2021,7.77,7.77,0.50 (6.88 %)," ","1,175,600","9,031,000,000",0,0,7.27,7.77,7.27
26/03/2021,7.27,7.27,0.05 (0.69 %)," ","205,400","1,473,000,000",0,0,7.10,7.35,7.05
25/03/2021,7.22,7.22,-0.08 (-1.10 %)," ","375,200","2,707,000,000",0,0,7.30,7.38,6.91
24/03/2021,7.30,7.30,-0.20 (-2.67 %)," ","322,900","2,389,000,000",0,0,7.40,7.51,7.30
23/03/2021,7.50,7.50,-0.03 (-0.40 %)," ","783,600","5,962,000,000",0,0,7.53,7.77,7.45
22/03/2021,7.53,7.53,0.18 (2.45 %)," ","755,000","5,698,000,000",0,0,7.35,7.68,7.35
19/03/2021,7.35,7.35,-0.24 (-3.16 %)," ","394,800","2,891,000,000",0,0,7.20,7.45,7.20
18/03/2021,7.59,7.59,-0.06 (-0.78 %)," ","243,600","1,844,000,000",0,0,7.65,7.70,7.50
17/03/2021,7.65,7.65,0.19 (2.55 %)," ","231,400","1,764,000,000",0,0,7.46,7.80,7.45
16/03/2021,7.60,7.60,-0.19 (-2.44 %)," ","207,900","1,597,000,000",0,0,7.80,7.81,7.59
15/03/2021,7.79,7.79,0.10 (1.30 %)," ","335,000","2,610,000,000",0,0,7.73,7.86,7.73
12/03/2021,7.69,7.69,0.14 (1.85 %)," ","498,400","3,821,000,000",0,0,7.60,7.90,7.55
11/03/2021,7.55,7.55,-0.05 (-0.66 %)," ","370,900","2,810,000,000",0,0,7.70,7.72,7.49
10/03/2021,7.60,7.60,-0.30 (-3.80 %)," ","429,200","3,247,000,000",0,0,7.80,7.80,7.35
09/03/2021,7.90,7.90,-0.22 (-2.71 %)," ","381,800","3,022,000,000",0,0,8.05,8.05,7.60
08/03/2021,8.12,8.12,0.42 (5.45 %)," ","927,400","7,568,000,000",0,0,8.23,8.23,7.70
05/03/2021,7.70,7.70,0.50 (6.94 %)," ","1,046,300","8,056,000,000",0,0,7.70,7.70,7.60
04/03/2021,7.20,7.20,0.00 (0.00 %)," ","367,100","2,659,000,000",0,0,7.20,7.32,7.00
03/03/2021,7.20,7.20,0.20 (2.86 %)," ","252,100","1,783,000,000",0,0,6.98,7.20,6.98
02/03/2021,7.00,7.00,-0.20 (-2.78 %)," ","267,000","1,897,000,000",0,0,7.20,7.20,7.00
01/03/2021,7.20,7.20,0.07 (0.98 %)," ","316,000","2,254,000,000",0,0,7.13,7.20,7.08
26/02/2021,7.13,7.13,-0.01 (-0.14 %)," ","175,300","1,227,000,000",0,0,6.90,7.13,6.90
25/02/2021,7.14,7.14,0.04 (0.56 %)," ","233,600","1,661,000,000",0,0,7.20,7.20,7.00
24/02/2021,7.10,7.10,-0.14 (-1.93 %)," ","356,800","2,528,000,000",0,0,7.10,7.24,6.90
23/02/2021,7.24,7.24,0.16 (2.26 %)," ","477,300","3,449,000,000",0,0,7.30,7.39,7.10
22/02/2021,7.08,7.08,-0.17 (-2.34 %)," ","429,600","3,020,000,000",0,0,7.25,7.25,6.90
19/02/2021,7.25,7.25,0.17 (2.40 %)," ","443,700","3,206,000,000",0,0,7.10,7.50,7.03
18/02/2021,7.08,7.08,0.46 (6.95 %)," ","979,300","6,911,000,000",0,0,7.08,7.08,6.90
17/02/2021,6.62,6.62,0.43 (6.95 %)," ","282,600","1,871,000,000",0,0,6.62,6.62,6.62
09/02/2021,6.19,6.19,0.14 (2.31 %)," ","225,000","1,365,000,000",0,0,6.19,6.19,6.00
08/02/2021,6.05,6.05,-0.24 (-3.82 %)," ","390,500","2,380,000,000",0,0,6.05,6.30,5.85
05/02/2021,6.29,6.29,0.01 (0.16 %)," ","226,500","1,433,000,000",0,0,6.30,6.45,6.28
04/02/2021,6.28,6.28,0.26 (4.32 %)," ","442,700","2,803,000,000",0,0,6.40,6.40,6.20
03/02/2021,6.02,6.02,0.39 (6.93 %)," ","730,200","4,196,000,000",0,0,5.99,6.02,5.61
02/02/2021,5.63,5.63,-0.42 (-6.94 %)," ","1,112,000","6,284,000,000",0,0,5.88,6.09,5.63
01/02/2021,6.05,6.05,-0.45 (-6.92 %)," ","643,600","3,908,000,000",0,0,6.50,6.50,6.05
29/01/2021,6.50,6.50,0.05 (0.78 %)," ","472,200","2,938,000,000",0,0,6.00,6.75,6.00
28/01/2021,6.45,6.45,-0.48 (-6.93 %)," ","376,900","2,437,000,000",0,0,6.60,6.60,6.45
27/01/2021,6.93,6.93,-0.52 (-6.98 %)," ","415,300","2,978,000,000",0,0,7.50,7.50,6.93
26/01/2021,7.45,7.45,-0.45 (-5.70 %)," ","410,400","3,059,000,000",0,0,7.90,7.90,7.35
25/01/2021,7.90,7.90,-0.27 (-3.30 %)," ","178,400","1,428,000,000",0,0,8.17,8.17,7.90
22/01/2021,8.17,8.17,-0.16 (-1.92 %)," ","394,200","3,291,000,000",0,0,8.36,8.50,8.16
21/01/2021,8.33,8.33,0.53 (6.79 %)," ","684,600","5,561,000,000",0,0,8.00,8.34,7.80
20/01/2021,7.80,7.80,-0.02 (-0.26 %)," ","423,900","3,205,000,000",0,0,7.40,8.00,7.28
19/01/2021,7.82,7.82,-0.58 (-6.90 %)," ","383,000","3,052,000,000",0,0,8.25,8.30,7.82
18/01/2021,8.40,8.40,-0.10 (-1.18 %)," ","225,300","1,874,000,000",0,0,8.35,8.45,8.20
15/01/2021,8.50,8.50,0.37 (4.55 %)," ","435,900","3,661,000,000",0,0,8.30,8.50,8.30
14/01/2021,8.13,8.13,-0.17 (-2.05 %)," ","457,800","3,729,000,000",0,0,8.30,8.35,8.00
13/01/2021,8.30,8.30,-0.34 (-3.94 %)," ","687,400","5,812,000,000",0,0,8.64,8.64,8.26
12/01/2021,8.64,8.64,-0.22 (-2.48 %)," ","579,900","4,996,000,000",0,0,8.75,8.80,8.51
11/01/2021,8.86,8.86,0.14 (1.61 %)," ","558,600","4,913,000,000",0,0,8.73,9.00,8.70
08/01/2021,8.72,8.72,-0.03 (-0.34 %)," ","642,800","5,620,000,000",0,0,8.75,9.00,8.50
07/01/2021,8.75,8.75,0.17 (1.98 %)," ","561,700","4,848,000,000",0,0,8.60,8.80,8.50
06/01/2021,8.58,8.58,0.18 (2.14 %)," ","509,100","4,393,000,000",0,0,8.40,8.77,8.40
05/01/2021,8.40,8.40,0.54 (6.87 %)," ","873,600","7,253,000,000",0,0,7.95,8.41,7.87
04/01/2021,7.86,7.86,0.51 (6.94 %)," ","619,600","4,744,000,000",0,0,7.60,7.86,7.43
31/12/2020,7.35,7.35,0.01 (0.14 %)," ","360,800","2,637,000,000",0,0,7.34,7.48,7.20
30/12/2020,7.34,7.34,-0.16 (-2.13 %)," ","183,020","1,365,000,000",0,0,7.50,7.60,7.30
29/12/2020,7.50,7.50,-0.02 (-0.27 %)," ","362,800","2,742,000,000",0,0,7.70,7.70,7.43
28/12/2020,7.52,7.52,0.44 (6.21 %)," ","609,710","4,541,000,000",0,0,7.08,7.57,6.90
25/12/2020,7.08,7.08,0.08 (1.14 %)," ","170,920","1,196,000,000",0,0,7.00,7.09,6.80
24/12/2020,7.00,7.00,-0.24 (-3.31 %)," ","345,720","2,377,000,000",0,0,7.20,7.21,6.74
23/12/2020,7.24,7.24,-0.01 (-0.14 %)," ","374,550","2,719,000,000",0,0,7.25,7.44,6.80
22/12/2020,7.25,7.25,-0.05 (-0.68 %)," ","410,790","2,965,000,000",0,0,7.30,7.30,7.14
21/12/2020,7.30,7.30,0.05 (0.69 %)," ","497,180","3,618,000,000",0,0,7.25,7.35,7.24
18/12/2020,7.25,7.25,0.15 (2.11 %)," ","339,700","2,466,000,000",0,0,7.10,7.40,7.10
17/12/2020,7.10,7.10,0.00 (0.00 %)," ","261,160","1,841,000,000",0,0,7.10,7.10,7.01
16/12/2020,7.10,7.10,-0.02 (-0.28 %)," ","401,700","2,849,000,000",0,0,7.12,7.30,7.01
15/12/2020,7.12,7.12,-0.01 (-0.14 %)," ","198,680","1,412,000,000",0,0,7.19,7.19,7.01
14/12/2020,7.13,7.13,0.28 (4.09 %)," ","483,150","3,425,000,000",0,0,6.85,7.28,6.72
11/12/2020,6.85,6.85,0.10 (1.48 %)," ","113,560","768,000,000",0,0,6.75,6.85,6.70
10/12/2020,6.75,6.75,-0.05 (-0.74 %)," ","239,990","1,626,000,000",0,0,6.90,6.90,6.73
09/12/2020,6.80,6.80,0.05 (0.74 %)," ","197,520","1,346,000,000",0,0,6.71,7.00,6.70
08/12/2020,6.75,6.75,-0.15 (-2.17 %)," ","139,590","938,000,000",0,0,6.90,6.90,6.69
07/12/2020,6.90,6.90,0.05 (0.73 %)," ","115,560","797,000,000",0,0,6.90,7.00,6.85
04/12/2020,6.85,6.85,-0.09 (-1.30 %)," ","159,730","1,104,000,000",0,0,7.00,7.00,6.81
03/12/2020,6.94,6.94,0.39 (5.95 %)," ","270,360","1,871,000,000",0,0,6.50,7.00,6.50
02/12/2020,6.55,6.55,-0.09 (-1.36 %)," ","114,250","752,000,000",0,0,6.60,6.64,6.50
01/12/2020,6.64,6.64,0.09 (1.37 %)," ","301,700","1,958,000,000",0,0,6.30,6.69,6.30
30/11/2020,6.55,6.55,-0.35 (-5.07 %)," ","322,890","2,173,000,000",0,0,6.94,6.94,6.55
27/11/2020,6.90,6.90,0.01 (0.15 %)," ","147,020","1,013,000,000",0,0,6.93,6.94,6.87
26/11/2020,6.89,6.89,-0.12 (-1.71 %)," ","169,070","1,164,000,000",0,0,7.00,7.00,6.80
25/11/2020,7.01,7.01,-0.19 (-2.64 %)," ","267,340","1,901,000,000",0,0,7.01,7.34,6.97
24/11/2020,7.20,7.20,0.29 (4.20 %)," ","541,540","3,844,000,000",0,0,7.28,7.28,6.80
23/11/2020,6.91,6.91,0.45 (6.97 %)," ","539,490","3,604,000,000",0,0,6.49,6.91,6.31
20/11/2020,6.46,6.46,-0.13 (-1.97 %)," ","236,390","1,527,000,000",0,0,6.60,6.60,6.36
19/11/2020,6.59,6.59,0.17 (2.65 %)," ","385,920","2,575,000,000",0,0,6.80,6.80,6.45
18/11/2020,6.42,6.42,0.42 (7.00 %)," ","928,780","5,906,000,000",0,0,6.09,6.42,6.02
17/11/2020,6.00,6.00,0.32 (5.63 %)," ","301,400","1,737,000,000",0,0,5.68,6.00,5.56
16/11/2020,5.68,5.68,-0.07 (-1.22 %)," ","163,250","914,000,000",0,0,5.75,5.75,5.46
13/11/2020,5.75,5.75,0.06 (1.05 %)," ","121,460","716,000,000",0,0,6.07,6.07,5.75
12/11/2020,5.69,5.69,0.37 (6.95 %)," ","346,330","1,958,000,000",0,0,5.34,5.69,5.34
11/11/2020,5.32,5.32,0.15 (2.90 %)," ","111,080","587,000,000",0,0,5.30,5.34,5.18
10/11/2020,5.17,5.17,0.02 (0.39 %)," ","98,860","519,000,000",0,0,5.30,5.34,5.17
09/11/2020,5.15,5.15,-0.22 (-4.10 %)," ","94,970","499,000,000",0,0,5.37,5.39,5.15
06/11/2020,5.37,5.37,-0.03 (-0.56 %)," ","65,980","350,000,000",0,0,5.40,5.40,5.28
05/11/2020,5.40,5.40,0.00 (0.00 %)," ","19,910","108,000,000",0,0,5.40,5.42,5.40
04/11/2020,5.40,5.40,0.06 (1.12 %)," ","27,680","148,000,000",0,0,5.34,5.42,5.32
03/11/2020,5.34,5.34,0.08 (1.52 %)," ","26,710","143,000,000",0,0,5.50,5.50,5.26
02/11/2020,5.26,5.26,-0.04 (-0.75 %)," ","52,090","276,000,000",0,0,5.30,5.36,5.26
30/10/2020,5.30,5.30,0.04 (0.76 %)," ","55,160","293,000,000",0,0,5.26,5.47,5.26
29/10/2020,5.26,5.26,-0.24 (-4.36 %)," ","99,110","534,000,000",0,0,5.35,5.50,5.20
28/10/2020,5.50,5.50,0.00 (0.00 %)," ","47,810","263,000,000",0,0,5.45,5.55,5.45
27/10/2020,5.50,5.50,0.05 (0.92 %)," ","107,080","589,000,000",0,0,5.80,5.80,5.45
26/10/2020,5.45,5.45,-0.23 (-4.05 %)," ","88,970","492,000,000",0,0,5.68,5.68,5.45
23/10/2020,5.68,5.68,0.08 (1.43 %)," ","67,160","372,000,000",0,0,5.60,5.70,5.50
22/10/2020,5.60,5.60,-0.23 (-3.95 %)," ","75,670","430,000,000",0,0,5.76,5.76,5.60
21/10/2020,5.83,5.83,-0.03 (-0.51 %)," ","66,090","381,000,000",0,0,5.73,5.86,5.73
20/10/2020,5.86,5.86,0.06 (1.03 %)," ","160,320","923,000,000",0,0,5.72,5.86,5.70
19/10/2020,5.80,5.80,0.07 (1.22 %)," ","82,180","474,000,000",0,0,5.75,5.82,5.70
16/10/2020,5.73,5.73,-0.07 (-1.21 %)," ","90,380","522,000,000",0,0,5.80,5.90,5.73
15/10/2020,5.80,5.80,0.05 (0.87 %)," ","81,750","473,000,000",0,0,5.76,5.95,5.76
14/10/2020,5.75,5.75,-0.07 (-1.20 %)," ","86,310","507,000,000",0,0,5.90,5.99,5.74
13/10/2020,5.82,5.82,-0.06 (-1.02 %)," ","107,070","623,000,000",0,0,5.80,5.99,5.70
12/10/2020,5.88,5.88,-0.14 (-2.33 %)," ","239,290","1,426,000,000",0,0,6.10,6.10,5.79
09/10/2020,6.02,6.02,-0.04 (-0.66 %)," ","92,010","555,000,000",0,0,6.10,6.15,6.00
08/10/2020,6.06,6.06,-0.14 (-2.26 %)," ","140,510","857,000,000",0,0,6.20,6.21,6.01
07/10/2020,6.20,6.20,0.28 (4.73 %)," ","432,410","2,618,000,000",0,0,5.96,6.30,5.94
06/10/2020,5.92,5.92,-0.02 (-0.34 %)," ","207,390","1,235,000,000",0,0,6.29,6.30,5.90
05/10/2020,5.94,5.94,0.38 (6.83 %)," ","546,170","3,217,000,000",0,0,5.60,5.94,5.60
02/10/2020,5.56,5.56,0.00 (0.00 %)," ","334,260","1,835,000,000",0,0,5.56,5.60,5.20
01/10/2020,5.56,5.56,0.15 (2.77 %)," ","129,330","714,000,000",0,0,5.42,5.60,5.42
30/09/2020,5.41,5.41,-0.01 (-0.18 %)," ","70,230","384,000,000",0,0,5.44,5.52,5.41
29/09/2020,5.42,5.42,-0.18 (-3.21 %)," ","112,040","623,000,000",0,0,5.70,5.70,5.41
28/09/2020,5.60,5.60,0.20 (3.70 %)," ","104,420","584,000,000",0,0,5.41,5.65,5.41
25/09/2020,5.40,5.40,-0.17 (-3.05 %)," ","79,130","436,000,000",0,0,5.57,5.58,5.40
24/09/2020,5.57,5.57,-0.03 (-0.54 %)," ","273,810","1,531,000,000",0,0,5.60,5.64,5.55
23/09/2020,5.60,5.60,0.25 (4.67 %)," ","252,420","1,408,000,000",0,0,5.45,5.64,5.44
22/09/2020,5.35,5.35,0.11 (2.10 %)," ","155,110","822,000,000",0,0,5.05,5.40,5.05
21/09/2020,5.24,5.24,-0.02 (-0.38 %)," ","172,860","906,000,000",0,0,5.26,5.35,5.19
18/09/2020,5.26,5.26,-0.33 (-5.90 %)," ","285,340","1,533,000,000",0,0,5.59,5.59,5.24
17/09/2020,5.59,5.59,-0.12 (-2.10 %)," ","144,810","809,000,000",0,0,5.75,5.75,5.45
16/09/2020,5.71,5.71,0.21 (3.82 %)," ","272,220","1,531,000,000",0,0,5.60,5.83,5.41
15/09/2020,5.50,5.50,0.05 (0.92 %)," ","369,250","2,028,000,000",0,0,5.60,5.60,5.40
14/09/2020,5.45,5.45,0.25 (4.81 %)," ","259,510","1,400,000,000",0,0,5.30,5.50,5.20
11/09/2020,5.20,5.20,0.00 (0.00 %)," ","198,760","1,025,000,000",0,0,5.10,5.25,5.10
10/09/2020,5.20,5.20,0.23 (4.63 %)," ","333,830","1,730,000,000",0,0,5.00,5.30,5.00
09/09/2020,4.97,4.97,0.05 (1.02 %)," ","30,790","151,000,000",0,0,4.75,4.97,4.75
08/09/2020,4.92,4.92,0.05 (1.03 %)," ","119,070","604,000,000",0,0,4.81,5.21,4.81
07/09/2020,4.87,4.87,-0.11 (-2.21 %)," ","64,350","314,000,000",0,0,4.80,4.96,4.80
04/09/2020,4.98,4.98,0.12 (2.47 %)," ","47,380","234,000,000",0,0,4.86,5.04,4.86
03/09/2020,4.86,4.86,-0.05 (-1.02 %)," ","63,440","313,000,000",0,0,4.91,5.09,4.80
01/09/2020,4.91,4.91,0.00 (0.00 %)," ","60,740","296,000,000",0,0,4.91,5.00,4.80
31/08/2020,4.91,4.91,-0.09 (-1.80 %)," ","139,090","684,000,000",0,0,5.05,5.05,4.80
28/08/2020,5.00,5.00,-0.18 (-3.47 %)," ","107,910","549,000,000",0,0,5.30,5.30,4.92
27/08/2020,5.18,5.18,0.27 (5.50 %)," ","243,770","1,272,000,000",0,0,5.25,5.25,5.12
26/08/2020,4.91,4.91,0.32 (6.97 %)," ","257,070","1,235,000,000",0,0,4.59,4.91,4.59
25/08/2020,4.59,4.59,-0.11 (-2.34 %)," ","47,670","225,000,000",0,0,4.85,4.85,4.59
24/08/2020,4.70,4.70,0.07 (1.51 %)," ","44,170","207,000,000",0,0,4.68,4.70,4.65
21/08/2020,4.63,4.63,-0.05 (-1.07 %)," ","62,660","292,000,000",0,0,4.70,4.75,4.61
20/08/2020,4.68,4.68,-0.06 (-1.27 %)," ","22,300","104,000,000",0,0,4.70,4.74,4.65
19/08/2020,4.74,4.74,0.00 (0.00 %)," ","9,250","44,000,000",0,0,4.74,4.78,4.74
18/08/2020,4.74,4.74,0.04 (0.85 %)," ","35,530","167,000,000",0,0,4.70,4.80,4.67
17/08/2020,4.70,4.70,0.00 (0.00 %)," ","93,790","442,000,000",0,0,4.70,4.90,4.60
14/08/2020,4.70,4.70,0.00 (0.00 %)," ","57,190","269,000,000",0,0,4.70,4.80,4.65
13/08/2020,4.70,4.70,-0.19 (-3.89 %)," ","92,110","441,000,000",0,0,4.89,4.90,4.70
12/08/2020,4.89,4.89,0.06 (1.24 %)," ","43,340","209,000,000",0,0,4.75,4.95,4.75
11/08/2020,4.83,4.83,0.13 (2.77 %)," ","48,720","230,000,000",0,0,4.95,4.95,4.70
10/08/2020,4.70,4.70,-0.10 (-2.08 %)," ","61,010","291,000,000",0,0,4.90,4.90,4.70
07/08/2020,4.80,4.80,-0.01 (-0.21 %)," ","10,600","51,000,000",0,0,4.94,5.00,4.80
06/08/2020,4.81,4.81,0.31 (6.89 %)," ","131,200","624,000,000",0,0,4.59,4.81,4.53
05/08/2020,4.50,4.50,0.01 (0.22 %)," ","16,070","72,000,000",0,0,4.26,4.60,4.26
04/08/2020,4.49,4.49,0.05 (1.13 %)," ","43,620","198,000,000",0,0,4.67,4.67,4.40
03/08/2020,4.44,4.44,0.06 (1.37 %)," ","13,740","60,000,000",0,0,4.38,4.44,4.28
31/07/2020,4.38,4.38,-0.02 (-0.45 %)," ","11,550","49,000,000",0,0,4.10,4.44,4.10
30/07/2020,4.40,4.40,0.12 (2.80 %)," ","29,230","125,000,000",0,0,4.37,4.45,4.00
29/07/2020,4.28,4.28,-0.32 (-6.96 %)," ","110,860","475,000,000",0,0,4.50,4.50,4.28
28/07/2020,4.60,4.60,0.25 (5.75 %)," ","103,960","435,000,000",0,0,4.06,4.60,4.06
27/07/2020,4.35,4.35,-0.32 (-6.85 %)," ","91,310","398,000,000",0,0,4.35,4.40,4.35
24/07/2020,4.67,4.67,-0.35 (-6.97 %)," ","191,690","906,000,000",0,0,5.00,5.00,4.67
23/07/2020,5.02,5.02,0.00 (0.00 %)," ","52,060","258,000,000",0,0,5.02,5.02,4.94
22/07/2020,5.02,5.02,-0.15 (-2.90 %)," ","110,700","561,000,000",0,0,5.06,5.15,4.95
21/07/2020,5.17,5.17,-0.01 (-0.19 %)," ","89,840","467,000,000",0,0,5.23,5.25,5.11
20/07/2020,5.18,5.18,0.07 (1.37 %)," ","192,590","987,000,000",0,0,5.18,5.19,5.10
17/07/2020,5.11,5.11,0.04 (0.79 %)," ","37,060","189,000,000",0,0,5.10,5.12,5.10
16/07/2020,5.07,5.07,-0.07 (-1.36 %)," ","47,890","243,000,000",0,0,5.11,5.11,5.07
15/07/2020,5.14,5.14,0.06 (1.18 %)," ","74,010","378,000,000",0,0,5.05,5.15,5.05
14/07/2020,5.08,5.08,-0.08 (-1.55 %)," ","60,200","306,000,000",0,0,5.15,5.15,5.03
13/07/2020,5.16,5.16,0.06 (1.18 %)," ","54,100","280,000,000",0,0,5.10,5.20,5.10
10/07/2020,5.10,5.10,-0.19 (-3.59 %)," ","47,840","246,000,000",0,0,5.21,5.29,5.10
09/07/2020,5.29,5.29,0.06 (1.15 %)," ","85,680","450,000,000","120,000","636,000,000",5.10,5.29,5.10
08/07/2020,5.23,5.23,-0.02 (-0.38 %)," ","25,970","133,000,000",0,0,5.10,5.25,5.05
07/07/2020,5.25,5.25,0.08 (1.55 %)," ","58,840","305,000,000",0,0,5.20,5.25,5.17
06/07/2020,5.17,5.17,-0.03 (-0.58 %)," ","92,430","469,000,000",0,0,5.20,5.20,4.97
03/07/2020,5.20,5.20,-0.05 (-0.95 %)," ","128,640","673,000,000","60,000","336,600,000",5.38,5.40,5.11
02/07/2020,5.25,5.25,0.34 (6.92 %)," ","277,720","1,423,000,000",0,0,5.24,5.25,4.93
01/07/2020,4.91,4.91,0.01 (0.20 %)," ","47,460","234,000,000",0,0,5.00,5.10,4.70
30/06/2020,4.90,4.90,-0.36 (-6.84 %)," ","163,190","828,000,000",0,0,5.40,5.40,4.90
29/06/2020,5.26,5.26,-0.39 (-6.90 %)," ","299,920","1,578,000,000","60,000","315,600,000",5.28,5.39,5.26
26/06/2020,5.65,5.65,0.00 (0.00 %)," ","341,380","1,857,000,000",0,0,5.74,5.74,5.26
25/06/2020,5.65,5.65,0.22 (4.05 %)," ","296,710","1,670,000,000",0,0,5.30,5.69,5.30
24/06/2020,5.43,5.43,0.35 (6.89 %)," ","703,220","3,799,000,000",0,0,5.29,5.43,5.15
23/06/2020,5.08,5.08,0.33 (6.95 %)," ","268,020","1,353,000,000",0,0,4.90,5.08,4.90
22/06/2020,4.75,4.75,0.00 (0.00 %)," ","52,680","249,000,000",0,0,4.75,4.75,4.66
19/06/2020,4.75,4.75,0.10 (2.15 %)," ","45,490","212,000,000",0,0,4.75,4.75,4.64
18/06/2020,4.65,4.65,-0.10 (-2.11 %)," ","33,640","154,000,000",0,0,4.43,4.65,4.43
17/06/2020,4.75,4.75,-0.35 (-6.86 %)," ","161,670","778,000,000",0,0,5.10,5.20,4.75
16/06/2020,5.10,5.10,0.10 (2.00 %)," ","80,450","406,000,000",0,0,5.05,5.10,5.00
15/06/2020,5.00,5.00,0.21 (4.38 %)," ","264,080","1,321,000,000",0,0,4.80,5.12,4.80
12/06/2020,4.79,4.79,0.31 (6.92 %)," ","271,250","1,260,000,000",0,0,4.20,4.79,4.20
11/06/2020,4.48,4.48,-0.33 (-6.86 %)," ","557,080","2,806,000,000",0,0,5.14,5.14,4.48
10/06/2020,4.81,4.81,0.31 (6.89 %)," ","269,580","1,253,000,000",0,0,4.50,4.81,4.40
09/06/2020,4.50,4.50,-0.09 (-1.96 %)," ","119,910","542,000,000",0,0,4.60,4.60,4.40
08/06/2020,4.59,4.59,0.20 (4.56 %)," ","162,760","748,000,000",0,0,4.49,4.68,4.49
05/06/2020,4.39,4.39,-0.02 (-0.45 %)," ","56,620","246,000,000",0,0,4.30,4.40,4.30
04/06/2020,4.41,4.41,0.00 (0.00 %)," ","73,230","322,000,000",0,0,4.45,4.45,4.32
03/06/2020,4.41,4.41,0.11 (2.56 %)," ","115,050","504,000,000",0,0,4.35,4.47,4.30
02/06/2020,4.30,4.30,0.10 (2.38 %)," ","130,030","552,000,000",0,0,4.35,4.35,4.20
01/06/2020,4.20,4.20,-0.05 (-1.18 %)," ","143,880","611,000,000",0,0,4.24,4.40,4.20
29/05/2020,4.25,4.25,-0.06 (-1.39 %)," ","36,690","155,000,000",0,0,4.20,4.31,4.20
28/05/2020,4.31,4.31,-0.09 (-2.05 %)," ","45,650","202,000,000",0,0,4.54,4.54,4.22
27/05/2020,4.40,4.40,0.25 (6.02 %)," ","326,120","1,434,000,000",0,0,4.15,4.44,4.15
26/05/2020,4.15,4.15,-0.15 (-3.49 %)," ","65,990","280,000,000",0,0,4.30,4.30,4.10
25/05/2020,4.30,4.30,0.00 (0.00 %)," ","63,950","266,000,000",0,0,4.05,4.30,4.05
22/05/2020,4.30,4.30,-0.10 (-2.27 %)," ","87,800","372,000,000",0,0,4.22,4.39,4.20
21/05/2020,4.40,4.40,0.00 (0.00 %)," ","91,280","396,000,000",0,0,4.40,4.60,4.20
20/05/2020,4.40,4.40,0.14 (3.29 %)," ","26,700","114,000,000",0,0,4.20,4.40,4.20
19/05/2020,4.26,4.26,-0.24 (-5.33 %)," ","197,620","865,000,000",0,0,4.50,4.51,4.26
18/05/2020,4.50,4.50,0.00 (0.00 %)," ","103,510","463,000,000",0,0,4.50,4.54,4.30
15/05/2020,4.50,4.50,-0.10 (-2.17 %)," ","53,130","244,000,000",0,0,4.79,4.79,4.50
14/05/2020,4.60,4.60,0.06 (1.32 %)," ","278,040","1,264,000,000",0,0,4.70,4.70,4.50
13/05/2020,4.54,4.54,0.29 (6.82 %)," ","223,470","1,015,000,000",0,0,4.54,4.54,4.54
12/05/2020,4.25,4.25,0.27 (6.78 %)," ","123,970","527,000,000",0,0,4.25,4.25,4.25
11/05/2020,3.98,3.98,0.26 (6.99 %)," ","164,210","644,000,000",0,0,3.98,3.98,3.72
08/05/2020,3.72,3.72,0.12 (3.33 %)," ","72,790","268,000,000",0,0,3.68,3.75,3.60
07/05/2020,3.60,3.60,-0.03 (-0.83 %)," ","58,200","208,000,000",0,0,3.60,3.64,3.51
06/05/2020,3.63,3.63,-0.02 (-0.55 %)," ","63,380","232,000,000",0,0,3.73,3.73,3.60
05/05/2020,3.65,3.65,0.10 (2.82 %)," ","40,200","146,000,000","2,286,120","8,001,420,000",3.60,3.70,3.58
04/05/2020,3.55,3.55,0.06 (1.72 %)," ","49,460","179,000,000",0,0,3.49,3.72,3.49
29/04/2020,3.49,3.49,0.22 (6.73 %)," ","129,690","448,000,000",0,0,3.49,3.49,3.35
28/04/2020,3.27,3.27,-0.23 (-6.57 %)," ","217,180","710,000,000",0,0,3.26,3.50,3.26
27/04/2020,3.50,3.50,-0.26 (-6.91 %)," ","174,810","612,000,000",0,0,3.76,3.76,3.50
24/04/2020,3.76,3.76,0.17 (4.74 %)," ","50,290","179,000,000",0,0,3.84,3.84,3.50
23/04/2020,3.59,3.59,0.16 (4.66 %)," ","184,660","669,000,000",0,0,3.67,3.67,3.50
22/04/2020,3.43,3.43,-0.25 (-6.79 %)," ","211,780","727,000,000",0,0,3.45,3.45,3.43
21/04/2020,3.68,3.68,-0.27 (-6.84 %)," ","161,350","599,000,000",0,0,3.95,3.95,3.68
20/04/2020,3.95,3.95,0.25 (6.76 %)," ","307,800","1,194,000,000","2,990,000","10,465,000,000",3.77,3.95,3.65
17/04/2020,3.70,3.70,0.00 (0.00 %)," ","269,020","965,000,000",0,0,3.70,3.80,3.45
16/04/2020,3.70,3.70,-0.03 (-0.80 %)," ","118,130","420,000,000",0,0,3.76,3.76,3.47
15/04/2020,3.73,3.73,-0.25 (-6.28 %)," ","68,800","264,000,000",0,0,4.00,4.00,3.73
14/04/2020,3.98,3.98,0.22 (5.85 %)," ","248,000","989,000,000",0,0,4.02,4.02,3.80
13/04/2020,3.76,3.76,0.24 (6.82 %)," ","89,970","337,000,000",0,0,3.74,3.76,3.69
10/04/2020,3.52,3.52,0.23 (6.99 %)," ","326,300","1,144,000,000",0,0,3.52,3.52,3.48
09/04/2020,3.29,3.29,0.21 (6.82 %)," ","288,220","931,000,000",0,0,3.20,3.29,3.08
08/04/2020,3.08,3.08,0.15 (5.12 %)," ","104,050","308,000,000",0,0,2.93,3.09,2.78
07/04/2020,2.93,2.93,0.17 (6.16 %)," ","48,170","135,000,000",0,0,2.95,2.95,2.76
06/04/2020,2.76,2.76,0.18 (6.98 %)," ","354,770","977,000,000",0,0,2.74,2.76,2.58
03/04/2020,2.58,2.58,0.10 (4.03 %)," ","197,640","508,000,000",0,0,2.48,2.64,2.48
01/04/2020,2.48,2.48,0.00 (0.00 %)," ","70,090","169,000,000",0,0,2.31,2.57,2.31
31/03/2020,2.48,2.48,-0.18 (-6.77 %)," ","117,710","293,000,000",0,0,2.70,2.70,2.48
30/03/2020,2.66,2.66,-0.19 (-6.67 %)," ","18,930","50,000,000",0,0,2.70,2.70,2.66
27/03/2020,2.85,2.85,-0.05 (-1.72 %)," ","34,810","94,000,000",0,0,2.89,2.89,2.70
26/03/2020,2.90,2.90,-0.02 (-0.68 %)," ","78,860","224,000,000",0,0,2.72,2.92,2.72
25/03/2020,2.92,2.92,-0.04 (-1.35 %)," ","41,690","119,000,000",0,0,2.78,2.95,2.78
24/03/2020,2.96,2.96,-0.02 (-0.67 %)," ","88,480","252,000,000",0,0,2.79,2.99,2.78
23/03/2020,2.98,2.98,-0.22 (-6.88 %)," ","51,830","155,000,000",0,0,2.99,2.99,2.98
20/03/2020,3.20,3.20,-0.20 (-5.88 %)," ","52,930","170,000,000",0,0,3.40,3.50,3.17
19/03/2020,3.40,3.40,-0.10 (-2.86 %)," ","59,500","194,000,000",0,0,3.70,3.70,3.26
18/03/2020,3.50,3.50,0.00 (0.00 %)," ","54,120","185,000,000",0,0,3.70,3.70,3.35
17/03/2020,3.50,3.50,-0.13 (-3.58 %)," ","156,110","531,000,000",0,0,3.50,3.80,3.38
16/03/2020,3.63,3.63,-0.27 (-6.92 %)," ","29,240","109,000,000",0,0,4.04,4.04,3.63
13/03/2020,3.90,3.90,-0.29 (-6.92 %)," ","68,570","267,000,000",0,0,3.90,3.95,3.90
12/03/2020,4.19,4.19,0.16 (3.97 %)," ","69,920","262,000,000",0,0,3.75,4.19,3.75
11/03/2020,4.03,4.03,-0.30 (-6.93 %)," ","102,110","416,000,000",0,0,4.30,4.45,4.03
10/03/2020,4.33,4.33,-0.07 (-1.59 %)," ","13,410","56,000,000",0,0,4.13,4.45,4.13
09/03/2020,4.40,4.40,-0.27 (-5.78 %)," ","45,410","198,000,000",0,0,4.60,4.60,4.35
06/03/2020,4.67,4.67,0.07 (1.52 %)," ","28,510","128,000,000",0,0,4.50,4.67,4.50
05/03/2020,4.60,4.60,0.00 (0.00 %)," ","27,030","122,000,000",0,0,4.65,4.80,4.45
04/03/2020,4.60,4.60,-0.08 (-1.71 %)," ","21,530","100,000,000",0,0,4.68,4.68,4.60
03/03/2020,4.68,4.68,0.00 (0.00 %)," ","185,360","871,000,000",0,0,4.68,5.00,4.60
02/03/2020,4.68,4.68,-0.35 (-6.96 %)," ","96,680","453,000,000",0,0,4.70,4.74,4.68
28/02/2020,5.03,5.03,-0.37 (-6.85 %)," ","115,940","585,000,000",0,0,5.04,5.20,5.03
27/02/2020,5.40,5.40,0.00 (0.00 %)," ","11,350","62,000,000",0,0,5.40,5.60,5.40
26/02/2020,5.40,5.40,-0.20 (-3.57 %)," ","23,040","126,000,000",0,0,5.70,5.70,5.40
25/02/2020,5.60,5.60,0.05 (0.90 %)," ","8,600","48,000,000",0,0,5.55,5.60,5.55
24/02/2020,5.55,5.55,-0.15 (-2.63 %)," ","7,340","41,000,000",0,0,5.69,5.69,5.55
21/02/2020,5.70,5.70,-0.09 (-1.55 %)," ","10,030","56,000,000",0,0,5.60,5.80,5.60
20/02/2020,5.79,5.79,0.00 (0.00 %)," ","7,250","42,000,000",0,0,5.80,5.80,5.70
19/02/2020,5.79,5.79,0.00 (0.00 %)," ","3,910","22,000,000",0,0,5.70,5.79,5.70
18/02/2020,5.79,5.79,0.09 (1.58 %)," ","11,840","69,000,000",0,0,5.80,5.80,5.68
17/02/2020,5.70,5.70,-0.06 (-1.04 %)," ","5,560","32,000,000",0,0,5.53,5.80,5.53
14/02/2020,5.76,5.76,-0.04 (-0.69 %)," ","5,460","31,000,000",0,0,5.80,5.80,5.60
13/02/2020,5.80,5.80,0.02 (0.35 %)," ","39,750","230,000,000",0,0,5.96,5.96,5.70
12/02/2020,5.78,5.78,0.08 (1.40 %)," ","12,900","74,000,000",0,0,5.70,5.84,5.70
11/02/2020,5.70,5.70,0.00 (0.00 %)," ","8,530","48,000,000",0,0,5.60,5.70,5.60
10/02/2020,5.70,5.70,-0.10 (-1.72 %)," ","338,730","1,965,000,000",0,0,5.80,5.80,5.70
07/02/2020,5.80,5.80,-0.08 (-1.36 %)," ","65,210","378,000,000",0,0,5.85,5.85,5.80
06/02/2020,5.88,5.88,0.02 (0.34 %)," ","97,990","569,000,000",0,0,5.70,5.90,5.70
05/02/2020,5.86,5.86,-0.04 (-0.68 %)," ","70,390","402,000,000",0,0,5.70,5.86,5.70
04/02/2020,5.90,5.90,0.30 (5.36 %)," ","43,970","254,000,000",0,0,5.60,5.90,5.50
03/02/2020,5.60,5.60,0.29 (5.46 %)," ","48,250","255,000,000",0,0,5.60,5.65,4.95
31/01/2020,5.31,5.31,-0.39 (-6.84 %)," ","26,580","143,000,000",0,0,5.80,5.80,5.31
30/01/2020,5.70,5.70,-0.16 (-2.73 %)," ","10,790","62,000,000",0,0,5.80,5.80,5.70
22/01/2020,5.86,5.86,0.07 (1.21 %)," ","37,910","223,000,000",0,0,5.80,6.00,5.80
21/01/2020,5.79,5.79,0.09 (1.58 %)," ","254,620","1,459,000,000",0,0,5.70,5.80,5.70
20/01/2020,5.70,5.70,0.00 (0.00 %)," ","86,710","494,000,000",0,0,5.70,5.70,5.70
17/01/2020,5.70,5.70,0.00 (0.00 %)," ","26,870","153,000,000",0,0,5.70,5.70,5.70
16/01/2020,5.70,5.70,0.00 (0.00 %)," ","15,160","86,000,000",0,0,5.70,5.98,5.70
15/01/2020,5.70,5.70,0.00 (0.00 %)," ","49,670","283,000,000",0,0,5.70,5.70,5.70
14/01/2020,5.70,5.70,0.00 (0.00 %)," ","46,630","266,000,000",0,0,5.70,5.75,5.61
13/01/2020,5.70,5.70,-0.02 (-0.35 %)," ","175,260","999,000,000",0,0,5.70,5.75,5.70
10/01/2020,5.72,5.72,0.01 (0.18 %)," ","355,950","2,029,000,000",0,0,5.70,5.79,5.70
09/01/2020,5.71,5.71,0.01 (0.18 %)," ","51,250","292,000,000",0,0,5.70,5.71,5.70
08/01/2020,5.70,5.70,0.00 (0.00 %)," ","85,300","489,000,000",0,0,5.70,5.90,5.70
07/01/2020,5.70,5.70,0.00 (0.00 %)," ","333,510","1,901,000,000",0,0,5.70,5.79,5.70
06/01/2020,5.70,5.70,0.15 (2.70 %)," ","286,630","1,632,000,000","166,300","939,332,000",5.80,5.80,5.64
03/01/2020,5.55,5.55,-0.09 (-1.60 %)," ","73,040","402,000,000",0,0,5.64,5.64,5.50
02/01/2020,5.64,5.64,0.04 (0.71 %)," ","3,060","17,000,000",0,0,5.70,5.70,5.56
31/12/2019,5.60,5.60,0.01 (0.18 %)," ","28,980","159,000,000","190,000","1,064,000,000",5.80,5.80,5.30
30/12/2019,5.59,5.59,-0.01 (-0.18 %)," ","22,100","123,000,000",0,0,5.70,5.70,5.50
27/12/2019,5.60,5.60,-0.18 (-3.11 %)," ","25,120","141,000,000",0,0,5.80,5.80,5.60
26/12/2019,5.78,5.78,0.35 (6.45 %)," ","29,500","160,000,000",0,0,5.40,5.80,5.40
25/12/2019,5.43,5.43,-0.01 (-0.18 %)," ","22,660","124,000,000",0,0,5.45,5.50,5.43
24/12/2019,5.44,5.44,-0.06 (-1.09 %)," ","8,320","45,000,000",0,0,5.50,5.50,5.44
23/12/2019,5.50,5.50,0.10 (1.85 %)," ","48,200","264,000,000",0,0,5.60,5.60,5.44
20/12/2019,5.40,5.40,0.00 (0.00 %)," ","28,810","155,000,000",0,0,5.40,5.40,5.36
19/12/2019,5.40,5.40,-0.02 (-0.37 %)," ","40,060","216,000,000",0,0,5.48,5.49,5.36
18/12/2019,5.42,5.42,0.02 (0.37 %)," ","92,620","497,000,000",0,0,5.30,5.43,5.30
17/12/2019,5.40,5.40,0.10 (1.89 %)," ","38,750","209,000,000",0,0,5.30,5.43,5.30
16/12/2019,5.30,5.30,-0.15 (-2.75 %)," ","4,370","23,000,000",0,0,5.53,5.53,5.30
13/12/2019,5.45,5.45,0.01 (0.18 %)," ","58,660","322,000,000",0,0,5.45,5.60,5.45
12/12/2019,5.44,5.44,0.34 (6.67 %)," ","37,690","201,000,000",0,0,5.10,5.45,5.10
11/12/2019,5.10,5.10,-0.22 (-4.14 %)," ","28,440","149,000,000",0,0,5.30,5.31,5.10
10/12/2019,5.32,5.32,-0.21 (-3.80 %)," ","58,570","320,000,000",0,0,5.51,5.52,5.30
09/12/2019,5.53,5.53,-0.17 (-2.98 %)," ","16,340","91,000,000",0,0,5.85,5.85,5.51
06/12/2019,5.70,5.70,-0.19 (-3.23 %)," ","18,340","105,000,000",0,0,5.89,5.89,5.70
05/12/2019,5.89,5.89,0.24 (4.25 %)," ","10,750","63,000,000",0,0,5.99,5.99,5.62
04/12/2019,5.65,5.65,-0.03 (-0.53 %)," ","8,430","47,000,000",0,0,5.51,5.79,5.51
03/12/2019,5.68,5.68,-0.24 (-4.05 %)," ","9,830","57,000,000",0,0,5.66,5.92,5.66
02/12/2019,5.92,5.92,-0.01 (-0.17 %)," ","25,250","145,000,000",0,0,6.00,6.00,5.70
29/11/2019,5.93,5.93,-0.02 (-0.34 %)," ","14,020","83,000,000",0,0,5.95,5.97,5.93
28/11/2019,5.95,5.95,-0.05 (-0.83 %)," ","242,350","1,443,000,000",0,0,6.00,6.00,5.93
27/11/2019,6.00,6.00,0.00 (0.00 %)," ","259,520","1,559,000,000",0,0,6.10,6.10,6.00
26/11/2019,6.00,6.00,0.00 (0.00 %)," ","70,140","414,000,000",0,0,6.00,6.00,5.90
25/11/2019,6.00,6.00,0.20 (3.45 %)," ","160,380","960,000,000",0,0,5.80,6.05,5.80
22/11/2019,5.80,5.80,-0.05 (-0.85 %)," ","35,380","203,000,000",0,0,5.60,5.90,5.50
21/11/2019,5.85,5.85,-0.15 (-2.50 %)," ","65,500","382,000,000",0,0,6.00,6.00,5.73
20/11/2019,6.00,6.00,0.03 (0.50 %)," ","6,240","37,000,000",0,0,6.00,6.00,5.85
19/11/2019,5.97,5.97,-0.21 (-3.40 %)," ","31,190","187,000,000",0,0,6.00,6.10,5.95
18/11/2019,6.18,6.18,0.08 (1.31 %)," ","169,120","1,017,000,000",0,0,6.10,6.18,5.81
15/11/2019,6.10,6.10,-0.09 (-1.45 %)," ","286,020","1,770,000,000",0,0,5.90,6.20,5.90
14/11/2019,6.19,6.19,-0.01 (-0.16 %)," ","225,070","1,394,000,000",0,0,6.20,6.24,6.12
13/11/2019,6.20,6.20,0.20 (3.33 %)," ","132,150","807,000,000",0,0,6.20,6.25,5.91
12/11/2019,6.00,6.00,0.07 (1.18 %)," ","166,550","990,000,000",0,0,5.75,6.00,5.55
11/11/2019,5.93,5.93,-0.27 (-4.35 %)," ","201,690","1,241,000,000",0,0,6.30,6.30,5.93
08/11/2019,6.20,6.20,0.30 (5.08 %)," ","652,490","4,027,000,000",0,0,5.70,6.30,5.70
07/11/2019,5.90,5.90,0.10 (1.72 %)," ","109,270","631,000,000",0,0,5.61,5.90,5.60
06/11/2019,5.80,5.80,0.28 (5.07 %)," ","191,690","1,115,000,000",0,0,5.30,5.90,5.30
05/11/2019,5.52,5.52,0.12 (2.22 %)," ","610,600","3,391,000,000",0,0,5.50,5.62,5.40
04/11/2019,5.40,5.40,0.16 (3.05 %)," ","144,240","785,000,000",0,0,5.24,5.58,5.23
01/11/2019,5.24,5.24,0.34 (6.94 %)," ","337,340","1,760,000,000",0,0,5.00,5.24,4.98
31/10/2019,4.90,4.90,0.13 (2.73 %)," ","151,210","741,000,000",0,0,4.80,4.99,4.70
30/10/2019,4.77,4.77,0.01 (0.21 %)," ","101,130","485,000,000",0,0,4.55,4.92,4.55
29/10/2019,4.76,4.76,0.31 (6.97 %)," ","256,550","1,179,000,000",0,0,4.45,4.76,4.45
28/10/2019,4.45,4.45,0.00 (0.00 %)," ","22,240","99,000,000",0,0,4.50,4.50,4.45
25/10/2019,4.45,4.45,0.18 (4.22 %)," ","157,980","695,000,000",0,0,4.29,4.45,4.29
24/10/2019,4.27,4.27,0.07 (1.67 %)," ","95,950","407,000,000",0,0,4.20,4.28,4.20
23/10/2019,4.20,4.20,-0.05 (-1.18 %)," ","85,530","360,000,000",0,0,4.21,4.25,4.20
22/10/2019,4.25,4.25,-0.04 (-0.93 %)," ","11,990","50,000,000",0,0,4.20,4.30,4.20
21/10/2019,4.29,4.29,0.04 (0.94 %)," ","84,430","357,000,000",0,0,4.25,4.32,4.20
18/10/2019,4.25,4.25,-0.05 (-1.16 %)," ","36,160","153,000,000",0,0,4.30,4.30,4.21
17/10/2019,4.30,4.30,0.10 (2.38 %)," ","25,200","108,000,000",0,0,4.34,4.34,4.20
16/10/2019,4.20,4.20,-0.07 (-1.64 %)," ","57,300","242,000,000",0,0,4.20,4.26,4.20
15/10/2019,4.27,4.27,0.00 (0.00 %)," ","37,710","164,000,000",0,0,4.30,4.45,4.27
14/10/2019,4.27,4.27,0.02 (0.47 %)," ","21,140","89,000,000",0,0,4.20,4.27,4.17
11/10/2019,4.25,4.25,0.04 (0.95 %)," ","131,330","547,000,000",0,0,4.25,4.25,4.14
10/10/2019,4.21,4.21,-0.06 (-1.41 %)," ","50,100","212,000,000",0,0,4.30,4.30,4.21
09/10/2019,4.27,4.27,-0.03 (-0.70 %)," ","94,690","407,000,000",0,0,4.30,4.38,4.25
08/10/2019,4.30,4.30,-0.06 (-1.38 %)," ","29,270","126,000,000",0,0,4.37,4.39,4.30
07/10/2019,4.36,4.36,-0.08 (-1.80 %)," ","35,190","154,000,000",0,0,4.49,4.49,4.35
04/10/2019,4.44,4.44,0.14 (3.26 %)," ","165,350","721,000,000",0,0,4.39,4.45,4.28
03/10/2019,4.30,4.30,-0.13 (-2.93 %)," ","38,150","167,000,000",0,0,4.50,4.60,4.30
02/10/2019,4.43,4.43,-0.12 (-2.64 %)," ","194,380","863,000,000",0,0,4.55,4.55,4.31
01/10/2019,4.55,4.55,-0.15 (-3.19 %)," ","106,320","492,000,000",0,0,4.65,4.70,4.55
30/09/2019,4.70,4.70,-0.02 (-0.42 %)," ","26,290","124,000,000",0,0,4.80,4.80,4.68
27/09/2019,4.72,4.72,0.04 (0.85 %)," ","27,680","130,000,000",0,0,4.70,4.72,4.67
26/09/2019,4.68,4.68,-0.09 (-1.89 %)," ","54,450","256,000,000",0,0,4.70,4.85,4.67
25/09/2019,4.77,4.77,-0.11 (-2.25 %)," ","134,160","637,000,000",0,0,4.81,4.81,4.65
24/09/2019,4.88,4.88,-0.02 (-0.41 %)," ","18,880","92,000,000",0,0,4.88,4.90,4.88
23/09/2019,4.90,4.90,0.01 (0.20 %)," ","9,980","49,000,000",0,0,5.21,5.21,4.89
20/09/2019,4.89,4.89,-0.01 (-0.20 %)," ","42,560","211,000,000",0,0,5.00,5.01,4.89
19/09/2019,4.90,4.90,-0.16 (-3.16 %)," ","51,070","252,000,000",0,0,4.97,5.00,4.90
18/09/2019,5.06,5.06,0.05 (1.00 %)," ","57,250","286,000,000",0,0,5.03,5.06,4.95
17/09/2019,5.01,5.01,-0.08 (-1.57 %)," ","116,190","588,000,000",0,0,5.03,5.10,5.01
16/09/2019,5.09,5.09,0.00 (0.00 %)," ","216,550","1,124,000,000",0,0,5.03,5.42,5.08
11/10/2019,4.25,4.25,0.04 (0.95 %)," ","131,330","547,000,000",0,0,4.25,4.25,4.14
10/10/2019,4.21,4.21,-0.06 (-1.41 %)," ","50,100","212,000,000",0,0,4.30,4.30,4.21
09/10/2019,4.27,4.27,-0.03 (-0.70 %)," ","94,690","407,000,000",0,0,4.30,4.38,4.25
08/10/2019,4.30,4.30,-0.06 (-1.38 %)," ","29,270","126,000,000",0,0,4.37,4.39,4.30
07/10/2019,4.36,4.36,-0.08 (-1.80 %)," ","35,190","154,000,000",0,0,4.49,4.49,4.35
04/10/2019,4.44,4.44,0.14 (3.26 %)," ","165,350","721,000,000",0,0,4.39,4.45,4.28
03/10/2019,4.30,4.30,-0.13 (-2.93 %)," ","38,150","167,000,000",0,0,4.50,4.60,4.30
02/10/2019,4.43,4.43,-0.12 (-2.64 %)," ","194,380","863,000,000",0,0,4.55,4.55,4.31
01/10/2019,4.55,4.55,-0.15 (-3.19 %)," ","106,320","492,000,000",0,0,4.65,4.70,4.55
30/09/2019,4.70,4.70,-0.02 (-0.42 %)," ","26,290","124,000,000",0,0,4.80,4.80,4.68
27/09/2019,4.72,4.72,0.04 (0.85 %)," ","27,680","130,000,000",0,0,4.70,4.72,4.67
26/09/2019,4.68,4.68,-0.09 (-1.89 %)," ","54,450","256,000,000",0,0,4.70,4.85,4.67
25/09/2019,4.77,4.77,-0.11 (-2.25 %)," ","134,160","637,000,000",0,0,4.81,4.81,4.65
24/09/2019,4.88,4.88,-0.02 (-0.41 %)," ","18,880","92,000,000",0,0,4.88,4.90,4.88
23/09/2019,4.90,4.90,0.01 (0.20 %)," ","9,980","49,000,000",0,0,5.21,5.21,4.89
20/09/2019,4.89,4.89,-0.01 (-0.20 %)," ","42,560","211,000,000",0,0,5.00,5.01,4.89
19/09/2019,4.90,4.90,-0.16 (-3.16 %)," ","51,070","252,000,000",0,0,4.97,5.00,4.90
18/09/2019,5.06,5.06,0.05 (1.00 %)," ","57,250","286,000,000",0,0,5.03,5.06,4.95
17/09/2019,5.01,5.01,-0.08 (-1.57 %)," ","116,190","588,000,000",0,0,5.03,5.10,5.01
16/09/2019,5.09,5.09,0.00 (0.00 %)," ","216,550","1,124,000,000",0,0,5.03,5.42,5.08
13/09/2019,5.09,5.09,-0.01 (-0.20 %)," ","34,870","176,000,000",0,0,5.03,5.10,5.02
12/09/2019,5.10,5.10,0.00 (0.00 %)," ","78,530","396,000,000",0,0,5.03,5.10,5.01
11/09/2019,5.10,5.10,0.04 (0.79 %)," ","40,690","207,000,000",0,0,5.06,5.10,5.06
10/09/2019,5.06,5.06,0.05 (1.00 %)," ","149,290","750,000,000",0,0,5.10,5.10,5.01
09/09/2019,5.01,5.01,-0.01 (-0.20 %)," ","192,440","970,000,000",0,0,5.11,5.16,4.99
06/09/2019,5.02,5.02,-0.08 (-1.57 %)," ","133,990","684,000,000",0,0,5.11,5.15,5.02
05/09/2019,5.10,5.10,-0.09 (-1.73 %)," ","31,330","160,000,000",0,0,5.06,5.19,5.06
04/09/2019,5.19,5.19,0.24 (4.85 %)," ","99,450","505,000,000",0,0,4.95,5.19,4.95
03/09/2019,4.95,4.95,-0.15 (-2.94 %)," ","143,130","719,000,000",0,0,5.30,5.30,4.95
30/08/2019,5.10,5.10,-0.20 (-3.77 %)," ","173,990","916,000,000",0,0,5.25,5.51,5.10
29/08/2019,5.30,5.30,-0.34 (-6.03 %)," ","374,850","1,992,000,000",0,0,5.50,5.60,5.25
28/08/2019,5.64,5.64,-0.42 (-6.93 %)," ","413,560","2,363,000,000",0,0,5.83,5.99,5.64
27/08/2019,6.06,6.06,-0.09 (-1.46 %)," ","162,590","993,000,000",0,0,6.13,6.15,6.06
26/08/2019,6.15,6.15,-0.30 (-4.65 %)," ","223,280","1,360,000,000",0,0,6.05,6.35,6.05
23/08/2019,6.45,6.45,0.25 (4.03 %)," ","144,350","916,000,000",0,0,6.20,6.50,6.16
22/08/2019,6.20,6.20,-0.10 (-1.59 %)," ","74,710","466,000,000",0,0,6.45,6.45,6.15
21/08/2019,6.30,6.30,0.25 (4.13 %)," ","233,290","1,457,000,000",0,0,6.06,6.47,6.06
20/08/2019,6.05,6.05,-0.14 (-2.26 %)," ","539,040","3,237,000,000",0,0,6.10,6.19,5.95
19/08/2019,6.19,6.19,0.13 (2.15 %)," ","147,160","891,000,000",0,0,6.10,6.19,5.97
16/08/2019,6.06,6.06,0.08 (1.34 %)," ","142,270","860,000,000",0,0,5.99,6.15,5.99
15/08/2019,5.98,5.98,-0.01 (-0.17 %)," ","48,540","290,000,000",0,0,5.98,6.04,5.85
14/08/2019,5.99,5.99,-0.02 (-0.33 %)," ","42,350","256,000,000","195,610","1,093,459,900",6.05,6.10,5.99
13/08/2019,6.01,6.01,0.16 (2.74 %)," ","265,630","1,553,000,000","95,000","517,750,000",5.90,6.10,5.74
12/08/2019,5.85,5.85,-0.17 (-2.82 %)," ","152,710","912,000,000",0,0,6.00,6.04,5.85
09/08/2019,6.02,6.02,0.03 (0.50 %)," ","110,830","664,000,000",0,0,6.00,6.02,5.93
08/08/2019,5.99,5.99,-0.06 (-0.99 %)," ","79,170","477,000,000",0,0,6.05,6.09,5.91
07/08/2019,6.05,6.05,0.05 (0.83 %)," ","96,860","580,000,000",0,0,6.01,6.05,5.92
06/08/2019,6.00,6.00,-0.01 (-0.17 %)," ","163,890","981,000,000",0,0,6.01,6.10,5.85
05/08/2019,6.01,6.01,0.11 (1.86 %)," ","142,960","858,000,000",0,0,6.00,6.10,5.90
02/08/2019,5.90,5.90,-0.06 (-1.01 %)," ","87,810","522,000,000",0,0,5.92,5.97,5.90
01/08/2019,5.96,5.96,-0.03 (-0.50 %)," ","135,420","812,000,000",0,0,5.98,6.20,5.85
31/07/2019,5.99,5.99,0.19 (3.28 %)," ","150,340","894,000,000",0,0,5.81,6.00,5.81
30/07/2019,5.80,5.80,-0.02 (-0.34 %)," ","135,200","789,000,000",0,0,5.82,5.95,5.70
29/07/2019,5.82,5.82,0.16 (2.83 %)," ","309,000","1,770,000,000",0,0,5.70,5.90,5.61
26/07/2019,5.66,5.66,-0.04 (-0.70 %)," ","156,880","891,000,000",0,0,5.50,5.70,5.50
25/07/2019,5.70,5.70,0.26 (4.78 %)," ","309,770","1,748,000,000",0,0,5.50,5.77,5.40
24/07/2019,5.44,5.44,0.04 (0.74 %)," ","156,330","846,000,000",0,0,5.41,5.44,5.26
23/07/2019,5.40,5.40,0.23 (4.45 %)," ","381,190","2,059,000,000",0,0,5.20,5.42,5.20
22/07/2019,5.17,5.17,-0.09 (-1.71 %)," ","211,910","1,119,000,000",0,0,5.20,5.40,5.13
19/07/2019,5.26,5.26,-0.04 (-0.75 %)," ","122,620","649,000,000",0,0,5.40,5.40,5.26
18/07/2019,5.30,5.30,-0.10 (-1.85 %)," ","105,780","567,000,000",0,0,5.40,5.40,5.28
17/07/2019,5.40,5.40,0.00 (0.00 %)," ","151,730","813,000,000",0,0,5.39,5.40,5.31
16/07/2019,5.40,5.40,0.00 (0.00 %)," ","299,280","1,619,000,000",0,0,5.40,5.45,5.35
15/07/2019,5.40,5.40,0.00 (0.00 %)," ","433,550","2,369,000,000",0,0,5.08,5.60,5.34
12/07/2019,5.40,5.40,0.35 (6.93 %)," ","358,870","1,897,000,000",0,0,5.08,5.40,5.00
11/07/2019,5.05,5.05,-0.04 (-0.79 %)," ","87,390","441,000,000",0,0,5.10,5.10,5.05
10/07/2019,5.09,5.09,0.06 (1.19 %)," ","77,730","390,000,000",0,0,5.10,5.10,4.97
09/07/2019,5.03,5.03,0.02 (0.40 %)," ","62,880","317,000,000",0,0,5.10,5.10,5.00
08/07/2019,5.01,5.01,0.02 (0.40 %)," ","138,200","695,000,000",0,0,4.93,5.10,4.93
05/07/2019,4.99,4.99,0.06 (1.22 %)," ","168,190","845,000,000",0,0,4.91,5.15,4.91
04/07/2019,4.93,4.93,-0.03 (-0.60 %)," ","63,120","311,000,000",0,0,4.90,4.98,4.92
03/07/2019,4.96,4.96,0.04 (0.81 %)," ","62,400","308,000,000",0,0,4.90,4.96,4.90
02/07/2019,4.92,4.92,-0.04 (-0.81 %)," ","29,780","147,000,000",0,0,4.92,4.96,4.90
01/07/2019,4.96,4.96,0.04 (0.81 %)," ","59,780","295,000,000",0,0,4.96,4.96,4.92
28/06/2019,4.92,4.92,0.00 (0.00 %)," ","53,990","270,000,000",0,0,4.92,5.09,4.92
27/06/2019,4.92,4.92,0.02 (0.41 %)," ","161,640","797,000,000",0,0,4.92,4.98,4.90
26/06/2019,4.90,4.90,0.05 (1.03 %)," ","82,820","410,000,000",0,0,4.90,5.00,4.90
25/06/2019,4.85,4.85,-0.01 (-0.21 %)," ","27,530","134,000,000",0,0,4.86,4.90,4.85
24/06/2019,4.86,4.86,-0.01 (-0.21 %)," ","51,920","253,000,000",0,0,4.87,4.90,4.86
21/06/2019,4.87,4.87,-0.03 (-0.61 %)," ","25,810","126,000,000",0,0,4.87,4.92,4.87
20/06/2019,4.90,4.90,0.07 (1.45 %)," ","16,940","82,000,000",0,0,4.84,4.90,4.82
19/06/2019,4.83,4.83,-0.05 (-1.02 %)," ","30,740","150,000,000",0,0,4.83,4.95,4.83
18/06/2019,4.88,4.88,-0.01 (-0.20 %)," ","38,780","188,000,000",0,0,4.88,4.88,4.82
17/06/2019,4.89,4.89,0.03 (0.62 %)," ","37,370","182,000,000",0,0,4.86,4.89,4.84
14/06/2019,4.86,4.86,0.00 (0.00 %)," ","40,830","201,000,000",0,0,4.90,4.95,4.86
13/06/2019,4.86,4.86,-0.04 (-0.82 %)," ","28,500","139,000,000",0,0,4.90,4.91,4.83
12/06/2019,4.90,4.90,0.00 (0.00 %)," ","110,080","539,000,000",0,0,4.90,4.92,4.88
11/06/2019,4.90,4.90,-0.02 (-0.41 %)," ","99,420","489,000,000",0,0,4.91,4.97,4.90
10/06/2019,4.92,4.92,0.01 (0.20 %)," ","76,710","378,000,000",0,0,5.07,5.07,4.92
07/06/2019,4.91,4.91,0.08 (1.66 %)," ","17,480","86,000,000",0,0,4.82,5.00,4.82
06/06/2019,4.83,4.83,0.09 (1.90 %)," ","223,340","1,060,000,000",0,0,4.74,4.83,4.73
05/06/2019,4.74,4.74,0.01 (0.21 %)," ","83,060","395,000,000",0,0,4.75,4.79,4.74
04/06/2019,4.73,4.73,0.03 (0.64 %)," ","36,700","173,000,000",0,0,4.70,4.75,4.66
03/06/2019,4.70,4.70,-0.15 (-3.09 %)," ","94,650","448,000,000",0,0,4.80,4.80,4.70
31/05/2019,4.85,4.85,-0.08 (-1.62 %)," ","91,380","446,000,000",0,0,4.90,4.99,4.85
30/05/2019,4.93,4.93,0.00 (0.00 %)," ","96,020","476,000,000",0,0,5.00,5.00,4.93
29/05/2019,4.93,4.93,-0.12 (-2.38 %)," ","61,670","305,000,000",0,0,5.00,5.00,4.93
28/05/2019,5.05,5.05,0.09 (1.81 %)," ","66,970","335,000,000",0,0,4.97,5.05,4.96
27/05/2019,4.96,4.96,0.01 (0.20 %)," ","73,640","365,000,000",0,0,4.95,5.00,4.94
24/05/2019,4.95,4.95,-0.21 (-4.07 %)," ","299,110","1,495,000,000",0,0,5.10,5.12,4.95
23/05/2019,5.16,5.16,-0.09 (-1.71 %)," ","101,300","524,000,000",0,0,5.25,5.25,5.10
22/05/2019,5.25,5.25,-0.18 (-3.31 %)," ","79,880","419,000,000",0,0,5.25,5.60,5.15
21/05/2019,5.43,5.43,-0.06 (-1.09 %)," ","53,480","292,000,000",0,0,5.49,5.49,5.40
20/05/2019,5.49,5.49,0.16 (3.00 %)," ","186,890","1,017,000,000",0,0,5.33,5.50,5.33
17/05/2019,5.33,5.33,-0.02 (-0.37 %)," ","177,650","951,000,000",0,0,5.49,5.49,5.33
16/05/2019,5.35,5.35,-0.15 (-2.73 %)," ","137,260","754,000,000",0,0,5.50,5.60,5.35
15/05/2019,5.50,5.50,0.15 (2.80 %)," ","222,790","1,225,000,000",0,0,5.50,5.66,5.36
14/05/2019,5.35,5.35,0.35 (7.00 %)," ","383,380","1,966,000,000",0,0,4.96,5.35,4.95
13/05/2019,5.00,5.00,-0.09 (-1.77 %)," ","55,950","283,000,000",0,0,5.08,5.14,5.00
10/05/2019,5.09,5.09,0.16 (3.25 %)," ","97,480","492,000,000",0,0,5.00,5.10,5.00
09/05/2019,4.93,4.93,-0.12 (-2.38 %)," ","57,560","287,000,000",0,0,5.01,5.06,4.90
08/05/2019,5.05,5.05,0.09 (1.81 %)," ","127,130","635,000,000",0,0,4.96,5.10,4.96
07/05/2019,4.96,4.96,0.06 (1.22 %)," ","111,340","552,000,000",0,0,4.95,5.00,4.95
06/05/2019,4.90,4.90,-0.10 (-2.00 %)," ","153,310","750,000,000",0,0,4.83,5.00,4.83
03/05/2019,5.00,5.00,-0.15 (-2.91 %)," ","57,730","291,000,000",0,0,5.06,5.14,5.00
02/05/2019,5.15,5.15,0.22 (4.46 %)," ","312,920","1,572,000,000",0,0,4.93,5.19,4.93
26/04/2019,4.93,4.93,0.02 (0.41 %)," ","28,630","142,000,000",0,0,4.99,5.00,4.92
25/04/2019,4.91,4.91,-0.09 (-1.80 %)," ","75,670","376,000,000",0,0,4.92,5.00,4.90
24/04/2019,5.00,5.00,0.00 (0.00 %)," ","52,620","263,000,000",0,0,5.03,5.10,5.00
23/04/2019,5.00,5.00,-0.09 (-1.77 %)," ","83,530","418,000,000",0,0,5.02,5.10,4.80
22/04/2019,5.09,5.09,0.20 (4.09 %)," ","167,650","846,000,000",0,0,4.89,5.19,4.80
19/04/2019,4.89,4.89,-0.07 (-1.41 %)," ","97,840","481,000,000",0,0,4.92,5.15,4.80
18/04/2019,4.96,4.96,-0.31 (-5.88 %)," ","230,430","1,158,000,000",0,0,5.27,5.27,4.95
17/04/2019,5.27,5.27,0.00 (0.00 %)," ","83,570","449,000,000",0,0,5.40,5.50,5.27
16/04/2019,5.27,5.27,-0.27 (-4.87 %)," ","255,370","1,340,000,000",0,0,5.23,5.53,5.20
12/04/2019,5.54,5.54,0.03 (0.54 %)," ","423,980","2,257,000,000",0,0,5.51,5.68,5.18
11/04/2019,5.51,5.51,-0.41 (-6.93 %)," ","490,530","2,734,000,000",0,0,5.92,5.92,5.51
10/04/2019,5.92,5.92,0.38 (6.86 %)," ","442,580","2,496,000,000",0,0,5.30,5.92,5.30
09/04/2019,5.54,5.54,0.36 (6.95 %)," ","827,720","4,558,000,000",0,0,5.54,5.54,5.29
08/04/2019,5.18,5.18,0.33 (6.80 %)," ","269,860","1,388,000,000",0,0,5.12,5.18,4.90
05/04/2019,4.85,4.85,-0.18 (-3.58 %)," ","170,780","835,000,000",0,0,4.90,5.04,4.80
04/04/2019,5.03,5.03,-0.10 (-1.95 %)," ","339,060","1,697,000,000",0,0,5.02,5.13,4.90
03/04/2019,5.13,5.13,0.33 (6.88 %)," ","772,330","3,937,000,000",0,0,4.99,5.13,4.80
02/04/2019,4.80,4.80,0.31 (6.90 %)," ","323,670","1,552,000,000",0,0,4.79,4.80,4.72
01/04/2019,4.49,4.49,0.29 (6.90 %)," ","622,390","2,668,000,000",0,0,4.20,4.49,4.19
29/03/2019,4.20,4.20,-0.06 (-1.41 %)," ","47,410","199,000,000",0,0,4.18,4.22,4.18
28/03/2019,4.26,4.26,-0.04 (-0.93 %)," ","38,130","161,000,000",0,0,4.22,4.30,4.18
27/03/2019,4.30,4.30,0.06 (1.42 %)," ","85,930","363,000,000",0,0,4.18,4.30,4.17
26/03/2019,4.24,4.24,-0.04 (-0.93 %)," ","41,600","175,000,000",0,0,4.29,4.29,4.15
25/03/2019,4.28,4.28,-0.17 (-3.82 %)," ","175,830","739,000,000",0,0,4.45,4.45,4.14
22/03/2019,4.45,4.45,-0.05 (-1.11 %)," ","81,270","365,000,000",0,0,4.50,4.59,4.45
21/03/2019,4.50,4.50,-0.10 (-2.17 %)," ","228,930","1,054,000,000",0,0,4.60,4.68,4.50
20/03/2019,4.60,4.60,-0.05 (-1.08 %)," ","34,770","157,000,000",0,0,4.65,4.65,4.48
19/03/2019,4.65,4.65,0.04 (0.87 %)," ","161,430","751,000,000",0,0,4.60,4.74,4.59
18/03/2019,4.61,4.61,-0.04 (-0.86 %)," ","176,480","814,000,000",0,0,4.70,4.70,4.56
15/03/2019,4.65,4.65,0.00 (0.00 %)," ","44,150","208,000,000",0,0,4.64,4.75,4.51
14/03/2019,4.65,4.65,0.00 (0.00 %)," ","93,050","430,000,000",0,0,4.52,4.65,4.52
13/03/2019,4.65,4.65,-0.07 (-1.48 %)," ","109,780","512,000,000",0,0,4.79,4.79,4.50
12/03/2019,4.72,4.72,0.12 (2.61 %)," ","122,820","577,000,000",0,0,4.65,4.76,4.65
11/03/2019,4.60,4.60,-0.13 (-2.75 %)," ","87,560","403,000,000",0,0,4.52,4.74,4.52
08/03/2019,4.73,4.73,-0.22 (-4.44 %)," ","147,730","701,000,000",0,0,4.95,4.95,4.63
07/03/2019,4.95,4.95,0.07 (1.43 %)," ","202,570","1,024,000,000",0,0,5.21,5.21,4.81
06/03/2019,4.88,4.88,0.31 (6.78 %)," ","554,810","2,697,000,000",0,0,4.80,4.88,4.76
05/03/2019,4.57,4.57,0.29 (6.78 %)," ","282,360","1,277,000,000",0,0,4.30,4.57,4.30
04/03/2019,4.28,4.28,0.28 (7.00 %)," ","288,680","1,231,000,000",0,0,4.20,4.28,4.20
01/03/2019,4.00,4.00,0.05 (1.27 %)," ","149,650","608,000,000",0,0,3.98,4.14,3.95
28/02/2019,3.95,3.95,0.25 (6.76 %)," ","334,360","1,299,000,000",0,0,3.63,3.95,3.63
27/02/2019,3.70,3.70,-0.09 (-2.37 %)," ","278,100","1,030,000,000",0,0,3.80,3.80,3.65
26/02/2019,3.79,3.79,-0.17 (-4.29 %)," ","161,200","623,000,000",0,0,3.95,3.95,3.79
25/02/2019,3.96,3.96,-0.01 (-0.25 %)," ","460,210","1,799,000,000",0,0,3.97,3.97,3.90
22/02/2019,3.97,3.97,0.00 (0.00 %)," ","78,220","309,000,000",0,0,3.96,3.98,3.90
21/02/2019,3.97,3.97,0.00 (0.00 %)," ","37,530","150,000,000",0,0,3.97,4.00,3.90
20/02/2019,3.97,3.97,-0.06 (-1.49 %)," ","77,100","310,000,000",0,0,4.03,4.03,3.97
19/02/2019,4.03,4.03,-0.14 (-3.36 %)," ","35,330","144,000,000",0,0,4.10,4.17,4.02
18/02/2019,4.17,4.17,-0.02 (-0.48 %)," ","112,380","466,000,000",0,0,4.19,4.19,4.12
15/02/2019,4.19,4.19,0.06 (1.45 %)," ","112,060","468,000,000",0,0,4.10,4.20,4.10
14/02/2019,4.13,4.13,-0.09 (-2.13 %)," ","10,080","42,000,000",0,0,4.22,4.22,4.13
13/02/2019,4.22,4.22,0.24 (6.03 %)," ","269,810","1,108,000,000",0,0,3.97,4.25,3.97
12/02/2019,3.98,3.98,-0.04 (-1.00 %)," ","43,480","174,000,000",0,0,3.99,4.02,3.95
11/02/2019,4.02,4.02,0.07 (1.77 %)," ","38,170","151,000,000",0,0,3.95,4.05,3.70
01/02/2019,3.95,3.95,0.00 (0.00 %)," ","41,750","166,000,000",0,0,3.94,4.05,3.88
31/01/2019,3.95,3.95,-0.17 (-4.13 %)," ","26,010","103,000,000",0,0,4.00,4.00,3.90
30/01/2019,4.12,4.12,0.01 (0.24 %)," ","42,090","171,000,000",0,0,4.11,4.17,4.00
29/01/2019,4.11,4.11,0.21 (5.38 %)," ","251,840","938,000,000",0,0,3.75,4.17,3.63
28/01/2019,3.90,3.90,-0.24 (-5.80 %)," ","190,630","762,000,000",0,0,4.01,4.03,3.90
25/01/2019,4.14,4.14,-0.25 (-5.69 %)," ","34,960","145,000,000",0,0,4.30,4.30,4.10
24/01/2019,4.39,4.39,-0.04 (-0.90 %)," ","6,410","27,000,000",0,0,4.20,4.43,4.20
23/01/2019,4.43,4.43,0.08 (1.84 %)," ","124,240","510,000,000",0,0,4.10,4.43,4.06
22/01/2019,4.35,4.35,-0.30 (-6.45 %)," ","221,820","984,000,000",0,0,4.65,4.65,4.35
21/01/2019,4.65,4.65,-0.04 (-0.85 %)," ","18,920","88,000,000",0,0,4.88,4.88,4.65
18/01/2019,4.69,4.69,-0.01 (-0.21 %)," ","27,850","131,000,000",0,0,4.85,4.85,4.69
17/01/2019,4.70,4.70,-0.16 (-3.29 %)," ","47,210","222,000,000",0,0,4.82,4.82,4.70
16/01/2019,4.86,4.86,-0.05 (-1.02 %)," ","3,970","19,000,000",0,0,4.86,4.88,4.80
15/01/2019,4.91,4.91,0.00 (0.00 %)," ",30,0,0,0,5.00,5.00,4.91
14/01/2019,4.91,4.91,0.02 (0.41 %)," ","16,800","81,000,000",0,0,5.00,5.00,4.71
11/01/2019,4.89,4.89,0.00 (0.00 %)," ","15,270","72,000,000",0,0,4.70,4.98,4.70
10/01/2019,4.89,4.89,-0.06 (-1.21 %)," ","112,920","531,000,000",0,0,4.70,4.90,4.70
09/01/2019,4.95,4.95,0.16 (3.34 %)," ","5,620","27,000,000",0,0,4.60,4.95,4.60
08/01/2019,4.79,4.79,-0.01 (-0.21 %)," ","28,770","132,000,000",0,0,4.65,4.79,4.50
07/01/2019,4.80,4.80,0.00 (0.00 %)," ","24,040","113,000,000",0,0,4.99,4.99,4.66
04/01/2019,4.80,4.80,0.03 (0.63 %)," ","11,630","56,000,000",0,0,5.00,5.00,4.70
03/01/2019,4.77,4.77,-0.16 (-3.25 %)," ","22,390","109,000,000",0,0,4.93,4.93,4.77
02/01/2019,4.93,4.93,-0.24 (-4.64 %)," ","60,510","306,000,000",0,0,4.93,5.12,4.93
28/12/2018,5.17,5.17,0.00 (0.00 %)," ","51,840","259,000,000",0,0,5.20,5.20,5.00
27/12/2018,5.17,5.17,0.13 (2.58 %)," ","12,960","67,000,000",0,0,5.30,5.30,5.11
26/12/2018,5.04,5.04,0.00 (0.00 %)," ",170,"1,000,000",0,0,5.00,5.04,5.00
25/12/2018,5.04,5.04,-0.06 (-1.18 %)," ","15,310","76,000,000",0,0,5.04,5.05,4.93
24/12/2018,5.10,5.10,0.05 (0.99 %)," ","17,060","87,000,000",0,0,5.35,5.40,5.05
21/12/2018,5.05,5.05,-0.13 (-2.51 %)," ","11,870","60,000,000",0,0,5.18,5.18,5.03
20/12/2018,5.18,5.18,0.12 (2.37 %)," ","2,930","15,000,000",0,0,5.02,5.19,5.02
19/12/2018,5.06,5.06,-0.13 (-2.50 %)," ","38,100","193,000,000",0,0,5.06,5.08,5.06
18/12/2018,5.19,5.19,-0.02 (-0.38 %)," ","127,890","652,000,000",0,0,5.02,5.19,5.02
17/12/2018,5.21,5.21,-0.07 (-1.33 %)," ","12,120","63,000,000",0,0,5.28,5.28,5.21
14/12/2018,5.28,5.28,0.08 (1.54 %)," ","90,830","479,000,000",0,0,5.20,5.32,5.20
13/12/2018,5.20,5.20,-0.05 (-0.95 %)," ","142,280","740,000,000",0,0,5.24,5.24,5.20
12/12/2018,5.25,5.25,-0.01 (-0.19 %)," ","3,780","20,000,000",0,0,5.26,5.26,5.22
11/12/2018,5.26,5.26,0.00 (0.00 %)," ","34,770","181,000,000","140,000","686,000,000",5.21,5.26,5.20
10/12/2018,5.26,5.26,0.00 (0.00 %)," ","13,870","73,000,000",0,0,5.21,5.34,5.21
07/12/2018,5.26,5.26,-0.01 (-0.19 %)," ","72,750","378,000,000",0,0,5.21,5.26,5.18
06/12/2018,5.27,5.27,0.00 (0.00 %)," ","17,870","93,000,000",0,0,5.21,5.27,5.20
05/12/2018,5.27,5.27,-0.03 (-0.57 %)," ","44,690","233,000,000",0,0,5.30,5.30,5.18
04/12/2018,5.30,5.30,0.02 (0.38 %)," ","3,560","19,000,000",0,0,5.30,5.35,5.21
03/12/2018,5.28,5.28,0.08 (1.54 %)," ","30,600","161,000,000",0,0,5.30,5.30,5.20
30/11/2018,5.20,5.20,-0.04 (-0.76 %)," ","30,180","157,000,000",0,0,5.20,5.20,5.17
29/11/2018,5.24,5.24,0.00 (0.00 %)," ","63,080","329,000,000",0,0,5.24,5.24,5.20
28/11/2018,5.24,5.24,0.03 (0.58 %)," ","52,350","272,000,000",0,0,5.21,5.24,5.20
27/11/2018,5.21,5.21,0.01 (0.19 %)," ","55,690","290,000,000",0,0,5.20,5.27,5.20
26/11/2018,5.20,5.20,-0.08 (-1.52 %)," ","74,840","390,000,000",0,0,5.21,5.22,5.20
23/11/2018,5.28,5.28,-0.07 (-1.31 %)," ","37,630","196,000,000",0,0,5.28,5.28,5.18
22/11/2018,5.35,5.35,-0.08 (-1.47 %)," ","6,920","37,000,000",0,0,5.35,5.35,5.23
21/11/2018,5.43,5.43,0.23 (4.42 %)," ","45,630","243,000,000",0,0,5.20,5.43,5.16
20/11/2018,5.20,5.20,0.00 (0.00 %)," ","23,640","122,000,000",0,0,5.16,5.20,5.15
19/11/2018,5.20,5.20,0.01 (0.19 %)," ","33,300","172,000,000",0,0,5.30,5.30,5.13
16/11/2018,5.19,5.19,-0.04 (-0.76 %)," ","46,560","240,000,000",0,0,5.22,5.22,5.13
15/11/2018,5.23,5.23,0.03 (0.58 %)," ","38,930","201,000,000",0,0,5.20,5.23,5.15
14/11/2018,5.20,5.20,-0.05 (-0.95 %)," ","11,650","60,000,000",0,0,5.11,5.20,5.11
13/11/2018,5.25,5.25,0.00 (0.00 %)," ","29,700","152,000,000",0,0,5.11,5.25,5.10
12/11/2018,5.25,5.25,-0.12 (-2.23 %)," ","92,720","481,000,000",0,0,5.37,5.37,5.10
09/11/2018,5.37,5.37,0.07 (1.32 %)," ","88,940","466,000,000",0,0,5.21,5.40,5.20
08/11/2018,5.30,5.30,-0.13 (-2.39 %)," ","33,670","179,000,000",0,0,5.43,5.43,5.30
07/11/2018,5.43,5.43,0.19 (3.63 %)," ","43,050","227,000,000",0,0,5.49,5.49,5.25
06/11/2018,5.24,5.24,0.01 (0.19 %)," ","116,940","620,000,000",0,0,5.35,5.50,5.20
05/11/2018,5.23,5.23,0.03 (0.58 %)," ","42,610","225,000,000",0,0,5.20,5.40,5.20
02/11/2018,5.20,5.20,0.00 (0.00 %)," ","70,010","365,000,000",0,0,5.20,5.40,5.20
01/11/2018,5.20,5.20,-0.25 (-4.59 %)," ","36,910","197,000,000",0,0,5.50,5.50,5.20
31/10/2018,5.45,5.45,0.35 (6.86 %)," ","237,670","1,282,000,000",0,0,5.10,5.45,5.10
30/10/2018,5.10,5.10,0.05 (0.99 %)," ","50,760","257,000,000",0,0,5.05,5.10,5.05
29/10/2018,5.05,5.05,-0.13 (-2.51 %)," ","34,890","177,000,000",0,0,5.18,5.18,5.04
26/10/2018,5.18,5.18,0.33 (6.80 %)," ","109,390","566,000,000",0,0,5.00,5.18,5.00
25/10/2018,4.85,4.85,-0.20 (-3.96 %)," ","120,600","581,000,000",0,0,4.90,4.93,4.70
24/10/2018,5.05,5.05,-0.23 (-4.36 %)," ","90,480","462,000,000",0,0,5.29,5.30,5.05
23/10/2018,5.28,5.28,-0.08 (-1.49 %)," ","91,930","490,000,000",0,0,5.36,5.44,5.20
22/10/2018,5.36,5.36,-0.39 (-6.78 %)," ","348,600","1,884,000,000",0,0,5.40,5.59,5.35
19/10/2018,5.75,5.75,0.00 (0.00 %)," ","36,160","207,000,000",0,0,5.75,5.75,5.70
18/10/2018,5.75,5.75,-0.05 (-0.86 %)," ","30,080","173,000,000",0,0,5.76,5.83,5.73
17/10/2018,5.80,5.80,0.00 (0.00 %)," ","51,680","305,000,000",0,0,5.80,5.95,5.80
16/10/2018,5.80,5.80,0.10 (1.75 %)," ","39,500","228,000,000",0,0,5.88,5.88,5.70
15/10/2018,5.70,5.70,-0.15 (-2.56 %)," ","65,570","375,000,000",0,0,5.90,5.90,5.69
12/10/2018,5.85,5.85,0.08 (1.39 %)," ","112,650","640,000,000",0,0,5.40,6.07,5.40
11/10/2018,5.77,5.77,-0.43 (-6.94 %)," ","503,390","2,913,000,000",0,0,5.77,6.00,5.77
10/10/2018,6.20,6.20,-0.15 (-2.36 %)," ","229,790","1,427,000,000",0,0,6.30,6.48,6.10
09/10/2018,6.35,6.35,-0.05 (-0.78 %)," ","155,580","989,000,000",0,0,6.50,6.50,6.24
08/10/2018,6.40,6.40,-0.37 (-5.47 %)," ","217,810","1,422,000,000",0,0,6.70,6.70,6.40
05/10/2018,6.77,6.77,-0.15 (-2.17 %)," ","263,030","1,802,000,000",0,0,6.89,6.92,6.77
04/10/2018,6.92,6.92,0.03 (0.44 %)," ","235,910","1,664,000,000",0,0,7.00,7.20,6.92
03/10/2018,6.89,6.89,-0.03 (-0.43 %)," ","292,270","2,033,000,000",0,0,7.00,7.10,6.88
02/10/2018,6.92,6.92,0.01 (0.14 %)," ","438,690","3,073,000,000",0,0,7.00,7.15,6.90
01/10/2018,6.91,6.91,-0.09 (-1.29 %)," ","168,260","1,178,000,000",0,0,6.93,7.16,6.91
28/09/2018,7.00,7.00,-0.08 (-1.13 %)," ","248,420","1,760,000,000",0,0,7.04,7.20,6.97
27/09/2018,7.08,7.08,0.08 (1.14 %)," ","351,930","2,460,000,000",0,0,7.00,7.13,6.85
26/09/2018,7.00,7.00,-0.15 (-2.10 %)," ","283,120","2,015,000,000",0,0,7.15,7.19,7.00
25/09/2018,7.15,7.15,0.35 (5.15 %)," ","432,960","3,109,000,000",0,0,7.15,7.27,6.90
24/09/2018,6.80,6.80,0.00 (0.00 %)," ","162,400","1,082,000,000",0,0,6.79,6.80,6.55
21/09/2018,6.80,6.80,-0.10 (-1.45 %)," ","203,990","1,367,000,000",0,0,6.90,6.91,6.58
20/09/2018,6.90,6.90,0.38 (5.83 %)," ","932,030","6,460,000,000",0,0,6.97,6.97,6.62
19/09/2018,6.52,6.52,0.42 (6.89 %)," ","638,930","4,142,000,000",0,0,6.15,6.52,6.15
18/09/2018,6.10,6.10,0.00 (0.00 %)," ","93,210","567,000,000",0,0,6.10,6.12,5.91
17/09/2018,6.10,6.10,0.05 (0.83 %)," ","249,080","1,509,000,000",0,0,6.00,6.20,5.92
14/09/2018,6.05,6.05,-0.12 (-1.94 %)," ","81,260","486,000,000",0,0,6.00,6.19,5.95
13/09/2018,6.17,6.17,0.07 (1.15 %)," ","399,530","2,470,000,000",0,0,6.10,6.21,6.10
12/09/2018,6.10,6.10,0.31 (5.35 %)," ","377,530","2,243,000,000",0,0,5.85,6.17,5.75
11/09/2018,5.79,5.79,0.09 (1.58 %)," ","39,040","223,000,000",0,0,5.70,5.80,5.67
10/09/2018,5.70,5.70,-0.09 (-1.55 %)," ","156,270","895,000,000",0,0,5.80,5.80,5.70
07/09/2018,5.79,5.79,-0.05 (-0.86 %)," ","72,890","417,000,000",0,0,5.84,5.85,5.65
06/09/2018,5.84,5.84,-0.04 (-0.68 %)," ","15,930","92,000,000",0,0,5.75,5.89,5.70
05/09/2018,5.88,5.88,-0.10 (-1.67 %)," ","125,170","728,000,000",0,0,5.96,5.99,5.70
04/09/2018,5.98,5.98,0.08 (1.36 %)," ","109,300","653,000,000",0,0,5.82,6.09,5.80
31/08/2018,5.90,5.90,0.00 (0.00 %)," ","56,840","336,000,000",0,0,6.00,6.00,5.80
30/08/2018,5.90,5.90,0.20 (3.51 %)," ","46,110","267,000,000",0,0,5.62,5.99,5.62
29/08/2018,5.70,5.70,-0.30 (-5.00 %)," ","73,990","432,000,000",0,0,5.93,5.95,5.70
28/08/2018,6.00,6.00,-0.10 (-1.64 %)," ","57,400","344,000,000",0,0,6.10,6.10,5.92
27/08/2018,6.10,6.10,0.00 (0.00 %)," ","137,140","840,000,000",0,0,6.20,6.20,6.03
24/08/2018,6.10,6.10,0.00 (0.00 %)," ","62,390","381,000,000",0,0,6.12,6.12,6.00
23/08/2018,6.10,6.10,0.10 (1.67 %)," ","83,320","505,000,000",0,0,6.10,6.10,6.00
22/08/2018,6.00,6.00,-0.10 (-1.64 %)," ","156,420","951,000,000",0,0,6.10,6.15,6.00
21/08/2018,6.10,6.10,0.35 (6.09 %)," ","417,470","2,532,000,000",0,0,5.80,6.15,5.80
20/08/2018,5.75,5.75,0.25 (4.55 %)," ","109,890","621,000,000",0,0,5.74,5.75,5.45
17/08/2018,5.50,5.50,-0.17 (-3.00 %)," ","67,200","375,000,000",0,0,5.70,5.74,5.42
16/08/2018,5.67,5.67,-0.01 (-0.18 %)," ","98,070","544,000,000",0,0,5.60,5.67,5.34
15/08/2018,5.68,5.68,-0.25 (-4.22 %)," ","235,300","1,339,000,000",0,0,5.93,6.00,5.52
14/08/2018,5.93,5.93,-0.22 (-3.58 %)," ","200,210","1,202,000,000",0,0,6.15,6.15,5.91
13/08/2018,6.15,6.15,-0.04 (-0.65 %)," ","192,020","1,186,000,000",0,0,6.20,6.24,6.03
10/08/2018,6.19,6.19,0.19 (3.17 %)," ","271,490","1,653,000,000",0,0,6.00,6.24,5.91
09/08/2018,6.00,6.00,-0.13 (-2.12 %)," ","265,520","1,599,000,000",0,0,6.12,6.13,5.81
08/08/2018,6.13,6.13,0.33 (5.69 %)," ","307,370","1,812,000,000",0,0,5.65,6.20,5.60
07/08/2018,5.80,5.80,0.17 (3.02 %)," ","187,040","1,073,000,000",0,0,5.70,5.90,5.60
06/08/2018,5.63,5.63,0.36 (6.83 %)," ","428,500","2,405,000,000",0,0,5.48,5.63,5.44
03/08/2018,5.27,5.27,0.34 (6.90 %)," ","313,780","1,616,000,000",0,0,5.00,5.27,5.00
02/08/2018,4.93,4.93,-0.07 (-1.40 %)," ","74,750","370,000,000",0,0,4.95,5.00,4.85
01/08/2018,5.00,5.00,0.00 (0.00 %)," ","58,520","294,000,000",0,0,4.95,5.10,4.95
31/07/2018,5.00,5.00,0.18 (3.73 %)," ","136,550","684,000,000",0,0,5.00,5.15,4.80
30/07/2018,4.82,4.82,0.31 (6.87 %)," ","341,010","1,620,000,000",0,0,4.52,4.82,4.50
27/07/2018,4.51,4.51,-0.25 (-5.25 %)," ","197,900","901,000,000",0,0,4.76,4.76,4.48
26/07/2018,4.76,4.76,-0.09 (-1.86 %)," ","54,120","258,000,000",0,0,4.85,4.85,4.75
25/07/2018,4.85,4.85,0.02 (0.41 %)," ","144,570","692,000,000",0,0,4.75,4.90,4.75
24/07/2018,4.83,4.83,-0.09 (-1.83 %)," ","55,070","267,000,000",0,0,4.95,4.95,4.80
23/07/2018,4.92,4.92,-0.03 (-0.61 %)," ","66,580","330,000,000",0,0,4.95,5.00,4.90
20/07/2018,4.95,4.95,0.00 (0.00 %)," ","116,690","570,000,000",0,0,4.95,5.00,4.85
19/07/2018,4.95,4.95,-0.05 (-1.00 %)," ","17,000","85,000,000",0,0,5.00,5.01,4.95
18/07/2018,5.00,5.00,0.01 (0.20 %)," ","76,820","383,000,000",0,0,5.03,5.03,4.91
17/07/2018,4.99,4.99,0.09 (1.84 %)," ","29,390","146,000,000",0,0,4.90,5.00,4.90
16/07/2018,4.90,4.90,-0.03 (-0.61 %)," ","16,450","81,000,000",0,0,5.00,5.00,4.83
13/07/2018,4.93,4.93,0.04 (0.82 %)," ","37,710","187,000,000",0,0,4.89,5.00,4.89
12/07/2018,4.89,4.89,0.09 (1.88 %)," ","9,380","45,000,000",0,0,4.80,4.90,4.80
11/07/2018,4.80,4.80,-0.10 (-2.04 %)," ","41,610","200,000,000",0,0,4.89,4.90,4.80
10/07/2018,4.90,4.90,0.05 (1.03 %)," ","80,930","394,000,000",0,0,4.85,4.95,4.85
09/07/2018,4.85,4.85,-0.05 (-1.02 %)," ","25,020","123,000,000",0,0,4.90,4.95,4.80
06/07/2018,4.90,4.90,0.10 (2.08 %)," ","41,370","197,000,000",0,0,4.70,4.90,4.60
05/07/2018,4.80,4.80,-0.02 (-0.41 %)," ","57,160","270,000,000",0,0,4.83,4.84,4.70
04/07/2018,4.82,4.82,-0.03 (-0.62 %)," ","26,410","128,000,000",0,0,4.57,4.85,4.57
03/07/2018,4.85,4.85,-0.16 (-3.19 %)," ","127,840","634,000,000",0,0,5.00,5.36,4.85
02/07/2018,5.01,5.01,-0.11 (-2.15 %)," ","75,040","379,000,000",0,0,5.12,5.12,5.01
29/06/2018,5.12,5.12,-0.07 (-1.35 %)," ","40,370","207,000,000",0,0,5.11,5.17,5.10
28/06/2018,5.19,5.19,0.01 (0.19 %)," ","14,430","75,000,000",0,0,5.20,5.20,5.11
27/06/2018,5.18,5.18,0.00 (0.00 %)," ","137,670","714,000,000",0,0,5.18,5.21,5.15
26/06/2018,5.18,5.18,-0.02 (-0.38 %)," ","32,410","166,000,000",0,0,5.19,5.19,5.00
25/06/2018,5.20,5.20,0.05 (0.97 %)," ","67,890","353,000,000",0,0,5.20,5.22,5.16
22/06/2018,5.15,5.15,-0.05 (-0.96 %)," ","18,720","97,000,000",0,0,5.15,5.21,5.14
21/06/2018,5.20,5.20,0.06 (1.17 %)," ","59,830","310,000,000",0,0,5.17,5.20,5.14
20/06/2018,5.14,5.14,0.01 (0.19 %)," ","41,520","216,000,000",0,0,5.25,5.25,5.14
19/06/2018,5.13,5.13,-0.37 (-6.73 %)," ","60,000","315,000,000",0,0,5.49,5.50,5.13
18/06/2018,5.50,5.50,-0.07 (-1.26 %)," ","135,860","749,000,000",0,0,5.69,5.69,5.40
15/06/2018,5.57,5.57,0.01 (0.18 %)," ","150,700","839,000,000",0,0,5.69,5.69,5.56
14/06/2018,5.56,5.56,0.01 (0.18 %)," ","91,390","509,000,000",0,0,5.62,5.62,5.55
13/06/2018,5.55,5.55,-0.15 (-2.63 %)," ","43,500","242,000,000",0,0,5.75,5.75,5.55
12/06/2018,5.70,5.70,-0.02 (-0.35 %)," ","38,710","219,000,000",0,0,5.70,5.70,5.55
11/06/2018,5.72,5.72,-0.07 (-1.21 %)," ","44,140","254,000,000",0,0,5.75,5.80,5.72
08/06/2018,5.79,5.79,0.06 (1.05 %)," ","235,210","1,347,000,000",0,0,5.72,5.79,5.71
07/06/2018,5.73,5.73,0.03 (0.53 %)," ","276,130","1,583,000,000",0,0,5.70,5.79,5.70
06/06/2018,5.70,5.70,-0.05 (-0.87 %)," ","47,990","275,000,000",0,0,5.99,5.99,5.70
05/06/2018,5.75,5.75,0.23 (4.17 %)," ","54,180","310,000,000",0,0,5.83,5.83,5.60
04/06/2018,5.52,5.52,0.02 (0.36 %)," ","43,270","239,000,000",0,0,5.49,5.60,5.49
01/06/2018,5.50,5.50,-0.05 (-0.90 %)," ","145,070","800,000,000",0,0,5.54,5.55,5.50
31/05/2018,5.55,5.55,0.05 (0.91 %)," ","103,530","575,000,000",0,0,5.50,5.60,5.50
30/05/2018,5.50,5.50,-0.09 (-1.61 %)," ","142,840","772,000,000",0,0,5.26,5.68,5.26
29/05/2018,5.59,5.59,0.10 (1.82 %)," ","89,670","495,000,000",0,0,5.60,5.60,5.30
28/05/2018,5.49,5.49,-0.41 (-6.95 %)," ","177,420","986,000,000",0,0,5.90,6.00,5.49
25/05/2018,5.90,5.90,-0.20 (-3.28 %)," ","122,810","738,000,000",0,0,6.10,6.10,5.90
24/05/2018,6.10,6.10,0.03 (0.49 %)," ","84,630","515,000,000",0,0,6.07,6.20,6.04
23/05/2018,6.07,6.07,0.00 (0.00 %)," ","170,470","1,037,000,000",0,0,6.15,6.15,6.05
22/05/2018,6.07,6.07,-0.45 (-6.90 %)," ","326,310","2,020,000,000",0,0,6.70,6.70,6.07
21/05/2018,6.52,6.52,-0.27 (-3.98 %)," ","28,380","184,000,000",0,0,6.78,6.79,6.45
18/05/2018,6.79,6.79,-0.01 (-0.15 %)," ","92,720","628,000,000",0,0,6.90,6.90,6.70
17/05/2018,6.80,6.80,0.00 (0.00 %)," ","135,900","926,000,000",0,0,6.90,6.93,6.68
16/05/2018,6.80,6.80,0.31 (4.78 %)," ","318,010","2,167,000,000",0,0,6.60,6.94,6.50
15/05/2018,6.49,6.49,0.12 (1.88 %)," ","136,140","878,000,000",0,0,6.43,6.60,6.26
14/05/2018,6.37,6.37,0.07 (1.11 %)," ","2,200","14,000,000",0,0,6.39,6.39,6.25
11/05/2018,6.30,6.30,-0.05 (-0.79 %)," ","59,740","372,000,000",0,0,6.26,6.45,6.20
10/05/2018,6.35,6.35,0.00 (0.00 %)," ","107,840","696,000,000",0,0,6.40,6.58,6.35
09/05/2018,6.35,6.35,0.00 (0.00 %)," ","40,060","252,000,000",0,0,6.40,6.40,6.20
08/05/2018,6.35,6.35,0.00 (0.00 %)," ","44,280","280,000,000",0,0,6.35,6.40,6.26
07/05/2018,6.35,6.35,0.23 (3.76 %)," ","84,640","533,000,000",0,0,6.30,6.39,6.12
04/05/2018,6.12,6.12,-0.07 (-1.13 %)," ","65,330","404,000,000","150,000","864,000,000",6.19,6.30,6.11
03/05/2018,6.19,6.19,0.06 (0.98 %)," ","82,620","500,000,000",0,0,6.03,6.30,6.02
02/05/2018,6.13,6.13,-0.30 (-4.67 %)," ","176,520","1,089,000,000",0,0,6.13,6.23,6.10
27/04/2018,6.43,6.43,-0.22 (-3.31 %)," ","156,880","1,021,000,000","150,000","928,500,000",6.65,6.65,6.21
26/04/2018,6.65,6.65,-0.15 (-2.21 %)," ","246,310","1,685,000,000",0,0,7.00,7.00,6.65
24/04/2018,6.80,6.80,-0.04 (-0.58 %)," ","66,450","451,000,000",0,0,7.00,7.00,6.75
23/04/2018,6.84,6.84,-0.21 (-2.98 %)," ","124,600","854,000,000",0,0,6.84,7.10,6.80
20/04/2018,7.05,7.05,-0.05 (-0.70 %)," ","104,540","732,000,000",0,0,7.10,7.10,6.97
19/04/2018,7.10,7.10,0.00 (0.00 %)," ","130,090","920,000,000",0,0,7.10,7.30,7.01
18/04/2018,7.10,7.10,-0.03 (-0.42 %)," ","56,740","404,000,000",0,0,7.10,7.18,7.09
17/04/2018,7.13,7.13,-0.06 (-0.83 %)," ","58,660","421,000,000",0,0,7.20,7.20,7.13
16/04/2018,7.19,7.19,0.09 (1.27 %)," ","57,730","411,000,000",0,0,7.10,7.20,7.09
13/04/2018,7.10,7.10,-0.10 (-1.39 %)," ","33,270","237,000,000",0,0,7.30,7.30,7.05
12/04/2018,7.20,7.20,0.10 (1.41 %)," ","106,620","767,000,000",0,0,7.24,7.30,7.03
11/04/2018,7.10,7.10,-0.02 (-0.28 %)," ","184,600","1,314,000,000",0,0,7.12,7.37,7.05
10/04/2018,7.12,7.12,0.01 (0.14 %)," ","163,770","1,165,000,000",0,0,7.10,7.20,7.07
09/04/2018,7.11,7.11,-0.21 (-2.87 %)," ","287,420","2,067,000,000",0,0,7.32,7.32,7.10
06/04/2018,7.32,7.32,-0.36 (-4.69 %)," ","176,630","1,318,000,000",0,0,7.50,7.68,7.32
05/04/2018,7.68,7.68,0.03 (0.39 %)," ","81,920","619,000,000",0,0,7.50,7.70,7.44
04/04/2018,7.65,7.65,0.00 (0.00 %)," ","361,260","2,861,000,000",0,0,8.10,8.15,7.65
03/04/2018,7.65,7.65,0.50 (6.99 %)," ","760,200","5,594,000,000",0,0,7.15,7.65,6.95
02/04/2018,7.15,7.15,-0.05 (-0.69 %)," ","149,690","1,075,000,000",0,0,7.40,7.40,7.10
30/03/2018,7.20,7.20,-0.01 (-0.14 %)," ","156,120","1,123,000,000",0,0,7.21,7.21,7.17
29/03/2018,7.21,7.21,-0.04 (-0.55 %)," ","144,990","1,057,000,000",0,0,7.35,7.40,7.21
28/03/2018,7.25,7.25,0.03 (0.42 %)," ","62,490","455,000,000",0,0,7.45,7.45,7.20
27/03/2018,7.22,7.22,-0.08 (-1.10 %)," ","266,270","1,946,000,000",0,0,7.56,7.56,7.20
26/03/2018,7.30,7.30,-0.37 (-4.82 %)," ","278,190","2,097,000,000",0,0,7.67,7.80,7.30
23/03/2018,7.67,7.67,-0.04 (-0.52 %)," ","199,880","1,514,000,000",0,0,7.71,7.71,7.45
22/03/2018,7.71,7.71,0.11 (1.45 %)," ","278,760","2,182,000,000",0,0,7.70,8.00,7.70
21/03/2018,7.60,7.60,0.00 (0.00 %)," ","198,670","1,538,000,000",0,0,7.76,8.00,7.60
20/03/2018,7.60,7.60,-0.16 (-2.06 %)," ","79,050","600,000,000",0,0,7.76,7.76,7.51
19/03/2018,7.76,7.76,0.14 (1.84 %)," ","140,030","1,076,000,000",0,0,7.76,7.77,7.62
16/03/2018,7.62,7.62,0.00 (0.00 %)," ","158,800","1,210,000,000",0,0,7.62,7.70,7.45
15/03/2018,7.62,7.62,0.17 (2.28 %)," ","148,950","1,131,000,000",0,0,7.36,7.78,7.36
14/03/2018,7.45,7.45,-0.05 (-0.67 %)," ","204,330","1,517,000,000",0,0,7.41,7.50,7.35
13/03/2018,7.50,7.50,-0.12 (-1.57 %)," ","291,580","2,200,000,000",0,0,7.60,7.75,7.45
12/03/2018,7.62,7.62,-0.03 (-0.39 %)," ","98,290","756,000,000",0,0,7.62,7.95,7.60
09/03/2018,7.65,7.65,-0.25 (-3.16 %)," ","151,080","1,161,000,000",0,0,7.45,7.90,7.45
08/03/2018,7.90,7.90,0.10 (1.28 %)," ","110,900","880,000,000",0,0,7.90,8.05,7.83
07/03/2018,7.80,7.80,-0.40 (-4.88 %)," ","288,550","2,287,000,000",0,0,8.10,8.20,7.65
06/03/2018,8.20,8.20,-0.10 (-1.20 %)," ","214,920","1,760,000,000",0,0,8.10,8.30,8.10
05/03/2018,8.30,8.30,-0.25 (-2.92 %)," ","321,830","2,711,000,000",0,0,8.75,8.75,8.30
02/03/2018,8.55,8.55,0.22 (2.64 %)," ","191,200","1,625,000,000",0,0,8.20,8.63,8.20
01/03/2018,8.33,8.33,0.00 (0.00 %)," ","449,820","3,861,000,000",0,0,8.43,8.80,8.33
28/02/2018,8.33,8.33,0.54 (6.93 %)," ","704,760","5,803,000,000",0,0,7.85,8.33,7.85
27/02/2018,7.79,7.79,-0.01 (-0.13 %)," ","97,340","750,000,000",0,0,7.80,7.88,7.65
26/02/2018,7.80,7.80,0.11 (1.43 %)," ","435,610","3,409,000,000",0,0,7.90,8.10,7.40
23/02/2018,7.69,7.69,0.26 (3.50 %)," ","157,380","1,198,000,000",0,0,7.82,7.82,7.45
22/02/2018,7.43,7.43,-0.31 (-4.01 %)," ","145,170","1,089,000,000",0,0,7.69,7.69,7.41
21/02/2018,7.74,7.74,-0.04 (-0.51 %)," ","106,750","830,000,000",0,0,7.89,7.90,7.70
13/02/2018,7.78,7.78,0.44 (5.99 %)," ","140,010","1,085,000,000",0,0,7.79,7.80,7.60
12/02/2018,7.34,7.34,0.48 (7.00 %)," ","143,190","1,025,000,000",0,0,7.33,7.34,6.86
09/02/2018,6.86,6.86,-0.49 (-6.67 %)," ","593,030","4,077,000,000",0,0,6.90,7.00,6.84
08/02/2018,7.35,7.35,-0.20 (-2.65 %)," ","141,620","1,062,000,000",0,0,7.55,7.60,7.35
07/02/2018,7.55,7.55,0.19 (2.58 %)," ","263,250","2,011,550,000",0,0,7.85,7.85,7.40
06/02/2018,7.36,7.36,-0.55 (-6.95 %)," ","447,020","3,290,000,000",0,0,7.36,7.36,7.36
05/02/2018,7.91,7.91,-0.59 (-6.94 %)," ","223,720","1,788,000,000",0,0,8.50,8.50,7.91
02/02/2018,8.50,8.50,0.00 (0.00 %)," ","211,940","1,809,000,000",0,0,8.53,8.76,8.50
08/03/2018,7.90,7.90,0.10 (1.28 %)," ","110,900","880,000,000",0,0,7.90,8.05,7.83
07/03/2018,7.80,7.80,-0.40 (-4.88 %)," ","288,550","2,287,000,000",0,0,8.10,8.20,7.65
06/03/2018,8.20,8.20,-0.10 (-1.20 %)," ","214,920","1,760,000,000",0,0,8.10,8.30,8.10
05/03/2018,8.30,8.30,-0.25 (-2.92 %)," ","321,830","2,711,000,000",0,0,8.75,8.75,8.30
02/03/2018,8.55,8.55,0.22 (2.64 %)," ","191,200","1,625,000,000",0,0,8.20,8.63,8.20
01/03/2018,8.33,8.33,0.00 (0.00 %)," ","449,820","3,861,000,000",0,0,8.43,8.80,8.33
28/02/2018,8.33,8.33,0.54 (6.93 %)," ","704,760","5,803,000,000",0,0,7.85,8.33,7.85
27/02/2018,7.79,7.79,-0.01 (-0.13 %)," ","97,340","750,000,000",0,0,7.80,7.88,7.65
26/02/2018,7.80,7.80,0.11 (1.43 %)," ","435,610","3,409,000,000",0,0,7.90,8.10,7.40
23/02/2018,7.69,7.69,0.26 (3.50 %)," ","157,380","1,198,000,000",0,0,7.82,7.82,7.45
22/02/2018,7.43,7.43,-0.31 (-4.01 %)," ","145,170","1,089,000,000",0,0,7.69,7.69,7.41
21/02/2018,7.74,7.74,-0.04 (-0.51 %)," ","106,750","830,000,000",0,0,7.89,7.90,7.70
13/02/2018,7.78,7.78,0.44 (5.99 %)," ","140,010","1,085,000,000",0,0,7.79,7.80,7.60
12/02/2018,7.34,7.34,0.48 (7.00 %)," ","143,190","1,025,000,000",0,0,7.33,7.34,6.86
09/02/2018,6.86,6.86,-0.49 (-6.67 %)," ","593,030","4,077,000,000",0,0,6.90,7.00,6.84
08/02/2018,7.35,7.35,-0.20 (-2.65 %)," ","141,620","1,062,000,000",0,0,7.55,7.60,7.35
07/02/2018,7.55,7.55,0.19 (2.58 %)," ","263,250","2,011,550,000",0,0,7.85,7.85,7.40
06/02/2018,7.36,7.36,-0.55 (-6.95 %)," ","447,020","3,290,000,000",0,0,7.36,7.36,7.36
05/02/2018,7.91,7.91,-0.59 (-6.94 %)," ","223,720","1,788,000,000",0,0,8.50,8.50,7.91
02/02/2018,8.50,8.50,0.00 (0.00 %)," ","211,940","1,809,000,000",0,0,8.53,8.76,8.50
