06/05/2022,27.00,27.00,-2.00 (-6.90 %)," ","14,963,500","415,108,000,000","489,400","15,096,200,000",27.90,28.65,27.00
05/05/2022,29.00,29.00,-1.00 (-3.33 %)," ","10,868,100","320,700,000,000",0,0,30.45,30.60,28.65
04/05/2022,30.00,30.00,-1.00 (-3.23 %)," ","7,952,900","242,413,000,000",0,0,30.70,31.30,30.00
29/04/2022,31.00,31.00,0.60 (1.97 %)," ","10,427,700","319,822,000,000","20,000","590,000,000",30.15,31.40,30.05
28/04/2022,30.40,30.40,-0.80 (-2.56 %)," ","9,707,900","299,258,000,000",0,0,30.95,31.55,30.30
27/04/2022,31.20,31.20,-0.30 (-0.95 %)," ","7,463,600","232,400,000,000","89,000","2,772,350,000",31.00,31.75,30.55
26/04/2022,31.50,31.50,2.00 (6.78 %)," ","15,523,600","456,375,000,000",0,0,29.00,31.50,27.45
25/04/2022,29.45,29.45,-2.25 (-7.10 %)," ","16,404,800","498,302,000,000",0,0,31.65,32.15,29.45
22/04/2022,31.65,31.65,-0.70 (-2.16 %)," ","13,201,300","421,884,000,000",0,0,33.00,33.35,30.55
21/04/2022,32.35,32.35,2.05 (6.77 %)," ","14,542,000","456,731,000,000",0,0,30.30,32.40,30.10
20/04/2022,30.30,30.30,0.30 (1.00 %)," ","13,758,500","421,066,000,000",0,0,30.00,31.40,29.60
19/04/2022,30.00,30.00,-2.20 (-6.83 %)," ","15,768,700","498,167,000,000","30,000","898,500,000",32.30,33.05,30.00
18/04/2022,32.20,32.20,-1.50 (-4.45 %)," ","18,699,800","606,166,000,000",0,0,32.80,33.50,31.50
15/04/2022,33.70,33.70,-0.90 (-2.60 %)," ","12,856,200","441,174,000,000",0,0,34.20,35.25,33.50
14/04/2022,34.55,34.55,-0.75 (-2.12 %)," ","12,340,600","431,631,000,000",0,0,35.50,35.95,34.35
13/04/2022,35.30,35.30,2.30 (6.97 %)," ","16,660,500","558,541,000,000",0,0,33.10,35.30,31.80
12/04/2022,33.00,33.00,-2.10 (-5.98 %)," ","16,606,900","572,811,000,000",0,0,35.80,35.80,33.00
08/04/2022,35.10,35.10,0.10 (0.29 %)," ","17,989,300","632,519,000,000",0,0,35.00,36.00,34.55
07/04/2022,35.00,35.00,-0.50 (-1.41 %)," ","23,236,900","836,968,000,000",0,0,35.50,37.00,35.00
06/04/2022,35.50,35.50,0.90 (2.60 %)," ","18,821,500","663,019,000,000",0,0,34.00,36.00,34.00
05/04/2022,34.60,34.60,0.70 (2.06 %)," ","17,035,800","599,641,000,000",0,0,34.10,36.10,34.10
04/04/2022,33.90,33.90,2.20 (6.94 %)," ","28,162,500","944,774,000,000",0,0,32.40,33.90,32.35
01/04/2022,31.70,31.70,1.20 (3.93 %)," ","7,846,800","242,420,000,000",0,0,30.50,31.80,30.10
31/03/2022,30.50,30.50,-0.50 (-1.61 %)," ","4,554,400","140,074,000,000",0,0,31.10,31.25,30.30
30/03/2022,30.95,30.95,0.05 (0.16 %)," ","5,877,000","181,466,000,000",0,0,30.60,31.45,30.30
29/03/2022,30.90,30.90,0.70 (2.32 %)," ","5,304,000","163,730,000,000",0,0,30.90,31.25,30.50
28/03/2022,30.20,30.20,-0.90 (-2.89 %)," ","10,102,500","306,922,000,000",0,0,30.60,31.00,29.80
25/03/2022,31.10,31.10,-0.40 (-1.27 %)," ","8,458,900","264,348,000,000",0,0,31.30,31.80,31.00
24/03/2022,31.50,31.50,-0.50 (-1.56 %)," ","8,935,200","283,420,000,000","1,113,500","33,293,650,000",31.95,32.00,31.50
23/03/2022,31.95,31.95,-0.25 (-0.78 %)," ","6,824,800","219,542,000,000",0,0,32.20,32.50,31.85
22/03/2022,32.15,32.15,0.15 (0.47 %)," ","8,155,200","263,642,000,000",0,0,32.00,32.90,31.95
21/03/2022,32.00,32.00,0.00 (0.00 %)," ","6,935,100","221,253,000,000","100,000","3,000,000,000",32.05,32.30,31.70
18/03/2022,31.95,31.95,-0.15 (-0.47 %)," ","13,105,600","419,033,000,000","1,000,000","29,900,000,000",32.00,32.40,31.70
17/03/2022,32.10,32.10,-0.50 (-1.53 %)," ","6,099,500","197,362,000,000",0,0,33.00,33.00,32.00
16/03/2022,32.55,32.55,-0.05 (-0.15 %)," ","4,868,500","159,455,000,000",0,0,33.20,33.20,32.45
15/03/2022,32.60,32.60,0.80 (2.52 %)," ","8,550,700","279,070,000,000",0,0,31.90,33.55,31.75
14/03/2022,31.75,31.75,-0.75 (-2.31 %)," ","7,352,000","234,186,000,000",0,0,32.10,32.35,31.35
11/03/2022,32.50,32.50,0.60 (1.88 %)," ","32,597,700","1,093,253,000,000",0,0,34.05,34.05,32.50
10/03/2022,31.85,31.85,2.05 (6.88 %)," ","2,000,300","63,709,000,000","1,291,800","38,740,400,000",31.85,31.85,31.85
09/03/2022,29.82,73.50,-1.50 (-2.00 %)," ","11,808,600","876,556,000,000",0,0,75.40,75.70,73.50
08/03/2022,30.43,75.00,-1.10 (-1.45 %)," ","7,236,800","549,742,000,000","413,400","30,116,220,000",75.20,77.00,75.00
07/03/2022,30.87,76.10,-0.90 (-1.17 %)," ","6,682,900","511,271,000,000","328,181","23,551,347,700",76.30,77.50,76.00
04/03/2022,31.24,77.00,0.20 (0.26 %)," ","4,592,100","357,617,000,000","338,600","24,239,900,000",77.50,78.90,77.00
03/03/2022,31.16,76.80,0.90 (1.19 %)," ","4,220,200","320,335,000,000","285,500","21,020,300,000",76.30,76.90,75.10
02/03/2022,30.79,75.90,-2.60 (-3.31 %)," ","10,093,200","772,995,000,000",0,0,77.60,78.30,75.50
01/03/2022,31.85,78.50,-0.30 (-0.38 %)," ","6,539,700","513,415,000,000",0,0,79.20,79.70,77.80
28/02/2022,31.97,78.80,0.70 (0.90 %)," ","5,989,600","472,993,000,000",0,0,79.50,80.30,77.90
25/02/2022,31.69,78.10,2.10 (2.76 %)," ","11,134,100","878,288,000,000","218,000","15,412,600,000",77.00,81.00,76.60
24/02/2022,30.83,76.00,1.60 (2.15 %)," ","9,603,700","724,507,000,000","484,000","35,146,600,000",74.10,77.40,72.00
23/02/2022,30.18,74.40,0.90 (1.22 %)," ","2,332,300","173,327,000,000","221,000","15,116,400,000",74.10,74.90,73.80
22/02/2022,29.82,73.50,-1.60 (-2.13 %)," ","4,542,100","334,325,000,000","193,100","13,497,690,000",73.70,74.80,72.50
21/02/2022,30.47,75.10,3.00 (4.16 %)," ","5,775,200","431,940,000,000","150,200","10,078,420,000",72.60,76.00,72.50
18/02/2022,29.25,72.10,1.00 (1.41 %)," ","4,821,000","344,879,000,000","951,500","63,387,100,000",70.10,72.90,69.80
17/02/2022,28.85,71.10,-0.40 (-0.56 %)," ","2,532,600","180,945,000,000","1,714,000","115,903,460,000",71.50,71.90,70.70
16/02/2022,29.01,71.50,1.20 (1.71 %)," ","2,751,100","197,423,000,000","407,000","26,644,800,000",71.00,73.00,70.50
15/02/2022,28.52,70.30,2.30 (3.38 %)," ","4,099,300","283,398,000,000","284,200","18,271,860,000",69.00,70.60,67.50
14/02/2022,27.59,68.00,-3.50 (-4.90 %)," ","4,523,800","315,963,000,000","294,000","19,890,000,000",69.70,71.00,68.00
11/02/2022,29.01,71.50,0.50 (0.70 %)," ","3,188,400","227,266,000,000","994,100","66,245,920,000",70.60,72.20,70.20
10/02/2022,28.80,71.00,-1.00 (-1.39 %)," ","2,717,400","194,460,000,000","721,800","48,541,960,000",71.90,72.70,70.10
09/02/2022,29.21,72.00,2.00 (2.86 %)," ","5,053,900","361,556,000,000","2,157,800","147,600,848,000",70.00,72.90,69.50
08/02/2022,28.40,70.00,-0.40 (-0.57 %)," ","2,728,600","190,275,000,000","120,000","8,400,000,000",70.50,70.50,68.20
07/02/2022,28.56,70.40,1.40 (2.03 %)," ","4,058,400","287,184,000,000","25,000","1,625,000,000",69.80,71.80,69.20
28/01/2022,27.99,69.00,4.00 (6.15 %)," ","4,715,200","316,701,000,000","215,000","13,007,500,000",65.00,69.00,64.80
27/01/2022,26.37,65.00,2.10 (3.34 %)," ","4,314,900","279,645,000,000","689,000","41,014,200,000",62.40,66.80,62.10
26/01/2022,25.52,62.90,0.20 (0.32 %)," ","4,556,200","287,625,000,000","1,168,500","71,826,100,000",63.00,64.40,61.50
25/01/2022,25.44,62.70,1.50 (2.45 %)," ","4,062,100","249,418,000,000",0,0,60.60,63.00,59.10
24/01/2022,24.83,61.20,-4.60 (-6.99 %)," ","10,824,100","668,796,000,000","292,100","18,314,580,000",63.90,64.80,61.20
21/01/2022,26.70,65.80,-2.00 (-2.95 %)," ","3,340,700","222,709,000,000","520,000","33,800,000,000",67.70,67.70,65.70
20/01/2022,26.90,66.30,-0.40 (-0.60 %)," ","3,200,700","212,069,000,000","183,000","13,047,900,000",67.00,67.40,64.80
19/01/2022,25.88,63.80,1.40 (2.24 %)," ","4,234,400","272,725,000,000",0,0,64.50,66.00,63.70
18/01/2022,25.32,62.40,-4.60 (-6.87 %)," ","10,178,000","648,783,000,000",0,0,65.10,66.00,62.40
17/01/2022,27.18,67.00,-5.00 (-6.94 %)," ","15,771,000","1,072,816,000,000",0,0,72.00,72.40,67.00
14/01/2022,29.21,72.00,-0.90 (-1.23 %)," ","3,774,600","274,838,000,000","695,700","48,102,460,000",72.00,73.80,72.00
13/01/2022,29.58,72.90,-3.50 (-4.58 %)," ","5,859,200","433,653,000,000","400,000","29,428,000,000",76.90,77.40,72.20
12/01/2022,31.00,76.40,3.40 (4.66 %)," ","7,979,000","592,589,000,000",0,0,72.50,76.70,72.00
11/01/2022,29.62,73.00,-4.20 (-5.44 %)," ","9,943,500","749,484,000,000","20,000","1,440,000,000",79.00,79.00,73.00
10/01/2022,31.32,77.20,-2.80 (-3.50 %)," ","11,309,600","884,694,000,000",0,0,79.50,80.60,77.20
07/01/2022,32.46,80.00,-1.20 (-1.48 %)," ","6,086,000","489,739,000,000",0,0,80.50,81.70,79.70
06/01/2022,32.94,81.20,-0.90 (-1.10 %)," ","5,635,300","459,956,000,000",0,0,81.80,83.10,81.00
05/01/2022,33.31,82.10,-0.90 (-1.08 %)," ","6,570,000","547,220,000,000","193,000","15,054,000,000",83.00,84.80,82.10
04/01/2022,33.67,83.00,1.00 (1.22 %)," ","5,138,300","426,782,000,000",0,0,82.10,84.40,82.00
31/12/2021,33.27,82.00,-0.80 (-0.97 %)," ","3,670,100","302,102,000,000",0,0,83.80,83.80,81.40
30/12/2021,33.59,82.80,3.80 (4.81 %)," ","7,017,200","572,419,000,000","34,700","2,816,599,000",79.90,83.00,79.00
29/12/2021,32.05,79.00,0.50 (0.64 %)," ","4,658,000","367,408,000,000",0,0,78.30,80.30,77.20
28/12/2021,31.85,78.50,-1.50 (-1.88 %)," ","5,572,100","443,725,000,000",0,0,80.10,81.20,78.50
27/12/2021,32.46,80.00,0.10 (0.13 %)," ","3,352,200","271,243,000,000","20,000","1,556,000,000",81.10,82.40,80.00
24/12/2021,32.42,79.90,1.10 (1.40 %)," ","4,563,800","360,305,000,000",0,0,79.00,80.90,77.00
23/12/2021,31.97,78.80,-4.50 (-5.40 %)," ","12,384,600","993,487,000,000","220,000","17,358,000,000",82.50,83.00,78.00
22/12/2021,33.79,83.30,-1.50 (-1.77 %)," ","7,315,400","611,789,000,000",0,0,85.50,85.50,82.80
21/12/2021,34.40,84.80,-0.40 (-0.47 %)," ","5,790,100","493,883,000,000","52,500","4,163,250,000",85.60,86.30,84.20
20/12/2021,34.57,85.20,5.20 (6.50 %)," ","10,203,200","858,899,000,000","365,200","27,425,060,000",81.00,85.50,80.00
17/12/2021,32.46,80.00,3.00 (3.90 %)," ","9,981,000","786,455,000,000","55,400","3,972,180,000",77.60,80.00,76.50
16/12/2021,31.24,77.00,-2.00 (-2.53 %)," ","9,606,000","745,105,000,000","150,000","12,345,000,000",79.10,79.90,76.40
15/12/2021,32.05,79.00,-1.70 (-2.11 %)," ","4,300,800","344,366,000,000","80,000","6,146,000,000",80.60,81.20,79.00
14/12/2021,32.74,80.70,0.20 (0.25 %)," ","5,137,300","415,441,000,000","500,000","40,000,000,000",80.90,81.80,79.20
13/12/2021,32.66,80.50,1.50 (1.90 %)," ","6,761,000","539,195,000,000","1,896,000","149,509,000,000",79.40,81.00,78.10
10/12/2021,32.05,79.00,-0.90 (-1.13 %)," ","4,585,800","363,277,000,000",0,0,79.50,80.70,78.00
09/12/2021,32.42,79.90,4.00 (5.27 %)," ","5,493,000","424,306,000,000","330,000","23,298,000,000",75.40,79.90,75.10
08/12/2021,30.79,75.90,1.20 (1.61 %)," ","4,521,100","341,346,000,000","537,600","40,149,320,000",75.60,76.50,74.50
07/12/2021,30.31,74.70,0.80 (1.08 %)," ","4,965,200","368,744,000,000",0,0,75.40,75.60,73.10
06/12/2021,29.98,73.90,0.90 (1.23 %)," ","9,022,800","668,367,000,000",0,0,74.00,76.50,72.10
03/12/2021,29.62,73.00,-4.70 (-6.05 %)," ","8,460,100","643,443,000,000","184,600","14,204,100,000",78.40,78.50,73.00
02/12/2021,31.52,77.70,-0.30 (-0.38 %)," ","3,741,200","292,947,000,000",0,0,77.70,79.50,77.10
01/12/2021,31.64,78.00,-1.00 (-1.27 %)," ","7,029,100","546,661,000,000","440,000","32,600,000,000",78.70,79.00,77.00
30/11/2021,32.05,79.00,-0.90 (-1.13 %)," ","8,111,500","645,688,000,000","353,500","27,814,550,000",81.50,81.60,77.60
29/11/2021,32.42,79.90,1.90 (2.44 %)," ","5,665,100","446,990,000,000","444,000","34,884,000,000",77.00,80.50,76.40
26/11/2021,31.64,78.00,-3.10 (-3.82 %)," ","13,234,400","1,049,588,000,000","21,500","1,745,800,000",81.10,81.50,77.50
25/11/2021,32.90,81.10,-0.30 (-0.37 %)," ","5,966,500","485,889,000,000","452,500","35,430,700,000",81.10,82.90,80.10
24/11/2021,33.02,81.40,0.70 (0.87 %)," ","6,121,900","498,137,000,000","1,292,000","99,156,800,000",81.80,82.70,80.10
23/11/2021,32.74,80.70,5.20 (6.89 %)," ","7,457,900","573,325,000,000","196,200","15,269,890,000",75.60,80.70,74.80
22/11/2021,30.63,75.50,0.50 (0.67 %)," ","9,582,400","720,736,000,000","825,100","60,930,900,000",75.00,77.50,72.90
19/11/2021,30.43,75.00,-2.60 (-3.35 %)," ","12,004,300","913,073,000,000","132,000","9,900,000,000",78.00,78.20,72.20
18/11/2021,31.48,77.60,3.30 (4.44 %)," ","8,332,800","650,038,000,000","385,300","28,385,520,000",76.90,79.50,75.50
17/11/2021,30.14,74.30,4.80 (6.91 %)," ","12,131,700","890,902,000,000","634,300","41,088,710,000",71.80,74.30,70.80
16/11/2021,28.20,69.50,-0.70 (-1.00 %)," ","7,190,400","501,410,000,000","46,500","3,036,450,000",69.50,71.20,68.60
15/11/2021,28.48,70.20,0.30 (0.43 %)," ","6,307,900","449,696,000,000","613,600","41,118,480,000",71.10,72.40,69.00
12/11/2021,28.36,69.90,1.30 (1.90 %)," ","5,773,600","398,996,000,000","887,000","56,740,000,000",69.20,70.00,68.00
11/11/2021,27.83,68.60,-0.80 (-1.15 %)," ","13,367,300","916,494,000,000","909,500","59,125,700,000",70.00,71.20,66.80
10/11/2021,28.16,69.40,-0.10 (-0.14 %)," ","7,866,000","547,792,000,000","509,000","33,594,000,000",70.50,70.80,68.20
09/11/2021,28.20,69.50,1.80 (2.66 %)," ","7,745,500","524,099,000,000","140,000","10,136,000,000",67.10,69.50,66.80
08/11/2021,27.47,67.70,3.30 (5.12 %)," ","9,452,200","631,536,000,000","999,875","66,238,400,000",64.50,68.50,64.50
05/11/2021,26.13,64.40,0.50 (0.78 %)," ","6,930,300","449,172,000,000","264,100","17,371,530,000",65.60,65.60,64.20
04/11/2021,25.92,63.90,4.10 (6.86 %)," ","12,203,700","768,826,000,000","54,300","3,330,900,000",60.70,63.90,60.00
03/11/2021,24.26,59.80,-0.80 (-1.32 %)," ","10,255,700","620,894,000,000","600,000","34,103,000,000",60.60,61.70,59.30
02/11/2021,24.59,60.60,1.50 (2.54 %)," ","8,923,900","535,453,000,000","130,000","7,158,000,000",59.10,61.50,58.10
01/11/2021,23.98,59.10,2.10 (3.68 %)," ","11,127,400","648,662,000,000","70,000","3,724,000,000",57.50,59.50,57.10
29/10/2021,23.12,57.00,0.70 (1.24 %)," ","8,517,600","483,343,000,000","396,000","22,996,000,000",56.80,57.60,55.70
28/10/2021,22.84,56.30,2.80 (5.23 %)," ","16,950,700","943,035,000,000","326,000","16,290,000,000",54.20,57.00,54.10
27/10/2021,21.71,53.50,2.30 (4.49 %)," ","7,074,500","372,942,000,000","568,700","27,267,600,000",51.80,53.50,51.20
26/10/2021,20.77,51.20,0.60 (1.19 %)," ","3,620,700","183,273,000,000","2,790,000","135,955,000,000",50.00,51.40,49.75
25/10/2021,20.53,50.60,-1.60 (-3.07 %)," ","7,723,400","395,040,000,000","200,000","10,100,000,000",52.00,52.10,50.60
22/10/2021,21.18,52.20,-0.80 (-1.51 %)," ","6,356,300","333,221,000,000",0,0,53.00,53.10,51.90
21/10/2021,21.50,53.00,0.00 (0.00 %)," ","4,104,900","217,423,000,000","353,000","17,930,500,000",53.60,53.60,52.50
20/10/2021,21.50,53.00,-0.60 (-1.12 %)," ","6,096,900","323,563,000,000",0,0,54.00,54.00,52.20
19/10/2021,21.75,53.60,0.50 (0.94 %)," ","6,570,500","353,691,000,000","157,600","7,880,000,000",53.20,54.50,52.70
18/10/2021,21.54,53.10,1.60 (3.11 %)," ","10,412,000","547,027,000,000","353,000","18,003,000,000",51.60,53.40,51.40
15/10/2021,20.89,51.50,0.20 (0.39 %)," ","4,071,700","210,274,000,000","549,600","28,058,000,000",51.50,52.00,51.30
14/10/2021,20.81,51.30,0.00 (0.00 %)," ","8,615,700","442,247,000,000",0,0,51.30,52.00,50.60
13/10/2021,20.81,51.30,-0.60 (-1.16 %)," ","3,530,400","182,753,000,000",0,0,52.00,52.40,50.90
12/10/2021,21.06,51.90,-0.40 (-0.76 %)," ","3,703,100","192,818,000,000","604,000","30,967,800,000",52.50,52.50,51.70
11/10/2021,21.22,52.30,1.00 (1.95 %)," ","4,150,000","215,363,000,000",0,0,51.80,52.50,51.30
08/10/2021,20.81,51.30,0.30 (0.59 %)," ","4,429,500","227,280,000,000","55,000","2,805,000,000",51.10,51.80,50.80
07/10/2021,20.69,51.00,0.40 (0.79 %)," ","4,953,900","252,102,000,000","200,000","10,000,000,000",50.80,51.50,49.90
06/10/2021,20.53,50.60,0.00 (0.00 %)," ","3,166,600","160,094,000,000","767,000","40,009,200,000",51.00,51.00,50.30
05/10/2021,20.53,50.60,2.10 (4.33 %)," ","7,448,500","374,406,000,000","357,000","17,352,450,000",49.30,51.30,49.10
04/10/2021,19.68,48.50,-1.00 (-2.02 %)," ","8,818,100","426,685,000,000","20,000","1,058,000,000",49.05,49.20,47.80
01/10/2021,20.08,49.50,-1.50 (-2.94 %)," ","7,358,600","368,987,000,000","758,549","36,887,600,050",50.50,51.10,49.50
30/09/2021,20.69,51.00,0.20 (0.39 %)," ","3,522,900","179,000,000,000","192,500","9,175,500,000",50.90,51.50,50.40
29/09/2021,20.61,50.80,-0.70 (-1.36 %)," ","4,195,800","213,144,000,000","1,846,000","92,669,200,000",51.00,51.20,50.40
28/09/2021,20.89,51.50,1.30 (2.59 %)," ","4,741,200","240,281,000,000","100,000","5,000,000,000",50.10,51.70,49.70
27/09/2021,20.37,50.20,-2.40 (-4.56 %)," ","9,127,300","467,709,000,000",0,0,52.70,53.00,50.20
24/09/2021,21.34,52.60,-1.00 (-1.87 %)," ","3,061,300","162,452,000,000","20,000","1,120,000,000",53.20,53.60,52.60
23/09/2021,21.75,53.60,0.20 (0.37 %)," ","5,303,100","285,332,000,000","260,500","13,025,000,000",53.90,54.50,53.20
22/09/2021,21.66,53.40,0.50 (0.95 %)," ","5,520,200","290,083,000,000",0,0,53.00,53.50,52.00
21/09/2021,21.46,52.90,-0.70 (-1.31 %)," ","7,346,100","387,057,000,000",0,0,52.90,53.40,52.10
20/09/2021,21.75,53.60,-0.70 (-1.29 %)," ","7,074,700","385,388,000,000",0,0,54.90,55.30,53.50
17/09/2021,22.03,54.30,1.60 (3.04 %)," ","12,264,200","663,898,000,000",0,0,52.80,55.50,52.60
16/09/2021,21.38,52.70,-0.80 (-1.50 %)," ","3,673,200","194,579,000,000","300,000","15,000,000,000",53.70,53.70,52.60
15/09/2021,21.71,53.50,0.40 (0.75 %)," ","6,082,900","320,810,000,000","1,450,000","72,500,000,000",52.10,53.70,52.10
14/09/2021,21.54,53.10,-1.00 (-1.85 %)," ","4,932,800","264,973,000,000","1,733,600","87,886,640,000",54.00,54.30,53.10
13/09/2021,21.95,54.10,0.40 (0.74 %)," ","9,300,100","495,519,000,000","1,985,300","101,529,800,000",53.60,54.50,52.50
10/09/2021,21.79,53.70,0.80 (1.51 %)," ","11,475,800","618,088,000,000","85,100","4,186,920,000",53.20,54.40,52.80
09/09/2021,21.46,52.90,0.40 (0.76 %)," ","6,342,900","332,695,000,000","20,900","1,020,965,000",52.00,52.90,52.00
08/09/2021,21.30,52.50,0.50 (0.96 %)," ","8,451,300","446,279,000,000",0,0,53.20,53.40,52.00
07/09/2021,21.10,52.00,1.40 (2.77 %)," ","10,610,300","549,498,000,000",0,0,51.00,52.90,51.00
06/09/2021,20.53,50.60,-0.70 (-1.36 %)," ","12,143,400","617,162,000,000",0,0,51.30,52.00,49.90
27/08/2021,20.53,50.60,-0.20 (-0.39 %)," ","9,444,644","472,988,567,700","20,900","961,400,000",50.70,51.00,49.10
26/08/2021,20.61,50.80,-0.70 (-1.36 %)," ","7,128,466","362,763,959,800","1,990,800","95,558,400,000",51.30,51.70,50.00
25/08/2021,20.89,51.50,1.50 (3.00 %)," ","8,881,771","447,174,731,600","1,450,000","67,947,000,000",49.50,51.50,48.60
24/08/2021,20.29,50.00,-3.30 (-6.19 %)," ","22,243,753","1,124,437,681,000","2,609,000","125,322,000,000",53.30,53.50,48.30
23/08/2021,21.62,53.30,0.30 (0.57 %)," ","13,622,489","728,183,620,600","300,000","14,310,000,000",53.00,54.50,52.20
20/08/2021,21.50,53.00,-1.10 (-2.03 %)," ","20,996,461","1,118,388,219,400","1,723,201","84,092,208,700",54.10,54.80,52.00
19/08/2021,21.95,54.10,0.80 (1.50 %)," ","8,388,077","450,160,963,200","937,507","45,000,336,000",53.50,54.30,52.90
18/08/2021,21.62,53.30,0.60 (1.14 %)," ","14,101,774","757,831,318,500","403,700","19,208,290,000",53.30,54.60,52.20
17/08/2021,21.38,52.70,-0.40 (-0.75 %)," ","18,944,835","991,280,991,400","294,900","14,096,220,000",53.00,53.00,51.80
16/08/2021,21.54,53.10,1.70 (3.31 %)," ","12,986,403","687,870,092,600",0,0,51.40,53.90,51.40
13/08/2021,20.85,51.40,1.80 (3.63 %)," ","8,946,021","451,893,381,900","399,100","17,959,500,000",49.30,51.50,49.20
12/08/2021,20.12,49.60,-0.40 (-0.80 %)," ","8,352,003","417,465,170,500","20,000","980,000,000",49.90,50.70,49.00
11/08/2021,20.29,50.00,-1.30 (-2.53 %)," ","11,038,689","560,016,159,900",0,0,51.30,51.60,50.00
10/08/2021,20.81,51.30,-0.70 (-1.35 %)," ","10,327,826","533,468,503,400",0,0,52.10,52.70,50.90
09/08/2021,21.10,52.00,1.90 (3.79 %)," ","11,066,293","568,915,870,400",0,0,50.10,53.30,49.00
06/08/2021,20.33,50.10,-1.10 (-2.15 %)," ","11,115,850","562,274,530,400","45,000","2,295,000,000",51.20,51.40,50.10
05/08/2021,20.77,51.20,1.40 (2.81 %)," ","9,282,408","467,019,234,900",0,0,49.80,51.60,49.10
04/08/2021,20.20,49.80,-0.10 (-0.20 %)," ","9,117,850","456,046,866,600",0,0,49.90,50.70,49.20
03/08/2021,20.24,49.90,3.90 (8.48 %)," ","18,641,928","877,856,152,100",0,0,46.00,49.90,45.70
02/08/2021,18.66,46.00,-0.10 (-0.22 %)," ","9,274,097","427,682,708,000",3,"124,500",46.10,46.80,45.30
30/07/2021,18.70,46.10,0.20 (0.44 %)," ","13,201,108","606,944,110,400",0,0,45.90,46.80,45.30
29/07/2021,18.62,45.90,2.30 (5.28 %)," ","10,217,988","458,154,336,900","104,200","4,897,400,000",43.80,45.90,43.80
28/07/2021,17.69,43.60,0.10 (0.23 %)," ","6,224,726","272,275,941,400",0,0,43.20,44.30,43.20
27/07/2021,17.65,43.50,1.60 (3.82 %)," ","12,719,290","553,708,293,900",0,0,42.00,44.80,42.00
26/07/2021,17.00,41.90,0.20 (0.48 %)," ","5,946,720","247,575,197,100","161,000","6,053,600,000",40.50,42.30,37.70
23/07/2021,16.92,41.70,-1.50 (-3.47 %)," ","9,244,088","392,991,458,000","30,000","1,200,000,000",43.20,43.30,41.70
22/07/2021,17.53,43.20,1.80 (4.35 %)," ","7,505,009","318,506,170,400","320,000","12,160,000,000",41.40,43.80,40.80
21/07/2021,16.80,41.40,0.00 (0.00 %)," ","5,935,084","247,946,305,400",0,0,41.40,42.50,40.70
20/07/2021,16.80,41.40,3.60 (9.52 %)," ","8,111,743","318,599,539,200","20,000","682,000,000",37.90,41.40,37.20
19/07/2021,15.34,37.80,-3.10 (-7.58 %)," ","6,827,094","264,290,367,300",0,0,40.60,40.60,37.70
16/07/2021,16.59,40.90,-0.30 (-0.73 %)," ","4,041,683","166,618,161,600",59,"2,188,900",41.20,41.80,40.70
15/07/2021,16.71,41.20,2.30 (5.91 %)," ","5,057,619","202,755,485,500",0,0,38.70,41.90,38.20
14/07/2021,15.78,38.90,-0.80 (-2.02 %)," ","3,790,983","149,184,189,500",0,0,39.90,40.40,38.00
13/07/2021,16.11,39.70,1.90 (5.03 %)," ","5,583,077","217,784,606,000",0,0,37.80,39.70,37.80
12/07/2021,15.34,37.80,-4.00 (-9.57 %)," ","12,624,165","484,449,908,500",0,0,42.00,42.40,37.70
09/07/2021,16.96,41.80,-1.80 (-4.13 %)," ","7,899,583","336,376,612,700","279,008","10,992,914,400",43.80,43.90,40.90
08/07/2021,17.69,43.60,-0.90 (-2.02 %)," ","5,632,004","248,836,867,800",0,0,45.00,45.00,43.20
07/07/2021,18.05,44.50,1.70 (3.97 %)," ","10,311,958","445,382,024,200",0,0,41.80,44.50,41.40
06/07/2021,17.36,42.80,-4.70 (-9.89 %)," ","8,253,283","383,252,037,000",0,0,47.50,48.00,42.80
05/07/2021,19.27,47.50,-0.90 (-1.86 %)," ","6,437,607","305,392,053,200",0,0,48.40,49.00,46.40
02/07/2021,19.64,48.40,2.00 (4.31 %)," ","9,497,426","453,736,834,700","897,040","41,688,672,000",46.60,50.00,46.30
01/07/2021,18.82,46.40,2.00 (4.50 %)," ","9,491,270","433,876,664,500","270,000","11,070,000,000",45.00,46.80,44.40
30/06/2021,18.01,44.40,-0.80 (-1.77 %)," ","5,558,299","248,843,755,900","1,000,007","41,000,284,900",45.20,45.30,44.40
29/06/2021,18.34,45.20,-0.30 (-0.66 %)," ","6,120,561","279,407,135,300",77,"3,157,000",45.60,46.30,44.50
28/06/2021,18.46,45.50,0.50 (1.11 %)," ","5,988,496","274,346,712,900","250,000","11,409,750,000",45.00,46.50,45.00
25/06/2021,18.26,45.00,2.30 (5.39 %)," ","10,503,774","459,523,162,300",0,0,42.70,45.20,42.50
24/06/2021,17.32,42.70,-0.20 (-0.47 %)," ","2,669,624","114,322,923,900",0,0,43.00,43.60,42.20
23/06/2021,17.40,42.90,0.80 (1.90 %)," ","4,298,164","184,041,565,300","400,034","17,114,088,600",42.40,43.50,41.50
22/06/2021,17.08,42.10,0.10 (0.24 %)," ","4,363,249","184,909,005,100",0,0,42.00,42.80,42.00
18/06/2021,17.73,43.70,-0.20 (-0.46 %)," ","4,362,739","191,535,374,400",0,0,43.90,45.00,43.00
17/06/2021,17.81,43.90,1.20 (2.81 %)," ","5,730,490","245,714,114,200",0,0,42.00,44.00,39.00
16/06/2021,17.32,42.70,-2.00 (-4.47 %)," ","8,979,945","388,348,613,400",0,0,44.70,44.70,41.80
15/06/2021,18.13,44.70,1.20 (2.76 %)," ","9,589,054","427,586,456,000",83,"3,253,600",43.50,45.50,42.10
14/06/2021,17.65,43.50,3.70 (9.30 %)," ","9,754,469","416,348,239,700",0,0,43.40,43.70,39.80
11/06/2021,16.15,39.80,2.10 (5.57 %)," ","10,810,833","418,840,867,900",0,0,37.70,40.40,37.20
10/06/2021,15.29,37.70,1.60 (4.43 %)," ","18,162,646","709,915,766,200",0,0,39.70,39.70,37.40
09/06/2021,9.34,57.60,5.20 (9.92 %)," ","7,271,578","404,056,541,700",0,0,52.40,57.60,51.40
08/06/2021,8.49,52.40,-4.60 (-8.07 %)," ","5,758,746","321,345,491,100","4,295,000","220,333,500,000",57.00,58.90,52.40
07/06/2021,9.24,57.00,-3.40 (-5.63 %)," ","8,602,570","495,419,839,300","20,000","1,160,000,000",60.40,60.80,55.00
04/06/2021,9.79,60.40,-0.80 (-1.31 %)," ","6,440,423","392,169,615,500",0,0,61.50,63.50,59.00
03/06/2021,9.92,61.20,5.50 (9.87 %)," ","7,968,997","480,479,772,700",0,0,61.00,61.20,56.00
02/06/2021,9.03,55.70,5.00 (9.86 %)," ","6,742,399","361,181,454,500",0,0,50.70,55.70,49.70
01/06/2021,8.22,50.70,1.00 (2.01 %)," ","6,461,146","322,141,341,200",7,"313,600",49.90,50.80,48.50
31/05/2021,8.06,49.70,3.70 (8.04 %)," ","4,728,438","229,213,182,200",0,0,46.00,50.00,46.00
28/05/2021,7.46,46.00,1.70 (3.84 %)," ","3,687,305","166,733,605,900",0,0,44.30,46.20,44.00
27/05/2021,7.18,44.30,-1.30 (-2.85 %)," ","4,481,023","200,432,211,800",0,0,45.60,45.60,43.00
26/05/2021,7.39,45.60,0.00 (0.00 %)," ","2,376,201","108,299,958,200",0,0,45.60,46.10,45.20
25/05/2021,7.39,45.60,0.50 (1.11 %)," ","3,158,148","142,632,003,300","70,006","2,842,243,600",45.10,46.00,44.40
24/05/2021,7.31,45.10,0.80 (1.81 %)," ","4,872,140","215,491,635,300",10,"399,000",44.30,45.40,43.70
21/05/2021,7.18,44.30,-0.20 (-0.45 %)," ","4,967,588","220,395,170,500",0,0,44.50,45.20,43.40
20/05/2021,7.21,44.50,1.70 (3.97 %)," ","4,194,738","185,493,665,600",0,0,42.80,45.50,42.60
19/05/2021,6.94,42.80,1.70 (4.14 %)," ","3,991,016","167,979,068,000",0,0,41.30,42.90,41.00
18/05/2021,6.66,41.10,0.30 (0.74 %)," ","6,006,190","249,652,441,400",10,"368,000",41.00,42.50,40.60
17/05/2021,6.61,40.80,-0.20 (-0.49 %)," ","3,858,968","158,082,947,300",0,0,41.00,41.50,40.50
14/05/2021,6.65,41.00,-0.30 (-0.73 %)," ","4,736,187","195,134,552,500",0,0,41.30,41.80,40.50
13/05/2021,6.70,41.30,-0.30 (-0.72 %)," ","4,663,041","194,414,174,400","1,017,800","42,340,480,000",41.60,42.50,40.90
12/05/2021,6.74,41.60,1.10 (2.72 %)," ","4,211,231","171,238,015,600","969,040","39,245,960,000",40.50,41.70,39.70
11/05/2021,6.57,40.50,-1.00 (-2.41 %)," ","7,067,746","293,117,293,900",0,0,41.60,42.50,40.50
10/05/2021,6.73,41.50,2.00 (5.06 %)," ","5,463,708","221,581,987,700",0,0,39.50,41.50,39.00
07/05/2021,6.40,39.50,1.10 (2.86 %)," ","5,979,787","233,613,627,500","2,510,400","91,629,600,000",38.30,40.40,37.90
06/05/2021,6.22,38.40,-0.10 (-0.26 %)," ","4,718,966","181,639,217,200",70,"2,429,000",38.50,38.90,37.80
05/05/2021,6.24,38.50,1.40 (3.77 %)," ","9,866,633","376,999,655,400",0,0,37.10,39.40,36.20
04/05/2021,6.01,37.10,0.90 (2.49 %)," ","5,671,493","206,095,273,000",28,"912,800",36.00,37.20,34.00
29/04/2021,5.87,36.20,0.50 (1.40 %)," ","4,559,417","165,336,946,400",0,0,35.70,36.70,35.70
28/04/2021,5.79,35.70,0.60 (1.71 %)," ","4,408,616","157,577,895,600","20,000","720,000,000",35.10,36.30,34.90
27/04/2021,5.69,35.10,0.30 (0.86 %)," ","3,234,990","112,408,678,200","13,000","468,000,000",34.50,35.50,31.40
26/04/2021,5.64,34.80,-1.50 (-4.13 %)," ","4,536,336","160,865,628,500",0,0,36.10,36.50,34.80
23/04/2021,5.88,36.30,1.30 (3.71 %)," ","5,407,960","191,853,402,400",0,0,35.00,36.30,34.80
22/04/2021,5.67,35.00,-1.10 (-3.05 %)," ","8,171,688","297,517,801,200",6,"195,000",36.10,37.40,35.00
20/04/2021,5.85,36.10,-1.20 (-3.22 %)," ","5,350,973","196,092,324,400",0,0,37.50,37.50,36.00
19/04/2021,6.05,37.30,0.30 (0.81 %)," ","4,237,035","156,307,556,700",0,0,37.10,37.90,36.30
16/04/2021,6.00,37.00,0.90 (2.49 %)," ","9,237,562","329,708,404,900",0,0,36.10,37.00,34.50
15/04/2021,5.85,36.10,-1.00 (-2.70 %)," ","7,804,307","283,217,658,700",0,0,36.80,37.30,35.60
14/04/2021,6.01,37.10,0.90 (2.49 %)," ","7,796,398","286,435,980,200",40,"1,304,000",36.20,37.20,35.30
13/04/2021,5.87,36.20,-1.10 (-2.95 %)," ","11,907,669","443,550,872,900",0,0,37.30,38.20,36.10
12/04/2021,6.05,37.30,2.10 (5.97 %)," ","11,134,977","404,692,579,600",0,0,35.70,37.30,35.30
09/04/2021,5.71,35.70,0.20 (0.56 %)," ","6,157,053","219,256,692,500","500,000","17,790,500,000",35.50,36.20,35.00
08/04/2021,5.67,35.50,1.50 (4.41 %)," ","7,745,721","272,242,890,700",0,0,34.10,36.50,34.00
07/04/2021,5.43,34.00,0.70 (2.10 %)," ","8,929,755","299,644,942,000",5,"166,500",33.30,34.50,32.60
06/04/2021,5.32,33.30,0.10 (0.30 %)," ","16,546,000","559,329,262,600",0,0,36.50,36.50,33.20
05/04/2021,5.31,33.20,3.00 (9.93 %)," ","4,535,497","150,560,550,400",0,0,33.20,33.20,32.00
30/03/2021,4.83,30.20,1.10 (3.78 %)," ","6,807,600","201,702,000,000","720,000","20,880,000,000",29.40,30.25,29.05
29/03/2021,4.65,29.10,0.35 (1.22 %)," ","3,734,600","108,427,000,000",0,0,29.00,29.20,28.80
26/03/2021,4.60,28.75,-0.15 (-0.52 %)," ","5,036,800","142,039,000,000",0,0,28.35,28.90,27.40
25/03/2021,4.62,28.90,0.00 (0.00 %)," ","3,836,500","110,468,000,000",0,0,28.90,29.20,28.20
24/03/2021,4.62,28.90,-0.65 (-2.20 %)," ","7,029,400","201,618,000,000",0,0,28.60,29.25,28.00
23/03/2021,4.72,29.55,-0.85 (-2.80 %)," ","6,802,100","202,024,000,000",0,0,30.15,30.15,29.15
22/03/2021,4.86,30.40,-0.35 (-1.14 %)," ","4,491,500","136,904,000,000",0,0,30.80,30.85,30.20
19/03/2021,4.92,30.75,0.95 (3.19 %)," ","10,393,100","317,403,000,000",0,0,30.10,30.85,30.00
18/03/2021,4.76,29.80,1.05 (3.65 %)," ","6,202,500","182,858,000,000",0,0,29.20,29.80,29.05
17/03/2021,4.60,28.75,0.30 (1.05 %)," ","3,153,300","90,370,000,000",0,0,28.45,29.00,28.25
16/03/2021,4.56,28.50,-0.60 (-2.06 %)," ","6,053,800","172,678,000,000","3,985,000","115,963,500,000",29.10,29.10,28.05
15/03/2021,4.65,29.10,-0.30 (-1.02 %)," ","4,537,800","132,436,000,000","1,500,000","44,100,000,000",29.40,29.45,29.00
12/03/2021,4.70,29.40,-0.40 (-1.34 %)," ","3,838,000","113,289,000,000",0,0,29.80,29.90,28.95
11/03/2021,4.76,29.80,1.10 (3.83 %)," ","11,451,900","337,975,000,000","280,000","8,338,400,000",29.20,30.40,28.85
10/03/2021,4.59,28.70,0.45 (1.59 %)," ","4,012,300","113,069,000,000","1,623,200","45,810,160,000",28.15,28.70,27.75
09/03/2021,4.52,28.25,-0.45 (-1.57 %)," ","2,815,400","79,411,000,000",0,0,28.40,28.55,27.50
08/03/2021,4.59,28.70,1.20 (4.36 %)," ","5,799,400","166,353,000,000",0,0,28.50,28.95,28.20
05/03/2021,4.40,27.50,-0.20 (-0.72 %)," ","4,979,400","135,605,000,000",0,0,27.45,27.70,26.80
04/03/2021,4.43,27.70,-1.15 (-3.99 %)," ","5,102,600","143,362,000,000",0,0,28.90,28.90,27.00
03/03/2021,4.61,28.85,-0.15 (-0.52 %)," ","3,461,900","100,002,000,000",0,0,28.80,29.20,28.60
02/03/2021,4.64,29.00,-0.20 (-0.68 %)," ","5,250,100","153,107,000,000",0,0,29.80,29.85,28.60
01/03/2021,4.67,29.20,1.50 (5.42 %)," ","6,744,300","193,388,000,000",0,0,28.10,29.20,27.70
26/02/2021,4.43,27.70,-0.15 (-0.54 %)," ","2,981,600","81,801,000,000","40,000","1,080,000,000",27.20,27.80,27.10
25/02/2021,4.45,27.85,0.05 (0.18 %)," ","2,660,300","73,698,000,000",0,0,28.00,28.00,27.40
24/02/2021,4.44,27.80,0.25 (0.91 %)," ","4,958,600","138,886,000,000",0,0,28.20,28.45,27.10
23/02/2021,4.40,27.55,0.20 (0.73 %)," ","6,547,200","179,219,000,000",0,0,27.35,28.00,26.90
22/02/2021,4.37,27.35,-0.25 (-0.91 %)," ","3,538,900","97,883,000,000",0,0,27.70,27.95,27.15
19/02/2021,4.41,27.60,0.10 (0.36 %)," ","3,782,900","104,680,000,000",0,0,27.00,28.00,27.00
18/02/2021,4.40,27.50,-0.50 (-1.79 %)," ","4,212,200","116,770,000,000",0,0,28.00,28.10,27.40
17/02/2021,4.48,28.00,0.90 (3.32 %)," ","4,231,700","117,506,000,000",0,0,27.80,28.30,27.45
09/02/2021,4.33,27.10,1.10 (4.23 %)," ","3,529,800","94,043,000,000",0,0,27.10,27.30,25.60
08/02/2021,4.16,26.00,-0.35 (-1.33 %)," ","5,741,200","151,958,000,000",0,0,26.00,27.80,24.55
05/02/2021,4.21,26.35,0.85 (3.33 %)," ","2,666,100","69,138,000,000",0,0,25.60,26.50,25.45
04/02/2021,4.08,25.50,0.90 (3.66 %)," ","3,733,400","94,275,000,000",0,0,25.00,25.80,24.60
03/02/2021,3.93,24.60,1.60 (6.96 %)," ","3,510,000","84,646,000,000",0,0,23.70,24.60,23.50
02/02/2021,3.68,23.00,1.10 (5.02 %)," ","4,189,300","93,905,000,000",0,0,21.90,23.20,21.30
01/02/2021,3.50,21.90,-1.55 (-6.61 %)," ","3,785,000","85,855,000,000",0,0,23.40,24.00,21.85
29/01/2021,3.75,23.45,0.85 (3.76 %)," ","4,554,700","103,910,000,000",0,0,21.10,24.10,21.10
28/01/2021,3.61,22.60,-1.70 (-7.00 %)," ","9,726,000","220,033,000,000",0,0,22.60,23.00,22.60
27/01/2021,3.88,24.30,-1.80 (-6.90 %)," ","7,629,200","188,831,000,000",0,0,25.00,25.60,24.30
26/01/2021,4.17,26.10,-1.80 (-6.45 %)," ","3,815,900","101,842,000,000",0,0,27.70,27.80,26.00
25/01/2021,4.46,27.90,-0.05 (-0.18 %)," ","5,321,200","145,819,000,000",0,0,27.05,28.80,26.85
22/01/2021,4.47,27.95,-1.00 (-3.45 %)," ","5,370,000","152,214,000,000",0,0,28.85,29.10,27.80
21/01/2021,4.63,28.95,0.75 (2.66 %)," ","4,865,500","138,248,000,000",0,0,28.90,29.00,27.70
20/01/2021,4.51,28.20,-0.35 (-1.23 %)," ","4,753,700","131,266,000,000",0,0,28.65,29.20,26.60
19/01/2021,4.56,28.55,-2.10 (-6.85 %)," ","6,379,700","188,285,000,000","2,619,110","80,275,721,500",30.50,30.50,28.55
18/01/2021,4.90,30.65,-1.10 (-3.46 %)," ","5,247,400","164,557,000,000",0,0,31.75,31.80,30.50
15/01/2021,5.07,31.75,1.05 (3.42 %)," ","7,625,000","237,260,000,000",0,0,30.95,31.95,30.70
14/01/2021,4.91,30.70,1.75 (6.04 %)," ","8,409,700","249,355,000,000",0,0,29.00,30.95,28.40
13/01/2021,4.63,28.95,-0.70 (-2.36 %)," ","5,478,700","159,430,000,000",0,0,29.65,29.70,28.75
12/01/2021,4.74,29.65,1.35 (4.77 %)," ","4,924,700","142,298,000,000",0,0,27.90,30.15,27.70
11/01/2021,4.52,28.30,-1.30 (-4.39 %)," ","8,837,500","254,946,000,000",0,0,29.60,29.85,28.25
08/01/2021,4.73,29.60,-0.40 (-1.33 %)," ","5,535,100","165,548,000,000",0,0,30.50,30.50,29.40
07/01/2021,4.80,30.00,0.05 (0.17 %)," ","5,525,400","164,179,000,000",0,0,30.20,30.30,29.40
06/01/2021,4.79,29.95,-0.15 (-0.50 %)," ","4,625,800","140,893,000,000",0,0,30.85,31.10,29.70
05/01/2021,4.81,30.10,-0.50 (-1.63 %)," ","6,240,500","188,276,000,000",0,0,30.00,30.65,29.80
04/01/2021,4.89,30.60,0.60 (2.00 %)," ","3,176,700","98,242,000,000",0,0,31.00,31.40,30.60
31/12/2020,4.80,30.00,0.60 (2.04 %)," ","3,940,730","118,419,000,000",0,0,29.60,30.95,29.40
30/12/2020,4.70,29.40,-0.40 (-1.34 %)," ","4,235,310","124,363,000,000",0,0,29.40,29.80,29.00
29/12/2020,4.76,29.80,-0.20 (-0.67 %)," ","3,610,220","107,143,000,000",0,0,29.65,30.50,29.25
28/12/2020,4.80,30.00,1.15 (3.99 %)," ","4,559,280","136,937,000,000","1,000,000","28,850,000,000",30.50,30.50,29.20
25/12/2020,4.61,28.85,1.85 (6.85 %)," ","5,644,860","160,451,000,000",0,0,27.15,28.85,27.00
24/12/2020,4.32,27.00,-0.05 (-0.18 %)," ","4,368,660","113,879,000,000",0,0,27.20,27.50,25.20
23/12/2020,4.32,27.05,-0.45 (-1.64 %)," ","2,727,410","74,529,000,000",0,0,27.20,27.95,26.70
22/12/2020,4.40,27.50,1.70 (6.59 %)," ","4,346,060","118,426,000,000",0,0,26.50,27.60,26.30
21/12/2020,4.12,25.80,1.65 (6.83 %)," ","2,609,970","66,945,000,000","1,080,000","26,082,000,000",25.30,25.80,25.10
18/12/2020,3.86,24.15,1.55 (6.86 %)," ","2,673,400","62,433,000,000",0,0,22.90,24.15,22.60
17/12/2020,3.61,22.60,-0.25 (-1.09 %)," ","2,875,390","65,360,000,000",0,0,22.60,22.95,22.45
16/12/2020,3.65,22.85,-0.05 (-0.22 %)," ","2,869,210","66,140,000,000","3,970,000","90,913,000,000",22.90,23.45,22.65
15/12/2020,3.66,22.90,1.10 (5.05 %)," ","3,703,050","83,987,000,000","1,390,000","30,302,000,000",21.95,23.05,21.80
14/12/2020,3.48,21.80,1.40 (6.86 %)," ","3,575,780","76,749,000,000",0,0,20.90,21.80,20.65
11/12/2020,3.26,20.40,0.80 (4.08 %)," ","2,487,620","49,652,000,000",0,0,19.60,20.50,19.40
10/12/2020,3.13,19.60,-0.50 (-2.49 %)," ","2,687,230","53,405,000,000",0,0,20.00,20.15,19.60
09/12/2020,3.21,20.10,0.10 (0.50 %)," ","3,461,930","70,200,000,000","2,400,000","48,000,000,000",20.50,20.50,20.10
08/12/2020,3.20,20.00,0.80 (4.17 %)," ","2,964,430","58,066,000,000",0,0,19.20,20.35,19.20
07/12/2020,3.07,19.20,0.50 (2.67 %)," ","2,450,440","46,578,000,000",0,0,19.20,19.25,18.70
04/12/2020,2.99,18.70,-0.30 (-1.58 %)," ","2,019,080","37,869,000,000",0,0,18.90,19.00,18.55
03/12/2020,3.04,19.00,0.05 (0.26 %)," ","1,685,990","32,087,000,000",0,0,19.00,19.25,18.85
02/12/2020,3.03,18.95,0.10 (0.53 %)," ","2,715,600","51,471,000,000",0,0,19.05,19.20,18.75
01/12/2020,3.01,18.85,0.60 (3.29 %)," ","2,697,080","49,473,000,000",0,0,18.00,18.85,17.90
30/11/2020,2.92,18.25,0.05 (0.27 %)," ","2,184,210","39,970,000,000",0,0,18.30,18.50,18.05
27/11/2020,2.91,18.20,0.75 (4.30 %)," ","4,105,760","73,772,000,000",0,0,17.50,18.30,17.50
26/11/2020,2.79,17.45,0.25 (1.45 %)," ","1,382,100","23,877,000,000",0,0,17.20,17.45,17.10
25/11/2020,2.75,17.20,0.05 (0.29 %)," ","2,121,780","36,651,000,000",0,0,17.20,17.45,17.05
24/11/2020,2.74,17.15,-0.10 (-0.58 %)," ","1,913,760","32,876,000,000",0,0,17.35,17.55,16.85
23/11/2020,2.76,17.25,0.15 (0.88 %)," ","2,397,310","41,178,000,000",0,0,16.80,17.65,16.80
20/11/2020,2.73,17.10,-0.35 (-2.01 %)," ","2,473,330","42,387,000,000",0,0,17.50,17.50,16.90
19/11/2020,2.79,17.45,-0.25 (-1.41 %)," ","1,775,440","31,101,000,000",0,0,17.85,17.85,17.40
18/11/2020,2.83,17.70,0.45 (2.61 %)," ","2,531,760","44,621,000,000",0,0,17.30,17.80,17.25
17/11/2020,2.76,17.25,0.25 (1.47 %)," ","2,228,540","38,174,000,000",0,0,17.30,17.35,16.95
16/11/2020,2.72,17.00,-0.30 (-1.73 %)," ","2,619,290","44,708,000,000","120,000","2,040,000,000",17.45,17.45,16.70
13/11/2020,2.77,17.30,0.00 (0.00 %)," ","1,920,860","33,394,000,000",0,0,17.25,17.55,17.20
12/11/2020,2.77,17.30,0.00 (0.00 %)," ","1,201,560","20,638,000,000",0,0,17.05,17.35,17.00
11/11/2020,2.77,17.30,0.15 (0.87 %)," ","1,459,230","25,047,000,000","1,865,000","31,705,000,000",17.30,17.35,16.95
10/11/2020,2.74,17.15,1.10 (6.85 %)," ","3,648,830","61,090,000,000",0,0,16.20,17.15,15.95
09/11/2020,2.57,16.05,0.30 (1.90 %)," ","1,177,300","18,830,000,000",0,0,16.20,16.20,15.90
06/11/2020,2.52,15.75,0.05 (0.32 %)," ","522,050","8,186,000,000",0,0,15.70,15.80,15.50
05/11/2020,2.51,15.70,-0.15 (-0.95 %)," ","774,120","12,217,000,000",0,0,15.65,16.00,15.55
04/11/2020,2.53,15.85,0.50 (3.26 %)," ","1,807,620","28,456,000,000",0,0,15.35,15.85,15.35
03/11/2020,2.45,15.35,0.05 (0.33 %)," ","741,780","11,416,000,000",0,0,15.45,15.55,15.30
02/11/2020,2.45,15.30,0.50 (3.38 %)," ","694,450","10,482,000,000",0,0,14.80,15.50,14.80
30/10/2020,2.37,14.80,-0.20 (-1.33 %)," ","578,120","8,532,000,000",0,0,15.00,15.05,14.55
29/10/2020,2.40,15.00,0.15 (1.01 %)," ","1,315,700","19,454,000,000",0,0,14.65,15.10,14.55
28/10/2020,2.37,14.85,-0.50 (-3.26 %)," ","3,003,290","44,832,000,000",0,0,15.20,15.35,14.50
27/10/2020,2.45,15.35,-0.25 (-1.60 %)," ","2,588,450","39,910,000,000","7,275,350","112,404,157,500",15.40,15.70,15.20
26/10/2020,2.49,15.60,-0.40 (-2.50 %)," ","1,219,060","19,286,000,000",0,0,16.10,16.15,15.60
23/10/2020,2.56,16.00,-0.05 (-0.31 %)," ","677,070","10,796,000,000","5,052,336","80,834,759,200",16.10,16.10,15.85
22/10/2020,2.57,16.05,0.15 (0.94 %)," ","1,031,670","16,238,000,000",0,0,15.65,16.05,15.50
21/10/2020,2.54,15.90,-0.10 (-0.62 %)," ","2,169,430","34,816,000,000",0,0,16.20,16.35,15.80
20/10/2020,2.56,16.00,0.00 (0.00 %)," ","740,320","11,742,000,000",0,0,15.95,16.10,15.70
19/10/2020,2.56,16.00,0.10 (0.63 %)," ","1,518,840","24,433,000,000",0,0,16.10,16.25,15.85
16/10/2020,2.54,15.90,0.05 (0.32 %)," ","1,007,500","15,997,000,000",0,0,15.95,16.15,15.65
15/10/2020,2.53,15.85,0.00 (0.00 %)," ","1,129,040","17,831,000,000",0,0,15.95,16.10,15.55
14/10/2020,2.53,15.85,0.40 (2.59 %)," ","932,500","14,510,000,000",0,0,15.45,15.85,15.40
13/10/2020,2.47,15.45,-0.35 (-2.22 %)," ","871,600","13,500,000,000","2,680,000","41,540,000,000",15.70,15.70,15.35
12/10/2020,2.53,15.80,-0.15 (-0.94 %)," ","1,501,100","23,963,000,000",0,0,16.25,16.35,15.60
09/10/2020,2.55,15.95,0.60 (3.91 %)," ","1,651,430","26,160,000,000",0,0,15.40,16.00,15.35
08/10/2020,2.45,15.35,0.00 (0.00 %)," ","1,208,280","18,429,000,000",0,0,15.35,15.40,15.15
07/10/2020,2.45,15.35,-0.05 (-0.32 %)," ","1,300,100","19,940,000,000",0,0,15.30,15.40,15.15
06/10/2020,2.46,15.40,0.20 (1.32 %)," ","2,056,770","31,907,000,000",0,0,15.35,15.90,15.20
05/10/2020,2.43,15.20,0.95 (6.67 %)," ","2,012,050","29,961,000,000",0,0,14.30,15.20,14.30
02/10/2020,2.28,14.25,0.00 (0.00 %)," ","1,899,860","26,808,000,000",0,0,14.25,14.30,13.70
01/10/2020,2.28,14.25,0.75 (5.56 %)," ","3,568,650","50,523,000,000",0,0,13.60,14.40,13.60
30/09/2020,2.16,13.50,0.00 (0.00 %)," ","1,686,350","22,704,000,000",0,0,13.50,13.50,13.35
29/09/2020,2.16,13.50,-0.25 (-1.82 %)," ","2,814,600","38,328,000,000",0,0,13.80,13.85,13.45
28/09/2020,2.20,13.75,0.35 (2.61 %)," ","2,693,560","36,619,000,000","2,200,000","29,480,000,000",13.60,13.85,13.40
25/09/2020,2.14,13.40,-0.05 (-0.37 %)," ","2,722,580","36,519,000,000",0,0,13.60,13.60,13.30
24/09/2020,2.15,13.45,-0.05 (-0.37 %)," ","1,981,430","26,739,000,000",0,0,13.40,13.55,13.30
23/09/2020,2.16,13.50,0.20 (1.50 %)," ","2,297,410","31,024,000,000",0,0,13.50,13.70,13.35
22/09/2020,2.13,13.30,0.20 (1.53 %)," ","2,042,820","26,941,000,000",0,0,13.00,13.40,12.95
21/09/2020,2.09,13.10,0.15 (1.16 %)," ","1,970,920","25,992,000,000",0,0,13.20,13.30,13.00
18/09/2020,2.07,12.95,0.30 (2.37 %)," ","2,251,700","28,977,000,000","2,300,000","29,210,000,000",12.65,13.10,12.65
17/09/2020,2.02,12.65,0.00 (0.00 %)," ","557,070","7,035,000,000",0,0,12.65,12.70,12.55
16/09/2020,2.02,12.65,-0.10 (-0.78 %)," ","1,179,800","15,021,000,000",0,0,12.65,12.75,12.65
15/09/2020,2.04,12.75,0.10 (0.79 %)," ","901,320","11,440,000,000","1,600,000","20,160,000,000",12.65,12.75,12.60
14/09/2020,2.02,12.65,0.15 (1.20 %)," ","471,780","5,956,000,000",0,0,12.55,12.70,12.55
11/09/2020,2.00,12.50,0.05 (0.40 %)," ","365,890","4,545,000,000",0,0,12.45,12.50,12.35
10/09/2020,1.99,12.45,0.10 (0.81 %)," ","566,500","7,059,000,000",0,0,12.45,12.55,12.40
09/09/2020,1.97,12.35,0.00 (0.00 %)," ","570,750","7,010,000,000","2,200,000","27,060,000,000",12.25,12.45,12.10
08/09/2020,1.97,12.35,0.20 (1.65 %)," ","372,930","4,570,000,000",0,0,12.25,12.35,12.10
07/09/2020,1.94,12.15,-0.10 (-0.82 %)," ","963,940","11,964,000,000",0,0,12.30,12.60,12.10
04/09/2020,1.96,12.25,0.10 (0.82 %)," ","896,660","10,879,000,000",0,0,11.95,12.45,11.75
03/09/2020,1.94,12.15,0.00 (0.00 %)," ","393,090","4,785,000,000",0,0,12.25,12.30,12.10
01/09/2020,1.94,12.15,0.10 (0.83 %)," ","272,710","3,299,000,000",0,0,12.05,12.20,12.00
31/08/2020,1.93,12.05,-0.10 (-0.82 %)," ","399,230","4,853,000,000",0,0,12.15,12.30,12.00
28/08/2020,1.94,12.15,0.20 (1.67 %)," ","1,251,080","15,290,000,000",0,0,12.05,12.40,12.00
27/08/2020,1.91,11.95,0.00 (0.00 %)," ","577,010","6,891,000,000",0,0,11.90,12.00,11.85
26/08/2020,1.91,11.95,0.10 (0.84 %)," ","613,280","7,296,000,000",0,0,11.90,11.95,11.80
25/08/2020,1.89,11.85,0.00 (0.00 %)," ","918,510","10,935,000,000",0,0,11.90,12.00,11.85
24/08/2020,1.89,11.85,0.25 (2.16 %)," ","938,740","11,078,000,000",0,0,11.65,11.95,11.65
21/08/2020,1.85,11.60,0.10 (0.87 %)," ","548,280","6,333,000,000",0,0,11.50,11.65,11.45
20/08/2020,1.84,11.50,-0.10 (-0.86 %)," ","300,950","3,457,000,000",0,0,11.50,11.60,11.40
19/08/2020,1.85,11.60,0.20 (1.75 %)," ","337,170","3,873,000,000","1,985,000","22,629,000,000",11.40,11.60,11.35
18/08/2020,1.82,11.40,-0.20 (-1.72 %)," ","713,530","8,174,000,000",0,0,11.55,11.60,11.40
17/08/2020,1.85,11.60,0.00 (0.00 %)," ","317,530","3,649,000,000",0,0,11.60,11.60,11.45
14/08/2020,1.85,11.60,-0.15 (-1.28 %)," ","477,820","5,565,000,000","230,000","2,530,000,000",11.75,11.80,11.50
13/08/2020,1.88,11.75,0.05 (0.43 %)," ","804,080","9,417,000,000","500,000","5,675,000,000",11.70,11.80,11.65
12/08/2020,1.87,11.70,0.05 (0.43 %)," ","331,820","3,868,000,000",0,0,11.65,11.75,11.55
11/08/2020,1.86,11.65,0.15 (1.30 %)," ","500,210","5,807,000,000",0,0,11.50,11.70,11.50
10/08/2020,1.84,11.50,0.05 (0.44 %)," ","521,100","6,016,000,000","500,000","5,600,000,000",11.45,11.65,11.45
07/08/2020,1.83,11.45,0.00 (0.00 %)," ","418,890","4,785,000,000",0,0,11.45,11.50,11.35
06/08/2020,1.83,11.45,-0.15 (-1.29 %)," ","486,460","5,598,000,000",0,0,11.50,11.65,11.40
05/08/2020,1.85,11.60,0.10 (0.87 %)," ","403,550","4,696,000,000",0,0,11.45,11.75,11.40
04/08/2020,1.84,11.50,0.15 (1.32 %)," ","980,220","11,230,000,000",0,0,11.50,11.60,11.35
03/08/2020,1.81,11.35,0.15 (1.34 %)," ","693,140","7,835,000,000",0,0,11.00,11.45,11.00
31/07/2020,1.79,11.20,-0.25 (-2.18 %)," ","445,280","4,953,000,000",0,0,10.90,11.30,10.85
30/07/2020,1.83,11.45,0.10 (0.88 %)," ","356,500","4,065,000,000",0,0,11.30,11.50,11.30
29/07/2020,1.81,11.35,-0.30 (-2.58 %)," ","997,930","10,980,000,000","2,900,000","31,610,000,000",11.30,11.50,10.85
28/07/2020,1.86,11.65,0.45 (4.02 %)," ","736,100","8,431,000,000",0,0,11.10,11.70,11.10
27/07/2020,1.79,11.20,-0.80 (-6.67 %)," ","1,469,170","16,503,000,000",0,0,11.20,11.50,11.20
24/07/2020,1.92,12.00,-0.55 (-4.38 %)," ","819,470","9,837,000,000",0,0,12.55,12.55,11.70
23/07/2020,2.01,12.55,0.05 (0.40 %)," ","433,550","5,356,000,000",0,0,12.55,12.55,12.10
22/07/2020,2.00,12.50,-0.15 (-1.19 %)," ","422,740","5,322,000,000",0,0,12.70,12.75,12.40
21/07/2020,2.02,12.65,-0.05 (-0.39 %)," ","405,240","5,149,000,000",0,0,12.80,12.80,12.60
20/07/2020,2.03,12.70,-0.55 (-4.15 %)," ","417,590","5,342,000,000",0,0,12.70,12.95,12.70
17/07/2020,2.04,13.25,-0.05 (-0.38 %)," ","352,990","4,676,000,000",0,0,13.25,13.35,13.20
16/07/2020,2.05,13.30,-0.10 (-0.75 %)," ","260,060","3,454,000,000",0,0,13.40,13.50,13.20
15/07/2020,2.06,13.40,-0.10 (-0.74 %)," ","265,590","3,579,000,000",0,0,13.50,13.65,13.35
14/07/2020,2.08,13.50,0.20 (1.50 %)," ","502,170","6,706,000,000",0,0,13.30,13.50,13.20
13/07/2020,2.05,13.30,0.15 (1.14 %)," ","262,870","3,480,000,000","60,270","792,550,500",13.15,13.30,13.15
10/07/2020,2.02,13.15,-0.15 (-1.13 %)," ","421,530","5,599,000,000",0,0,13.30,13.45,13.15
09/07/2020,2.05,13.30,0.20 (1.53 %)," ","399,830","5,287,000,000",0,0,13.10,13.30,13.10
08/07/2020,2.01,13.10,-0.05 (-0.38 %)," ","364,340","4,756,000,000",0,0,13.00,13.15,12.95
07/07/2020,2.02,13.15,-0.05 (-0.38 %)," ","422,370","5,583,000,000",0,0,13.20,13.40,13.00
06/07/2020,2.03,13.20,0.20 (1.54 %)," ","318,760","4,179,000,000",0,0,13.00,13.30,12.95
03/07/2020,2.00,13.00,-0.05 (-0.38 %)," ","268,380","3,489,000,000",0,0,13.10,13.10,12.90
02/07/2020,2.01,13.05,-0.15 (-1.14 %)," ","189,460","2,464,000,000",0,0,13.05,13.20,12.95
01/07/2020,2.03,13.20,0.05 (0.38 %)," ","419,100","5,513,000,000",0,0,13.20,13.35,12.90
30/06/2020,2.02,13.15,0.00 (0.00 %)," ","629,280","8,215,000,000",0,0,13.20,13.30,12.65
29/06/2020,2.02,13.15,-0.50 (-3.66 %)," ","666,910","8,793,000,000",0,0,13.30,13.45,12.85
26/06/2020,2.10,13.65,0.05 (0.37 %)," ","448,840","6,100,000,000","2,200,000","29,920,000,000",13.60,13.95,13.30
25/06/2020,2.09,13.60,0.05 (0.37 %)," ","318,100","4,292,000,000",0,0,13.25,13.60,13.10
24/06/2020,2.08,13.55,-0.25 (-1.81 %)," ","709,590","9,696,000,000","2,100,000","28,980,000,000",13.80,14.00,13.50
23/06/2020,2.12,13.80,0.60 (4.55 %)," ","1,651,840","22,665,000,000",0,0,13.40,13.95,13.35
22/06/2020,2.03,13.20,0.00 (0.00 %)," ","276,600","3,640,000,000",0,0,13.30,13.30,13.05
19/06/2020,2.03,13.20,0.30 (2.33 %)," ","471,300","6,157,000,000",0,0,12.90,13.20,12.90
18/06/2020,1.98,12.90,-0.15 (-1.15 %)," ","291,580","3,749,000,000",0,0,12.70,13.05,12.70
17/06/2020,2.01,13.05,0.00 (0.00 %)," ","349,160","4,540,000,000","1,800,000","23,445,000,000",13.00,13.15,12.85
16/06/2020,2.01,13.05,0.85 (6.97 %)," ","828,960","10,627,000,000",0,0,12.25,13.05,12.25
15/06/2020,1.88,12.20,-0.70 (-5.43 %)," ","900,520","11,097,000,000",0,0,13.00,13.00,12.00
12/06/2020,1.98,12.90,-0.10 (-0.77 %)," ","864,890","10,908,000,000",0,0,12.40,12.90,12.40
11/06/2020,2.00,13.00,-0.75 (-5.45 %)," ","1,294,510","17,296,000,000",0,0,13.75,13.80,12.90
10/06/2020,2.11,13.75,0.10 (0.73 %)," ","1,226,160","16,676,000,000",0,0,13.70,13.85,13.30
09/06/2020,2.10,13.65,-0.35 (-2.50 %)," ","1,098,390","15,100,000,000",0,0,13.90,14.00,13.60
08/06/2020,2.15,14.00,0.25 (1.82 %)," ","1,140,330","16,011,000,000",0,0,14.10,14.20,13.85
05/06/2020,2.11,13.75,0.15 (1.10 %)," ","553,840","7,574,000,000",0,0,13.50,13.85,13.40
04/06/2020,2.09,13.60,0.65 (5.02 %)," ","1,762,950","23,746,000,000",0,0,13.15,13.75,13.15
03/06/2020,1.99,12.95,0.05 (0.39 %)," ","299,560","3,861,000,000","2,200,000","28,380,000,000",13.00,13.00,12.80
02/06/2020,1.98,12.90,-0.10 (-0.77 %)," ","707,380","9,147,000,000",0,0,13.15,13.15,12.75
01/06/2020,2.00,13.00,0.25 (1.96 %)," ","563,870","7,284,000,000",0,0,12.85,13.00,12.80
29/05/2020,1.96,12.75,0.00 (0.00 %)," ","698,280","8,845,000,000",0,0,12.50,12.85,12.45
28/05/2020,1.96,12.75,0.00 (0.00 %)," ","640,500","8,131,000,000",0,0,12.75,12.90,12.55
27/05/2020,1.96,12.75,-0.40 (-3.04 %)," ","875,430","11,448,000,000",0,0,13.40,13.45,12.75
26/05/2020,2.02,13.15,0.50 (3.95 %)," ","918,430","11,954,000,000",0,0,12.70,13.20,12.70
25/05/2020,1.95,12.65,0.25 (2.02 %)," ","901,770","11,366,000,000",0,0,12.40,12.70,12.40
22/05/2020,1.91,12.40,0.30 (2.48 %)," ","1,275,900","15,885,000,000",0,0,12.10,12.70,12.05
21/05/2020,1.86,12.10,-0.10 (-0.82 %)," ","285,510","3,457,000,000",0,0,12.20,12.20,12.05
20/05/2020,1.88,12.20,0.00 (0.00 %)," ","366,980","4,429,000,000",0,0,12.05,12.20,11.95
19/05/2020,1.88,12.20,0.20 (1.67 %)," ","941,120","11,553,000,000",0,0,12.35,12.40,12.10
18/05/2020,1.85,12.00,0.05 (0.42 %)," ","613,630","7,311,000,000",0,0,11.90,12.05,11.80
15/05/2020,1.84,11.95,-0.30 (-2.45 %)," ","998,670","12,058,000,000",0,0,12.30,12.30,11.90
14/05/2020,1.88,12.25,0.20 (1.66 %)," ","1,533,990","18,621,000,000",0,0,11.80,12.40,11.70
13/05/2020,1.85,12.05,-0.20 (-1.63 %)," ","997,180","12,059,000,000",0,0,12.00,12.25,11.80
12/05/2020,1.88,12.25,0.45 (3.81 %)," ","2,214,440","26,865,000,000",0,0,11.90,12.40,11.80
11/05/2020,1.82,11.80,0.65 (5.83 %)," ","1,691,260","19,607,000,000",0,0,11.80,11.80,11.40
08/05/2020,1.72,11.15,0.15 (1.36 %)," ","1,099,470","12,362,000,000",0,0,11.10,11.40,11.10
07/05/2020,1.69,11.00,0.10 (0.92 %)," ","775,900","8,493,000,000",0,0,10.90,11.05,10.80
06/05/2020,1.68,10.90,0.20 (1.87 %)," ","418,620","4,508,000,000",0,0,10.70,10.90,10.65
05/05/2020,1.65,10.70,-0.05 (-0.47 %)," ","259,120","2,777,000,000",0,0,10.75,10.80,10.65
04/05/2020,1.65,10.75,-0.20 (-1.83 %)," ","462,800","5,000,000,000",0,0,10.90,10.90,10.75
29/04/2020,1.68,10.95,0.10 (0.92 %)," ","341,480","3,721,000,000",0,0,10.95,11.00,10.80
28/04/2020,1.67,10.85,-0.10 (-0.91 %)," ","918,860","9,921,000,000",0,0,11.00,11.00,10.70
27/04/2020,1.68,10.95,0.05 (0.46 %)," ","653,770","7,190,000,000",0,0,11.00,11.15,10.90
24/04/2020,1.68,10.90,-0.20 (-1.80 %)," ","545,210","5,936,000,000","3,000,000","33,000,000,000",11.15,11.15,10.75
23/04/2020,1.71,11.10,-0.05 (-0.45 %)," ","885,930","9,841,000,000",0,0,11.20,11.35,10.95
22/04/2020,1.72,11.15,0.15 (1.36 %)," ","1,755,810","18,870,000,000",0,0,10.50,11.45,10.45
21/04/2020,1.69,11.00,-0.80 (-6.78 %)," ","1,768,960","19,742,000,000",0,0,11.20,11.50,11.00
20/04/2020,1.82,11.80,-0.45 (-3.67 %)," ","1,054,800","12,645,000,000",0,0,12.30,12.35,11.80
17/04/2020,1.88,12.25,0.55 (4.70 %)," ","1,563,540","18,917,000,000",0,0,11.95,12.25,11.90
16/04/2020,1.80,11.70,0.35 (3.08 %)," ","1,085,770","12,514,000,000",0,0,11.40,11.80,11.20
15/04/2020,1.75,11.35,0.10 (0.89 %)," ","713,990","8,117,000,000",0,0,11.25,11.55,11.25
14/04/2020,1.73,11.25,-0.10 (-0.88 %)," ","811,380","9,109,000,000",0,0,11.40,11.40,11.10
13/04/2020,1.75,11.35,-0.15 (-1.30 %)," ","740,970","8,526,000,000",0,0,11.50,11.70,11.35
10/04/2020,1.77,11.50,0.00 (0.00 %)," ","1,020,600","11,638,000,000",0,0,11.60,11.65,11.20
09/04/2020,1.77,11.50,0.50 (4.55 %)," ","1,567,080","17,923,000,000",0,0,11.00,11.75,10.90
08/04/2020,1.69,11.00,-0.30 (-2.65 %)," ","761,880","8,298,000,000",0,0,11.00,11.20,10.80
07/04/2020,1.74,11.30,-0.10 (-0.88 %)," ","772,910","8,572,000,000",0,0,11.40,11.40,10.95
06/04/2020,1.75,11.40,0.25 (2.24 %)," ","1,161,690","13,118,000,000",0,0,11.15,11.50,11.10
03/04/2020,1.72,11.15,0.05 (0.45 %)," ","482,440","5,390,000,000",0,0,11.10,11.40,11.00
01/04/2020,1.71,11.10,-0.25 (-2.20 %)," ","265,610","2,964,000,000","3,887,820","41,210,892,000",10.85,11.40,10.85
31/03/2020,1.75,11.35,0.00 (0.00 %)," ","365,190","4,099,000,000",0,0,10.80,11.35,10.70
30/03/2020,1.75,11.35,-0.10 (-0.87 %)," ","338,160","3,749,000,000",0,0,10.75,11.40,10.65
27/03/2020,1.76,11.45,-0.05 (-0.43 %)," ","380,090","4,213,000,000",0,0,11.00,11.50,10.70
26/03/2020,1.77,11.50,-0.20 (-1.71 %)," ","606,350","6,759,000,000",0,0,11.40,11.50,10.90
25/03/2020,1.80,11.70,0.20 (1.74 %)," ","413,700","4,751,000,000",0,0,11.50,11.85,11.25
24/03/2020,1.77,11.50,-0.35 (-2.95 %)," ","379,870","4,296,000,000",0,0,11.05,11.80,11.05
23/03/2020,1.82,11.85,-0.85 (-6.69 %)," ","164,420","1,950,000,000",0,0,11.90,12.00,11.85
20/03/2020,1.95,12.70,-0.25 (-1.93 %)," ","185,470","2,352,000,000","5,000,000","64,750,000,000",12.65,12.95,12.55
19/03/2020,1.99,12.95,-0.05 (-0.38 %)," ","414,640","5,307,000,000",0,0,12.70,12.95,12.45
18/03/2020,2.00,13.00,-0.20 (-1.52 %)," ","298,780","3,869,000,000",0,0,12.85,13.20,12.80
17/03/2020,2.03,13.20,0.00 (0.00 %)," ","351,090","4,523,000,000",0,0,13.20,13.25,12.45
16/03/2020,2.03,13.20,-0.10 (-0.75 %)," ","657,000","8,526,000,000",0,0,12.90,13.20,12.50
13/03/2020,2.05,13.30,-0.10 (-0.75 %)," ","665,130","8,546,000,000",0,0,12.50,13.30,12.50
12/03/2020,2.06,13.40,-1.00 (-6.94 %)," ","194,240","2,633,000,000","1,850,000","25,900,000,000",14.35,14.35,13.40
11/03/2020,2.21,14.40,0.90 (6.67 %)," ","389,190","5,361,000,000",0,0,13.40,14.40,12.90
10/03/2020,2.08,13.50,0.00 (0.00 %)," ","585,660","7,775,000,000",0,0,12.90,13.50,12.85
09/03/2020,2.08,13.50,-0.25 (-1.82 %)," ","1,249,660","16,433,000,000",0,0,13.45,13.50,12.80
06/03/2020,2.11,13.75,0.00 (0.00 %)," ","237,500","3,254,000,000",0,0,13.55,13.75,13.55
05/03/2020,2.11,13.75,0.00 (0.00 %)," ","166,170","2,275,000,000",0,0,13.75,13.75,13.50
04/03/2020,2.11,13.75,-0.05 (-0.36 %)," ","342,750","4,646,000,000",0,0,13.55,13.75,13.40
03/03/2020,2.12,13.80,0.30 (2.22 %)," ","519,750","7,061,000,000",0,0,13.50,13.80,13.30
02/03/2020,2.08,13.50,0.00 (0.00 %)," ","213,020","2,858,000,000",0,0,13.30,13.50,13.25
28/02/2020,2.08,13.50,-0.20 (-1.46 %)," ","283,960","3,792,000,000",0,0,13.40,13.50,13.10
27/02/2020,2.11,13.70,0.05 (0.37 %)," ","216,890","2,932,000,000","3,000,000","40,950,000,000",13.40,13.70,13.30
26/02/2020,2.10,13.65,-0.05 (-0.36 %)," ","304,540","4,113,000,000",0,0,13.40,13.65,13.25
25/02/2020,2.11,13.70,0.15 (1.11 %)," ","471,360","6,402,000,000",0,0,13.25,13.70,13.20
24/02/2020,2.08,13.55,-0.50 (-3.56 %)," ","563,990","7,626,000,000",0,0,13.70,13.80,13.20
21/02/2020,2.16,14.05,-0.05 (-0.35 %)," ","328,310","4,572,000,000",0,0,13.90,14.05,13.80
20/02/2020,2.17,14.10,-0.10 (-0.70 %)," ","203,430","2,844,000,000",0,0,14.00,14.15,13.85
19/02/2020,2.18,14.20,0.00 (0.00 %)," ","258,870","3,621,000,000",0,0,13.90,14.20,13.85
18/02/2020,2.18,14.20,-0.10 (-0.70 %)," ","605,060","8,484,000,000",0,0,14.30,14.30,13.80
17/02/2020,2.20,14.30,0.10 (0.70 %)," ","231,090","3,271,000,000",0,0,14.20,14.35,14.00
14/02/2020,2.18,14.20,0.05 (0.35 %)," ","137,900","1,934,000,000",0,0,14.15,14.20,13.90
13/02/2020,2.18,14.15,-0.15 (-1.05 %)," ","65,030","917,000,000",0,0,14.25,14.25,14.00
12/02/2020,2.20,14.30,0.15 (1.06 %)," ","313,910","4,428,000,000",0,0,14.00,14.30,13.95
11/02/2020,2.18,14.15,0.30 (2.17 %)," ","173,340","2,407,000,000",0,0,13.75,14.15,13.70
10/02/2020,2.13,13.85,-0.20 (-1.42 %)," ","31,640","439,000,000",0,0,13.85,14.00,13.80
07/02/2020,2.16,14.05,-0.05 (-0.35 %)," ","158,540","2,220,000,000",0,0,14.00,14.20,13.80
06/02/2020,2.17,14.10,0.00 (0.00 %)," ","210,290","2,915,000,000",0,0,14.10,14.20,13.35
05/02/2020,2.17,14.10,0.10 (0.71 %)," ","104,530","1,456,000,000",0,0,13.90,14.10,13.70
04/02/2020,2.15,14.00,0.00 (0.00 %)," ","617,580","8,434,000,000",0,0,14.00,14.00,13.35
03/02/2020,2.15,14.00,-0.70 (-4.76 %)," ","854,260","11,860,000,000",0,0,14.00,14.55,13.70
31/01/2020,2.26,14.70,-0.25 (-1.67 %)," ","271,930","3,966,000,000",0,0,14.50,14.90,14.30
30/01/2020,2.30,14.95,-0.15 (-0.99 %)," ","217,470","3,210,000,000",0,0,15.00,15.00,14.50
22/01/2020,2.32,15.10,0.60 (4.14 %)," ","441,020","6,547,000,000",0,0,14.60,15.10,14.50
21/01/2020,2.23,14.50,0.05 (0.35 %)," ","151,950","2,197,000,000",0,0,14.50,14.50,14.40
20/01/2020,2.22,14.45,0.00 (0.00 %)," ","52,730","763,000,000","1,900,000","27,550,000,000",14.30,14.55,14.30
17/01/2020,2.22,14.45,0.05 (0.35 %)," ","198,600","2,852,000,000",0,0,14.45,14.45,14.00
16/01/2020,2.21,14.40,0.20 (1.41 %)," ","128,120","1,836,000,000",0,0,14.35,14.40,14.10
15/01/2020,2.18,14.20,-0.05 (-0.35 %)," ","109,910","1,566,000,000",0,0,14.25,14.35,14.15
14/01/2020,2.19,14.25,-0.05 (-0.35 %)," ","116,130","1,658,000,000",0,0,14.05,14.35,14.05
13/01/2020,2.20,14.30,0.00 (0.00 %)," ","109,370","1,563,000,000",0,0,14.30,14.35,14.20
10/01/2020,2.20,14.30,0.05 (0.35 %)," ","89,810","1,281,000,000",0,0,14.25,14.30,14.20
09/01/2020,2.19,14.25,0.15 (1.06 %)," ","92,680","1,316,000,000",0,0,14.10,14.25,14.10
08/01/2020,2.17,14.10,-0.20 (-1.40 %)," ","233,880","3,267,000,000",0,0,14.10,14.15,13.80
07/01/2020,2.20,14.30,0.00 (0.00 %)," ","68,060","971,000,000",0,0,14.30,14.30,14.10
06/01/2020,2.20,14.30,-0.10 (-0.69 %)," ","149,130","2,128,000,000",0,0,14.20,14.40,14.10
03/01/2020,2.21,14.40,-0.05 (-0.35 %)," ","163,940","2,351,000,000",0,0,14.45,14.45,14.15
02/01/2020,2.22,14.45,0.05 (0.35 %)," ","58,580","838,000,000",0,0,14.05,14.45,14.05
31/12/2019,2.21,14.40,0.05 (0.35 %)," ","108,720","1,557,000,000",0,0,14.40,14.40,14.10
30/12/2019,2.21,14.35,-0.05 (-0.35 %)," ","191,100","2,742,000,000",0,0,14.15,14.45,14.15
27/12/2019,2.21,14.40,0.00 (0.00 %)," ","128,290","1,847,000,000","2,500,000","36,000,000,000",14.30,14.50,14.20
26/12/2019,2.21,14.40,-0.05 (-0.35 %)," ","186,720","2,681,000,000",0,0,14.40,14.40,14.15
25/12/2019,2.22,14.45,0.05 (0.35 %)," ","152,820","2,193,000,000",0,0,14.05,14.45,14.05
24/12/2019,2.21,14.40,-0.10 (-0.69 %)," ","189,950","2,730,000,000","3,000,000","43,500,000,000",14.50,14.50,14.20
23/12/2019,2.23,14.50,0.00 (0.00 %)," ","93,160","1,350,000,000",0,0,14.50,14.50,14.30
20/12/2019,2.23,14.50,-0.05 (-0.34 %)," ","417,790","5,963,000,000",0,0,14.55,14.55,14.00
19/12/2019,2.24,14.55,0.05 (0.34 %)," ","160,790","2,331,000,000","219,690","3,185,505,000",14.30,14.55,14.30
18/12/2019,2.23,14.50,0.05 (0.35 %)," ","156,730","2,267,000,000","1,950,000","28,177,500,000",14.50,14.50,14.25
17/12/2019,2.22,14.45,0.10 (0.70 %)," ","354,360","5,093,000,000",0,0,14.40,14.45,14.20
16/12/2019,2.21,14.35,0.00 (0.00 %)," ","166,860","2,396,000,000",0,0,14.35,14.40,14.30
13/12/2019,2.21,14.35,-0.10 (-0.69 %)," ","206,520","2,944,000,000",0,0,14.40,14.40,14.05
12/12/2019,2.22,14.45,0.55 (3.96 %)," ","204,240","2,880,000,000",0,0,13.80,14.45,13.70
11/12/2019,2.14,13.90,0.00 (0.00 %)," ","67,310","932,000,000",0,0,13.80,13.90,13.75
10/12/2019,2.14,13.90,0.05 (0.36 %)," ","344,030","4,768,000,000","1,850,000","25,622,500,000",13.85,13.95,13.80
09/12/2019,2.13,13.85,0.00 (0.00 %)," ","113,990","1,577,000,000",0,0,13.85,13.85,13.75
06/12/2019,2.13,13.85,0.00 (0.00 %)," ","91,840","1,268,000,000",0,0,13.70,13.90,13.65
05/12/2019,2.13,13.85,0.00 (0.00 %)," ","131,810","1,816,000,000",0,0,13.85,13.85,13.65
04/12/2019,2.13,13.85,0.05 (0.36 %)," ","120,830","1,662,000,000",0,0,13.70,13.85,13.65
03/12/2019,2.12,13.80,-0.05 (-0.36 %)," ","127,490","1,755,000,000",0,0,13.85,13.85,13.65
02/12/2019,2.13,13.85,0.00 (0.00 %)," ","186,390","2,563,000,000",0,0,13.85,13.85,13.60
29/11/2019,2.13,13.85,-0.05 (-0.36 %)," ","255,980","3,510,000,000",0,0,13.80,13.85,13.60
28/11/2019,2.14,13.90,-0.05 (-0.36 %)," ","104,960","1,455,000,000",0,0,13.95,13.95,13.75
27/11/2019,2.15,13.95,-0.05 (-0.36 %)," ","240,410","3,352,000,000",0,0,14.00,14.00,13.90
26/11/2019,2.15,14.00,0.05 (0.36 %)," ","166,310","2,321,000,000","2,000,000","28,600,000,000",13.95,14.00,13.90
25/11/2019,2.15,13.95,-0.05 (-0.36 %)," ","114,710","1,596,000,000",0,0,14.00,14.00,13.80
22/11/2019,2.15,14.00,0.00 (0.00 %)," ","277,650","3,871,000,000","20,000","278,000,000",14.00,14.00,13.50
21/11/2019,2.15,14.00,0.00 (0.00 %)," ","175,180","2,445,000,000",0,0,13.95,14.00,13.90
20/11/2019,2.15,14.00,-0.05 (-0.36 %)," ","191,360","2,685,000,000",0,0,14.00,14.10,14.00
19/11/2019,2.16,14.05,0.05 (0.36 %)," ","263,700","3,690,000,000","20,000","284,000,000",13.95,14.05,13.90
18/11/2019,2.15,14.00,-0.20 (-1.41 %)," ","295,580","4,155,000,000",0,0,14.05,14.15,14.00
15/11/2019,2.18,14.20,0.10 (0.71 %)," ","506,950","7,154,000,000",0,0,14.00,14.20,13.90
14/11/2019,2.17,14.10,0.00 (0.00 %)," ","326,970","4,579,000,000",0,0,14.15,14.15,13.90
13/11/2019,2.17,14.10,-0.05 (-0.35 %)," ","313,470","4,410,000,000",0,0,14.15,14.15,14.00
12/11/2019,2.18,14.15,-0.05 (-0.35 %)," ","521,640","7,359,000,000","4,000,000","57,200,000,000",14.20,14.20,14.00
11/11/2019,2.18,14.20,0.00 (0.00 %)," ","555,880","7,859,000,000",0,0,14.20,14.25,14.00
08/11/2019,2.18,14.20,0.10 (0.71 %)," ","761,260","10,820,000,000",0,0,14.15,14.35,14.10
07/11/2019,2.17,14.10,0.30 (2.17 %)," ","598,900","8,350,000,000",0,0,13.80,14.10,13.70
06/11/2019,2.12,13.80,0.00 (0.00 %)," ","391,690","5,407,000,000",0,0,13.80,13.90,13.60
05/11/2019,2.12,13.80,0.05 (0.36 %)," ","115,590","1,592,000,000",0,0,13.75,13.85,13.70
04/11/2019,2.11,13.75,0.05 (0.36 %)," ","314,490","4,320,000,000",0,0,13.75,13.80,13.65
01/11/2019,2.11,13.70,0.10 (0.74 %)," ","315,980","4,307,000,000",0,0,13.45,13.70,13.45
31/10/2019,2.09,13.60,0.00 (0.00 %)," ","288,060","3,902,000,000",0,0,13.60,13.60,13.45
30/10/2019,2.09,13.60,0.00 (0.00 %)," ","392,690","5,331,000,000",0,0,13.50,13.65,13.45
29/10/2019,2.09,13.60,0.00 (0.00 %)," ","472,760","6,392,000,000",0,0,13.60,13.60,13.40
28/10/2019,2.09,13.60,0.10 (0.74 %)," ","224,820","3,048,000,000",0,0,13.50,13.60,13.45
25/10/2019,2.08,13.50,-0.25 (-1.82 %)," ","356,480","4,829,000,000",0,0,13.75,13.75,13.50
24/10/2019,2.11,13.75,0.00 (0.00 %)," ","294,760","4,023,000,000",0,0,13.75,13.75,13.50
23/10/2019,2.11,13.75,0.00 (0.00 %)," ","127,930","1,753,000,000",0,0,13.75,13.75,13.60
22/10/2019,2.11,13.75,0.00 (0.00 %)," ","247,760","3,387,000,000",0,0,13.55,13.75,13.50
21/10/2019,2.11,13.75,0.15 (1.10 %)," ","432,450","5,869,000,000",0,0,13.60,13.75,13.30
18/10/2019,2.09,13.60,-0.10 (-0.73 %)," ","259,770","3,528,000,000",0,0,13.70,13.70,13.50
17/10/2019,2.11,13.70,-0.10 (-0.72 %)," ","355,560","4,850,000,000",0,0,13.70,13.70,13.50
16/10/2019,2.12,13.80,0.00 (0.00 %)," ","278,000","3,809,000,000",0,0,13.80,13.80,13.50
15/10/2019,2.12,13.80,0.30 (2.22 %)," ","228,470","3,120,000,000","3,300,000","42,900,000,000",13.60,13.80,13.50
14/10/2019,2.08,13.50,-0.40 (-2.88 %)," ","1,866,180","25,124,000,000",0,0,13.90,13.95,13.30
11/10/2019,2.14,13.90,-0.05 (-0.36 %)," ","377,170","5,206,000,000",0,0,13.95,13.95,13.70
10/10/2019,2.15,13.95,0.00 (0.00 %)," ","362,680","5,020,000,000",0,0,13.85,13.95,13.75
09/10/2019,2.15,13.95,-0.05 (-0.36 %)," ","139,340","1,941,000,000",0,0,14.00,14.00,13.85
08/10/2019,2.15,14.00,0.00 (0.00 %)," ","418,270","5,805,000,000",0,0,14.00,14.00,13.75
07/10/2019,2.15,14.00,-0.10 (-0.71 %)," ","308,870","4,307,000,000",0,0,14.10,14.10,13.80
04/10/2019,2.17,14.10,0.00 (0.00 %)," ","395,810","5,564,000,000",0,0,14.10,14.20,13.95
03/10/2019,2.17,14.10,0.00 (0.00 %)," ","550,280","7,676,000,000",0,0,14.05,14.10,13.85
02/10/2019,2.17,14.10,-0.05 (-0.35 %)," ","537,000","7,574,000,000","110,000","1,540,000,000",14.20,14.20,14.05
01/10/2019,2.18,14.15,-0.30 (-2.08 %)," ","757,020","10,752,000,000",0,0,14.40,14.40,14.05
30/09/2019,2.22,14.45,-0.10 (-0.69 %)," ","372,180","5,419,000,000",0,0,14.65,14.75,14.45
27/09/2019,2.24,14.55,0.30 (2.11 %)," ","501,580","7,316,000,000",0,0,14.40,14.70,14.40
26/09/2019,2.19,14.25,0.30 (2.15 %)," ","756,120","10,794,000,000",0,0,13.95,14.45,13.95
25/09/2019,2.15,13.95,0.00 (0.00 %)," ","82,120","1,143,000,000",0,0,13.95,13.95,13.85
24/09/2019,2.15,13.95,0.00 (0.00 %)," ","203,250","2,832,000,000",0,0,13.95,14.00,13.85
23/09/2019,2.15,13.95,0.00 (0.00 %)," ","254,980","3,565,000,000",0,0,13.95,14.10,13.90
20/09/2019,2.15,13.95,-0.05 (-0.36 %)," ","205,680","2,870,000,000","3,200,000","44,800,000,000",14.00,14.10,13.90
19/09/2019,2.15,14.00,0.00 (0.00 %)," ","367,330","5,120,000,000",0,0,14.00,14.05,13.80
18/09/2019,2.15,14.00,0.10 (0.72 %)," ","224,340","3,136,000,000",0,0,14.10,14.15,13.90
17/09/2019,2.14,13.90,-0.20 (-1.42 %)," ","297,940","4,173,000,000",0,0,14.10,14.20,13.90
16/09/2019,2.17,14.10,0.05 (0.36 %)," ","501,380","7,115,000,000",0,0,14.10,14.30,14.05
13/09/2019,2.16,14.05,0.05 (0.36 %)," ","296,830","4,164,000,000","2,100,000","29,400,000,000",14.00,14.10,13.90
12/09/2019,2.15,14.00,0.00 (0.00 %)," ","190,040","2,653,000,000",0,0,14.00,14.00,13.85
11/09/2019,2.15,14.00,0.25 (1.82 %)," ","623,300","8,662,000,000","100,000","1,375,000,000",13.75,14.05,13.50
10/09/2019,2.11,13.75,-0.05 (-0.36 %)," ","410,130","5,586,000,000",0,0,13.75,13.75,13.45
09/09/2019,2.12,13.80,0.05 (0.36 %)," ","389,860","5,333,000,000",0,0,13.00,13.80,13.45
06/09/2019,2.11,13.75,0.00 (0.00 %)," ","1,197,510","15,962,000,000",0,0,13.00,13.75,13.00
05/09/2019,2.11,13.75,-0.05 (-0.36 %)," ","285,960","3,918,000,000",0,0,13.80,13.80,13.55
04/09/2019,2.12,13.80,-0.10 (-0.72 %)," ","450,300","6,159,000,000",0,0,13.85,13.85,13.55
03/09/2019,2.14,13.90,-0.10 (-0.71 %)," ","269,100","3,716,000,000",0,0,14.00,14.00,13.70
30/08/2019,2.15,14.00,0.00 (0.00 %)," ","311,890","4,332,000,000",0,0,14.05,14.05,13.80
29/08/2019,2.15,14.00,-0.05 (-0.36 %)," ","350,670","4,839,000,000","500,000","6,650,000,000",14.05,14.15,13.60
28/08/2019,2.16,14.05,0.10 (0.72 %)," ","120,590","1,685,000,000","558,000","7,662,000,000",13.95,14.10,13.90
27/08/2019,2.15,13.95,-0.35 (-2.45 %)," ","489,410","6,885,000,000",0,0,14.40,14.40,13.95
26/08/2019,2.20,14.30,-0.10 (-0.69 %)," ","269,140","3,833,000,000",0,0,14.35,14.40,14.15
23/08/2019,2.21,14.40,-0.20 (-1.37 %)," ","95,590","1,380,000,000",0,0,14.60,14.60,14.40
22/08/2019,2.25,14.60,0.05 (0.34 %)," ","189,160","2,750,000,000",0,0,14.65,14.65,14.45
21/08/2019,2.24,14.55,-0.10 (-0.68 %)," ","261,210","3,809,000,000",0,0,14.60,14.65,14.50
20/08/2019,2.25,14.65,-0.05 (-0.34 %)," ","116,800","1,717,000,000",0,0,14.90,14.90,14.65
19/08/2019,2.26,14.70,0.00 (0.00 %)," ","116,300","1,724,000,000",0,0,14.70,15.00,14.70
16/08/2019,2.26,14.70,0.05 (0.34 %)," ","1,005,620","15,079,000,000",0,0,14.65,15.35,14.40
15/08/2019,2.25,14.65,0.15 (1.03 %)," ","371,730","5,390,000,000",0,0,14.40,14.65,14.15
14/08/2019,2.23,14.50,0.00 (0.00 %)," ","123,070","1,786,000,000",0,0,14.50,14.65,14.45
13/08/2019,2.23,14.50,-0.10 (-0.68 %)," ","217,470","3,146,000,000",0,0,14.50,14.60,14.35
12/08/2019,2.25,14.60,0.00 (0.00 %)," ","143,350","2,093,000,000",0,0,14.65,14.65,14.55
09/08/2019,2.25,14.60,0.00 (0.00 %)," ","235,300","3,438,000,000",0,0,14.40,14.70,14.50
08/08/2019,2.25,14.60,-0.05 (-0.34 %)," ","431,780","6,274,000,000",0,0,14.40,14.60,14.40
07/08/2019,2.25,14.65,-0.05 (-0.34 %)," ","335,360","4,881,000,000",0,0,14.75,14.75,14.40
06/08/2019,2.26,14.70,-0.05 (-0.34 %)," ","401,470","5,824,000,000",0,0,14.55,14.70,14.30
05/08/2019,2.27,14.75,-0.05 (-0.34 %)," ","261,280","3,843,000,000",0,0,14.80,14.80,14.60
02/08/2019,2.28,14.80,0.05 (0.34 %)," ","396,420","5,804,000,000","200,000","2,960,000,000",14.60,14.80,14.45
01/08/2019,2.27,14.75,-0.05 (-0.34 %)," ","89,870","1,326,000,000","2,800,000","41,440,000,000",14.80,14.85,14.65
31/07/2019,2.28,14.80,0.00 (0.00 %)," ","360,560","5,305,000,000",0,0,14.80,14.80,14.55
30/07/2019,2.28,14.80,-0.05 (-0.34 %)," ","229,950","3,389,000,000",0,0,14.85,14.85,14.65
29/07/2019,2.28,14.85,-0.05 (-0.34 %)," ","201,640","2,971,000,000",0,0,14.90,14.90,14.60
26/07/2019,2.29,14.90,0.00 (0.00 %)," ","299,310","4,423,000,000",0,0,14.90,14.90,14.60
25/07/2019,2.29,14.90,-0.05 (-0.33 %)," ","301,730","4,474,000,000",0,0,14.85,14.90,14.60
24/07/2019,2.30,14.95,-0.05 (-0.33 %)," ","712,860","10,522,000,000",0,0,15.00,15.00,14.60
23/07/2019,2.31,15.00,0.00 (0.00 %)," ","404,800","6,050,000,000",0,0,15.00,15.20,14.80
22/07/2019,2.31,15.00,-0.30 (-1.96 %)," ","333,330","5,005,000,000",0,0,15.05,15.20,14.95
19/07/2019,2.35,15.30,0.05 (0.33 %)," ","305,730","4,672,000,000",0,0,15.30,15.35,15.20
18/07/2019,2.35,15.25,-0.10 (-0.65 %)," ","186,390","2,834,000,000",0,0,15.30,15.35,15.15
17/07/2019,2.36,15.35,0.25 (1.66 %)," ","649,960","9,967,000,000","3,000,000","45,300,000,000",15.10,15.45,15.10
16/07/2019,2.32,15.10,0.15 (1.00 %)," ","247,350","3,718,000,000",0,0,15.00,15.15,14.95
15/07/2019,2.30,14.95,0.00 (0.00 %)," ","249,820","3,730,000,000","3,199,500","47,832,525,000",15.20,15.05,14.85
12/07/2019,2.30,14.95,-0.20 (-1.32 %)," ","407,930","6,152,000,000",0,0,15.20,15.25,14.95
11/07/2019,2.33,15.15,0.05 (0.33 %)," ","396,060","5,994,000,000",0,0,15.05,15.20,15.05
10/07/2019,2.32,15.10,-0.05 (-0.33 %)," ","324,480","4,910,000,000",0,0,15.05,15.20,15.05
09/07/2019,2.33,15.15,-0.05 (-0.33 %)," ","284,240","4,263,000,000",0,0,15.10,15.15,14.90
08/07/2019,2.34,15.20,-0.10 (-0.65 %)," ","184,990","2,799,000,000",0,0,15.20,15.25,15.00
05/07/2019,2.35,15.30,0.05 (0.33 %)," ","884,910","13,313,000,000",0,0,15.30,15.30,15.00
04/07/2019,2.35,15.25,0.15 (0.99 %)," ","588,990","8,872,000,000",0,0,15.20,15.30,14.95
03/07/2019,2.32,15.10,-0.10 (-0.66 %)," ","437,010","6,560,000,000",0,0,15.20,15.20,14.90
02/07/2019,2.34,15.20,-0.25 (-1.62 %)," ","322,020","4,937,000,000",0,0,15.20,15.50,15.20
01/07/2019,2.38,15.45,0.05 (0.32 %)," ","146,570","2,260,000,000",0,0,15.45,15.60,15.35
28/06/2019,2.37,15.40,0.05 (0.33 %)," ","213,130","3,263,000,000",0,0,15.40,15.40,15.10
27/06/2019,2.36,15.35,-0.10 (-0.65 %)," ","201,970","3,075,000,000",0,0,15.35,15.45,15.10
26/06/2019,2.38,15.45,-0.05 (-0.32 %)," ","97,270","1,497,000,000",0,0,15.45,15.45,15.25
25/06/2019,2.38,15.50,-0.05 (-0.32 %)," ","81,230","1,256,000,000","80,000","1,244,000,000",15.55,15.55,15.40
24/06/2019,2.39,15.55,-0.05 (-0.32 %)," ","214,970","3,343,000,000","110,000","1,831,500,000",15.60,15.65,15.40
21/06/2019,2.40,15.60,0.05 (0.32 %)," ","184,820","2,871,000,000",0,0,15.60,15.60,15.40
20/06/2019,2.39,15.55,0.15 (0.97 %)," ","158,180","2,451,000,000",0,0,15.40,15.60,15.35
19/06/2019,2.37,15.40,-0.05 (-0.32 %)," ","126,060","1,938,000,000",0,0,15.40,15.45,15.10
18/06/2019,2.38,15.45,0.25 (1.64 %)," ","227,450","3,449,000,000","2,000,000","30,400,000,000",15.30,15.45,14.95
17/06/2019,2.34,15.20,-0.40 (-2.56 %)," ","589,890","9,190,000,000","2,100,000","32,760,000,000",15.35,15.65,15.20
14/06/2019,2.40,15.60,0.00 (0.00 %)," ","393,330","6,029,000,000",0,0,15.50,15.70,14.90
13/06/2019,2.40,15.60,-0.40 (-2.50 %)," ","215,070","3,347,000,000",0,0,15.60,15.70,15.45
12/06/2019,2.38,16.00,0.05 (0.31 %)," ","134,090","2,134,000,000",0,0,15.95,16.00,15.80
09/07/2019,2.33,15.15,-0.05 (-0.33 %)," ","284,240","4,263,000,000",0,0,15.10,15.15,14.90
08/07/2019,2.34,15.20,-0.10 (-0.65 %)," ","184,990","2,799,000,000",0,0,15.20,15.25,15.00
05/07/2019,2.35,15.30,0.05 (0.33 %)," ","884,910","13,313,000,000",0,0,15.30,15.30,15.00
04/07/2019,2.35,15.25,0.15 (0.99 %)," ","588,990","8,872,000,000",0,0,15.20,15.30,14.95
03/07/2019,2.32,15.10,-0.10 (-0.66 %)," ","437,010","6,560,000,000",0,0,15.20,15.20,14.90
02/07/2019,2.34,15.20,-0.25 (-1.62 %)," ","322,020","4,937,000,000",0,0,15.20,15.50,15.20
01/07/2019,2.38,15.45,0.05 (0.32 %)," ","146,570","2,260,000,000",0,0,15.45,15.60,15.35
28/06/2019,2.37,15.40,0.05 (0.33 %)," ","213,130","3,263,000,000",0,0,15.40,15.40,15.10
27/06/2019,2.36,15.35,-0.10 (-0.65 %)," ","201,970","3,075,000,000",0,0,15.35,15.45,15.10
26/06/2019,2.38,15.45,-0.05 (-0.32 %)," ","97,270","1,497,000,000",0,0,15.45,15.45,15.25
25/06/2019,2.38,15.50,-0.05 (-0.32 %)," ","81,230","1,256,000,000","80,000","1,244,000,000",15.55,15.55,15.40
24/06/2019,2.39,15.55,-0.05 (-0.32 %)," ","214,970","3,343,000,000","110,000","1,831,500,000",15.60,15.65,15.40
21/06/2019,2.40,15.60,0.05 (0.32 %)," ","184,820","2,871,000,000",0,0,15.60,15.60,15.40
20/06/2019,2.39,15.55,0.15 (0.97 %)," ","158,180","2,451,000,000",0,0,15.40,15.60,15.35
19/06/2019,2.37,15.40,-0.05 (-0.32 %)," ","126,060","1,938,000,000",0,0,15.40,15.45,15.10
18/06/2019,2.38,15.45,0.25 (1.64 %)," ","227,450","3,449,000,000","2,000,000","30,400,000,000",15.30,15.45,14.95
17/06/2019,2.34,15.20,-0.40 (-2.56 %)," ","589,890","9,190,000,000","2,100,000","32,760,000,000",15.35,15.65,15.20
14/06/2019,2.40,15.60,0.00 (0.00 %)," ","393,330","6,029,000,000",0,0,15.50,15.70,14.90
13/06/2019,2.40,15.60,-0.40 (-2.50 %)," ","215,070","3,347,000,000",0,0,15.60,15.70,15.45
12/06/2019,2.38,16.00,0.05 (0.31 %)," ","134,090","2,134,000,000",0,0,15.95,16.00,15.80
11/06/2019,2.38,15.95,0.10 (0.63 %)," ","177,330","2,812,000,000",0,0,16.00,16.00,15.75
10/06/2019,2.36,15.85,-0.05 (-0.31 %)," ","75,250","1,199,000,000",0,0,16.00,16.10,15.85
07/06/2019,2.37,15.90,0.15 (0.95 %)," ","136,240","2,157,000,000",0,0,15.65,15.95,15.65
06/06/2019,2.35,15.75,0.05 (0.32 %)," ","183,970","2,880,000,000",0,0,15.70,15.80,15.50
05/06/2019,2.34,15.70,0.05 (0.32 %)," ","50,540","799,000,000",0,0,16.00,16.00,15.70
04/06/2019,2.33,15.65,0.15 (0.97 %)," ","169,890","2,660,000,000",0,0,15.80,15.80,15.50
03/06/2019,2.31,15.50,-0.50 (-3.13 %)," ","1,285,920","20,636,000,000",0,0,15.80,16.55,15.50
31/05/2019,2.38,16.00,-0.15 (-0.93 %)," ","366,210","5,819,000,000",0,0,16.10,16.15,15.50
30/05/2019,2.41,16.15,0.00 (0.00 %)," ","112,450","1,809,000,000",0,0,16.05,16.15,16.05
29/05/2019,2.41,16.15,-0.05 (-0.31 %)," ","216,940","3,492,000,000","2,500,000","40,500,000,000",16.20,16.20,15.95
28/05/2019,2.41,16.20,-0.15 (-0.92 %)," ","403,420","6,539,000,000",0,0,16.30,16.30,16.15
27/05/2019,2.44,16.35,0.00 (0.00 %)," ","146,020","2,380,000,000",0,0,16.35,16.35,16.20
24/05/2019,2.44,16.35,-0.20 (-1.21 %)," ","493,090","8,111,000,000",0,0,16.40,16.60,16.35
23/05/2019,2.47,16.55,-0.15 (-0.90 %)," ","177,400","2,924,000,000",0,0,16.70,16.70,16.45
22/05/2019,2.49,16.70,0.10 (0.60 %)," ","701,110","11,715,000,000",0,0,16.70,16.85,16.45
21/05/2019,2.47,16.60,-0.05 (-0.30 %)," ","144,410","2,397,000,000",0,0,16.85,16.85,16.50
20/05/2019,2.48,16.65,-0.05 (-0.30 %)," ","438,740","7,310,000,000",0,0,16.70,16.80,16.45
17/05/2019,2.49,16.70,0.30 (1.83 %)," ","753,170","12,491,000,000",0,0,16.35,16.75,16.30
16/05/2019,2.44,16.40,-0.10 (-0.61 %)," ","194,760","3,190,000,000",0,0,16.50,16.55,16.30
15/05/2019,2.46,16.50,0.05 (0.30 %)," ","733,070","12,074,000,000",0,0,16.50,16.60,16.35
11/06/2019,2.38,15.95,0.10 (0.63 %)," ","177,330","2,812,000,000",0,0,16.00,16.00,15.75
10/06/2019,2.36,15.85,-0.05 (-0.31 %)," ","75,250","1,199,000,000",0,0,16.00,16.10,15.85
07/06/2019,2.37,15.90,0.15 (0.95 %)," ","136,240","2,157,000,000",0,0,15.65,15.95,15.65
06/06/2019,2.35,15.75,0.05 (0.32 %)," ","183,970","2,880,000,000",0,0,15.70,15.80,15.50
05/06/2019,2.34,15.70,0.05 (0.32 %)," ","50,540","799,000,000",0,0,16.00,16.00,15.70
04/06/2019,2.33,15.65,0.15 (0.97 %)," ","169,890","2,660,000,000",0,0,15.80,15.80,15.50
03/06/2019,2.31,15.50,-0.50 (-3.13 %)," ","1,285,920","20,636,000,000",0,0,15.80,16.55,15.50
31/05/2019,2.38,16.00,-0.15 (-0.93 %)," ","366,210","5,819,000,000",0,0,16.10,16.15,15.50
30/05/2019,2.41,16.15,0.00 (0.00 %)," ","112,450","1,809,000,000",0,0,16.05,16.15,16.05
29/05/2019,2.41,16.15,-0.05 (-0.31 %)," ","216,940","3,492,000,000","2,500,000","40,500,000,000",16.20,16.20,15.95
28/05/2019,2.41,16.20,-0.15 (-0.92 %)," ","403,420","6,539,000,000",0,0,16.30,16.30,16.15
27/05/2019,2.44,16.35,0.00 (0.00 %)," ","146,020","2,380,000,000",0,0,16.35,16.35,16.20
24/05/2019,2.44,16.35,-0.20 (-1.21 %)," ","493,090","8,111,000,000",0,0,16.40,16.60,16.35
23/05/2019,2.47,16.55,-0.15 (-0.90 %)," ","177,400","2,924,000,000",0,0,16.70,16.70,16.45
22/05/2019,2.49,16.70,0.10 (0.60 %)," ","701,110","11,715,000,000",0,0,16.70,16.85,16.45
21/05/2019,2.47,16.60,-0.05 (-0.30 %)," ","144,410","2,397,000,000",0,0,16.85,16.85,16.50
20/05/2019,2.48,16.65,-0.05 (-0.30 %)," ","438,740","7,310,000,000",0,0,16.70,16.80,16.45
17/05/2019,2.49,16.70,0.30 (1.83 %)," ","753,170","12,491,000,000",0,0,16.35,16.75,16.30
16/05/2019,2.44,16.40,-0.10 (-0.61 %)," ","194,760","3,190,000,000",0,0,16.50,16.55,16.30
15/05/2019,2.46,16.50,0.05 (0.30 %)," ","733,070","12,074,000,000",0,0,16.50,16.60,16.35
14/05/2019,2.45,16.45,-0.05 (-0.30 %)," ","763,610","12,519,000,000",0,0,16.45,16.50,16.30
13/05/2019,2.46,16.50,0.05 (0.30 %)," ","646,560","10,645,000,000",0,0,16.45,16.60,16.30
10/05/2019,2.45,16.45,0.20 (1.23 %)," ","510,970","8,350,000,000",0,0,16.35,16.45,16.20
09/05/2019,2.42,16.25,0.40 (2.52 %)," ","814,920","13,070,000,000",0,0,15.85,16.25,15.80
08/05/2019,2.36,15.85,0.05 (0.32 %)," ","730,380","11,533,000,000",0,0,15.60,15.85,15.60
07/05/2019,2.35,15.80,0.15 (0.96 %)," ","512,410","7,995,000,000",0,0,15.70,15.80,15.45
06/05/2019,2.33,15.65,0.00 (0.00 %)," ","610,820","9,500,000,000",0,0,15.50,15.70,15.30
03/05/2019,2.33,15.65,-0.05 (-0.32 %)," ","100,700","1,581,000,000",0,0,15.70,15.80,15.60
02/05/2019,2.34,15.70,-0.25 (-1.57 %)," ","445,870","7,024,000,000",0,0,15.75,15.95,15.50
26/04/2019,2.38,15.95,0.00 (0.00 %)," ","306,440","4,890,000,000",0,0,15.95,16.00,15.75
25/04/2019,2.38,15.95,0.05 (0.31 %)," ","318,070","5,034,000,000",0,0,16.00,16.00,15.70
24/04/2019,2.37,15.90,0.10 (0.63 %)," ","239,950","3,804,000,000",0,0,15.80,15.95,15.75
23/04/2019,2.35,15.80,0.30 (1.94 %)," ","427,760","6,708,000,000",0,0,15.40,15.80,15.40
22/04/2019,2.31,15.50,-0.45 (-2.82 %)," ","896,150","14,022,000,000",0,0,15.95,15.95,15.45
19/04/2019,2.38,15.95,-0.15 (-0.93 %)," ","276,670","4,427,000,000","5,000,000","82,500,000,000",16.20,16.20,15.95
18/04/2019,2.40,16.10,0.00 (0.00 %)," ","736,290","11,741,000,000",0,0,16.10,16.10,15.75
17/04/2019,2.40,16.10,-0.20 (-1.23 %)," ","433,710","7,054,000,000",0,0,16.30,16.50,16.10
16/04/2019,2.43,16.30,-0.45 (-2.69 %)," ","563,530","9,207,000,000",0,0,16.55,16.60,16.00
12/04/2019,2.50,16.75,-0.05 (-0.30 %)," ","558,250","9,264,000,000",0,0,16.80,16.80,16.45
11/04/2019,2.50,16.80,0.00 (0.00 %)," ","302,710","5,080,000,000",0,0,16.80,16.95,16.70
10/04/2019,2.50,16.80,-0.20 (-1.18 %)," ","357,600","6,056,000,000",0,0,17.00,17.10,16.80
09/04/2019,2.53,17.00,0.15 (0.89 %)," ","1,530,390","26,383,000,000",0,0,17.00,17.45,17.00
08/04/2019,2.51,16.85,0.05 (0.30 %)," ","354,310","5,957,000,000",0,0,16.85,16.95,16.75
05/04/2019,2.50,16.80,-0.05 (-0.30 %)," ","294,380","4,956,000,000",0,0,16.90,16.90,16.75
04/04/2019,2.51,16.85,0.05 (0.30 %)," ","484,680","8,151,000,000",0,0,16.85,16.90,16.70
03/04/2019,2.50,16.80,0.00 (0.00 %)," ","271,200","4,533,000,000",0,0,16.70,16.85,16.55
02/04/2019,2.50,16.80,0.05 (0.30 %)," ","452,140","7,619,000,000",0,0,17.00,17.00,16.70
01/04/2019,2.50,16.75,-0.05 (-0.30 %)," ","391,250","6,588,000,000","5,000,000","85,000,000,000",16.90,16.95,16.75
29/03/2019,2.50,16.80,-0.10 (-0.59 %)," ","719,420","12,101,000,000",0,0,16.80,16.95,16.75
28/03/2019,2.52,16.90,0.05 (0.30 %)," ","399,410","6,712,000,000",0,0,16.70,16.90,16.60
27/03/2019,2.51,16.85,0.15 (0.90 %)," ","429,020","7,187,000,000",0,0,16.80,16.90,16.40
26/03/2019,2.49,16.70,0.15 (0.91 %)," ","627,350","10,415,000,000",0,0,16.60,16.80,16.40
25/03/2019,2.47,16.55,-0.15 (-0.90 %)," ","1,534,230","24,941,000,000",0,0,16.10,16.55,16.05
22/03/2019,2.49,16.70,0.20 (1.21 %)," ","833,020","13,877,000,000","6,650,000","110,722,500,000",16.50,16.85,16.50
21/03/2019,2.46,16.50,-0.85 (-4.90 %)," ","963,830","16,357,000,000",0,0,17.20,17.40,16.50
20/03/2019,2.59,17.35,0.05 (0.29 %)," ","1,586,050","27,112,000,000",0,0,17.25,17.35,16.95
19/03/2019,2.58,17.30,-0.75 (-4.16 %)," ","1,661,800","29,265,000,000",0,0,18.20,18.20,17.30
18/03/2019,2.69,18.05,0.10 (0.56 %)," ","756,030","13,600,000,000",0,0,18.10,18.10,17.85
15/03/2019,2.67,17.95,-0.30 (-1.64 %)," ","810,620","14,583,000,000","2,500,000","45,625,000,000",18.25,18.25,17.90
14/03/2019,2.72,18.25,-0.15 (-0.82 %)," ","656,680","12,030,000,000",0,0,18.50,18.50,18.25
10/04/2019,2.50,16.80,-0.20 (-1.18 %)," ","357,600","6,056,000,000",0,0,17.00,17.10,16.80
09/04/2019,2.53,17.00,0.15 (0.89 %)," ","1,530,390","26,383,000,000",0,0,17.00,17.45,17.00
08/04/2019,2.51,16.85,0.05 (0.30 %)," ","354,310","5,957,000,000",0,0,16.85,16.95,16.75
05/04/2019,2.50,16.80,-0.05 (-0.30 %)," ","294,380","4,956,000,000",0,0,16.90,16.90,16.75
04/04/2019,2.51,16.85,0.05 (0.30 %)," ","484,680","8,151,000,000",0,0,16.85,16.90,16.70
03/04/2019,2.50,16.80,0.00 (0.00 %)," ","271,200","4,533,000,000",0,0,16.70,16.85,16.55
02/04/2019,2.50,16.80,0.05 (0.30 %)," ","452,140","7,619,000,000",0,0,17.00,17.00,16.70
01/04/2019,2.50,16.75,-0.05 (-0.30 %)," ","391,250","6,588,000,000","5,000,000","85,000,000,000",16.90,16.95,16.75
29/03/2019,2.50,16.80,-0.10 (-0.59 %)," ","719,420","12,101,000,000",0,0,16.80,16.95,16.75
28/03/2019,2.52,16.90,0.05 (0.30 %)," ","399,410","6,712,000,000",0,0,16.70,16.90,16.60
27/03/2019,2.51,16.85,0.15 (0.90 %)," ","429,020","7,187,000,000",0,0,16.80,16.90,16.40
26/03/2019,2.49,16.70,0.15 (0.91 %)," ","627,350","10,415,000,000",0,0,16.60,16.80,16.40
25/03/2019,2.47,16.55,-0.15 (-0.90 %)," ","1,534,230","24,941,000,000",0,0,16.10,16.55,16.05
22/03/2019,2.49,16.70,0.20 (1.21 %)," ","833,020","13,877,000,000","6,650,000","110,722,500,000",16.50,16.85,16.50
21/03/2019,2.46,16.50,-0.85 (-4.90 %)," ","963,830","16,357,000,000",0,0,17.20,17.40,16.50
20/03/2019,2.59,17.35,0.05 (0.29 %)," ","1,586,050","27,112,000,000",0,0,17.25,17.35,16.95
19/03/2019,2.58,17.30,-0.75 (-4.16 %)," ","1,661,800","29,265,000,000",0,0,18.20,18.20,17.30
18/03/2019,2.69,18.05,0.10 (0.56 %)," ","756,030","13,600,000,000",0,0,18.10,18.10,17.85
15/03/2019,2.67,17.95,-0.30 (-1.64 %)," ","810,620","14,583,000,000","2,500,000","45,625,000,000",18.25,18.25,17.90
14/03/2019,2.72,18.25,-0.15 (-0.82 %)," ","656,680","12,030,000,000",0,0,18.50,18.50,18.25
