06/05/2022,0.00,60.10,-0.70 (-1.15 %)," ","878,800","52,343,000,000",0,0,59.80,60.70,58.70
05/05/2022,0.00,60.80,-0.20 (-0.33 %)," ","515,900","31,230,000,000",0,0,60.80,61.40,60.00
04/05/2022,61.00,61.00,-1.00 (-1.61 %)," ","581,600","35,425,000,000",0,0,61.70,61.90,60.50
29/04/2022,62.00,62.00,0.80 (1.31 %)," ","1,593,400","96,717,000,000",0,0,61.20,62.00,59.50
28/04/2022,61.20,61.20,-0.40 (-0.65 %)," ","342,100","20,975,000,000",0,0,61.40,62.00,60.80
27/04/2022,61.60,61.60,-0.20 (-0.32 %)," ","362,700","22,077,000,000",0,0,61.00,61.60,60.30
26/04/2022,61.80,61.80,0.00 (0.00 %)," ","1,141,400","68,616,000,000",0,0,61.50,61.90,58.80
25/04/2022,61.80,61.80,-1.00 (-1.59 %)," ","745,600","45,730,000,000",0,0,62.50,62.80,59.20
22/04/2022,62.80,62.80,0.10 (0.16 %)," ","1,763,100","109,143,000,000",0,0,62.70,62.80,61.20
21/04/2022,62.70,62.70,-0.60 (-0.95 %)," ","1,029,700","63,577,000,000",0,0,62.00,63.20,58.90
20/04/2022,63.30,63.30,-0.60 (-0.94 %)," ","1,204,400","75,693,000,000",0,0,63.70,64.10,62.00
19/04/2022,63.90,63.90,-0.20 (-0.31 %)," ","765,100","49,214,000,000",0,0,63.90,65.20,63.60
18/04/2022,64.10,64.10,-0.10 (-0.16 %)," ","644,200","41,246,000,000",0,0,64.30,65.00,62.60
15/04/2022,64.20,64.20,1.70 (2.72 %)," ","995,200","63,630,000,000",0,0,62.30,65.50,62.10
14/04/2022,62.50,62.50,-0.10 (-0.16 %)," ","626,400","39,000,000,000",0,0,62.70,62.80,61.90
13/04/2022,62.60,62.60,0.40 (0.64 %)," ","1,002,300","61,684,000,000",0,0,62.00,62.60,60.70
12/04/2022,62.20,62.20,-1.00 (-1.58 %)," ","711,700","44,237,000,000","24,750","1,455,300,000",63.30,63.50,61.60
08/04/2022,63.20,63.20,-0.60 (-0.94 %)," ","600,500","38,040,000,000",0,0,63.80,64.00,62.70
07/04/2022,63.80,63.80,-0.30 (-0.47 %)," ","623,900","39,983,000,000",0,0,64.20,64.90,63.80
06/04/2022,64.10,64.10,0.10 (0.16 %)," ","619,900","39,639,000,000",0,0,63.90,64.20,63.60
05/04/2022,64.00,64.00,-0.20 (-0.31 %)," ","440,800","28,261,000,000",0,0,64.00,64.50,63.70
04/04/2022,64.20,64.20,-0.30 (-0.47 %)," ","458,900","29,565,000,000",0,0,64.60,64.80,64.00
01/04/2022,64.50,64.50,1.20 (1.90 %)," ","1,563,000","99,330,000,000",0,0,63.40,64.50,63.00
31/03/2022,63.30,63.30,0.20 (0.32 %)," ","879,600","55,650,000,000",0,0,63.20,63.50,63.10
30/03/2022,63.10,63.10,-0.40 (-0.63 %)," ","600,300","37,882,000,000",0,0,63.50,63.70,62.80
29/03/2022,63.50,63.50,0.00 (0.00 %)," ","550,700","34,893,000,000",0,0,63.60,64.00,63.00
28/03/2022,63.50,63.50,-0.30 (-0.47 %)," ","716,100","45,215,000,000",0,0,63.60,63.90,62.60
25/03/2022,63.80,63.80,0.60 (0.95 %)," ","636,700","40,417,000,000",0,0,63.50,63.90,62.90
24/03/2022,63.20,63.20,0.70 (1.12 %)," ","929,800","58,363,000,000",0,0,62.60,63.60,61.80
23/03/2022,62.50,62.50,0.90 (1.46 %)," ","1,251,200","77,741,000,000",0,0,61.10,63.10,61.10
22/03/2022,61.60,61.60,-0.50 (-0.81 %)," ","503,300","31,127,000,000",0,0,62.10,62.30,61.60
21/03/2022,62.10,62.10,0.80 (1.31 %)," ","876,600","54,355,000,000",0,0,61.50,63.00,61.40
18/03/2022,61.30,61.30,0.10 (0.16 %)," ","362,300","22,272,000,000",0,0,61.50,61.80,61.20
17/03/2022,61.20,61.20,-0.10 (-0.16 %)," ","367,900","22,606,000,000",0,0,61.50,61.90,61.20
16/03/2022,61.30,61.30,0.10 (0.16 %)," ","421,300","25,994,000,000",0,0,61.40,62.70,61.20
15/03/2022,61.20,61.20,-0.40 (-0.65 %)," ","481,300","29,476,000,000",0,0,61.50,61.80,60.80
14/03/2022,61.60,61.60,0.40 (0.65 %)," ","828,900","51,222,000,000",0,0,61.40,62.80,61.00
11/03/2022,61.20,61.20,-0.20 (-0.33 %)," ","550,800","33,760,000,000",0,0,61.00,62.00,60.80
10/03/2022,61.40,61.40,-0.10 (-0.16 %)," ","572,600","35,351,000,000",0,0,61.50,62.30,61.40
09/03/2022,61.50,61.50,0.30 (0.49 %)," ","1,439,900","86,966,000,000",0,0,61.00,61.80,59.50
08/03/2022,61.20,61.20,-1.30 (-2.08 %)," ","702,900","43,289,000,000",0,0,62.40,62.50,61.10
07/03/2022,62.50,62.50,-0.30 (-0.48 %)," ","674,200","42,362,000,000",0,0,62.80,63.40,62.30
04/03/2022,62.80,62.80,0.00 (0.00 %)," ","1,704,600","105,421,000,000",0,0,63.00,63.60,61.00
03/03/2022,62.80,62.80,2.70 (4.49 %)," ","1,171,900","72,507,000,000",0,0,60.40,64.30,60.40
02/03/2022,60.10,60.10,-0.30 (-0.50 %)," ","537,300","32,246,000,000",0,0,60.40,60.60,59.60
01/03/2022,60.40,60.40,0.40 (0.67 %)," ","903,100","54,028,000,000",0,0,60.30,60.60,59.00
28/02/2022,60.00,60.00,-0.20 (-0.33 %)," ","407,200","24,496,000,000",0,0,60.50,60.70,59.80
25/02/2022,60.20,60.20,1.40 (2.38 %)," ","1,138,200","68,555,000,000",0,0,59.00,61.30,59.00
24/02/2022,58.80,58.80,0.70 (1.20 %)," ","1,803,800","104,104,000,000",0,0,58.10,59.00,57.20
23/02/2022,58.10,58.10,0.10 (0.17 %)," ","451,400","26,060,000,000",0,0,57.80,58.70,57.20
22/02/2022,58.00,58.00,-0.60 (-1.02 %)," ","548,100","31,641,000,000",0,0,58.50,58.50,57.20
21/02/2022,58.60,58.60,-0.80 (-1.35 %)," ","456,000","26,839,000,000",0,0,59.50,59.70,58.30
18/02/2022,59.40,59.40,0.90 (1.54 %)," ","815,200","48,039,000,000",0,0,58.00,59.50,57.60
17/02/2022,58.50,58.50,-0.40 (-0.68 %)," ","557,500","32,597,000,000",0,0,59.00,59.00,58.00
16/02/2022,58.90,58.90,0.30 (0.51 %)," ","405,100","23,893,000,000",0,0,58.80,59.50,58.10
15/02/2022,58.60,58.60,2.70 (4.83 %)," ","1,633,500","91,935,000,000",0,0,55.60,58.60,55.00
14/02/2022,55.90,55.90,-0.30 (-0.53 %)," ","1,084,300","59,650,000,000",0,0,55.50,56.60,54.20
11/02/2022,56.20,56.20,0.20 (0.36 %)," ","449,600","25,017,000,000",0,0,55.80,56.40,55.10
10/02/2022,56.00,56.00,-0.50 (-0.88 %)," ","961,800","53,299,000,000",0,0,56.60,56.80,54.80
09/02/2022,56.50,56.50,-0.60 (-1.05 %)," ","435,800","24,443,000,000",0,0,56.80,57.20,55.40
08/02/2022,57.10,57.10,-0.80 (-1.38 %)," ","410,500","23,407,000,000",0,0,57.90,57.90,56.30
07/02/2022,57.90,57.90,0.00 (0.00 %)," ","705,200","40,913,000,000",0,0,57.90,58.60,57.60
28/01/2022,57.90,57.90,2.00 (3.58 %)," ","498,800","28,166,000,000",0,0,56.00,57.90,55.60
27/01/2022,55.90,55.90,-0.20 (-0.36 %)," ","225,600","12,579,000,000",0,0,56.40,56.40,55.20
26/01/2022,56.10,56.10,0.50 (0.90 %)," ","486,800","27,114,000,000",0,0,55.60,56.50,55.10
25/01/2022,55.60,55.60,-0.30 (-0.54 %)," ","407,100","22,594,000,000",0,0,55.20,56.20,55.10
24/01/2022,55.90,55.90,1.70 (3.14 %)," ","868,300","47,173,000,000",0,0,54.20,56.10,52.90
21/01/2022,54.20,54.20,2.60 (5.04 %)," ","817,600","43,909,000,000",0,0,52.00,54.80,51.60
20/01/2022,50.70,50.70,-0.70 (-1.36 %)," ","1,518,900","75,490,000,000",0,0,51.50,51.50,48.90
19/01/2022,51.30,51.30,-0.40 (-0.77 %)," ","423,700","21,249,000,000",0,0,51.20,51.60,48.80
18/01/2022,51.70,51.70,-0.30 (-0.58 %)," ","573,000","29,127,000,000",0,0,51.50,52.00,49.90
17/01/2022,50.50,52.00,0.40 (0.78 %)," ","886,400","44,660,000,000",0,0,51.50,52.00,48.80
14/01/2022,51.60,51.60,-0.40 (-0.77 %)," ","803,300","40,734,000,000",0,0,51.50,52.00,50.00
13/01/2022,52.00,52.00,-1.00 (-1.89 %)," ","491,800","25,501,000,000","80,000","4,528,000,000",53.00,53.00,50.90
12/01/2022,53.00,53.00,-0.20 (-0.38 %)," ","446,600","23,017,000,000",0,0,52.80,53.00,50.50
11/01/2022,53.20,53.20,0.20 (0.38 %)," ","978,400","50,315,000,000",0,0,52.00,53.50,49.30
10/01/2022,53.00,53.00,-2.00 (-3.64 %)," ","685,800","36,857,000,000",0,0,55.10,55.10,52.00
07/01/2022,55.00,55.00,-0.50 (-0.90 %)," ","525,500","28,940,000,000",0,0,55.60,56.50,54.40
06/01/2022,55.50,55.50,-0.60 (-1.07 %)," ","410,800","22,752,000,000",0,0,56.10,56.10,54.80
05/01/2022,56.10,56.10,-1.00 (-1.75 %)," ","459,300","25,838,000,000",0,0,56.90,57.10,55.70
04/01/2022,57.10,57.10,-1.20 (-2.06 %)," ","271,600","15,627,000,000",0,0,58.50,58.60,57.10
31/12/2021,58.30,58.30,0.50 (0.87 %)," ","241,800","13,927,000,000",0,0,58.00,58.50,56.80
30/12/2021,57.80,57.80,-0.40 (-0.69 %)," ","790,300","44,748,000,000",0,0,58.00,58.80,55.30
29/12/2021,58.20,58.20,-1.10 (-1.85 %)," ","405,100","23,711,000,000",0,0,59.20,59.40,57.50
28/12/2021,59.30,59.30,0.00 (0.00 %)," ","906,200","52,616,000,000","80,000","4,424,000,000",59.20,59.80,56.80
27/12/2021,59.30,59.30,-0.30 (-0.50 %)," ","286,100","16,959,000,000",0,0,59.60,60.30,58.40
24/12/2021,59.60,59.60,0.30 (0.51 %)," ","934,700","54,799,000,000",0,0,59.10,60.00,57.80
23/12/2021,59.30,59.30,0.20 (0.34 %)," ","413,200","24,120,000,000",0,0,59.20,59.60,57.80
22/12/2021,59.10,59.10,-0.20 (-0.34 %)," ","678,700","39,655,000,000",0,0,59.20,59.20,57.30
21/12/2021,59.30,59.30,0.90 (1.54 %)," ","894,100","53,713,000,000",0,0,61.50,61.50,59.00
20/12/2021,58.40,58.40,3.80 (6.96 %)," ","169,100","9,875,000,000","20,000","1,016,000,000",58.40,58.40,58.40
17/12/2021,54.60,72.90,0.30 (0.41 %)," ","1,659,200","118,911,000,000",0,0,72.60,73.20,69.80
16/12/2021,54.38,72.60,-1.30 (-1.76 %)," ","808,700","59,033,000,000",0,0,73.40,74.20,72.20
15/12/2021,55.35,73.90,-1.10 (-1.47 %)," ","566,400","42,147,000,000",0,0,75.00,75.20,73.90
14/12/2021,56.18,75.00,1.10 (1.49 %)," ","499,800","37,343,000,000",0,0,73.90,75.50,73.90
13/12/2021,55.35,73.90,-0.70 (-0.94 %)," ","422,100","31,247,000,000",0,0,74.30,74.90,73.60
10/12/2021,55.88,74.60,-0.60 (-0.80 %)," ","355,600","26,577,000,000",0,0,75.20,75.40,74.00
09/12/2021,56.32,75.20,-0.30 (-0.40 %)," ","373,500","28,244,000,000",0,0,75.50,76.60,75.20
08/12/2021,56.55,75.50,1.20 (1.62 %)," ","522,300","39,238,000,000",0,0,74.50,76.00,74.40
07/12/2021,55.65,74.30,-0.50 (-0.67 %)," ","437,800","32,293,000,000",0,0,74.60,75.00,72.80
06/12/2021,56.03,74.80,0.90 (1.22 %)," ","533,800","39,254,000,000",0,0,73.80,74.80,72.90
03/12/2021,55.35,73.90,-0.30 (-0.40 %)," ","396,100","29,263,000,000",0,0,74.30,74.90,73.30
02/12/2021,55.58,74.20,-0.60 (-0.80 %)," ","591,400","43,728,000,000",0,0,75.30,75.30,73.10
01/12/2021,56.03,74.80,-0.20 (-0.27 %)," ","444,700","33,070,000,000","120,000","9,612,000,000",75.30,75.70,73.50
30/11/2021,56.18,75.00,2.50 (3.45 %)," ","583,900","42,560,000,000",0,0,72.50,75.00,72.00
29/11/2021,54.30,72.50,0.20 (0.28 %)," ","506,000","35,944,000,000",0,0,70.60,72.50,70.20
26/11/2021,54.15,72.30,0.50 (0.70 %)," ","461,200","33,594,000,000",0,0,72.00,73.70,72.00
25/11/2021,53.78,71.80,0.30 (0.42 %)," ","366,200","26,270,000,000","120,000","7,992,000,000",71.20,72.00,71.10
24/11/2021,53.55,71.50,-0.50 (-0.69 %)," ","169,300","12,103,000,000",0,0,71.90,72.00,71.00
23/11/2021,53.93,72.00,2.10 (3.00 %)," ","488,400","34,386,000,000",0,0,68.50,72.00,68.50
22/11/2021,52.36,69.90,-1.90 (-2.65 %)," ","867,300","61,203,000,000",0,0,71.80,72.00,68.00
19/11/2021,53.78,71.80,-0.90 (-1.24 %)," ","574,400","41,486,000,000",0,0,72.80,72.80,71.20
18/11/2021,54.45,72.70,-0.50 (-0.68 %)," ","340,700","24,827,000,000",0,0,73.20,73.60,72.50
17/11/2021,54.83,73.20,0.60 (0.83 %)," ","331,600","24,219,000,000",0,0,72.10,74.00,72.10
16/11/2021,54.38,72.60,3.10 (4.46 %)," ","720,200","51,143,000,000",0,0,69.60,73.00,68.70
15/11/2021,52.06,69.50,0.00 (0.00 %)," ","793,200","54,820,000,000","100,000","6,960,000,000",69.50,69.90,68.20
12/11/2021,52.06,69.50,0.60 (0.87 %)," ","578,000","39,898,000,000",0,0,68.90,69.50,68.50
11/11/2021,51.61,68.90,-0.20 (-0.29 %)," ","374,000","25,813,000,000",0,0,69.10,69.70,68.30
10/11/2021,51.76,69.10,2.30 (3.44 %)," ","774,200","52,652,000,000",0,0,66.90,69.30,66.80
09/11/2021,50.03,66.80,1.60 (2.45 %)," ","560,700","37,179,000,000",0,0,65.10,68.00,65.10
08/11/2021,48.83,65.20,-0.60 (-0.91 %)," ","439,500","28,747,000,000",0,0,65.70,65.70,65.10
05/11/2021,49.28,65.80,0.30 (0.46 %)," ","578,400","37,741,000,000",0,0,65.50,66.00,64.80
04/11/2021,49.06,65.50,-0.50 (-0.76 %)," ","411,800","26,999,000,000",0,0,65.80,66.50,65.10
03/11/2021,49.43,66.00,-1.00 (-1.49 %)," ","827,900","55,320,000,000",0,0,67.20,68.50,66.00
02/11/2021,50.18,67.00,-0.20 (-0.30 %)," ","534,400","35,977,000,000",0,0,67.20,68.50,66.80
01/11/2021,50.33,67.20,-1.60 (-2.33 %)," ","837,800","56,876,000,000",0,0,69.10,69.20,67.00
29/10/2021,51.53,68.80,0.00 (0.00 %)," ","478,400","32,802,000,000",0,0,68.90,69.00,67.70
28/10/2021,51.53,68.80,1.20 (1.78 %)," ","404,200","27,433,000,000",0,0,67.20,69.00,67.20
27/10/2021,50.63,67.60,-0.10 (-0.15 %)," ","421,600","28,515,000,000",0,0,67.80,67.90,67.20
26/10/2021,50.71,67.70,0.20 (0.30 %)," ","545,600","36,473,000,000",0,0,67.20,67.90,66.00
25/10/2021,50.56,67.50,-1.40 (-2.03 %)," ","715,200","48,962,000,000",0,0,69.20,69.60,67.50
22/10/2021,51.61,68.90,2.40 (3.61 %)," ","692,500","46,986,000,000",0,0,66.50,68.90,66.30
21/10/2021,49.81,66.50,2.20 (3.42 %)," ","624,300","41,471,000,000",0,0,67.50,67.50,65.30
20/10/2021,48.16,64.30,-0.30 (-0.46 %)," ","368,600","23,859,000,000",0,0,64.70,65.10,64.10
19/10/2021,48.39,64.60,0.90 (1.41 %)," ","485,700","31,006,000,000",0,0,63.60,64.60,63.10
18/10/2021,47.71,63.70,-0.10 (-0.16 %)," ","416,300","26,628,000,000",0,0,63.80,64.20,63.60
15/10/2021,47.79,63.80,0.30 (0.47 %)," ","412,800","26,388,000,000",0,0,63.90,64.30,63.40
14/10/2021,47.56,63.50,-0.10 (-0.16 %)," ","433,200","27,600,000,000",0,0,63.60,64.50,63.30
13/10/2021,47.64,63.60,-0.30 (-0.47 %)," ","308,600","19,676,000,000",0,0,63.50,64.00,63.50
12/10/2021,47.86,63.90,0.40 (0.63 %)," ","436,800","27,876,000,000",0,0,63.60,64.70,63.20
11/10/2021,47.56,63.50,1.60 (2.58 %)," ","524,900","33,064,000,000",0,0,62.00,64.20,62.00
08/10/2021,46.36,61.90,1.60 (2.65 %)," ","658,900","39,923,000,000",0,0,60.30,61.90,59.60
07/10/2021,45.16,60.30,-0.20 (-0.33 %)," ","407,300","24,599,000,000",0,0,60.50,61.00,60.00
06/10/2021,45.31,60.50,0.60 (1.00 %)," ","337,200","20,419,000,000",0,0,60.20,61.00,59.90
05/10/2021,44.87,59.90,0.10 (0.17 %)," ","515,400","30,886,000,000",0,0,59.90,60.50,59.50
04/10/2021,44.79,59.80,3.40 (6.03 %)," ","1,335,700","77,478,000,000",0,0,56.00,60.00,56.00
01/10/2021,42.24,56.40,-0.70 (-1.23 %)," ","388,200","22,117,000,000",0,0,56.50,57.60,56.40
30/09/2021,42.77,57.10,-0.20 (-0.35 %)," ","320,000","18,401,000,000",0,0,57.50,58.00,56.90
29/09/2021,42.92,57.30,0.80 (1.42 %)," ","678,200","38,047,000,000",0,0,56.30,57.30,55.00
28/09/2021,42.32,56.50,0.50 (0.89 %)," ","332,600","18,547,000,000",0,0,55.30,56.50,54.90
27/09/2021,41.94,56.00,-0.60 (-1.06 %)," ","984,700","53,990,000,000",0,0,56.60,56.70,53.00
24/09/2021,42.39,56.60,-0.90 (-1.57 %)," ","528,400","30,083,000,000",0,0,57.70,57.70,56.60
23/09/2021,43.07,57.50,-0.80 (-1.37 %)," ","474,300","27,479,000,000",0,0,58.50,58.80,57.30
22/09/2021,43.67,58.30,-0.30 (-0.51 %)," ","338,900","19,773,000,000",0,0,58.80,58.80,57.80
21/09/2021,43.89,58.60,0.60 (1.03 %)," ","572,000","32,928,000,000",0,0,57.20,59.00,56.60
20/09/2021,43.44,58.00,-0.60 (-1.02 %)," ","548,600","31,932,000,000",0,0,58.80,58.80,57.60
17/09/2021,43.89,59.10,0.80 (1.37 %)," ","539,500","31,586,000,000",0,0,58.40,59.50,58.00
16/09/2021,43.30,58.30,-0.30 (-0.51 %)," ","335,100","19,639,000,000",0,0,58.60,59.20,58.20
15/09/2021,43.52,58.60,1.60 (2.81 %)," ","519,500","30,289,000,000",0,0,57.30,58.80,57.20
14/09/2021,42.33,57.00,1.80 (3.26 %)," ","778,000","43,098,000,000",0,0,55.10,57.50,53.50
13/09/2021,40.99,55.20,-0.60 (-1.08 %)," ","356,200","19,790,000,000",0,0,55.80,56.20,55.20
10/09/2021,41.44,55.80,0.00 (0.00 %)," ","322,000","18,040,000,000",0,0,55.90,56.50,55.70
09/09/2021,41.44,55.80,-0.20 (-0.36 %)," ","377,400","21,108,000,000",0,0,56.10,56.40,55.60
08/09/2021,41.59,56.00,-0.20 (-0.36 %)," ","283,100","15,901,000,000",0,0,56.30,56.50,55.60
07/09/2021,41.74,56.20,-0.60 (-1.06 %)," ","599,600","34,283,000,000",0,0,57.00,58.30,56.20
06/09/2021,42.18,56.80,2.00 (3.65 %)," ","476,600","26,856,000,000",0,0,55.10,57.50,55.10
01/09/2021,40.70,54.80,0.30 (0.55 %)," ","355,700","19,403,000,000",0,0,54.50,54.90,54.20
31/08/2021,40.47,54.50,0.10 (0.18 %)," ","319,400","17,476,000,000",0,0,54.50,54.90,54.40
30/08/2021,40.40,54.40,1.30 (2.45 %)," ","572,000","30,823,000,000",0,0,53.10,54.90,52.60
27/08/2021,39.43,53.10,0.00 (0.00 %)," ","319,000","16,956,000,000",0,0,53.00,53.50,52.70
26/08/2021,39.43,53.10,0.20 (0.38 %)," ","365,300","19,487,000,000",0,0,53.00,53.90,53.00
25/08/2021,39.29,52.90,1.80 (3.52 %)," ","599,100","31,040,000,000",0,0,51.20,53.40,50.60
24/08/2021,37.95,51.10,0.30 (0.59 %)," ","689,500","35,132,000,000",0,0,50.60,51.80,50.40
23/08/2021,37.73,50.80,-0.80 (-1.55 %)," ","422,100","21,581,000,000",0,0,51.30,51.70,50.60
20/08/2021,38.32,51.60,-0.30 (-0.58 %)," ","782,100","40,266,000,000",0,0,51.90,52.60,50.50
19/08/2021,38.54,51.90,1.00 (1.96 %)," ","465,800","23,998,000,000",0,0,50.90,52.40,50.60
18/08/2021,37.80,50.90,-0.50 (-0.97 %)," ","572,600","29,262,000,000",0,0,51.30,51.40,50.90
17/08/2021,38.17,51.40,0.60 (1.18 %)," ","724,600","36,632,000,000",0,0,50.80,51.40,50.00
16/08/2021,37.73,50.80,0.85 (1.70 %)," ","539,400","27,269,000,000",0,0,50.00,51.00,50.00
13/08/2021,37.09,49.95,1.10 (2.25 %)," ","1,208,300","59,319,000,000",0,0,49.10,50.00,48.25
12/08/2021,36.28,48.85,2.90 (6.31 %)," ","1,395,000","66,521,000,000",0,0,45.60,49.00,45.60
11/08/2021,34.12,45.95,-0.15 (-0.33 %)," ","579,600","26,697,000,000",0,0,46.05,46.50,45.90
10/08/2021,34.24,46.10,-0.10 (-0.22 %)," ","776,100","35,888,000,000",0,0,46.20,46.70,46.05
09/08/2021,34.31,46.20,0.35 (0.76 %)," ","711,400","32,854,000,000",0,0,45.60,46.45,45.60
06/08/2021,34.05,45.85,-0.35 (-0.76 %)," ","1,044,700","48,014,000,000",0,0,45.90,46.50,45.55
05/08/2021,34.31,46.20,-0.60 (-1.28 %)," ","648,000","29,984,000,000",0,0,46.60,46.80,45.90
04/08/2021,34.76,46.80,-1.15 (-2.40 %)," ","1,094,700","51,773,000,000",0,0,48.00,48.30,46.35
03/08/2021,35.61,47.95,0.50 (1.05 %)," ","632,300","30,173,000,000",0,0,47.50,48.00,47.40
02/08/2021,35.24,47.45,1.35 (2.93 %)," ","645,500","30,416,000,000",0,0,46.00,47.60,45.70
30/07/2021,34.24,46.10,0.60 (1.32 %)," ","710,200","32,747,000,000",0,0,45.50,46.50,45.50
29/07/2021,33.79,45.50,-0.10 (-0.22 %)," ","496,900","22,677,000,000",0,0,45.60,46.00,45.25
28/07/2021,33.86,45.60,-0.20 (-0.44 %)," ","415,300","18,844,000,000",0,0,45.60,45.90,45.05
27/07/2021,34.01,45.80,-0.50 (-1.08 %)," ","496,600","22,833,000,000",0,0,46.50,46.60,45.60
26/07/2021,34.38,46.30,1.65 (3.70 %)," ","869,700","38,883,000,000",0,0,44.10,47.00,43.85
23/07/2021,33.16,44.65,-0.95 (-2.08 %)," ","1,092,800","48,721,000,000",0,0,45.20,45.40,44.10
22/07/2021,33.86,45.60,1.85 (4.23 %)," ","1,556,100","70,869,000,000",0,0,45.70,46.80,44.50
21/07/2021,32.49,43.75,2.85 (6.97 %)," ","667,900","29,212,000,000",0,0,43.75,43.75,43.60
20/07/2021,30.37,40.90,1.80 (4.60 %)," ","871,300","34,788,000,000",0,0,38.70,40.90,38.70
19/07/2021,29.04,39.10,-0.05 (-0.13 %)," ","1,003,500","39,598,000,000",0,0,38.50,40.70,38.40
16/07/2021,29.07,39.15,-0.05 (-0.13 %)," ","676,800","26,418,000,000",0,0,39.25,39.90,38.55
15/07/2021,29.11,39.20,-0.10 (-0.25 %)," ","425,700","16,676,000,000",0,0,39.30,39.40,38.70
14/07/2021,29.19,39.30,1.10 (2.88 %)," ","778,600","30,425,000,000",0,0,38.40,39.80,37.80
13/07/2021,28.37,38.20,0.20 (0.53 %)," ","395,000","15,007,000,000",0,0,38.20,38.30,37.60
12/07/2021,28.22,38.00,0.70 (1.88 %)," ","1,076,400","39,799,000,000",0,0,36.80,38.00,35.60
09/07/2021,27.70,37.30,-0.60 (-1.58 %)," ","659,800","24,825,000,000",0,0,38.10,38.40,36.90
08/07/2021,28.15,37.90,1.75 (4.84 %)," ","988,500","37,213,000,000",0,0,36.90,38.20,36.80
07/07/2021,26.85,36.15,2.35 (6.95 %)," ","2,287,200","79,295,000,000",0,0,33.60,36.15,32.95
06/07/2021,25.10,33.80,0.30 (0.90 %)," ","935,100","31,536,000,000",0,0,33.50,34.25,33.10
05/07/2021,24.88,33.50,0.00 (0.00 %)," ","653,800","21,567,000,000",0,0,33.50,33.50,32.60
02/07/2021,24.88,33.50,-0.40 (-1.18 %)," ","455,100","15,210,000,000",0,0,33.60,33.75,33.10
01/07/2021,25.18,33.90,-2.90 (-7.88 %)," ","480,700","16,298,000,000",0,0,33.80,34.25,33.45
30/06/2021,24.84,36.80,-0.10 (-0.27 %)," ","431,700","15,878,000,000",0,0,36.90,37.20,36.60
29/06/2021,24.91,36.90,-0.20 (-0.54 %)," ","285,300","10,588,000,000",0,0,37.05,37.25,36.90
28/06/2021,25.05,37.10,0.30 (0.82 %)," ","363,000","13,529,000,000",0,0,36.70,37.50,36.70
25/06/2021,24.84,36.80,0.40 (1.10 %)," ","413,800","15,108,000,000",0,0,36.20,37.35,36.05
24/06/2021,24.57,36.40,-0.45 (-1.22 %)," ","646,500","23,545,000,000",0,0,36.70,36.80,36.15
23/06/2021,24.88,36.85,-0.40 (-1.07 %)," ","564,200","20,880,000,000",0,0,37.20,37.20,36.85
22/06/2021,25.15,37.25,-0.25 (-0.67 %)," ","412,900","15,403,000,000",0,0,37.30,37.45,37.10
21/06/2021,25.32,37.50,-0.20 (-0.53 %)," ","514,600","19,226,000,000",0,0,37.10,37.55,37.10
18/06/2021,25.45,37.70,-0.10 (-0.26 %)," ","381,700","14,397,000,000",0,0,38.00,38.15,37.50
17/06/2021,25.52,37.80,-0.70 (-1.82 %)," ","919,700","34,769,000,000",0,0,38.40,38.50,35.85
16/06/2021,25.99,38.50,-0.20 (-0.52 %)," ","257,000","9,915,000,000",0,0,38.70,39.00,38.40
15/06/2021,26.13,38.70,0.20 (0.52 %)," ","409,600","15,900,000,000",0,0,38.50,39.20,38.15
14/06/2021,25.99,38.50,0.60 (1.58 %)," ","964,200","37,693,000,000",0,0,38.20,40.00,38.00
11/06/2021,25.59,37.90,-0.15 (-0.39 %)," ","345,100","13,145,000,000",0,0,38.00,38.45,37.90
10/06/2021,25.69,38.05,0.35 (0.93 %)," ","361,400","13,804,000,000",0,0,37.70,38.80,37.70
09/06/2021,25.45,37.70,0.10 (0.27 %)," ","514,500","19,459,000,000",0,0,37.50,38.50,37.20
08/06/2021,25.38,37.60,-0.40 (-1.05 %)," ","328,500","12,379,000,000",0,0,38.50,38.50,37.10
07/06/2021,25.65,38.00,-0.60 (-1.55 %)," ","265,700","10,197,000,000",0,0,38.85,38.85,37.50
04/06/2021,26.06,38.60,1.20 (3.21 %)," ","960,300","37,278,000,000",0,0,37.45,40.00,37.45
03/06/2021,25.25,37.40,0.15 (0.40 %)," ","447,000","16,782,000,000",0,0,37.35,38.00,37.20
02/06/2021,25.15,37.25,-0.50 (-1.32 %)," ","381,700","14,315,000,000",0,0,37.75,37.75,37.25
01/06/2021,25.49,37.75,-0.35 (-0.92 %)," ","292,400","11,149,000,000",0,0,38.10,38.60,37.75
31/05/2021,25.72,38.10,-0.20 (-0.52 %)," ","310,500","11,834,000,000",0,0,38.40,38.50,37.50
28/05/2021,25.86,38.30,0.30 (0.79 %)," ","292,100","11,075,000,000",0,0,38.10,38.30,37.60
27/05/2021,25.65,38.00,0.10 (0.26 %)," ","426,700","16,071,000,000",0,0,37.90,38.30,37.20
26/05/2021,25.59,37.90,-0.55 (-1.43 %)," ","313,700","11,978,000,000",0,0,38.40,38.80,37.75
25/05/2021,25.96,38.45,0.85 (2.26 %)," ","338,000","12,917,000,000",0,0,37.20,38.90,37.20
24/05/2021,25.38,37.60,-0.40 (-1.05 %)," ","559,900","21,043,000,000",0,0,37.80,38.00,37.30
21/05/2021,25.65,38.00,-0.40 (-1.04 %)," ","339,400","12,977,000,000",0,0,37.90,38.55,37.90
20/05/2021,25.92,38.40,0.30 (0.79 %)," ","548,200","21,234,000,000",0,0,38.10,39.20,38.00
19/05/2021,25.72,38.10,0.90 (2.42 %)," ","613,700","23,315,000,000",0,0,37.45,38.40,37.40
18/05/2021,25.11,37.20,2.40 (6.90 %)," ","1,045,100","37,607,000,000",0,0,34.95,37.20,34.60
17/05/2021,23.49,34.80,-0.30 (-0.85 %)," ","543,500","19,006,000,000",0,0,35.00,35.40,34.80
14/05/2021,23.70,35.10,-0.05 (-0.14 %)," ","585,800","20,649,000,000",0,0,35.40,35.50,35.00
13/05/2021,23.73,35.15,-0.55 (-1.54 %)," ","547,700","19,413,000,000",0,0,35.70,35.70,35.15
12/05/2021,24.10,35.70,-0.20 (-0.56 %)," ","401,100","14,344,000,000",0,0,35.50,36.00,35.50
11/05/2021,24.24,35.90,-0.40 (-1.10 %)," ","814,100","29,532,000,000",0,0,36.50,36.60,35.90
10/05/2021,24.51,36.30,0.75 (2.11 %)," ","549,300","19,923,000,000",0,0,35.50,37.25,35.50
07/05/2021,24.00,35.55,1.00 (2.89 %)," ","593,200","20,669,000,000",0,0,34.80,35.85,34.20
06/05/2021,23.33,34.55,1.30 (3.91 %)," ","723,200","24,338,000,000",0,0,32.80,35.40,32.75
05/05/2021,22.45,33.25,-0.05 (-0.15 %)," ","571,000","19,029,000,000",0,0,33.40,33.55,33.15
04/05/2021,22.48,33.30,-0.40 (-1.19 %)," ","445,100","14,801,000,000",0,0,32.95,33.80,32.55
29/04/2021,22.75,33.70,0.15 (0.45 %)," ","740,000","25,033,000,000",0,0,33.75,34.40,33.25
28/04/2021,22.65,33.55,2.15 (6.85 %)," ","718,300","23,235,000,000",0,0,31.35,33.55,31.20
27/04/2021,21.20,31.40,-0.35 (-1.10 %)," ","489,900","15,485,000,000",0,0,31.20,31.85,31.20
26/04/2021,21.44,31.75,0.15 (0.47 %)," ","962,800","30,402,000,000",0,0,31.75,31.95,30.70
23/04/2021,21.33,31.60,1.00 (3.27 %)," ","1,331,700","40,254,000,000",0,0,30.00,31.60,29.35
22/04/2021,20.66,30.60,2.00 (6.99 %)," ","683,000","20,892,000,000",0,0,30.60,30.60,30.35
20/04/2021,19.31,28.60,1.55 (5.73 %)," ","923,400","25,928,000,000",0,0,27.35,28.60,27.05
19/04/2021,18.26,27.05,1.75 (6.92 %)," ","1,195,100","31,367,000,000",0,0,25.20,27.05,25.10
16/04/2021,17.08,25.30,0.10 (0.40 %)," ","706,300","17,645,000,000",0,0,25.00,25.30,24.75
15/04/2021,17.01,25.20,-0.10 (-0.40 %)," ","360,700","9,096,000,000",0,0,25.40,25.40,25.00
14/04/2021,17.08,25.30,-0.35 (-1.36 %)," ","400,900","10,168,000,000",0,0,25.50,25.50,25.20
13/04/2021,17.32,25.65,-0.45 (-1.72 %)," ","423,800","10,951,000,000",0,0,26.10,26.50,25.45
12/04/2021,17.62,26.10,0.20 (0.77 %)," ","486,800","12,634,000,000",0,0,25.90,26.20,25.55
09/04/2021,17.49,25.90,0.40 (1.57 %)," ","798,700","20,229,000,000",0,0,25.50,26.10,24.90
08/04/2021,17.22,25.50,-0.30 (-1.16 %)," ","263,700","6,770,000,000",0,0,25.80,26.05,25.40
07/04/2021,17.42,25.80,0.00 (0.00 %)," ","425,500","10,902,000,000",0,0,25.90,25.95,25.30
06/04/2021,17.42,25.80,-0.25 (-0.96 %)," ","403,100","10,378,000,000",0,0,26.20,26.40,25.40
05/04/2021,17.59,26.05,0.10 (0.39 %)," ","431,000","11,045,000,000",0,0,25.35,26.15,25.35
02/04/2021,17.52,25.95,-0.20 (-0.76 %)," ","228,900","5,938,000,000",0,0,26.20,26.20,25.70
01/04/2021,17.65,26.15,0.65 (2.55 %)," ","330,300","8,554,000,000",0,0,25.50,26.30,25.50
31/03/2021,17.22,25.50,-0.10 (-0.39 %)," ","232,900","5,922,000,000",0,0,25.50,25.80,25.25
30/03/2021,17.28,25.60,0.80 (3.23 %)," ","497,700","12,638,000,000",0,0,25.00,25.70,25.00
29/03/2021,16.74,24.80,0.50 (2.06 %)," ","428,600","10,450,000,000",0,0,24.10,24.80,24.05
26/03/2021,16.41,24.30,0.20 (0.83 %)," ","323,100","7,854,000,000",0,0,24.50,24.70,23.75
25/03/2021,16.27,24.10,0.20 (0.84 %)," ","360,400","8,635,000,000",0,0,23.90,24.25,23.80
24/03/2021,16.14,23.90,-0.70 (-2.85 %)," ","438,900","10,566,000,000",0,0,24.30,24.55,23.80
23/03/2021,16.61,24.60,0.10 (0.41 %)," ","362,900","8,909,000,000",0,0,24.20,24.85,24.20
22/03/2021,16.54,24.50,-0.30 (-1.21 %)," ","480,200","11,798,000,000",0,0,24.80,25.00,24.00
19/03/2021,16.74,24.80,0.50 (2.06 %)," ","600,100","14,578,000,000",0,0,24.50,24.80,23.90
18/03/2021,16.41,24.30,0.95 (4.07 %)," ","830,600","19,641,000,000",0,0,23.20,24.50,22.85
17/03/2021,15.76,23.35,-0.35 (-1.48 %)," ","229,400","5,393,000,000",0,0,23.70,23.70,23.35
16/03/2021,16.03,23.75,0.10 (0.42 %)," ","391,300","9,217,000,000",0,0,23.65,23.75,23.30
15/03/2021,15.97,23.65,-0.15 (-0.63 %)," ","357,900","8,456,000,000",0,0,23.80,23.90,23.40
12/03/2021,16.07,23.80,0.30 (1.28 %)," ","699,700","16,369,000,000",0,0,23.50,23.80,23.05
11/03/2021,15.87,23.50,-0.05 (-0.21 %)," ","623,800","14,563,000,000","252,800","5,561,600,000",23.70,23.90,23.00
10/03/2021,15.90,23.55,1.10 (4.90 %)," ","1,107,400","25,472,000,000",0,0,22.50,23.60,22.50
09/03/2021,15.16,22.45,1.45 (6.90 %)," ","1,941,100","42,231,000,000",0,0,20.95,22.45,20.65
08/03/2021,14.18,21.00,0.30 (1.45 %)," ","548,200","11,494,000,000",0,0,20.70,21.10,20.70
05/03/2021,13.98,20.70,-0.05 (-0.24 %)," ","684,700","14,140,000,000",0,0,20.75,20.80,20.55
04/03/2021,14.01,20.75,-0.25 (-1.19 %)," ","783,100","16,334,000,000",0,0,21.00,21.05,20.70
03/03/2021,14.18,21.00,-0.05 (-0.24 %)," ","452,900","9,558,000,000",0,0,21.15,21.20,21.00
02/03/2021,14.21,21.05,0.00 (0.00 %)," ","376,200","7,944,000,000",0,0,21.10,21.25,21.00
01/03/2021,14.21,21.05,0.10 (0.48 %)," ","546,900","11,473,000,000",0,0,20.70,21.50,20.70
26/02/2021,14.14,20.95,-0.15 (-0.71 %)," ","433,600","9,034,000,000",0,0,20.85,21.10,20.65
25/02/2021,14.25,21.10,-0.50 (-2.31 %)," ","706,400","15,023,000,000",0,0,21.70,21.90,21.00
24/02/2021,14.58,21.60,-0.45 (-2.04 %)," ","629,500","13,669,000,000",0,0,22.05,22.20,21.30
23/02/2021,14.89,22.05,0.05 (0.23 %)," ","468,000","10,235,000,000",0,0,21.70,22.20,21.70
22/02/2021,14.85,22.00,0.00 (0.00 %)," ","462,700","10,156,000,000","50,000","1,025,000,000",22.25,22.25,21.80
19/02/2021,14.85,22.00,-0.20 (-0.90 %)," ","332,700","7,291,000,000",0,0,22.00,22.00,21.85
18/02/2021,14.99,22.20,-0.25 (-1.11 %)," ","425,600","9,453,000,000",0,0,22.20,22.65,21.90
17/02/2021,15.16,22.45,1.25 (5.90 %)," ","567,900","12,415,000,000",0,0,21.20,22.45,21.20
09/02/2021,14.31,21.20,0.80 (3.92 %)," ","728,500","15,341,000,000",0,0,21.20,21.50,20.50
08/02/2021,13.77,20.40,0.05 (0.25 %)," ","582,900","11,806,000,000",0,0,20.40,20.60,19.80
05/02/2021,13.74,20.35,0.20 (0.99 %)," ","474,000","9,655,000,000",0,0,20.20,20.50,20.15
04/02/2021,13.60,20.15,-0.05 (-0.25 %)," ","385,100","7,753,000,000",0,0,20.30,20.30,19.95
03/02/2021,13.64,20.20,1.15 (6.04 %)," ","1,005,000","19,477,000,000",0,0,19.05,20.20,18.45
02/02/2021,12.86,19.05,0.35 (1.87 %)," ","467,500","8,864,000,000",0,0,18.40,19.35,18.40
01/02/2021,12.62,18.70,-0.85 (-4.35 %)," ","619,200","11,947,000,000",0,0,19.30,20.00,18.70
29/01/2021,13.20,19.55,1.25 (6.83 %)," ","799,000","14,847,000,000",0,0,18.00,19.55,17.60
28/01/2021,12.35,18.30,-1.20 (-6.15 %)," ","1,100,600","20,384,000,000",0,0,18.90,19.00,18.15
27/01/2021,13.17,19.50,-0.30 (-1.52 %)," ","554,000","10,824,000,000",0,0,19.70,19.80,19.20
26/01/2021,13.37,19.80,-0.30 (-1.49 %)," ","427,100","8,362,000,000",0,0,20.20,20.20,19.25
25/01/2021,13.57,20.10,0.20 (1.01 %)," ","827,700","16,504,000,000",0,0,19.80,20.50,19.50
22/01/2021,13.44,19.90,0.40 (2.05 %)," ","482,800","9,570,000,000",0,0,19.50,20.30,19.40
21/01/2021,13.17,19.50,0.90 (4.84 %)," ","693,500","13,193,000,000",0,0,18.50,19.55,18.30
20/01/2021,12.56,18.60,1.05 (5.98 %)," ","1,012,200","17,569,000,000",0,0,16.80,18.75,16.50
19/01/2021,11.85,17.55,-1.30 (-6.90 %)," ","515,700","9,456,000,000",0,0,18.85,18.90,17.55
18/01/2021,12.73,18.85,0.00 (0.00 %)," ","955,300","18,003,000,000",0,0,18.85,18.95,18.65
15/01/2021,12.73,18.85,0.00 (0.00 %)," ","553,000","10,431,000,000",0,0,18.85,18.95,18.75
14/01/2021,12.73,18.85,0.05 (0.27 %)," ","583,400","10,981,000,000",0,0,18.80,18.90,18.70
13/01/2021,12.69,18.80,-0.20 (-1.05 %)," ","418,100","7,904,000,000",0,0,19.05,19.05,18.80
12/01/2021,12.83,19.00,0.25 (1.33 %)," ","506,900","9,544,000,000",0,0,18.70,19.15,18.55
11/01/2021,12.66,18.75,-0.05 (-0.27 %)," ","446,800","8,376,000,000",0,0,18.80,18.90,18.60
08/01/2021,12.69,18.80,-0.40 (-2.08 %)," ","621,100","11,810,000,000",0,0,19.00,19.15,18.80
07/01/2021,12.96,19.20,-0.05 (-0.26 %)," ","474,700","9,148,000,000",0,0,19.35,19.45,19.10
06/01/2021,13.00,19.25,0.10 (0.52 %)," ","722,300","13,937,000,000",0,0,19.10,19.45,19.10
05/01/2021,12.93,19.15,0.15 (0.79 %)," ","486,800","9,256,000,000",0,0,18.80,19.20,18.80
04/01/2021,12.83,19.00,0.40 (2.15 %)," ","740,900","14,013,000,000",0,0,18.65,19.10,18.55
31/12/2020,12.56,18.60,0.00 (0.00 %)," ","592,540","11,022,000,000",0,0,18.65,18.65,18.50
30/12/2020,12.56,18.60,-0.20 (-1.06 %)," ","444,860","8,300,000,000",0,0,18.60,18.85,18.50
29/12/2020,12.69,18.80,-0.25 (-1.31 %)," ","579,800","10,955,000,000",0,0,19.15,19.15,18.70
28/12/2020,12.86,19.05,-0.55 (-2.81 %)," ","864,810","16,629,000,000",0,0,19.45,19.70,18.90
25/12/2020,13.23,19.60,0.40 (2.08 %)," ","1,355,680","26,345,000,000",0,0,19.20,19.70,19.00
24/12/2020,12.96,19.20,0.20 (1.05 %)," ","940,420","17,477,000,000",0,0,19.30,19.30,18.05
23/12/2020,12.83,19.00,0.85 (4.68 %)," ","2,019,970","37,094,000,000",0,0,18.05,19.40,17.55
22/12/2020,12.25,18.15,-0.05 (-0.27 %)," ","1,064,840","19,199,000,000",0,0,18.00,18.40,17.55
21/12/2020,12.29,18.20,0.35 (1.96 %)," ","1,611,460","29,064,000,000",0,0,18.05,18.40,17.70
18/12/2020,12.05,17.85,1.15 (6.89 %)," ","1,605,650","27,881,000,000",0,0,17.10,17.85,16.80
17/12/2020,11.27,16.70,1.05 (6.71 %)," ","2,614,120","41,872,000,000",0,0,15.60,16.70,15.50
16/12/2020,10.57,15.65,0.10 (0.64 %)," ","751,740","11,684,000,000",0,0,15.45,15.70,15.35
15/12/2020,10.50,15.55,-0.05 (-0.32 %)," ","744,840","11,553,000,000",0,0,15.50,15.60,15.35
14/12/2020,10.53,15.60,0.10 (0.65 %)," ","529,270","8,305,000,000",0,0,15.50,15.85,15.50
11/12/2020,10.46,15.50,0.20 (1.31 %)," ","542,370","8,363,000,000",0,0,15.45,15.75,15.10
10/12/2020,10.33,15.30,-0.15 (-0.97 %)," ","703,190","10,805,000,000",0,0,15.45,15.50,15.20
09/12/2020,10.43,15.45,-0.35 (-2.22 %)," ","676,940","10,610,000,000",0,0,15.85,15.90,15.45
08/12/2020,10.67,15.80,-0.25 (-1.56 %)," ","784,940","12,386,000,000",0,0,15.90,15.95,15.60
07/12/2020,10.84,16.05,0.15 (0.94 %)," ","1,035,060","16,497,000,000",0,0,16.05,16.20,15.65
04/12/2020,10.73,15.90,0.45 (2.91 %)," ","971,300","15,284,000,000",0,0,15.65,15.90,15.55
03/12/2020,10.43,15.45,1.00 (6.92 %)," ","2,685,970","38,937,000,000",0,0,14.45,15.45,14.10
02/12/2020,9.76,14.45,-0.10 (-0.69 %)," ","780,100","11,302,000,000",0,0,14.55,14.60,14.40
01/12/2020,9.82,14.55,0.15 (1.04 %)," ","485,990","7,024,000,000","135,000","1,957,500,000",14.25,14.65,14.25
30/11/2020,9.72,14.40,-0.35 (-2.37 %)," ","389,180","5,650,000,000","100,000","1,540,000,000",14.70,14.80,14.40
27/11/2020,9.96,14.75,0.05 (0.34 %)," ","580,480","8,487,000,000",0,0,14.65,14.80,14.45
26/11/2020,9.92,14.70,0.10 (0.68 %)," ","463,740","6,803,000,000",0,0,14.65,14.85,14.50
25/11/2020,9.86,14.60,-0.20 (-1.35 %)," ","879,550","12,968,000,000","135,000","1,971,000,000",14.60,15.20,14.50
24/11/2020,9.99,14.80,-0.30 (-1.99 %)," ","1,459,630","21,727,000,000",0,0,15.10,15.20,14.60
23/11/2020,10.19,15.10,-0.70 (-4.43 %)," ","1,891,480","28,898,000,000",0,0,15.60,15.70,15.10
20/11/2020,10.67,15.80,0.00 (0.00 %)," ","1,361,170","21,265,000,000",0,0,15.85,15.85,15.40
19/11/2020,10.67,15.80,0.45 (2.93 %)," ","1,650,950","25,606,000,000",0,0,15.40,15.80,15.10
18/11/2020,10.36,15.35,-0.05 (-0.32 %)," ","1,437,010","21,911,000,000",0,0,15.40,15.60,15.10
17/11/2020,10.40,15.40,0.30 (1.99 %)," ","1,539,710","23,075,000,000",0,0,15.05,15.40,14.70
16/11/2020,10.19,15.10,0.25 (1.68 %)," ","1,688,430","25,254,000,000","60,000","834,000,000",15.00,15.30,14.60
13/11/2020,10.03,14.85,0.85 (6.07 %)," ","1,743,820","24,583,000,000",0,0,13.70,14.85,13.70
12/11/2020,9.45,14.00,0.00 (0.00 %)," ","1,209,630","16,880,000,000",0,0,14.00,14.10,13.80
11/11/2020,9.45,14.00,0.20 (1.45 %)," ","847,730","11,733,000,000","60,000","819,000,000",13.80,14.00,13.60
10/11/2020,9.32,13.80,-0.10 (-0.72 %)," ","1,002,330","13,830,000,000",0,0,13.90,14.10,13.60
09/11/2020,9.38,13.90,0.25 (1.83 %)," ","1,773,990","24,036,000,000",0,0,13.75,13.90,13.35
06/11/2020,9.22,13.65,0.45 (3.41 %)," ","1,570,900","20,896,000,000",0,0,13.25,13.70,13.00
05/11/2020,8.91,13.20,-0.10 (-0.75 %)," ","1,339,950","17,424,000,000",0,0,13.15,13.30,12.90
04/11/2020,8.98,13.30,-0.05 (-0.37 %)," ","2,943,490","38,218,000,000",0,0,13.35,13.40,12.80
03/11/2020,9.01,13.35,0.25 (1.91 %)," ","675,980","8,890,000,000",0,0,13.00,13.35,12.90
02/11/2020,8.84,13.10,0.25 (1.95 %)," ","2,311,420","28,939,000,000",0,0,12.75,13.10,12.20
30/10/2020,8.68,12.85,0.30 (2.39 %)," ","1,725,750","21,501,000,000",0,0,12.70,12.85,12.15
29/10/2020,8.47,12.55,0.00 (0.00 %)," ","1,672,750","20,381,000,000",0,0,12.50,12.75,11.85
28/10/2020,8.47,12.55,-0.10 (-0.79 %)," ","426,030","5,310,000,000",0,0,12.50,12.55,12.35
27/10/2020,8.54,12.65,0.20 (1.61 %)," ","1,412,080","17,220,000,000",0,0,12.35,12.65,11.85
26/10/2020,8.41,12.45,-0.10 (-0.80 %)," ","400,110","4,961,000,000",0,0,12.55,12.60,12.20
23/10/2020,8.47,12.55,0.15 (1.21 %)," ","400,060","5,008,000,000",0,0,12.45,12.70,12.30
22/10/2020,8.37,12.40,0.15 (1.22 %)," ","1,266,880","15,187,000,000",0,0,12.20,12.40,11.75
21/10/2020,8.27,12.25,-0.25 (-2.00 %)," ","500,070","6,236,000,000",0,0,12.50,12.80,12.25
20/10/2020,8.44,12.50,0.10 (0.81 %)," ","237,250","2,946,000,000",0,0,12.45,12.60,12.25
19/10/2020,8.37,12.40,0.00 (0.00 %)," ","1,108,110","13,326,000,000",0,0,12.30,12.45,11.85
16/10/2020,8.37,12.40,-0.10 (-0.80 %)," ","244,670","3,043,000,000",0,0,12.50,12.90,12.30
15/10/2020,8.44,12.50,-0.25 (-1.96 %)," ","253,610","3,166,000,000",0,0,12.70,12.70,12.35
14/10/2020,8.61,12.75,-0.55 (-4.14 %)," ","1,391,200","17,673,000,000",0,0,13.10,13.10,12.45
13/10/2020,8.98,13.30,-0.15 (-1.12 %)," ","717,770","9,555,000,000",0,0,13.30,13.45,13.10
12/10/2020,9.08,13.45,0.20 (1.51 %)," ","1,889,430","25,469,000,000",0,0,13.45,13.65,13.25
09/10/2020,8.95,13.25,-0.15 (-1.12 %)," ","1,065,050","13,980,000,000",0,0,13.40,13.50,12.85
08/10/2020,9.05,13.40,0.25 (1.90 %)," ","1,128,820","14,846,000,000",0,0,13.00,13.40,12.85
07/10/2020,8.88,13.15,-0.05 (-0.38 %)," ","848,930","11,103,000,000",0,0,13.20,13.30,12.80
06/10/2020,8.91,13.20,0.30 (2.33 %)," ","1,761,820","22,778,000,000",0,0,13.00,13.20,12.60
05/10/2020,8.71,12.90,0.20 (1.57 %)," ","1,609,500","20,095,000,000",0,0,12.35,12.90,12.25
02/10/2020,8.57,12.70,0.10 (0.79 %)," ","1,037,990","13,121,000,000",0,0,12.70,12.90,12.35
01/10/2020,8.51,12.60,0.30 (2.44 %)," ","512,600","6,369,000,000",0,0,12.40,12.60,12.25
30/09/2020,8.30,12.30,0.40 (3.36 %)," ","2,014,790","23,466,000,000",0,0,11.75,12.30,11.40
29/09/2020,8.03,11.90,-0.30 (-2.46 %)," ","739,610","8,909,000,000",0,0,12.25,12.30,11.85
28/09/2020,8.24,12.20,-0.45 (-3.56 %)," ","773,410","9,459,000,000",0,0,12.60,12.60,12.05
25/09/2020,8.54,12.65,-0.95 (-6.99 %)," ","2,769,820","35,611,000,000",0,0,13.50,13.65,12.65
24/09/2020,9.18,13.60,0.00 (0.00 %)," ","984,090","13,325,000,000",0,0,13.40,13.75,13.35
23/09/2020,9.18,13.60,0.50 (3.82 %)," ","1,114,730","14,936,000,000",0,0,13.05,13.60,13.05
22/09/2020,8.84,13.10,-0.15 (-1.13 %)," ","1,190,130","15,246,000,000",0,0,12.95,13.20,12.50
21/09/2020,8.95,13.25,0.05 (0.38 %)," ","1,000,710","13,216,000,000",0,0,13.25,13.40,12.95
18/09/2020,8.91,13.20,0.30 (2.33 %)," ","925,760","12,083,000,000",0,0,12.80,13.20,12.80
17/09/2020,8.71,12.90,0.10 (0.78 %)," ","2,011,370","25,148,000,000",0,0,12.75,12.90,11.95
16/09/2020,8.64,12.80,-0.05 (-0.39 %)," ","841,290","10,745,000,000",0,0,12.70,13.00,12.45
15/09/2020,8.68,12.85,-0.05 (-0.39 %)," ","651,310","8,425,000,000",0,0,12.95,13.30,12.65
14/09/2020,8.71,12.90,0.25 (1.98 %)," ","2,369,190","29,175,000,000",0,0,12.70,12.95,11.80
11/09/2020,8.54,12.65,0.75 (6.30 %)," ","1,523,530","18,876,000,000",0,0,11.95,12.70,11.75
10/09/2020,8.03,11.90,0.15 (1.28 %)," ","616,780","7,306,000,000",0,0,11.80,12.00,11.60
09/09/2020,7.93,11.75,0.45 (3.98 %)," ","1,368,640","15,263,000,000",0,0,11.25,11.75,10.70
08/09/2020,7.63,11.30,-0.05 (-0.44 %)," ","990,620","10,991,000,000",0,0,11.35,11.40,10.85
07/09/2020,7.66,11.35,-0.25 (-2.16 %)," ","683,130","7,822,000,000",0,0,11.50,11.70,11.25
04/09/2020,7.83,11.60,-0.20 (-1.69 %)," ","524,910","6,084,000,000",0,0,11.80,11.80,11.45
03/09/2020,7.97,11.80,-0.10 (-0.84 %)," ","930,540","11,044,000,000",0,0,12.00,12.10,11.65
01/09/2020,8.03,11.90,0.30 (2.59 %)," ","959,650","10,868,000,000",0,0,11.60,11.90,11.00
31/08/2020,7.83,11.60,-0.50 (-4.13 %)," ","701,990","8,230,000,000",0,0,12.00,12.10,11.50
28/08/2020,8.17,12.10,-0.40 (-3.20 %)," ","1,006,040","12,383,000,000",0,0,12.50,12.60,12.10
27/08/2020,8.44,12.50,-0.20 (-1.57 %)," ","770,180","9,708,000,000",0,0,12.70,12.90,12.40
26/08/2020,8.57,12.70,0.10 (0.79 %)," ","791,910","9,971,000,000",0,0,12.55,12.85,12.40
25/08/2020,8.51,12.60,-0.25 (-1.95 %)," ","985,180","12,291,000,000",0,0,12.80,12.80,12.25
24/08/2020,8.68,12.85,-0.20 (-1.53 %)," ","698,460","9,071,000,000",0,0,13.10,13.25,12.85
21/08/2020,8.81,13.05,0.45 (3.57 %)," ","997,620","12,760,000,000",0,0,12.60,13.05,12.55
20/08/2020,8.51,12.60,0.10 (0.80 %)," ","1,163,840","14,277,000,000",0,0,12.40,12.65,12.00
19/08/2020,8.44,12.50,0.00 (0.00 %)," ","581,260","7,208,000,000",0,0,12.50,12.60,12.10
18/08/2020,8.44,12.50,-0.30 (-2.34 %)," ","594,690","7,441,000,000",0,0,12.75,12.75,12.25
17/08/2020,8.64,12.80,-0.20 (-1.54 %)," ","471,110","6,055,000,000",0,0,12.80,13.00,12.65
14/08/2020,8.78,13.00,-1.10 (-7.80 %)," ","430,580","5,558,000,000",0,0,12.60,13.10,12.60
13/08/2020,8.50,14.10,0.90 (6.82 %)," ","961,520","12,693,000,000",0,0,13.10,14.10,12.65
12/08/2020,7.96,13.20,-0.50 (-3.65 %)," ","376,130","5,075,000,000",0,0,13.70,13.70,13.10
11/08/2020,8.26,13.70,-0.25 (-1.79 %)," ","302,750","4,192,000,000",0,0,13.95,13.95,13.60
10/08/2020,8.41,13.95,0.45 (3.33 %)," ","307,970","4,284,000,000",0,0,13.60,14.00,13.60
07/08/2020,8.14,13.50,0.60 (4.65 %)," ","575,730","7,637,000,000",0,0,12.90,13.80,12.90
06/08/2020,7.78,12.90,0.00 (0.00 %)," ","347,250","4,480,000,000",0,0,12.90,13.00,12.80
05/08/2020,7.78,12.90,0.20 (1.57 %)," ","106,530","1,352,000,000",0,0,12.60,12.90,12.50
04/08/2020,7.66,12.70,0.00 (0.00 %)," ","103,790","1,320,000,000",0,0,12.70,12.80,12.60
03/08/2020,7.66,12.70,0.20 (1.60 %)," ","121,850","1,539,000,000",0,0,12.50,13.00,12.50
31/07/2020,7.54,12.50,0.00 (0.00 %)," ","104,940","1,302,000,000",0,0,12.50,12.50,12.00
30/07/2020,7.54,12.50,0.00 (0.00 %)," ","96,570","1,198,000,000",0,0,12.50,12.50,12.20
29/07/2020,7.54,12.50,-0.10 (-0.79 %)," ","108,300","1,320,000,000",0,0,12.60,12.60,11.80
28/07/2020,7.60,12.60,0.30 (2.44 %)," ","104,830","1,317,000,000",0,0,12.30,13.00,12.30
27/07/2020,7.41,12.30,-0.50 (-3.91 %)," ","123,570","1,521,000,000",0,0,12.40,12.60,11.95
24/07/2020,7.72,12.80,-0.10 (-0.78 %)," ","123,910","1,582,000,000",0,0,12.90,12.90,12.40
23/07/2020,7.78,12.90,0.50 (4.03 %)," ","203,870","2,523,000,000",0,0,12.40,12.90,12.20
22/07/2020,7.48,12.40,-0.10 (-0.80 %)," ","102,230","1,269,000,000",0,0,12.50,12.60,12.20
21/07/2020,7.54,12.50,-0.10 (-0.79 %)," ","95,160","1,181,000,000",0,0,12.40,12.50,12.10
20/07/2020,7.60,12.60,-0.60 (-4.55 %)," ","134,660","1,697,000,000",0,0,12.60,13.20,12.50
17/07/2020,7.96,13.20,0.10 (0.76 %)," ","127,500","1,650,000,000",0,0,13.00,13.30,12.80
16/07/2020,7.90,13.10,-0.10 (-0.76 %)," ","151,340","1,964,000,000",0,0,13.20,13.20,12.85
15/07/2020,7.96,13.20,0.10 (0.76 %)," ","122,280","1,610,000,000",0,0,13.20,13.30,13.10
14/07/2020,7.90,13.10,0.30 (2.34 %)," ","235,270","3,040,000,000",0,0,12.80,13.20,12.80
13/07/2020,7.72,12.80,0.50 (4.07 %)," ","427,200","5,282,000,000",0,0,12.30,12.90,12.30
10/07/2020,7.41,12.30,-0.20 (-1.60 %)," ","54,180","672,000,000",0,0,12.35,12.70,12.30
09/07/2020,7.54,12.50,0.00 (0.00 %)," ","121,810","1,505,000,000",0,0,12.60,12.60,12.20
08/07/2020,7.54,12.50,0.00 (0.00 %)," ","108,100","1,333,000,000",0,0,12.40,12.50,12.10
07/07/2020,7.54,12.50,-0.30 (-2.34 %)," ","86,510","1,090,000,000",0,0,12.60,12.70,12.40
06/07/2020,7.72,12.80,-0.05 (-0.39 %)," ","41,910","535,000,000",0,0,12.85,13.70,12.60
03/07/2020,7.75,12.85,0.75 (6.20 %)," ","49,100","607,000,000",0,0,11.50,12.90,11.50
02/07/2020,7.29,12.10,-0.90 (-6.92 %)," ","120,180","1,454,000,000","50,000","695,000,000",12.10,12.10,12.10
01/07/2020,7.84,13.00,-0.95 (-6.81 %)," ","5,810","76,000,000",0,0,13.00,13.00,13.00
30/06/2020,8.41,13.95,-1.05 (-7.00 %)," ","4,280","60,000,000",0,0,13.95,13.95,13.95
29/06/2020,9.04,15.00,-1.10 (-6.83 %)," ","6,870","103,000,000",0,0,15.00,15.75,15.00
26/06/2020,9.71,16.10,-1.20 (-6.94 %)," ","8,160","131,000,000",0,0,16.10,18.40,16.10
25/06/2020,10.43,17.30,-1.30 (-6.99 %)," ","7,200","125,000,000",0,0,17.30,17.30,17.30
24/06/2020,11.21,18.60,-1.40 (-7.00 %)," ","1,970","37,000,000",0,0,18.60,18.60,18.60
23/06/2020,12.06,20.00,0.15 (0.76 %)," ","85,340","1,698,000,000",0,0,19.85,20.00,19.60
22/06/2020,11.97,19.85,1.20 (6.43 %)," ","90,660","1,765,000,000",0,0,19.20,19.85,19.20
19/06/2020,11.24,18.65,-1.35 (-6.75 %)," ","184,550","3,698,000,000",0,0,20.00,20.15,18.65
18/06/2020,12.06,20.00,0.00 (0.00 %)," ","60,950","1,219,000,000",0,0,20.00,20.10,20.00
17/06/2020,12.06,20.00,0.00 (0.00 %)," ","61,190","1,224,000,000",0,0,20.00,20.10,20.00
16/06/2020,12.06,20.00,0.10 (0.50 %)," ","77,740","1,555,000,000",0,0,19.90,20.00,19.90
15/06/2020,12.00,19.90,-0.10 (-0.50 %)," ","60,460","1,203,000,000",0,0,20.00,20.00,19.90
12/06/2020,12.06,20.00,0.00 (0.00 %)," ","89,210","1,773,000,000",0,0,19.90,20.00,19.50
11/06/2020,12.06,20.00,0.10 (0.50 %)," ","78,300","1,553,000,000",0,0,19.60,20.00,18.95
10/06/2020,12.00,19.90,0.90 (4.74 %)," ","80,470","1,567,000,000",0,0,19.00,19.90,17.70
09/06/2020,11.45,19.00,-0.10 (-0.52 %)," ","36,290","687,000,000",0,0,19.10,19.20,17.80
08/06/2020,11.51,19.10,0.35 (1.87 %)," ","66,810","1,268,000,000",0,0,18.75,19.10,17.45
05/06/2020,11.30,18.75,1.15 (6.53 %)," ","82,960","1,494,000,000",0,0,17.90,18.75,16.40
04/06/2020,10.61,17.60,1.05 (6.34 %)," ","14,610","226,000,000",0,0,15.40,17.60,15.40
03/06/2020,9.98,16.55,-1.20 (-6.76 %)," ","5,000","83,000,000",0,0,16.55,18.90,16.55
02/06/2020,10.70,17.75,-1.30 (-6.82 %)," ","24,470","447,000,000",0,0,19.05,19.05,17.75
01/06/2020,11.48,19.05,-0.65 (-3.30 %)," ","17,390","331,000,000",0,0,19.40,19.40,18.40
29/05/2020,11.88,19.70,0.00 (0.00 %)," ","9,410","185,000,000",0,0,19.70,19.70,19.60
28/05/2020,11.88,19.70,0.10 (0.51 %)," ","11,550","226,000,000",0,0,19.20,19.70,19.20
27/05/2020,11.82,19.60,0.20 (1.03 %)," ","11,090","207,000,000",0,0,19.40,19.60,18.05
26/05/2020,11.69,19.40,0.00 (0.00 %)," ","7,790","151,000,000",0,0,19.40,19.50,18.10
25/05/2020,11.69,19.40,-0.10 (-0.51 %)," ","15,130","293,000,000",0,0,19.50,19.50,18.20
22/05/2020,11.76,19.50,0.25 (1.30 %)," ","16,450","319,000,000",0,0,19.25,19.50,18.20
21/05/2020,11.60,19.25,-0.25 (-1.28 %)," ","21,520","415,000,000",0,0,19.50,19.50,19.20
20/05/2020,11.76,19.50,0.00 (0.00 %)," ","129,310","2,530,000,000",0,0,19.50,19.60,19.30
19/05/2020,11.76,19.50,-0.20 (-1.02 %)," ","192,150","3,764,000,000",0,0,19.70,19.70,18.35
18/05/2020,11.88,19.70,0.00 (0.00 %)," ","5,090","100,000,000",0,0,19.70,19.70,18.70
15/05/2020,11.88,19.70,0.00 (0.00 %)," ","13,630","268,000,000",0,0,19.70,19.80,19.50
14/05/2020,11.88,19.70,0.20 (1.03 %)," ","19,690","387,000,000",0,0,19.90,19.90,19.50
13/05/2020,11.76,19.50,0.40 (2.09 %)," ","20,120","389,000,000",0,0,19.10,19.50,18.80
12/05/2020,11.51,19.10,0.70 (3.80 %)," ","19,890","378,000,000",0,0,18.80,19.20,18.60
11/05/2020,11.09,18.40,0.60 (3.37 %)," ","18,630","338,000,000",0,0,18.40,18.60,17.80
08/05/2020,10.73,17.80,1.10 (6.59 %)," ","17,760","305,000,000",0,0,15.60,17.85,15.55
07/05/2020,10.07,16.70,-1.25 (-6.96 %)," ","2,930","49,000,000",0,0,17.95,17.95,16.70
06/05/2020,10.82,17.95,-0.75 (-4.01 %)," ","7,620","133,000,000",0,0,18.70,18.70,17.40
05/05/2020,11.27,18.70,-0.25 (-1.32 %)," ","1,710","30,000,000",0,0,18.95,18.95,17.65
04/05/2020,11.42,18.95,-0.15 (-0.79 %)," ","2,030","37,000,000",0,0,19.00,19.00,18.05
29/04/2020,11.51,19.10,0.00 (0.00 %)," ","32,620","618,000,000",0,0,19.10,19.10,18.00
28/04/2020,11.51,19.10,0.00 (0.00 %)," ","34,410","652,000,000",0,0,19.10,19.20,18.80
27/04/2020,11.51,19.10,0.10 (0.53 %)," ","50,930","961,000,000",0,0,19.00,19.10,17.90
24/04/2020,11.45,19.00,0.00 (0.00 %)," ","1,170","22,000,000",0,0,19.00,19.00,18.80
23/04/2020,11.45,19.00,1.20 (6.74 %)," ","1,120","21,000,000",0,0,17.80,19.00,17.80
22/04/2020,10.73,17.80,-1.20 (-6.32 %)," ","10,070","190,000,000",0,0,19.00,19.00,17.80
21/04/2020,11.45,19.00,0.00 (0.00 %)," ","4,090","76,000,000",0,0,19.00,19.00,17.80
20/04/2020,11.45,19.00,-0.20 (-1.04 %)," ","2,210","42,000,000",0,0,19.20,19.20,17.95
17/04/2020,11.57,19.20,0.10 (0.52 %)," ","18,930","358,000,000",0,0,18.80,19.20,18.00
16/04/2020,11.51,19.10,-0.90 (-4.50 %)," ","56,590","1,071,000,000",0,0,20.00,20.00,18.60
15/04/2020,12.06,20.00,0.70 (3.63 %)," ","78,280","1,565,000,000",0,0,19.30,20.30,19.30
14/04/2020,11.63,19.30,1.20 (6.63 %)," ","45,200","873,000,000",0,0,19.30,19.35,19.20
13/04/2020,10.91,18.10,-5.80 (-24.27 %)," ","42,920","777,000,000",0,0,18.10,18.10,18.10
10/04/2020,10.22,23.90,0.00 (0.00 %)," ","41,940","1,009,000,000",0,0,23.90,24.20,23.90
09/04/2020,10.22,23.90,1.00 (4.37 %)," ","39,740","947,000,000",0,0,22.90,24.50,22.90
08/04/2020,9.79,22.90,-0.10 (-0.43 %)," ","29,940","686,000,000",0,0,23.00,24.60,22.90
07/04/2020,9.83,23.00,-0.20 (-0.86 %)," ","29,370","676,000,000",0,0,23.20,23.50,23.00
06/04/2020,9.92,23.20,0.30 (1.31 %)," ","27,340","648,000,000",0,0,22.90,24.50,22.90
03/04/2020,9.79,22.90,0.60 (2.69 %)," ","26,620","604,000,000",0,0,22.30,22.90,22.30
01/04/2020,9.53,22.30,0.10 (0.45 %)," ","28,830","642,000,000",0,0,22.20,22.30,22.20
31/03/2020,9.49,22.20,0.10 (0.45 %)," ","48,230","1,070,000,000",0,0,22.10,22.20,22.10
30/03/2020,9.45,22.10,0.10 (0.45 %)," ","35,300","779,000,000",0,0,22.00,22.10,22.00
27/03/2020,9.41,22.00,0.00 (0.00 %)," ","38,850","854,000,000",0,0,22.00,22.00,21.90
26/03/2020,9.41,22.00,0.00 (0.00 %)," ","37,220","819,000,000",0,0,22.00,22.00,22.00
25/03/2020,9.41,22.00,0.10 (0.46 %)," ","33,870","745,000,000",0,0,21.90,22.00,21.90
24/03/2020,9.36,21.90,0.00 (0.00 %)," ","35,560","779,000,000",0,0,21.90,21.90,21.80
23/03/2020,9.36,21.90,-0.10 (-0.45 %)," ","36,030","790,000,000",0,0,22.00,22.00,21.90
20/03/2020,9.41,22.00,0.00 (0.00 %)," ","51,150","1,125,000,000",0,0,22.00,22.00,21.90
19/03/2020,9.41,22.00,-0.10 (-0.45 %)," ","57,250","1,260,000,000",0,0,22.10,22.10,22.00
18/03/2020,9.45,22.10,0.00 (0.00 %)," ","118,030","2,608,000,000",0,0,22.10,22.20,22.10
17/03/2020,9.45,22.10,0.00 (0.00 %)," ","127,180","2,802,000,000",0,0,22.10,22.10,22.00
16/03/2020,9.45,22.10,-0.10 (-0.45 %)," ","146,470","3,233,000,000",0,0,22.20,22.20,21.80
13/03/2020,9.49,22.20,-0.70 (-3.06 %)," ","158,310","3,519,000,000",0,0,22.90,22.90,21.70
12/03/2020,9.79,22.90,0.00 (0.00 %)," ","142,300","3,247,000,000",0,0,22.90,22.90,22.70
11/03/2020,9.79,22.90,0.00 (0.00 %)," ","48,980","1,121,000,000",0,0,22.90,22.90,22.80
10/03/2020,9.79,22.90,0.00 (0.00 %)," ","51,450","1,178,000,000",0,0,22.90,22.90,22.80
09/03/2020,9.79,22.90,-0.10 (-0.43 %)," ","61,280","1,404,000,000",0,0,23.00,23.00,22.80
06/03/2020,9.83,23.00,0.00 (0.00 %)," ","59,950","1,379,000,000",0,0,23.00,23.10,22.90
05/03/2020,9.83,23.00,0.00 (0.00 %)," ","59,930","1,379,000,000",0,0,23.00,23.10,23.00
04/03/2020,9.83,23.00,0.10 (0.44 %)," ","55,090","1,266,000,000",0,0,22.90,23.00,22.90
03/03/2020,9.79,22.90,0.00 (0.00 %)," ","58,370","1,337,000,000",0,0,22.90,23.00,22.80
02/03/2020,9.79,22.90,0.00 (0.00 %)," ","63,600","1,456,000,000",0,0,22.90,22.90,22.80
28/02/2020,9.79,22.90,0.00 (0.00 %)," ","94,210","2,157,000,000",0,0,22.90,22.90,22.80
27/02/2020,9.79,22.90,0.00 (0.00 %)," ","74,690","1,710,000,000",0,0,22.90,23.00,22.90
26/02/2020,9.79,22.90,0.00 (0.00 %)," ","94,750","2,170,000,000",0,0,22.90,22.90,22.80
25/02/2020,9.79,22.90,0.10 (0.44 %)," ","96,820","2,212,000,000",0,0,22.80,22.90,22.70
24/02/2020,9.75,22.80,0.00 (0.00 %)," ","101,900","2,323,000,000",0,0,22.80,22.80,22.70
21/02/2020,9.75,22.80,0.40 (1.79 %)," ","113,380","2,574,000,000",0,0,22.40,22.90,22.40
20/02/2020,9.58,22.40,-0.50 (-2.18 %)," ","136,800","3,120,000,000",0,0,22.90,23.00,22.40
19/02/2020,9.79,22.90,0.00 (0.00 %)," ","138,130","3,163,000,000",0,0,22.90,22.90,22.80
18/02/2020,9.79,22.90,-0.10 (-0.43 %)," ","140,360","3,226,000,000",0,0,23.00,23.10,22.90
17/02/2020,9.83,23.00,0.00 (0.00 %)," ","139,760","3,214,000,000",0,0,23.00,23.10,22.90
14/02/2020,9.83,23.00,0.00 (0.00 %)," ","140,400","3,221,000,000",0,0,23.00,23.10,22.80
13/02/2020,9.83,23.00,0.00 (0.00 %)," ","93,230","2,138,000,000",0,0,23.00,23.00,22.90
12/02/2020,9.83,23.00,0.10 (0.44 %)," ","105,800","2,429,000,000",0,0,22.90,23.10,22.80
11/02/2020,9.79,22.90,0.00 (0.00 %)," ","119,690","2,743,000,000",0,0,22.90,23.10,22.90
09/03/2020,9.79,22.90,-0.10 (-0.43 %)," ","61,280","1,404,000,000",0,0,23.00,23.00,22.80
06/03/2020,9.83,23.00,0.00 (0.00 %)," ","59,950","1,379,000,000",0,0,23.00,23.10,22.90
05/03/2020,9.83,23.00,0.00 (0.00 %)," ","59,930","1,379,000,000",0,0,23.00,23.10,23.00
04/03/2020,9.83,23.00,0.10 (0.44 %)," ","55,090","1,266,000,000",0,0,22.90,23.00,22.90
03/03/2020,9.79,22.90,0.00 (0.00 %)," ","58,370","1,337,000,000",0,0,22.90,23.00,22.80
02/03/2020,9.79,22.90,0.00 (0.00 %)," ","63,600","1,456,000,000",0,0,22.90,22.90,22.80
28/02/2020,9.79,22.90,0.00 (0.00 %)," ","94,210","2,157,000,000",0,0,22.90,22.90,22.80
27/02/2020,9.79,22.90,0.00 (0.00 %)," ","74,690","1,710,000,000",0,0,22.90,23.00,22.90
26/02/2020,9.79,22.90,0.00 (0.00 %)," ","94,750","2,170,000,000",0,0,22.90,22.90,22.80
25/02/2020,9.79,22.90,0.10 (0.44 %)," ","96,820","2,212,000,000",0,0,22.80,22.90,22.70
24/02/2020,9.75,22.80,0.00 (0.00 %)," ","101,900","2,323,000,000",0,0,22.80,22.80,22.70
21/02/2020,9.75,22.80,0.40 (1.79 %)," ","113,380","2,574,000,000",0,0,22.40,22.90,22.40
20/02/2020,9.58,22.40,-0.50 (-2.18 %)," ","136,800","3,120,000,000",0,0,22.90,23.00,22.40
19/02/2020,9.79,22.90,0.00 (0.00 %)," ","138,130","3,163,000,000",0,0,22.90,22.90,22.80
18/02/2020,9.79,22.90,-0.10 (-0.43 %)," ","140,360","3,226,000,000",0,0,23.00,23.10,22.90
17/02/2020,9.83,23.00,0.00 (0.00 %)," ","139,760","3,214,000,000",0,0,23.00,23.10,22.90
14/02/2020,9.83,23.00,0.00 (0.00 %)," ","140,400","3,221,000,000",0,0,23.00,23.10,22.80
13/02/2020,9.83,23.00,0.00 (0.00 %)," ","93,230","2,138,000,000",0,0,23.00,23.00,22.90
12/02/2020,9.83,23.00,0.10 (0.44 %)," ","105,800","2,429,000,000",0,0,22.90,23.10,22.80
11/02/2020,9.79,22.90,0.00 (0.00 %)," ","119,690","2,743,000,000",0,0,22.90,23.10,22.90
10/02/2020,9.79,22.90,-0.10 (-0.43 %)," ","113,300","2,596,000,000",0,0,23.00,23.00,22.80
07/02/2020,9.83,23.00,0.00 (0.00 %)," ","108,230","2,488,000,000",0,0,23.00,23.10,22.90
06/02/2020,9.83,23.00,0.10 (0.44 %)," ","149,550","3,434,000,000",0,0,23.00,23.10,22.90
05/02/2020,9.79,22.90,0.00 (0.00 %)," ","124,620","2,854,000,000",0,0,22.90,23.00,22.80
04/02/2020,9.79,22.90,0.00 (0.00 %)," ","130,420","2,987,000,000",0,0,22.90,23.00,22.80
03/02/2020,9.79,22.90,0.00 (0.00 %)," ","131,620","3,014,000,000",0,0,22.90,23.00,22.80
31/01/2020,9.79,22.90,-0.10 (-0.43 %)," ","93,700","2,147,000,000",0,0,23.00,23.00,22.80
30/01/2020,9.83,23.00,-0.10 (-0.43 %)," ","92,370","2,125,000,000",0,0,23.10,23.10,23.00
22/01/2020,9.88,23.10,0.10 (0.43 %)," ","120,210","2,773,000,000",0,0,23.00,23.10,23.00
21/01/2020,9.83,23.00,0.00 (0.00 %)," ","97,440","2,241,000,000",0,0,23.00,23.10,23.00
20/01/2020,9.83,23.00,0.00 (0.00 %)," ","101,890","2,343,000,000",0,0,23.00,23.10,22.90
17/01/2020,9.83,23.00,0.00 (0.00 %)," ","104,120","2,395,000,000",0,0,23.00,23.10,22.90
16/01/2020,9.83,23.00,-0.10 (-0.43 %)," ","138,560","3,177,000,000",0,0,23.10,23.10,22.35
15/01/2020,9.88,23.10,0.00 (0.00 %)," ","115,190","2,659,000,000",0,0,23.10,23.20,23.00
14/01/2020,9.88,23.10,0.10 (0.43 %)," ","90,350","2,086,000,000",0,0,23.00,23.10,23.00
13/01/2020,9.83,23.00,-0.10 (-0.43 %)," ","83,610","1,924,000,000",0,0,23.10,23.10,23.00
10/01/2020,9.88,23.10,0.10 (0.43 %)," ","70,780","1,630,000,000",0,0,23.00,23.10,22.90
09/01/2020,9.83,23.00,0.10 (0.44 %)," ","93,460","2,148,000,000",0,0,22.90,23.00,22.90
08/01/2020,9.79,22.90,-0.10 (-0.43 %)," ","98,120","2,248,000,000",0,0,23.00,23.00,22.90
07/01/2020,9.83,23.00,0.10 (0.44 %)," ","83,830","1,927,000,000",0,0,22.90,23.00,22.90
06/01/2020,9.79,22.90,-0.20 (-0.87 %)," ","78,960","1,811,000,000",0,0,23.10,23.10,22.90
03/01/2020,9.88,23.10,0.00 (0.00 %)," ","80,360","1,855,000,000",0,0,23.10,23.20,23.00
02/01/2020,9.88,23.10,0.10 (0.43 %)," ","87,990","2,026,000,000",0,0,23.00,23.10,22.90
31/12/2019,9.83,23.00,0.10 (0.44 %)," ","67,270","1,546,000,000",0,0,22.90,23.00,22.90
30/12/2019,9.79,22.90,-0.10 (-0.43 %)," ","287,480","6,618,000,000",0,0,23.00,23.10,22.90
27/12/2019,9.83,23.00,0.10 (0.44 %)," ","84,060","1,929,000,000",0,0,22.90,23.10,22.80
26/12/2019,9.79,22.90,0.00 (0.00 %)," ","86,040","1,970,000,000",0,0,22.90,23.00,22.80
25/12/2019,9.79,22.90,0.10 (0.44 %)," ","218,150","4,995,000,000",0,0,22.80,22.90,22.80
24/12/2019,9.75,22.80,-0.30 (-1.30 %)," ","185,450","4,241,000,000",0,0,23.10,23.20,22.80
23/12/2019,9.88,23.10,0.00 (0.00 %)," ","170,670","3,943,000,000",0,0,23.10,23.20,23.10
20/12/2019,9.88,23.10,0.10 (0.43 %)," ","225,590","5,201,000,000",0,0,23.00,23.10,23.00
19/12/2019,9.83,23.00,0.20 (0.88 %)," ","251,320","5,773,000,000",0,0,22.80,23.00,22.80
18/12/2019,9.75,22.80,-0.10 (-0.44 %)," ","136,180","3,105,000,000",0,0,22.90,22.90,22.80
17/12/2019,9.79,22.90,-0.10 (-0.43 %)," ","236,000","5,408,000,000",0,0,23.00,23.10,22.90
16/12/2019,9.83,23.00,-0.10 (-0.43 %)," ","240,750","5,545,000,000",0,0,23.10,23.20,23.00
13/12/2019,9.88,23.10,0.00 (0.00 %)," ","201,860","4,662,000,000",0,0,23.10,23.20,23.00
12/12/2019,9.88,23.10,0.20 (0.87 %)," ","273,690","6,267,000,000",0,0,22.90,23.10,22.80
11/12/2019,9.79,22.90,-0.10 (-0.43 %)," ","176,580","4,045,000,000",0,0,23.00,23.10,22.90
10/12/2019,9.83,23.00,0.00 (0.00 %)," ","193,100","4,441,000,000",0,0,23.00,23.10,22.90
09/12/2019,9.83,23.00,0.10 (0.44 %)," ","174,060","3,994,000,000",0,0,22.90,23.10,22.80
06/12/2019,9.79,22.90,0.00 (0.00 %)," ","83,470","1,913,000,000",0,0,22.90,23.00,22.80
05/12/2019,9.79,22.90,-0.20 (-0.87 %)," ","84,850","1,947,000,000",0,0,23.10,23.10,22.90
04/12/2019,9.88,23.10,0.10 (0.43 %)," ","88,760","2,044,000,000",0,0,23.00,23.10,22.80
03/12/2019,9.83,23.00,0.00 (0.00 %)," ","90,100","2,072,000,000",0,0,23.00,23.10,23.00
02/12/2019,9.83,23.00,0.10 (0.44 %)," ","106,300","2,438,000,000",0,0,22.90,23.00,22.80
29/11/2019,9.79,22.90,0.00 (0.00 %)," ","66,350","1,519,000,000",0,0,22.90,22.90,22.80
28/11/2019,9.79,22.90,0.10 (0.44 %)," ","258,560","5,920,000,000",0,0,22.80,22.90,22.80
27/11/2019,9.75,22.80,0.00 (0.00 %)," ","291,220","6,640,000,000",0,0,22.80,22.90,22.70
26/11/2019,9.75,22.80,-0.10 (-0.44 %)," ","167,960","3,830,000,000",0,0,22.90,23.00,22.70
25/11/2019,9.79,22.90,0.10 (0.44 %)," ","56,850","1,298,000,000",0,0,22.80,22.90,22.70
22/11/2019,9.75,22.80,0.00 (0.00 %)," ","56,550","1,289,000,000",0,0,22.80,22.80,22.70
21/11/2019,9.75,22.80,0.10 (0.44 %)," ","160,180","3,651,000,000",0,0,22.70,22.80,22.70
20/11/2019,9.70,22.70,0.00 (0.00 %)," ","60,890","1,382,000,000",0,0,22.70,22.70,22.60
19/11/2019,9.70,22.70,-0.10 (-0.44 %)," ","61,210","1,391,000,000",0,0,22.80,22.80,22.70
18/11/2019,9.75,22.80,0.00 (0.00 %)," ","63,560","1,449,000,000",0,0,22.80,22.90,22.70
15/11/2019,9.75,22.80,0.00 (0.00 %)," ","73,370","1,673,000,000",0,0,22.80,22.90,22.80
14/11/2019,9.75,22.80,0.10 (0.44 %)," ","139,590","3,181,000,000",0,0,22.60,22.80,22.60
13/11/2019,9.70,22.70,0.00 (0.00 %)," ","143,250","3,252,000,000",0,0,22.70,22.70,22.60
12/11/2019,9.70,22.70,0.20 (0.89 %)," ","102,060","2,308,000,000",0,0,22.50,22.70,22.35
11/11/2019,9.62,22.50,-0.10 (-0.44 %)," ","57,440","1,299,000,000",0,0,22.60,22.70,22.50
08/11/2019,9.66,22.60,0.00 (0.00 %)," ","89,980","2,033,000,000",0,0,22.60,22.60,22.50
07/11/2019,9.66,22.60,0.20 (0.89 %)," ","93,630","2,101,000,000",0,0,22.40,22.60,22.30
06/11/2019,9.58,22.40,-0.80 (-3.45 %)," ","108,680","2,497,000,000",0,0,23.20,23.20,22.40
05/11/2019,9.92,23.20,-0.10 (-0.43 %)," ","117,050","2,721,000,000",0,0,23.30,23.40,23.20
04/11/2019,9.96,23.30,0.00 (0.00 %)," ","114,280","2,663,000,000",0,0,23.30,23.40,23.30
01/11/2019,9.96,23.30,0.10 (0.43 %)," ","150,360","3,493,000,000","284,680","6,149,088,000",23.20,23.30,23.10
31/10/2019,9.92,23.20,-0.10 (-0.43 %)," ","156,350","3,629,000,000","126,000","2,734,200,000",23.30,23.30,23.00
30/10/2019,9.96,23.30,0.00 (0.00 %)," ","155,090","3,612,000,000",0,0,23.30,23.30,23.20
29/10/2019,9.96,23.30,0.00 (0.00 %)," ","155,030","3,612,000,000",0,0,23.30,23.30,23.20
28/10/2019,9.96,23.30,0.10 (0.43 %)," ","219,680","5,108,000,000",0,0,23.20,23.30,23.10
25/10/2019,9.92,23.20,0.05 (0.22 %)," ","138,590","3,203,000,000",0,0,23.15,23.20,22.80
24/10/2019,9.90,23.15,0.05 (0.22 %)," ","147,730","3,414,000,000",0,0,23.10,23.20,22.90
23/10/2019,9.88,23.10,0.00 (0.00 %)," ","151,600","3,502,000,000",0,0,23.10,23.20,23.10
22/10/2019,9.88,23.10,0.10 (0.43 %)," ","256,430","5,921,000,000",0,0,23.00,23.20,22.90
21/10/2019,9.83,23.00,0.00 (0.00 %)," ","186,250","4,284,000,000",0,0,23.00,23.10,23.00
18/10/2019,9.83,23.00,0.10 (0.44 %)," ","210,610","4,843,000,000",0,0,22.90,23.10,22.90
17/10/2019,9.79,22.90,0.10 (0.44 %)," ","160,370","3,665,000,000",0,0,22.80,23.00,22.80
16/10/2019,9.75,22.80,0.10 (0.44 %)," ","160,410","3,654,000,000",0,0,22.80,22.80,22.50
15/10/2019,9.70,22.70,0.00 (0.00 %)," ","51,980","1,180,000,000",0,0,22.70,22.70,22.70
14/10/2019,9.70,22.70,0.00 (0.00 %)," ","52,840","1,199,000,000",0,0,22.70,22.80,22.70
11/10/2019,9.70,22.70,0.00 (0.00 %)," ","54,820","1,244,000,000",0,0,22.70,22.80,22.70
10/10/2019,9.70,22.70,0.00 (0.00 %)," ","57,140","1,297,000,000",0,0,22.70,22.70,22.60
09/10/2019,9.70,22.70,0.10 (0.44 %)," ","74,230","1,679,000,000",0,0,22.60,22.70,22.50
08/10/2019,9.66,22.60,0.20 (0.89 %)," ","64,730","1,455,000,000",0,0,22.30,22.60,22.30
07/10/2019,9.58,22.40,-0.40 (-1.75 %)," ","61,950","1,410,000,000",0,0,22.70,22.90,22.40
04/10/2019,9.75,22.80,0.10 (0.44 %)," ","105,600","2,403,000,000",0,0,22.70,22.80,22.60
03/10/2019,9.70,22.70,-0.10 (-0.44 %)," ","73,000","1,654,000,000",0,0,22.70,22.70,22.60
02/10/2019,9.75,22.80,-0.10 (-0.44 %)," ","79,150","1,806,000,000",0,0,22.90,23.00,22.70
01/10/2019,9.79,22.90,0.10 (0.44 %)," ","66,730","1,526,000,000",0,0,22.80,22.90,22.80
30/09/2019,9.75,22.80,0.10 (0.44 %)," ","68,820","1,566,000,000",0,0,22.70,22.80,22.70
27/09/2019,9.70,22.70,0.00 (0.00 %)," ","166,240","3,773,000,000",0,0,22.70,22.80,22.60
26/09/2019,9.70,22.70,0.10 (0.44 %)," ","82,930","1,877,000,000",0,0,22.50,22.70,22.50
25/09/2019,9.66,22.60,0.00 (0.00 %)," ","90,720","2,047,000,000",0,0,22.30,22.60,22.30
24/09/2019,9.66,22.60,0.20 (0.89 %)," ","137,930","3,101,000,000",0,0,22.40,22.60,22.40
23/09/2019,9.58,22.40,0.00 (0.00 %)," ","140,210","3,141,000,000",0,0,22.40,22.50,22.30
20/09/2019,9.58,22.40,-0.20 (-0.88 %)," ","154,130","3,469,000,000",0,0,22.60,22.80,22.40
19/09/2019,9.66,22.60,-0.20 (-0.88 %)," ","156,310","3,547,000,000",0,0,22.80,22.80,22.60
18/09/2019,9.75,22.80,-0.20 (-0.87 %)," ","150,560","3,451,000,000",0,0,22.60,23.00,22.80
17/09/2019,9.83,23.00,0.30 (1.32 %)," ","229,140","5,233,000,000",0,0,22.60,23.00,22.70
16/09/2019,9.70,22.70,0.10 (0.44 %)," ","165,580","3,770,000,000",0,0,22.60,23.20,22.50
13/09/2019,9.66,22.60,0.50 (2.26 %)," ","170,080","3,760,000,000",0,0,22.10,22.60,21.80
12/09/2019,9.45,22.10,0.30 (1.38 %)," ","164,330","3,613,000,000",0,0,22.00,22.10,21.80
11/09/2019,9.32,21.80,0.00 (0.00 %)," ","144,790","3,146,000,000",0,0,21.80,21.90,21.60
10/09/2019,9.32,21.80,0.00 (0.00 %)," ","145,300","3,164,000,000",0,0,21.80,22.00,21.60
09/09/2019,9.32,21.80,0.20 (0.93 %)," ","148,270","3,223,000,000",0,0,21.40,21.80,21.60
06/09/2019,9.23,21.60,0.20 (0.93 %)," ","159,440","3,445,000,000",0,0,21.40,21.80,21.40
05/09/2019,9.15,21.40,0.00 (0.00 %)," ","158,850","3,398,000,000",0,0,21.40,21.60,21.30
04/09/2019,9.15,21.40,0.00 (0.00 %)," ","162,050","3,455,000,000",0,0,21.40,21.50,21.20
03/09/2019,9.15,21.40,-0.20 (-0.93 %)," ","204,160","4,378,000,000",0,0,21.60,21.60,21.40
30/08/2019,9.23,21.60,0.20 (0.93 %)," ","110,460","2,374,000,000",0,0,21.30,21.70,21.40
29/08/2019,9.15,21.40,0.10 (0.47 %)," ","111,710","2,368,000,000",0,0,21.30,21.40,21.00
28/08/2019,9.11,21.30,-0.10 (-0.47 %)," ","183,150","3,913,000,000",0,0,21.40,21.50,21.20
27/08/2019,9.15,21.40,0.00 (0.00 %)," ","199,250","4,250,000,000",0,0,21.30,21.50,21.20
26/08/2019,9.15,21.40,-0.20 (-0.93 %)," ","162,250","3,450,000,000",0,0,21.60,21.60,21.10
23/08/2019,9.23,21.60,-0.20 (-0.92 %)," ","197,980","4,285,000,000",0,0,21.80,22.00,21.30
22/08/2019,9.32,21.80,0.10 (0.46 %)," ","198,080","4,282,000,000",0,0,21.70,21.90,21.50
21/08/2019,9.28,21.70,-0.40 (-1.81 %)," ","187,060","4,103,000,000",0,0,22.10,22.10,21.50
20/08/2019,9.45,22.10,-0.30 (-1.34 %)," ","247,770","5,475,000,000",0,0,22.40,22.40,21.90
19/08/2019,9.58,22.40,0.30 (1.36 %)," ","162,900","3,653,000,000",0,0,22.10,22.70,22.10
16/08/2019,9.45,22.10,0.30 (1.38 %)," ","241,870","5,293,000,000",0,0,21.80,22.20,21.60
15/08/2019,9.32,21.80,0.10 (0.46 %)," ","205,880","4,452,000,000",0,0,21.70,21.80,21.40
14/08/2019,9.28,21.70,0.10 (0.46 %)," ","223,610","4,836,000,000",0,0,21.60,21.80,21.40
13/08/2019,9.23,21.60,0.10 (0.47 %)," ","283,930","6,094,000,000",0,0,21.50,21.60,21.10
12/08/2019,9.19,21.50,0.10 (0.47 %)," ","270,570","5,776,000,000",0,0,21.40,21.60,20.90
09/08/2019,9.15,21.40,1.20 (5.94 %)," ","643,510","13,467,000,000",0,0,20.20,21.60,20.20
08/08/2019,8.64,20.20,0.00 (0.00 %)," ","151,200","3,025,000,000",0,0,20.20,20.20,19.60
07/08/2019,8.64,20.20,-0.60 (-2.88 %)," ","140,530","2,822,000,000",0,0,20.80,20.80,19.70
06/08/2019,8.89,20.80,0.20 (0.97 %)," ","153,640","3,162,000,000",0,0,20.60,20.80,20.30
05/08/2019,8.81,20.60,0.00 (0.00 %)," ","213,530","4,370,000,000",0,0,20.60,20.60,20.40
02/08/2019,8.81,20.60,0.00 (0.00 %)," ","192,410","3,948,000,000",0,0,20.60,20.70,20.30
01/08/2019,8.81,20.60,0.00 (0.00 %)," ","465,570","9,299,000,000",0,0,20.60,20.90,19.20
31/07/2019,8.81,20.60,0.00 (0.00 %)," ","94,210","1,939,000,000",0,0,20.60,20.70,20.50
30/07/2019,8.81,20.60,0.00 (0.00 %)," ","392,610","8,107,000,000",0,0,20.60,20.90,20.55
29/07/2019,8.81,20.60,0.10 (0.49 %)," ","258,420","5,313,000,000",0,0,20.50,20.80,20.50
26/07/2019,8.76,20.50,-0.20 (-0.97 %)," ","216,710","4,474,000,000",0,0,20.70,20.80,20.50
25/07/2019,8.85,20.70,0.10 (0.49 %)," ","337,120","6,943,000,000",0,0,20.60,20.70,20.40
24/07/2019,8.81,20.60,-0.20 (-0.96 %)," ","58,760","1,215,000,000",0,0,20.50,20.90,20.50
23/07/2019,8.89,20.80,0.00 (0.00 %)," ","36,910","767,000,000",0,0,20.80,20.90,20.60
22/07/2019,8.89,20.80,-0.20 (-0.95 %)," ","68,540","1,431,000,000",0,0,21.00,21.00,20.80
19/07/2019,8.98,21.00,-0.60 (-2.78 %)," ","147,920","3,160,000,000",0,0,22.00,21.70,20.80
18/07/2019,9.23,21.60,-0.40 (-1.82 %)," ","65,600","1,430,000,000",0,0,22.00,22.00,21.60
17/07/2019,9.41,22.00,0.20 (0.92 %)," ","55,260","1,176,000,000",0,0,21.80,22.00,20.30
16/07/2019,9.32,21.80,0.00 (0.00 %)," ","101,540","2,184,000,000",0,0,21.80,21.80,21.40
15/07/2019,9.32,21.80,-0.20 (-0.91 %)," ","91,320","1,999,000,000",0,0,21.60,22.00,21.80
12/07/2019,9.41,22.00,0.30 (1.38 %)," ","79,140","1,737,000,000",0,0,21.60,22.40,21.60
11/07/2019,9.28,21.70,0.20 (0.93 %)," ","79,880","1,726,000,000",0,0,21.50,21.70,21.50
10/07/2019,9.19,21.50,0.30 (1.42 %)," ","81,840","1,746,000,000",0,0,21.20,21.60,21.20
09/07/2019,9.06,21.20,-0.30 (-1.40 %)," ","88,030","1,873,000,000",0,0,21.50,21.50,21.00
08/07/2019,9.19,21.50,-0.70 (-3.15 %)," ","89,750","1,947,000,000",0,0,22.00,22.00,21.50
05/07/2019,9.49,22.20,-0.20 (-0.89 %)," ","86,660","1,930,000,000",0,0,22.40,22.50,22.20
04/07/2019,9.58,22.40,0.40 (1.82 %)," ","88,100","1,951,000,000",0,0,22.40,22.50,21.90
03/07/2019,9.41,22.00,-0.40 (-1.79 %)," ","114,650","2,540,000,000",0,0,22.40,22.50,21.90
02/07/2019,9.58,22.40,0.30 (1.36 %)," ","122,310","2,766,000,000",0,0,22.40,22.80,22.00
01/07/2019,9.45,22.10,-0.90 (-3.91 %)," ","119,550","2,729,000,000",0,0,22.10,23.20,22.10
28/06/2019,9.83,23.00,0.00 (0.00 %)," ","143,120","3,284,000,000",0,0,23.00,23.10,22.80
27/06/2019,9.83,23.00,0.20 (0.88 %)," ","231,540","5,343,000,000",0,0,23.00,23.50,22.80
26/06/2019,9.75,22.80,0.10 (0.44 %)," ","53,870","1,218,000,000",0,0,22.80,23.10,22.40
25/06/2019,9.70,22.70,0.00 (0.00 %)," ","111,710","2,526,000,000",0,0,22.60,23.00,22.50
24/06/2019,9.70,22.70,-0.10 (-0.44 %)," ","55,200","1,259,000,000",0,0,22.80,23.10,22.60
21/06/2019,9.75,22.80,0.50 (2.24 %)," ","74,550","1,665,000,000",0,0,22.80,22.80,21.80
20/06/2019,9.53,22.30,1.00 (4.69 %)," ","58,500","1,263,000,000",0,0,21.30,22.40,21.00
19/06/2019,9.11,21.30,0.30 (1.43 %)," ","53,930","1,145,000,000",0,0,21.30,21.70,20.90
18/06/2019,8.98,21.00,-0.40 (-1.87 %)," ","65,880","1,390,000,000",0,0,21.40,21.40,21.00
17/06/2019,9.15,21.40,-0.20 (-0.93 %)," ","65,290","1,404,000,000",0,0,21.60,22.00,21.30
14/06/2019,9.23,21.60,1.00 (4.85 %)," ","91,220","1,924,000,000",0,0,20.60,21.80,20.50
13/06/2019,8.81,20.60,-0.10 (-0.48 %)," ","108,240","2,221,000,000",0,0,20.70,20.70,20.40
12/06/2019,8.85,20.70,0.40 (1.97 %)," ","80,950","1,653,000,000",0,0,20.00,20.90,19.90
11/06/2019,8.68,20.30,-0.10 (-0.49 %)," ","83,720","1,686,000,000",0,0,20.40,20.40,19.80
10/06/2019,8.72,20.40,1.00 (5.15 %)," ","96,640","1,925,000,000",0,0,19.40,20.40,19.40
07/06/2019,8.29,19.40,0.90 (4.86 %)," ","95,850","1,806,000,000",0,0,18.50,19.40,18.40
06/06/2019,7.91,18.50,0.50 (2.78 %)," ","124,100","2,270,000,000",0,0,18.00,18.50,18.00
05/06/2019,7.70,18.00,-1.00 (-5.26 %)," ","131,970","2,441,000,000",0,0,19.00,19.00,17.70
04/06/2019,8.12,19.00,-1.20 (-5.94 %)," ","122,940","2,363,000,000",0,0,19.50,19.55,19.00
03/06/2019,8.64,20.20,-1.50 (-6.91 %)," ","127,780","2,675,000,000",0,0,21.60,21.60,20.20
31/05/2019,9.28,21.70,-0.30 (-1.36 %)," ","160,560","3,463,000,000",0,0,21.70,22.00,21.30
30/05/2019,9.41,22.00,-0.30 (-1.35 %)," ","119,600","2,631,000,000",0,0,22.00,22.20,21.90
29/05/2019,9.53,22.30,-0.30 (-1.33 %)," ","142,540","3,180,000,000",0,0,22.50,22.60,21.90
28/05/2019,9.66,22.60,0.00 (0.00 %)," ","172,080","3,866,000,000",0,0,22.60,22.60,22.20
27/05/2019,9.66,22.60,0.10 (0.44 %)," ","183,980","4,157,000,000",0,0,22.50,22.80,22.40
24/05/2019,9.62,22.50,0.30 (1.35 %)," ","209,980","4,670,000,000",0,0,22.20,22.60,22.00
23/05/2019,9.49,22.20,-2.50 (-10.12 %)," ","182,040","4,013,000,000",0,0,21.60,22.30,21.60
22/05/2019,9.18,24.70,0.20 (0.82 %)," ","168,180","4,157,000,000",0,0,24.70,25.10,24.40
21/05/2019,9.11,24.50,0.40 (1.66 %)," ","164,320","3,998,000,000",0,0,24.00,24.70,24.00
20/05/2019,8.96,24.10,0.60 (2.55 %)," ","174,210","4,169,000,000",0,0,23.50,24.30,23.50
17/05/2019,8.74,23.50,0.60 (2.62 %)," ","183,320","4,255,000,000",0,0,22.80,23.60,22.80
16/05/2019,8.51,22.90,0.30 (1.33 %)," ","195,060","4,438,000,000",0,0,22.50,23.00,22.40
15/05/2019,8.40,22.60,0.30 (1.35 %)," ","137,780","3,057,000,000",0,0,22.10,22.60,21.80
14/05/2019,8.29,22.30,-0.20 (-0.89 %)," ","160,170","3,544,000,000",0,0,22.30,22.50,21.90
13/05/2019,8.36,22.50,1.00 (4.65 %)," ","159,410","3,496,000,000",0,0,21.50,22.60,21.50
10/05/2019,7.99,21.50,0.50 (2.38 %)," ","155,380","3,301,000,000",0,0,21.00,21.60,20.90
09/05/2019,7.81,21.00,0.80 (3.96 %)," ","184,840","3,805,000,000",0,0,20.00,21.40,19.90
08/05/2019,7.51,20.20,1.20 (6.32 %)," ","147,850","2,871,000,000",0,0,18.90,20.20,18.90
07/05/2019,7.06,19.00,1.00 (5.56 %)," ","282,620","5,079,000,000",0,0,18.00,19.00,17.60
06/05/2019,6.69,18.00,-0.50 (-2.70 %)," ","197,570","3,547,000,000",0,0,18.00,18.20,17.80
03/05/2019,6.88,18.50,-0.70 (-3.65 %)," ","211,650","3,916,000,000",0,0,18.80,19.00,18.20
02/05/2019,7.14,19.20,-0.50 (-2.54 %)," ","205,420","3,955,000,000",0,0,19.50,19.60,19.00
26/04/2019,7.32,19.70,0.00 (0.00 %)," ","205,620","4,029,000,000",0,0,19.50,19.70,19.40
25/04/2019,7.32,19.70,0.00 (0.00 %)," ","254,300","4,984,000,000",0,0,19.50,19.70,19.40
24/04/2019,7.32,19.70,0.00 (0.00 %)," ","208,090","4,089,000,000",0,0,19.70,19.70,19.50
23/04/2019,7.32,19.70,0.00 (0.00 %)," ","178,360","3,482,000,000",0,0,19.50,19.70,19.40
22/04/2019,7.32,19.70,-0.80 (-3.90 %)," ","216,600","4,293,000,000",0,0,20.40,20.40,19.50
19/04/2019,7.62,20.50,0.80 (4.06 %)," ","178,170","3,580,000,000",0,0,19.60,20.60,19.60
18/04/2019,7.32,19.70,0.00 (0.00 %)," ","162,900","3,184,000,000",0,0,19.70,19.70,19.30
17/04/2019,7.32,19.70,-0.20 (-1.01 %)," ","166,210","3,270,000,000",0,0,19.90,19.90,19.50
16/04/2019,7.40,19.90,-0.40 (-1.97 %)," ","197,050","3,915,000,000",0,0,20.00,20.30,19.60
12/04/2019,7.55,20.30,-0.15 (-0.73 %)," ","210,170","4,238,000,000",0,0,20.20,20.60,19.85
11/04/2019,7.60,20.45,-0.35 (-1.68 %)," ","173,970","3,591,000,000",0,0,20.80,21.00,20.30
10/04/2019,7.73,20.80,0.35 (1.71 %)," ","181,730","3,758,000,000",0,0,20.45,21.00,20.45
09/04/2019,7.60,20.45,1.30 (6.79 %)," ","244,060","4,620,000,000",0,0,18.50,20.45,18.40
08/04/2019,7.12,19.15,-1.35 (-6.59 %)," ","190,360","3,737,000,000",0,0,20.30,20.30,19.15
05/04/2019,7.62,20.50,-1.15 (-5.31 %)," ","183,030","3,814,000,000",0,0,21.50,21.65,20.40
04/04/2019,8.05,21.65,-0.65 (-2.91 %)," ","188,600","4,124,000,000",0,0,21.65,22.30,21.50
03/04/2019,8.29,22.30,-0.70 (-3.04 %)," ","213,490","4,869,000,000",0,0,22.90,23.00,22.30
02/04/2019,8.55,23.00,1.00 (4.55 %)," ","169,940","3,813,000,000",0,0,21.80,23.00,21.80
01/04/2019,8.18,22.00,-1.00 (-4.35 %)," ","177,460","3,957,000,000",0,0,22.90,22.90,21.80
29/03/2019,8.55,23.00,0.20 (0.88 %)," ","206,080","4,694,000,000",0,0,22.60,23.20,22.50
28/03/2019,8.48,22.80,0.10 (0.44 %)," ","192,030","4,362,000,000",0,0,22.50,23.00,22.50
27/03/2019,8.44,22.70,0.10 (0.44 %)," ","198,890","4,486,000,000",0,0,22.50,22.70,22.30
26/03/2019,8.40,22.60,0.10 (0.44 %)," ","214,880","4,773,000,000",0,0,22.50,22.60,21.90
25/03/2019,8.36,22.50,-0.30 (-1.32 %)," ","239,520","5,402,000,000",0,0,22.70,22.70,22.30
22/03/2019,8.48,22.80,0.10 (0.44 %)," ","302,480","6,866,000,000",0,0,22.70,22.80,22.50
21/03/2019,8.44,22.70,-0.30 (-1.30 %)," ","223,610","5,128,000,000",0,0,23.00,23.10,22.70
20/03/2019,8.55,23.00,-0.35 (-1.50 %)," ","210,260","4,863,000,000",0,0,23.35,23.35,22.90
19/03/2019,8.68,23.35,-0.70 (-2.91 %)," ","164,070","3,855,000,000",0,0,24.00,24.00,23.30
18/03/2019,8.94,24.05,1.55 (6.89 %)," ","218,470","5,038,000,000",0,0,22.50,24.05,22.50
15/03/2019,8.36,22.50,-0.10 (-0.44 %)," ","194,030","4,381,000,000",0,0,22.50,22.90,22.40
14/03/2019,8.40,22.60,0.20 (0.89 %)," ","131,890","2,948,000,000",0,0,22.30,22.60,22.20
13/03/2019,8.33,22.40,0.10 (0.45 %)," ","146,710","3,279,000,000",0,0,22.30,22.50,22.30
12/03/2019,8.29,22.30,0.10 (0.45 %)," ","149,170","3,324,000,000",0,0,22.20,22.50,22.20
11/03/2019,8.25,22.20,0.20 (0.91 %)," ","149,000","3,289,000,000",0,0,22.00,22.30,21.90
08/03/2019,8.18,22.00,-0.40 (-1.79 %)," ","155,620","3,433,000,000",0,0,22.40,22.40,21.90
07/03/2019,8.33,22.40,-0.20 (-0.88 %)," ","203,510","4,565,000,000",0,0,22.40,22.70,22.20
06/03/2019,8.40,22.60,-0.20 (-0.88 %)," ","160,480","3,623,000,000",0,0,22.80,22.80,22.30
05/03/2019,8.48,22.80,0.20 (0.88 %)," ","274,180","6,242,000,000",0,0,22.40,23.00,22.40
04/03/2019,8.40,22.60,0.60 (2.73 %)," ","409,760","8,973,000,000",0,0,22.00,22.60,21.50
01/03/2019,8.18,22.00,0.20 (0.92 %)," ","291,290","6,334,000,000",0,0,21.50,22.00,21.40
28/02/2019,8.10,21.80,0.10 (0.46 %)," ","183,490","3,959,000,000",0,0,21.40,21.90,21.40
27/02/2019,8.07,21.70,0.10 (0.46 %)," ","189,780","4,078,000,000",0,0,21.30,21.70,21.30
26/02/2019,8.03,21.60,0.20 (0.93 %)," ","180,220","3,859,000,000",0,0,21.10,21.60,21.10
25/02/2019,7.96,21.40,0.10 (0.47 %)," ","182,150","3,838,000,000",0,0,21.10,21.40,20.90
22/02/2019,7.92,21.30,-0.30 (-1.39 %)," ","152,530","3,258,000,000",0,0,21.40,21.70,21.20
21/02/2019,8.03,21.60,-0.20 (-0.92 %)," ","153,690","3,306,000,000",0,0,21.60,21.80,21.40
20/02/2019,8.10,21.80,-0.20 (-0.91 %)," ","133,650","2,911,000,000",0,0,21.80,22.00,21.60
19/02/2019,8.18,22.00,-0.20 (-0.90 %)," ","128,460","2,807,000,000",0,0,22.00,22.20,21.70
18/02/2019,8.25,22.20,-0.20 (-0.89 %)," ","158,900","3,513,000,000",0,0,22.20,22.40,21.80
15/02/2019,8.33,22.40,0.00 (0.00 %)," ","186,970","4,219,000,000",0,0,22.10,22.90,22.10
14/02/2019,8.33,22.40,0.20 (0.90 %)," ","168,340","3,766,000,000",0,0,22.10,22.60,22.10
13/02/2019,8.25,22.20,-0.20 (-0.89 %)," ","152,910","3,392,000,000",0,0,22.30,22.40,22.00
12/02/2019,8.33,22.40,0.10 (0.45 %)," ","169,780","3,788,000,000",0,0,22.30,22.50,22.20
11/02/2019,8.29,22.30,0.30 (1.36 %)," ","163,540","3,572,000,000",0,0,22.00,22.30,21.60
01/02/2019,8.18,22.00,0.00 (0.00 %)," ","88,530","1,939,000,000",0,0,22.00,22.10,21.70
31/01/2019,8.18,22.00,-0.20 (-0.90 %)," ","161,650","3,537,000,000",0,0,22.00,22.00,21.70
30/01/2019,8.25,22.20,-0.60 (-2.63 %)," ","179,060","4,017,000,000",0,0,22.70,22.70,22.20
29/01/2019,8.48,22.80,-0.60 (-2.56 %)," ","196,400","4,506,000,000",0,0,23.20,23.20,22.75
28/01/2019,8.70,23.40,0.30 (1.30 %)," ","200,500","4,698,000,000",0,0,23.20,23.60,23.20
25/01/2019,8.59,23.10,0.00 (0.00 %)," ","174,700","4,028,000,000",0,0,22.90,23.40,22.90
24/01/2019,8.59,23.10,0.10 (0.43 %)," ","175,220","4,006,000,000",0,0,22.90,23.10,22.60
23/01/2019,8.55,23.00,0.00 (0.00 %)," ","187,050","4,280,000,000",0,0,22.80,23.20,22.60
22/01/2019,8.55,23.00,-0.30 (-1.29 %)," ","205,040","4,668,000,000",0,0,23.00,23.10,22.65
21/01/2019,8.66,23.30,0.00 (0.00 %)," ","102,830","2,389,000,000",0,0,23.30,23.40,23.00
18/01/2019,8.66,23.30,0.70 (3.10 %)," ","191,020","4,370,000,000",0,0,22.30,23.60,22.30
17/01/2019,8.40,22.60,0.10 (0.44 %)," ","183,600","4,105,000,000",0,0,22.20,22.60,22.20
16/01/2019,8.36,22.50,0.50 (2.27 %)," ","156,620","3,483,000,000",0,0,22.50,22.50,22.00
15/01/2019,8.18,22.00,0.00 (0.00 %)," ","128,450","2,815,000,000",0,0,21.80,22.10,21.70
14/01/2019,8.18,22.00,-0.30 (-1.35 %)," ","100,800","2,217,000,000",0,0,22.10,22.20,21.90
11/01/2019,8.29,22.30,0.00 (0.00 %)," ","112,180","2,474,000,000",0,0,22.00,22.30,21.90
10/01/2019,8.29,22.30,0.20 (0.90 %)," ","93,550","2,067,000,000",0,0,22.00,22.30,21.90
09/01/2019,8.22,22.10,0.20 (0.91 %)," ","98,010","2,155,000,000",0,0,21.80,22.30,21.70
08/01/2019,8.14,21.90,-0.60 (-2.67 %)," ","152,930","3,354,000,000",0,0,22.50,22.50,21.60
07/01/2019,8.36,22.50,0.00 (0.00 %)," ","103,380","2,324,000,000",0,0,22.50,22.70,22.30
04/01/2019,8.36,22.50,0.00 (0.00 %)," ","119,310","2,634,000,000",0,0,22.00,22.50,21.80
03/01/2019,8.36,22.50,-0.60 (-2.60 %)," ","104,810","2,394,000,000",0,0,23.10,23.10,22.50
02/01/2019,8.59,23.10,0.10 (0.43 %)," ","100,070","2,297,000,000",0,0,23.10,23.10,22.80
28/12/2018,8.55,23.00,0.00 (0.00 %)," ","288,880","6,599,000,000",0,0,23.00,23.00,22.70
27/12/2018,8.55,23.00,0.50 (2.22 %)," ","268,000","6,127,000,000",0,0,22.50,23.00,22.50
26/12/2018,8.36,22.50,0.50 (2.27 %)," ","246,350","5,494,000,000",0,0,22.00,22.80,21.90
25/12/2018,8.18,22.00,0.00 (0.00 %)," ","217,420","4,744,000,000",0,0,21.70,22.00,21.60
24/12/2018,8.18,22.00,0.30 (1.38 %)," ","226,630","4,936,000,000",0,0,21.70,22.00,21.60
21/12/2018,8.07,21.70,0.00 (0.00 %)," ","208,540","4,496,000,000",0,0,21.50,21.70,21.40
20/12/2018,8.07,21.70,0.10 (0.46 %)," ","219,370","4,715,000,000",0,0,21.40,21.70,21.40
19/12/2018,8.03,21.60,0.10 (0.47 %)," ","223,640","4,741,000,000",0,0,21.00,21.60,21.00
18/12/2018,7.99,21.50,-1.00 (-4.44 %)," ","216,350","4,747,000,000",0,0,22.20,22.20,21.50
17/12/2018,8.36,22.50,-0.50 (-2.17 %)," ","218,140","4,932,000,000",0,0,23.00,23.00,22.40
14/12/2018,8.55,23.00,-0.30 (-1.29 %)," ","222,940","5,147,000,000",0,0,23.30,23.30,22.90
13/12/2018,8.66,23.30,0.40 (1.75 %)," ","261,340","6,076,000,000",0,0,22.90,23.50,22.80
12/12/2018,8.51,22.90,0.30 (1.33 %)," ","209,870","4,750,000,000",0,0,22.60,22.90,22.40
11/12/2018,8.40,22.60,-0.20 (-0.88 %)," ","235,110","5,303,000,000",0,0,22.80,22.80,22.40
10/12/2018,8.48,22.80,0.10 (0.44 %)," ","243,300","5,482,000,000",0,0,22.70,22.80,22.30
07/12/2018,8.44,22.70,0.20 (0.89 %)," ","267,700","5,952,000,000",0,0,22.20,22.70,21.90
06/12/2018,8.36,22.50,-0.20 (-0.88 %)," ","260,190","5,898,000,000",0,0,22.70,23.00,22.40
05/12/2018,8.44,22.70,-0.30 (-1.30 %)," ","207,860","4,694,000,000",0,0,23.00,23.00,22.20
04/12/2018,8.55,23.00,-0.30 (-1.29 %)," ","218,060","5,023,000,000",0,0,23.10,23.40,22.80
03/12/2018,8.66,23.30,0.60 (2.64 %)," ","248,850","5,699,000,000",0,0,22.40,23.50,22.40
30/11/2018,8.44,22.70,0.30 (1.34 %)," ","215,950","4,863,000,000",0,0,22.40,22.70,22.30
29/11/2018,8.33,22.40,0.10 (0.45 %)," ","225,190","5,004,000,000",0,0,22.10,22.50,22.00
28/11/2018,8.29,22.30,0.10 (0.45 %)," ","261,430","5,761,000,000",0,0,22.00,22.50,21.80
27/11/2018,8.25,22.20,0.10 (0.45 %)," ","229,730","5,061,000,000",0,0,21.80,22.30,21.80
26/11/2018,8.22,22.10,0.10 (0.45 %)," ","234,880","5,099,000,000",0,0,21.50,22.10,21.40
23/11/2018,8.18,22.00,-0.30 (-1.35 %)," ","268,920","5,957,000,000",0,0,22.30,22.50,22.00
22/11/2018,8.29,22.30,-1.00 (-4.29 %)," ","272,390","6,204,000,000",0,0,23.30,23.60,22.10
21/11/2018,8.66,23.30,-0.50 (-2.10 %)," ","246,950","5,802,000,000",0,0,23.80,23.80,23.30
20/11/2018,8.85,23.80,0.10 (0.42 %)," ","236,200","5,614,000,000",0,0,23.70,24.00,23.50
19/11/2018,8.81,23.70,0.20 (0.85 %)," ","228,560","5,426,000,000",0,0,23.50,24.10,23.40
16/11/2018,8.74,23.50,-0.20 (-0.84 %)," ","231,070","5,385,000,000",0,0,23.70,23.80,22.60
15/11/2018,8.81,23.70,-0.10 (-0.42 %)," ","189,010","4,479,000,000",0,0,23.80,24.00,23.50
14/11/2018,8.85,23.80,0.30 (1.28 %)," ","196,190","4,680,000,000",0,0,23.50,24.00,23.50
13/11/2018,8.74,23.50,-0.10 (-0.42 %)," ","199,410","4,637,000,000",0,0,23.60,23.70,22.80
12/11/2018,8.77,23.60,0.10 (0.43 %)," ","239,440","5,545,000,000",0,0,23.50,23.60,23.00
09/11/2018,8.74,23.50,-0.20 (-0.84 %)," ","163,030","3,862,000,000",0,0,23.70,23.90,23.00
08/11/2018,8.81,23.70,0.20 (0.85 %)," ","158,150","3,747,000,000",0,0,23.50,24.00,23.50
07/11/2018,8.74,23.50,-0.20 (-0.84 %)," ","173,550","4,118,000,000",0,0,23.70,24.00,23.50
06/11/2018,8.81,23.70,-0.30 (-1.25 %)," ","174,700","4,143,000,000",0,0,23.70,24.00,23.50
05/11/2018,8.92,24.00,0.40 (1.69 %)," ","204,390","4,911,000,000",0,0,23.60,24.50,23.40
02/11/2018,8.77,23.60,1.10 (4.89 %)," ","276,240","6,250,000,000",0,0,21.30,23.60,21.30
01/11/2018,8.36,22.50,1.00 (4.65 %)," ","144,440","3,200,000,000",0,0,21.70,22.60,21.70
31/10/2018,7.99,21.50,-0.30 (-1.38 %)," ","162,270","3,542,000,000",0,0,21.80,22.00,21.50
30/10/2018,8.10,21.80,0.10 (0.46 %)," ","161,280","3,486,000,000",0,0,21.70,21.80,21.30
29/10/2018,8.07,21.70,0.30 (1.40 %)," ","181,000","3,883,000,000",0,0,21.40,21.80,21.10
26/10/2018,7.96,21.40,0.10 (0.47 %)," ","161,310","3,444,000,000",0,0,21.30,21.70,21.10
25/10/2018,7.92,21.30,0.10 (0.47 %)," ","175,690","3,727,000,000",0,0,21.00,21.50,21.00
24/10/2018,7.88,21.20,-0.30 (-1.40 %)," ","154,290","3,201,000,000",0,0,20.50,21.20,20.50
23/10/2018,7.99,21.50,-0.50 (-2.27 %)," ","180,310","3,890,000,000",0,0,22.10,22.10,21.00
22/10/2018,8.18,22.00,0.40 (1.85 %)," ","192,170","4,198,000,000",0,0,21.60,22.30,21.50
19/10/2018,8.03,21.60,-1.50 (-6.49 %)," ","161,810","3,609,000,000",0,0,23.10,23.10,21.60
18/10/2018,8.59,23.10,-0.90 (-3.75 %)," ","162,540","3,842,000,000",0,0,23.80,24.10,23.10
17/10/2018,8.92,24.00,1.00 (4.35 %)," ","198,810","4,669,000,000",0,0,24.00,24.10,22.80
16/10/2018,8.55,23.00,0.60 (2.68 %)," ","174,450","3,999,000,000",0,0,22.50,23.50,22.50
15/10/2018,8.33,22.40,0.40 (1.82 %)," ","199,820","4,468,000,000",0,0,22.00,22.60,22.00
12/10/2018,8.18,22.00,1.00 (4.76 %)," ","197,000","4,241,000,000",0,0,21.00,22.00,21.00
11/10/2018,7.81,21.00,0.20 (0.96 %)," ","237,590","4,868,000,000",0,0,21.00,21.00,20.10
10/10/2018,7.73,20.80,0.00 (0.00 %)," ","178,820","3,710,000,000",0,0,20.60,21.00,20.60
09/10/2018,7.73,20.80,-0.50 (-2.35 %)," ","201,130","4,232,000,000",0,0,21.50,21.50,20.80
08/10/2018,7.92,21.30,-0.20 (-0.93 %)," ","203,950","4,362,000,000",0,0,21.60,21.80,21.00
05/10/2018,7.99,21.50,-0.70 (-3.15 %)," ","203,450","4,441,000,000",0,0,22.50,22.60,20.65
04/10/2018,8.25,22.20,0.20 (0.91 %)," ","213,470","4,726,000,000",0,0,22.00,22.50,21.95
03/10/2018,8.18,22.00,0.20 (0.92 %)," ","195,700","4,296,000,000",0,0,21.80,22.20,21.80
02/10/2018,8.10,21.80,0.70 (3.32 %)," ","205,110","4,407,000,000",0,0,21.10,21.80,21.10
01/10/2018,7.84,21.10,0.40 (1.93 %)," ","172,060","3,590,000,000",0,0,20.70,21.10,20.60
28/09/2018,7.70,20.70,0.30 (1.47 %)," ","188,500","3,863,000,000",0,0,20.50,20.80,20.30
27/09/2018,7.58,20.40,0.00 (0.00 %)," ","203,650","4,147,000,000",0,0,20.40,20.60,20.00
26/09/2018,7.58,20.40,0.10 (0.49 %)," ","191,890","3,914,000,000",0,0,20.50,20.60,20.30
25/09/2018,7.55,20.30,0.10 (0.50 %)," ","203,930","4,121,000,000",0,0,20.30,20.70,19.30
24/09/2018,7.51,20.20,-0.10 (-0.49 %)," ","203,870","4,139,000,000",0,0,20.30,20.60,20.00
21/09/2018,7.55,20.30,-0.20 (-0.98 %)," ","233,900","4,751,000,000",0,0,20.20,20.60,20.20
20/09/2018,7.62,20.50,0.20 (0.99 %)," ","98,090","2,001,000,000",0,0,20.30,20.70,20.20
19/09/2018,7.55,20.30,1.30 (6.84 %)," ","314,760","6,190,000,000",0,0,19.00,20.30,18.90
18/09/2018,7.06,19.00,0.40 (2.15 %)," ","320,900","6,001,000,000",0,0,18.60,19.00,18.50
17/09/2018,6.92,18.60,-0.30 (-1.59 %)," ","240,250","4,501,000,000",0,0,18.80,18.90,18.40
14/09/2018,7.03,18.90,0.20 (1.07 %)," ","200,610","3,774,000,000",0,0,18.90,19.00,18.40
13/09/2018,6.95,18.70,0.10 (0.54 %)," ","201,560","3,722,000,000",0,0,18.30,19.00,18.20
12/09/2018,6.92,18.60,0.30 (1.64 %)," ","202,410","3,702,000,000",0,0,18.10,18.70,18.00
11/09/2018,6.80,18.30,0.30 (1.67 %)," ","208,170","3,766,000,000",0,0,17.80,18.60,17.80
10/09/2018,6.69,18.00,-0.50 (-2.70 %)," ","84,060","1,515,000,000",0,0,18.50,18.50,18.00
07/09/2018,6.88,18.50,0.00 (0.00 %)," ","99,720","1,827,000,000",0,0,18.50,18.50,18.00
06/09/2018,6.88,18.50,-0.10 (-0.54 %)," ","112,670","2,053,000,000",0,0,18.60,18.60,18.00
05/09/2018,6.92,18.60,-0.10 (-0.53 %)," ","117,540","2,164,000,000",0,0,18.70,18.70,18.00
04/09/2018,6.95,18.70,-0.20 (-1.06 %)," ","104,420","1,952,000,000",0,0,18.90,18.90,18.40
31/08/2018,7.03,18.90,0.20 (1.07 %)," ","101,440","1,898,000,000",0,0,18.70,19.00,18.40
30/08/2018,6.95,18.70,-0.30 (-1.58 %)," ","110,170","2,065,000,000",0,0,19.00,19.30,18.20
29/08/2018,7.06,19.00,0.10 (0.53 %)," ","96,250","1,824,000,000",0,0,18.90,19.20,18.80
28/08/2018,7.03,18.90,0.10 (0.53 %)," ","112,560","2,112,000,000",0,0,18.70,19.00,18.50
27/08/2018,6.99,18.80,0.50 (2.73 %)," ","108,310","2,001,000,000",0,0,18.30,18.90,18.20
24/08/2018,6.80,18.30,0.30 (1.67 %)," ","118,630","2,153,000,000",0,0,17.70,18.40,17.70
23/08/2018,6.69,18.00,-0.30 (-1.64 %)," ","110,470","2,006,000,000",0,0,18.30,18.50,18.00
22/08/2018,6.80,18.30,-0.20 (-1.08 %)," ","97,070","1,784,000,000",0,0,18.50,18.70,18.20
21/08/2018,6.88,18.50,-0.20 (-1.07 %)," ","108,160","1,999,000,000",0,0,18.70,18.70,18.00
20/08/2018,6.95,18.70,0.30 (1.63 %)," ","119,460","2,226,000,000",0,0,18.40,18.90,18.40
17/08/2018,6.84,18.40,0.40 (2.22 %)," ","105,770","1,934,000,000",0,0,18.00,18.50,18.00
16/08/2018,6.69,18.00,0.30 (1.69 %)," ","105,470","1,888,000,000",0,0,17.70,18.10,17.50
15/08/2018,6.58,17.70,0.40 (2.31 %)," ","112,140","1,972,000,000",0,0,17.30,17.90,17.30
14/08/2018,6.43,17.30,0.00 (0.00 %)," ","117,760","2,021,000,000",0,0,17.30,17.30,16.90
13/08/2018,6.43,17.30,0.30 (1.76 %)," ","128,140","2,205,000,000",0,0,17.10,17.50,16.90
10/08/2018,6.32,17.00,0.00 (0.00 %)," ","107,150","1,825,000,000",0,0,16.50,17.50,16.10
09/08/2018,6.32,17.00,-0.30 (-1.73 %)," ","99,020","1,702,000,000",0,0,17.30,17.40,17.00
08/08/2018,6.43,17.30,0.00 (0.00 %)," ","51,210","885,000,000",0,0,17.30,17.50,17.00
07/08/2018,6.43,17.30,-0.30 (-1.70 %)," ","45,330","789,000,000",0,0,17.60,17.60,17.30
06/08/2018,6.54,17.60,0.00 (0.00 %)," ","51,050","894,000,000",0,0,17.60,17.60,17.30
03/08/2018,6.54,17.60,0.00 (0.00 %)," ","52,980","934,000,000",0,0,17.60,17.90,17.35
02/08/2018,6.54,17.60,0.00 (0.00 %)," ","56,340","990,000,000",0,0,17.60,17.70,17.50
01/08/2018,6.54,17.60,0.20 (1.15 %)," ","54,550","964,000,000",0,0,17.40,17.90,17.40
31/07/2018,6.47,17.40,0.10 (0.58 %)," ","31,260","543,000,000",0,0,17.30,17.50,17.30
30/07/2018,6.43,17.30,0.20 (1.17 %)," ","58,540","1,001,000,000",0,0,17.10,17.40,16.80
27/07/2018,6.36,17.10,-0.10 (-0.58 %)," ","43,550","745,000,000",0,0,17.00,17.40,16.90
26/07/2018,6.39,17.20,-0.10 (-0.58 %)," ","45,160","776,000,000",0,0,17.30,17.40,17.00
25/07/2018,6.43,17.30,-0.20 (-1.14 %)," ","47,560","828,000,000",0,0,17.50,17.60,17.10
24/07/2018,6.51,17.50,-0.10 (-0.57 %)," ","57,250","1,009,000,000",0,0,17.60,17.80,17.50
23/07/2018,6.54,17.60,0.10 (0.57 %)," ","62,510","1,099,000,000",0,0,17.60,17.80,17.45
20/07/2018,6.51,17.50,0.50 (2.94 %)," ","88,890","1,542,000,000",0,0,17.50,17.70,17.00
19/07/2018,6.32,17.00,0.00 (0.00 %)," ","47,590","803,000,000",0,0,17.00,17.00,16.60
18/07/2018,6.32,17.00,-0.30 (-1.73 %)," ","76,250","1,284,000,000",0,0,17.30,17.60,16.20
17/07/2018,6.43,17.30,0.20 (1.17 %)," ","92,860","1,607,000,000",0,0,17.10,17.70,17.10
16/07/2018,6.36,17.10,0.00 (0.00 %)," ","104,960","1,795,000,000",0,0,17.30,17.30,16.90
13/07/2018,6.36,17.10,0.20 (1.18 %)," ","82,410","1,409,000,000",0,0,16.90,17.30,16.90
12/07/2018,6.28,16.90,0.40 (2.42 %)," ","119,550","2,003,000,000",0,0,16.90,17.00,16.30
11/07/2018,6.13,16.50,-0.10 (-0.60 %)," ","79,680","1,310,000,000",0,0,16.60,16.60,16.30
10/07/2018,6.17,16.60,-0.10 (-0.60 %)," ","28,000","469,000,000",0,0,16.70,16.90,16.60
09/07/2018,6.21,16.70,-0.20 (-1.18 %)," ","22,050","367,000,000",0,0,16.90,16.90,16.50
06/07/2018,6.28,16.90,-0.10 (-0.59 %)," ","57,640","980,000,000",0,0,16.90,17.30,16.80
05/07/2018,6.32,17.00,0.50 (3.03 %)," ","116,400","1,927,000,000",0,0,16.50,17.00,16.30
04/07/2018,6.13,16.50,0.20 (1.23 %)," ","122,910","2,015,000,000",0,0,16.00,16.90,16.00
03/07/2018,6.06,16.30,0.70 (4.49 %)," ","137,010","2,205,000,000",0,0,15.60,16.65,15.30
02/07/2018,5.80,15.60,0.99 (6.78 %)," ","137,950","2,096,000,000",0,0,15.00,15.60,14.80
29/06/2018,5.43,16.80,0.30 (1.82 %)," ","42,430","703,000,000",0,0,16.50,16.80,16.10
28/06/2018,5.33,16.50,0.00 (0.00 %)," ","7,790","128,000,000",0,0,16.50,16.50,16.20
27/06/2018,5.33,16.50,0.00 (0.00 %)," ","39,000","638,000,000",0,0,16.00,16.50,16.00
26/06/2018,5.33,16.50,-0.10 (-0.60 %)," ","74,410","1,221,000,000",0,0,16.50,16.60,16.00
25/06/2018,5.37,16.60,0.10 (0.61 %)," ","75,030","1,233,000,000",0,0,16.50,16.60,16.30
22/06/2018,5.33,16.50,0.10 (0.61 %)," ","83,500","1,357,000,000",0,0,16.00,16.50,16.00
21/06/2018,5.30,16.40,0.00 (0.00 %)," ","3,450","56,000,000",0,0,16.40,16.40,16.30
20/06/2018,5.30,16.40,0.10 (0.61 %)," ","8,620","141,000,000",0,0,16.40,16.40,16.20
19/06/2018,5.27,16.30,-0.20 (-1.21 %)," ","4,260","70,000,000",0,0,16.50,16.50,16.20
18/06/2018,5.33,16.50,-0.20 (-1.20 %)," ","10,870","179,000,000",0,0,16.70,16.70,16.40
15/06/2018,5.40,16.70,0.30 (1.83 %)," ","22,280","363,000,000",0,0,16.30,16.70,16.00
14/06/2018,5.30,16.40,0.40 (2.50 %)," ","17,370","282,000,000",0,0,16.00,16.40,16.00
13/06/2018,5.17,16.00,-0.50 (-3.03 %)," ","22,560","369,000,000",0,0,16.50,16.70,16.00
12/06/2018,5.33,16.50,-0.40 (-2.37 %)," ","34,850","577,000,000",0,0,16.90,16.90,16.40
11/06/2018,5.46,16.90,0.50 (3.05 %)," ","27,050","451,000,000",0,0,16.40,16.90,16.40
08/06/2018,5.30,16.40,0.90 (5.81 %)," ","31,290","497,000,000",0,0,15.00,16.55,15.00
07/06/2018,5.01,15.50,-1.00 (-6.06 %)," ","22,540","360,000,000",0,0,16.50,16.50,15.50
06/06/2018,5.33,16.50,-0.50 (-2.94 %)," ","5,220","87,000,000",0,0,16.10,17.30,16.10
05/06/2018,5.50,17.00,-0.20 (-1.16 %)," ","1,590","27,000,000",0,0,17.20,17.20,16.90
04/06/2018,5.56,17.20,0.00 (0.00 %)," ","1,980","34,000,000",0,0,17.20,17.20,17.00
01/06/2018,5.56,17.20,-0.10 (-0.58 %)," ","7,600","129,000,000",0,0,17.00,17.30,16.80
31/05/2018,5.59,17.30,0.00 (0.00 %)," ","9,500","163,000,000",0,0,17.30,17.30,17.00
30/05/2018,5.59,17.30,-0.10 (-0.57 %)," ","9,740","169,000,000",0,0,17.40,17.50,17.20
29/05/2018,5.63,17.40,0.05 (0.29 %)," ","8,110","139,000,000",0,0,17.00,17.40,17.00
28/05/2018,5.61,17.35,-0.10 (-0.57 %)," ","6,210","108,000,000",0,0,17.45,17.45,17.30
25/05/2018,5.64,17.45,-0.10 (-0.57 %)," ","27,800","485,000,000",0,0,17.55,17.60,17.30
24/05/2018,5.67,17.55,-0.15 (-0.85 %)," ","18,030","317,000,000",0,0,17.70,17.70,17.50
23/05/2018,5.72,17.70,0.00 (0.00 %)," ","19,760","347,000,000",0,0,17.70,17.70,17.50
22/05/2018,5.72,17.70,-0.10 (-0.56 %)," ","18,510","326,000,000",0,0,17.80,17.80,17.40
21/05/2018,5.75,17.80,0.00 (0.00 %)," ","23,420","414,000,000",0,0,17.80,17.80,17.50
18/05/2018,5.75,17.80,-0.10 (-0.56 %)," ","20,820","370,000,000",0,0,17.90,17.90,17.60
17/05/2018,5.79,17.90,0.20 (1.13 %)," ","21,500","378,000,000",0,0,17.70,17.90,17.50
16/05/2018,5.72,17.70,0.35 (2.02 %)," ","19,760","346,000,000",0,0,17.20,17.70,17.20
15/05/2018,5.61,17.35,-0.35 (-1.98 %)," ","41,430","721,000,000",0,0,17.70,17.70,17.20
14/05/2018,5.72,17.70,0.00 (0.00 %)," ","45,050","788,000,000",0,0,17.65,17.70,17.40
11/05/2018,5.72,17.70,0.00 (0.00 %)," ","67,550","1,183,000,000",0,0,17.70,17.70,17.30
10/05/2018,5.72,17.70,-0.20 (-1.12 %)," ","43,860","772,000,000",0,0,17.50,17.90,17.40
09/05/2018,5.79,17.90,0.00 (0.00 %)," ","5,640","100,000,000",0,0,17.90,17.90,17.50
05/06/2018,5.50,17.00,-0.20 (-1.16 %)," ","1,590","27,000,000",0,0,17.20,17.20,16.90
04/06/2018,5.56,17.20,0.00 (0.00 %)," ","1,980","34,000,000",0,0,17.20,17.20,17.00
01/06/2018,5.56,17.20,-0.10 (-0.58 %)," ","7,600","129,000,000",0,0,17.00,17.30,16.80
31/05/2018,5.59,17.30,0.00 (0.00 %)," ","9,500","163,000,000",0,0,17.30,17.30,17.00
30/05/2018,5.59,17.30,-0.10 (-0.57 %)," ","9,740","169,000,000",0,0,17.40,17.50,17.20
29/05/2018,5.63,17.40,0.05 (0.29 %)," ","8,110","139,000,000",0,0,17.00,17.40,17.00
28/05/2018,5.61,17.35,-0.10 (-0.57 %)," ","6,210","108,000,000",0,0,17.45,17.45,17.30
25/05/2018,5.64,17.45,-0.10 (-0.57 %)," ","27,800","485,000,000",0,0,17.55,17.60,17.30
24/05/2018,5.67,17.55,-0.15 (-0.85 %)," ","18,030","317,000,000",0,0,17.70,17.70,17.50
23/05/2018,5.72,17.70,0.00 (0.00 %)," ","19,760","347,000,000",0,0,17.70,17.70,17.50
22/05/2018,5.72,17.70,-0.10 (-0.56 %)," ","18,510","326,000,000",0,0,17.80,17.80,17.40
21/05/2018,5.75,17.80,0.00 (0.00 %)," ","23,420","414,000,000",0,0,17.80,17.80,17.50
18/05/2018,5.75,17.80,-0.10 (-0.56 %)," ","20,820","370,000,000",0,0,17.90,17.90,17.60
17/05/2018,5.79,17.90,0.20 (1.13 %)," ","21,500","378,000,000",0,0,17.70,17.90,17.50
16/05/2018,5.72,17.70,0.35 (2.02 %)," ","19,760","346,000,000",0,0,17.20,17.70,17.20
15/05/2018,5.61,17.35,-0.35 (-1.98 %)," ","41,430","721,000,000",0,0,17.70,17.70,17.20
14/05/2018,5.72,17.70,0.00 (0.00 %)," ","45,050","788,000,000",0,0,17.65,17.70,17.40
11/05/2018,5.72,17.70,0.00 (0.00 %)," ","67,550","1,183,000,000",0,0,17.70,17.70,17.30
10/05/2018,5.72,17.70,-0.20 (-1.12 %)," ","43,860","772,000,000",0,0,17.50,17.90,17.40
09/05/2018,5.79,17.90,0.00 (0.00 %)," ","5,640","100,000,000",0,0,17.90,17.90,17.50
05/04/2018,5.77,17.85,0.00 (0.00 %)," ","11,490","205,000,000",0,0,17.85,17.90,17.70
04/04/2018,5.77,17.85,-0.05 (-0.28 %)," ","10,090","180,000,000",0,0,17.90,17.90,17.80
03/04/2018,5.79,17.90,-0.10 (-0.56 %)," ","17,040","304,000,000",0,0,18.00,18.00,17.50
02/04/2018,5.82,18.00,0.00 (0.00 %)," ","12,590","226,000,000",0,0,18.00,18.00,17.90
30/03/2018,5.82,18.00,0.00 (0.00 %)," ","16,910","304,000,000",0,0,18.00,18.00,17.90
29/03/2018,5.82,18.00,0.00 (0.00 %)," ","17,130","306,000,000",0,0,18.00,18.00,17.70
28/03/2018,5.82,18.00,0.00 (0.00 %)," ","17,500","314,000,000",0,0,18.00,18.00,17.70
27/03/2018,5.82,18.00,0.00 (0.00 %)," ","26,550","474,000,000",0,0,17.70,18.00,17.70
26/03/2018,5.82,18.00,-0.50 (-2.70 %)," ","28,350","517,000,000",0,0,18.50,18.50,18.00
23/03/2018,5.98,18.50,-0.30 (-1.60 %)," ","25,380","472,000,000",0,0,18.60,18.80,18.40
22/03/2018,6.08,18.80,-0.20 (-1.05 %)," ","27,640","520,000,000",0,0,19.00,19.00,18.60
21/03/2018,6.14,19.00,0.00 (0.00 %)," ","39,310","741,000,000",0,0,19.00,19.00,18.70
20/03/2018,6.14,19.00,-0.30 (-1.55 %)," ","44,830","850,000,000",0,0,19.00,19.00,18.80
19/03/2018,6.24,19.30,-0.20 (-1.03 %)," ","40,660","779,000,000",0,0,19.30,19.50,19.00
16/03/2018,6.30,19.50,-0.10 (-0.51 %)," ","34,770","674,000,000",0,0,19.50,19.50,19.00
15/03/2018,6.34,19.60,0.00 (0.00 %)," ","40,180","788,000,000",0,0,19.60,19.70,19.50
14/03/2018,6.34,19.60,-0.10 (-0.51 %)," ","33,400","654,000,000",0,0,19.70,19.90,19.50
13/03/2018,6.37,19.70,0.00 (0.00 %)," ","44,830","883,000,000",0,0,19.70,19.90,19.50
12/03/2018,6.37,19.70,0.00 (0.00 %)," ","57,800","1,137,000,000",0,0,19.70,19.90,19.50
09/03/2018,6.37,19.70,0.70 (3.68 %)," ","71,230","1,389,000,000",0,0,19.30,19.80,19.10
08/03/2018,6.14,19.00,-1.00 (-5.00 %)," ","94,850","1,857,000,000",0,0,19.50,20.00,19.00
07/03/2018,6.47,20.00,0.00 (0.00 %)," ","88,030","1,752,000,000",0,0,19.60,20.30,19.50
06/03/2018,6.47,20.00,0.40 (2.04 %)," ","95,930","1,899,000,000",0,0,19.60,20.00,19.60
05/03/2018,6.34,19.60,0.10 (0.51 %)," ","102,060","1,989,000,000",0,0,19.60,19.70,19.30
02/03/2018,6.30,19.50,-0.50 (-2.50 %)," ","113,140","2,222,000,000",0,0,19.70,20.00,19.50
01/03/2018,6.47,20.00,-0.30 (-1.48 %)," ","105,870","2,123,000,000",0,0,20.80,20.80,19.50
28/02/2018,6.56,20.30,-0.70 (-3.33 %)," ","108,870","2,215,000,000",0,0,20.90,20.90,20.00
27/02/2018,6.79,21.00,1.10 (5.53 %)," ","106,990","2,137,000,000",0,0,19.90,21.00,19.50
26/02/2018,6.43,19.90,1.30 (6.99 %)," ","114,390","2,241,000,000",0,0,19.00,19.90,19.00
23/02/2018,6.01,18.60,-0.40 (-2.11 %)," ","151,990","2,836,000,000",0,0,18.60,19.50,18.60
22/02/2018,6.14,19.00,-0.50 (-2.56 %)," ","115,010","2,234,000,000",0,0,19.50,20.00,19.00
21/02/2018,6.30,19.50,-1.00 (-4.88 %)," ","76,550","1,509,000,000",0,0,20.50,20.50,19.50
13/02/2018,6.63,20.50,0.10 (0.49 %)," ","130,330","2,668,000,000",0,0,21.00,21.00,20.00
12/02/2018,6.60,20.40,0.10 (0.49 %)," ","128,290","2,604,000,000",0,0,20.30,21.00,20.00
09/02/2018,6.56,20.30,0.30 (1.50 %)," ","101,080","2,031,000,000",0,0,20.00,20.90,19.80
08/02/2018,6.47,20.00,0.10 (0.50 %)," ","108,730","2,187,000,000",0,0,21.00,21.00,19.90
07/02/2018,6.43,19.90,1.30 (6.99 %)," ","166,790","3,194,010,000",0,0,18.95,19.90,18.60
06/02/2018,6.01,18.60,-1.40 (-7.00 %)," ","182,810","3,523,000,000",0,0,18.60,20.00,18.60
05/02/2018,6.47,20.00,-0.40 (-1.96 %)," ","165,240","3,227,880,000",0,0,19.10,20.00,19.00
02/02/2018,6.60,20.40,0.00 (0.00 %)," ","154,050","2,965,000,000",0,0,20.00,20.40,19.00
01/02/2018,6.60,20.40,-1.50 (-6.85 %)," ","214,680","4,538,000,000",0,0,22.50,22.50,20.40
31/01/2018,7.08,21.90,1.35 (6.57 %)," ","240,700","5,044,000,000",0,0,19.50,21.95,19.50
30/01/2018,6.64,20.55,1.30 (6.75 %)," ","291,600","5,960,000,000",0,0,20.55,20.55,19.25
29/01/2018,6.22,19.25,1.25 (6.94 %)," ","7,000","135,000,000",0,0,19.25,19.25,19.25
26/01/2018,5.82,18.00,1.15 (6.82 %)," ","9,900","178,000,000","100,000","1,580,000,000",18.00,18.00,18.00
25/01/2018,5.45,16.85,1.10 (6.98 %)," ","1,000","17,000,000","300,000","4,480,000,000",16.85,16.85,16.85
22/01/2018,5.09,15.75,1.00 (6.78 %)," ","3,400","54,000,000","100,000","1,500,000,000",15.75,15.75,15.75
19/01/2018,4.77,14.75,0.95 (6.88 %)," ","2,200","32,000,000",0,0,14.75,14.75,14.75
18/01/2018,4.46,13.80,2.30 (20.00 %)," ","5,000","69,000,000",0,0,13.80,13.80,13.80
