21/04/2022,25.50,25.50,-2.80 (-9.89 %)," ","8,800","224,400,000",0,0,28.30,25.5,25.50,25.50
20/04/2022,28.30,28.30,-3.10 (-9.87 %)," ","22,400","633,920,000",0,0,31.40,28.30,28.30,28.30
19/04/2022,31.40,31.40,-3.40 (-9.77 %)," ","4,300","135,020,000",0,0,34.80,31.4,31.40,31.40
18/04/2022,34.80,34.80,-3.80 (-9.84 %)," ","60,217","2,100,051,700",0,0,38.60,38.60,38.60,34.80
14/04/2022,41.00,41.00,3.30 (8.75 %)," ","74,734","3,041,834,100",0,0,37.70,41.0,41.00,40.00
13/04/2022,37.70,37.70,3.40 (9.91 %)," ","99,013","3,694,881,000",0,0,34.30,37.70,37.70,35.50
12/04/2022,34.30,34.30,3.10 (9.94 %)," ","88,345","2,949,868,400",0,0,31.20,31.2,34.30,30.50
08/04/2022,31.20,31.20,0.80 (2.63 %)," ","61,712","1,875,643,000",0,0,30.40,28.00,32.70,27.90
07/04/2022,30.40,30.40,2.70 (9.75 %)," ","103,200","3,137,010,000","91,000","2,468,000,000",27.70,30.4,30.40,27.70
06/04/2022,27.70,27.70,2.50 (9.92 %)," ","18,735","518,509,500",0,0,25.20,26.80,27.70,26.80
05/04/2022,25.20,25.20,0.80 (3.28 %)," ","64,600","1,582,912,300",0,0,24.40,24.3,25.80,24.00
04/04/2022,24.40,24.40,0.30 (1.24 %)," ","85,106","2,022,351,000","50,000","1,085,000,000",24.10,24.10,24.50,23.00
01/04/2022,24.10,24.10,0.50 (2.12 %)," ","96,100","2,229,484,000",0,0,23.60,23.0,25.60,22.50
31/03/2022,23.60,23.60,-1.90 (-7.45 %)," ","82,355","1,972,628,000",0,0,25.50,25.50,25.70,23.10
30/03/2022,25.50,25.50,2.20 (9.44 %)," ","870,313","21,945,255,100",0,0,23.30,25.6,25.60,21.00
29/03/2022,23.30,23.30,2.10 (9.91 %)," ","93,400","2,176,220,000",0,0,21.20,23.30,23.30,23.30
28/03/2022,21.20,21.20,1.90 (9.84 %)," ","270,801","5,740,981,200",0,0,19.30,21.2,21.20,21.20
25/03/2022,19.30,19.30,1.70 (9.66 %)," ","457,010","8,811,550,500",0,0,17.60,18.90,19.30,18.90
24/03/2022,17.60,17.60,1.60 (10.00 %)," ","399,614","7,033,206,400",0,0,16.00,17.6,17.60,17.60
22/03/2022,14.60,14.60,1.30 (9.77 %)," ","1,370,545","19,230,073,400",0,0,13.30,14.6,14.60,12.20
21/03/2022,13.30,13.30,1.20 (9.92 %)," ","119,272","1,586,317,600",0,0,12.10,13.30,13.30,13.30
18/03/2022,12.10,12.10,1.10 (10.00 %)," ","329,603","3,988,196,300",0,0,11.00,12.1,12.10,12.10
17/03/2022,11.00,11.00,1.00 (10.00 %)," ","525,913","5,784,743,000",0,0,10.00,11.00,11.00,10.80
16/03/2022,10.00,10.00,0.90 (9.89 %)," ","92,228","922,110,000",0,0,9.10,9.5,10.00,9.50
15/03/2022,9.10,9.10,-0.80 (-8.08 %)," ","420,700","4,310,469,000",0,0,9.90,9.90,10.70,9.10
14/03/2022,9.90,9.90,0.40 (4.21 %)," ","396,814","3,863,685,200",0,0,9.50,9.5,10.00,9.00
11/03/2022,9.50,9.50,0.20 (2.15 %)," ","319,700","3,001,180,000",0,0,9.30,8.60,9.70,8.60
10/03/2022,9.30,9.30,0.00 (0.00 %)," ","62,241","571,325,400",0,0,9.30,9.0,9.50,9.00
09/03/2022,9.30,9.30,-0.30 (-3.12 %)," ","103,829","954,185,400",0,0,9.60,9.60,9.70,8.70
08/03/2022,9.60,9.60,0.70 (7.87 %)," ","508,300","4,840,520,000",0,0,8.90,9.0,9.70,8.90
07/03/2022,8.90,8.90,0.80 (9.88 %)," ","222,900","1,958,140,000",0,0,8.10,8.10,8.90,8.10
04/03/2022,8.10,8.10,0.70 (9.46 %)," ","175,860","1,400,046,000",0,0,7.40,7.4,8.10,7.40
03/03/2022,7.40,7.40,0.20 (2.78 %)," ","101,100","735,220,000",0,0,7.20,7.20,7.40,7.20
02/03/2022,7.20,7.20,-0.20 (-2.70 %)," ","47,401","344,157,300",0,0,7.40,7.4,7.40,7.20
01/03/2022,7.40,7.40,0.10 (1.37 %)," ","48,800","355,650,000",0,0,7.30,7.30,7.40,7.20
28/02/2022,7.30,7.30,-0.10 (-1.35 %)," ","34,000","245,390,000",0,0,7.40,7.3,7.30,7.10
25/02/2022,7.40,7.40,0.00 (0.00 %)," ","89,700","657,170,000",0,0,7.40,7.40,7.50,7.20
24/02/2022,7.40,7.40,-0.10 (-1.33 %)," ","110,709","821,627,500",0,0,7.50,7.5,7.70,7.10
22/02/2022,7.20,7.20,-0.30 (-4.00 %)," ","98,500","715,040,000",0,0,7.50,7.5,7.50,7.10
21/02/2022,7.50,7.50,0.20 (2.74 %)," ","115,186","844,319,200",0,0,7.30,7.30,7.60,7.20
18/02/2022,7.30,7.30,0.00 (0.00 %)," ","50,700","365,260,000",0,0,7.30,7.2,7.30,7.20
17/02/2022,7.30,7.30,0.00 (0.00 %)," ","41,500","300,210,000",0,0,7.30,7.30,7.40,7.10
16/02/2022,7.30,7.30,0.10 (1.39 %)," ","35,600","259,100,000",0,0,7.20,7.2,7.30,7.20
15/02/2022,7.20,7.20,0.20 (2.86 %)," ","115,400","810,900,000",0,0,7.00,7.00,7.20,6.90
14/02/2022,7.00,7.00,-0.20 (-2.78 %)," ","34,300","240,400,000",0,0,7.20,7.2,7.20,7.00
11/02/2022,7.20,7.20,0.00 (0.00 %)," ","41,900","295,090,000",0,0,7.20,7.10,7.20,7.00
10/02/2022,7.20,7.20,0.00 (0.00 %)," ","54,639","385,576,900",0,0,7.20,7.0,7.30,7.00
09/02/2022,7.20,7.20,-0.10 (-1.37 %)," ","67,800","482,930,000",0,0,7.30,7.30,7.30,7.00
08/02/2022,7.30,7.30,0.30 (4.29 %)," ","9,400","68,050,000",0,0,7.00,7.2,7.30,7.20
07/02/2022,7.00,7.00,0.30 (4.48 %)," ","46,800","336,190,000",0,0,6.70,6.70,7.30,6.70
28/01/2022,6.70,6.70,0.20 (3.08 %)," ","45,900","294,350,000",0,0,6.50,6.4,6.70,6.30
27/01/2022,6.50,6.50,-0.10 (-1.52 %)," ","93,200","612,170,000",0,0,6.60,6.80,6.90,6.50
26/01/2022,6.60,6.60,-0.20 (-2.94 %)," ","35,800","246,930,000",0,0,6.80,7.0,7.20,6.60
25/01/2022,6.80,6.80,-0.40 (-5.56 %)," ","93,539","625,760,800",0,0,7.20,7.20,7.20,6.50
24/01/2022,7.20,7.20,-0.80 (-10.00 %)," ","64,556","475,661,400",0,0,8.00,8.2,8.30,7.20
21/01/2022,8.00,8.00,0.40 (5.26 %)," ","66,700","520,480,000",0,0,7.60,7.60,8.00,7.60
20/01/2022,7.60,7.60,0.40 (5.56 %)," ","91,300","649,830,000",0,0,7.20,7.0,7.60,6.50
18/01/2022,7.90,7.90,-0.80 (-9.20 %)," ","170,400","1,361,000,000",10,"79,000",8.70,7.9,8.70,7.90
17/01/2022,8.70,8.70,-0.80 (-8.42 %)," ","72,600","660,420,000",0,0,9.50,9.60,9.80,8.70
14/01/2022,9.50,9.50,0.10 (1.06 %)," ","76,130","695,966,000",0,0,9.40,9.3,9.70,8.50
13/01/2022,9.40,9.40,-0.80 (-7.84 %)," ","262,400","2,535,600,000",0,0,10.20,10.20,10.20,9.30
12/01/2022,10.20,10.20,-0.30 (-2.86 %)," ","257,550","2,569,235,000",0,0,10.50,10.2,10.20,9.90
11/01/2022,10.50,10.50,-0.30 (-2.78 %)," ","121,300","1,276,850,000",0,0,10.80,10.80,10.90,10.30
10/01/2022,10.80,10.80,0.00 (0.00 %)," ","337,610","3,653,378,000",0,0,10.80,10.6,11.30,10.40
07/01/2022,10.80,10.80,0.60 (5.88 %)," ","432,500","4,611,780,000",0,0,10.20,10.20,11.00,10.10
06/01/2022,10.20,10.20,0.10 (0.99 %)," ","193,100","1,939,910,000",0,0,10.10,10.0,10.20,9.90
05/01/2022,10.10,10.10,0.00 (0.00 %)," ","192,500","1,939,380,000",0,0,10.10,10.20,10.20,10.00
04/01/2022,10.10,10.10,0.00 (0.00 %)," ","155,110","1,579,952,000",0,0,10.10,10.1,10.40,10.10
31/12/2021,10.10,10.10,-0.10 (-0.98 %)," ","145,911","1,466,121,100",0,0,10.20,10.10,10.20,10.00
30/12/2021,10.20,10.20,0.00 (0.00 %)," ","113,300","1,144,710,000",0,0,10.20,10.1,10.30,10.00
29/12/2021,10.20,10.20,-0.10 (-0.97 %)," ","166,400","1,696,380,000",0,0,10.30,10.00,10.30,10.00
28/12/2021,10.30,10.30,-0.20 (-1.90 %)," ","424,300","4,311,330,000",0,0,10.50,10.3,10.50,10.00
27/12/2021,10.50,10.50,0.00 (0.00 %)," ","144,600","1,496,060,000",0,0,10.50,10.50,10.50,10.20
24/12/2021,10.50,10.50,0.10 (0.96 %)," ","115,900","1,202,250,000",0,0,10.40,10.2,10.60,10.20
23/12/2021,10.40,10.40,-0.30 (-2.80 %)," ","257,900","2,700,930,000",0,0,10.70,10.90,10.90,10.10
22/12/2021,10.70,10.70,-0.20 (-1.83 %)," ","134,811","1,438,316,600",0,0,10.90,10.7,11.00,10.50
20/12/2021,11.20,11.20,0.90 (8.74 %)," ","619,200","6,855,770,000",0,0,10.30,10.5,11.20,10.50
17/12/2021,10.30,10.30,-0.20 (-1.90 %)," ","279,800","2,866,610,000",0,0,10.50,10.30,10.50,10.10
16/12/2021,10.50,10.50,0.20 (1.94 %)," ","193,711","2,024,803,300",0,0,10.30,10.5,10.60,10.30
15/12/2021,10.30,10.30,-0.30 (-2.83 %)," ","119,300","1,236,700,000",0,0,10.60,10.40,10.60,10.30
14/12/2021,10.60,10.60,-0.30 (-2.75 %)," ","51,300","549,670,000",0,0,10.90,11.5,11.50,10.60
13/12/2021,10.90,10.90,0.50 (4.81 %)," ","220,400","2,346,800,000",0,0,10.40,10.40,11.40,10.30
10/12/2021,10.40,10.40,-0.40 (-3.70 %)," ","153,800","1,619,660,000",0,0,10.80,10.8,10.80,10.30
09/12/2021,10.80,10.80,0.30 (2.86 %)," ","290,300","3,165,580,000",0,0,10.50,10.50,11.20,10.50
08/12/2021,10.50,10.50,0.10 (0.96 %)," ","105,800","1,115,610,000",0,0,10.40,10.4,11.00,10.40
07/12/2021,10.40,10.40,-0.10 (-0.95 %)," ","338,700","3,451,210,000",0,0,10.50,10.60,11.00,10.00
06/12/2021,10.50,10.50,-1.10 (-9.48 %)," ","283,320","3,057,318,000",0,0,11.60,11.6,11.60,10.50
03/12/2021,11.60,11.60,0.30 (2.65 %)," ","577,000","6,852,300,000",0,0,11.30,12.30,12.40,11.30
02/12/2021,11.30,11.30,1.00 (9.71 %)," ","287,400","3,235,740,000",0,0,10.30,10.4,11.30,10.40
01/12/2021,10.30,10.30,0.10 (0.98 %)," ","303,300","3,026,590,000",0,0,10.20,10.20,10.30,9.60
30/11/2021,10.20,10.20,-0.20 (-1.92 %)," ","502,130","5,031,927,000",0,0,10.40,10.4,10.40,9.90
29/11/2021,10.40,10.40,0.20 (1.96 %)," ","221,800","2,222,540,000",0,0,10.20,10.10,11.00,9.90
26/11/2021,10.20,10.20,-0.30 (-2.86 %)," ","145,556","1,492,428,000",0,0,10.50,10.3,10.50,10.20
25/11/2021,10.50,10.50,0.00 (0.00 %)," ","90,300","927,930,000",0,0,10.50,10.20,10.90,9.60
24/11/2021,10.50,10.50,0.10 (0.96 %)," ","68,230","713,175,000",0,0,10.40,10.3,11.00,10.20
22/11/2021,10.30,10.30,-1.10 (-9.65 %)," ","401,301","4,215,031,400",0,0,11.40,11.3,11.30,10.30
19/11/2021,11.40,11.40,0.40 (3.64 %)," ","356,700","4,158,910,000",0,0,11.00,11.20,12.10,11.00
18/11/2021,11.00,11.00,-0.70 (-5.98 %)," ","545,200","6,062,730,000",0,0,11.70,11.4,12.00,10.60
17/11/2021,11.70,11.70,0.60 (5.41 %)," ","218,211","2,389,263,200","700,000","7,000,000,000",11.10,10.80,11.80,10.00
16/11/2021,11.10,11.10,-0.70 (-5.93 %)," ","358,545","4,117,288,500",0,0,11.80,12.9,12.90,10.90
15/11/2021,11.80,11.80,1.00 (9.26 %)," ","210,700","2,485,390,000",0,0,10.80,11.10,11.80,11.10
12/11/2021,10.80,10.80,0.90 (9.09 %)," ","288,410","3,068,048,000",0,0,9.90,9.9,10.80,9.90
11/11/2021,9.90,9.90,-0.10 (-1.00 %)," ","190,476","1,853,447,200",0,0,10.00,9.80,10.30,9.60
10/11/2021,10.00,10.00,-0.10 (-0.99 %)," ","138,600","1,361,000,000",0,0,10.10,10.1,10.10,9.60
09/11/2021,10.10,10.10,-0.50 (-4.72 %)," ","93,620","957,532,000",0,0,10.60,10.60,10.60,10.10
08/11/2021,10.60,10.60,0.20 (1.92 %)," ","129,800","1,381,180,000",0,0,10.40,10.4,10.80,10.20
05/11/2021,10.40,10.40,0.20 (1.96 %)," ","124,900","1,302,090,000",0,0,10.20,10.20,10.80,10.00
04/11/2021,10.20,10.20,0.00 (0.00 %)," ","139,257","1,403,026,300",0,0,10.20,10.2,10.40,9.90
03/11/2021,10.20,10.20,-0.10 (-0.97 %)," ","551,806","5,664,822,400",0,0,10.30,10.30,10.60,9.60
02/11/2021,10.30,10.30,0.00 (0.00 %)," ","467,100","4,875,090,000",0,0,10.30,10.4,11.30,10.00
01/11/2021,10.30,10.30,0.80 (8.42 %)," ","291,400","2,957,510,000",0,0,9.50,9.60,10.40,9.60
29/10/2021,9.50,9.50,0.50 (5.56 %)," ","280,580","2,657,384,400",0,0,9.00,8.9,9.90,8.90
28/10/2021,9.00,9.00,-0.10 (-1.10 %)," ","131,800","1,180,540,000",0,0,9.10,9.10,9.20,8.80
27/10/2021,9.10,9.10,0.00 (0.00 %)," ","268,000","2,419,660,000",0,0,9.10,9.1,9.40,8.70
25/10/2021,8.90,8.90,0.80 (9.88 %)," ","135,576","1,204,316,400",0,0,8.10,8.2,8.90,8.20
22/10/2021,8.10,8.10,0.60 (8.00 %)," ","449,930","3,559,776,000",0,0,7.50,7.50,8.20,7.50
21/10/2021,7.50,7.50,0.40 (5.63 %)," ","267,500","1,955,730,000",0,0,7.10,7.2,7.50,7.10
20/10/2021,7.10,7.10,-0.20 (-2.74 %)," ","76,750","557,194,900",0,0,7.30,7.20,7.40,7.00
19/10/2021,7.30,7.30,0.30 (4.29 %)," ","76,700","550,530,000",0,0,7.00,7.0,7.30,6.80
18/10/2021,7.00,7.00,-0.10 (-1.41 %)," ","81,900","566,730,000",0,0,7.10,7.10,7.10,6.80
15/10/2021,7.10,7.10,-0.10 (-1.39 %)," ","106,300","737,560,000",0,0,7.20,7.2,7.20,6.70
14/10/2021,7.20,7.20,0.20 (2.86 %)," ","61,730","429,107,000",0,0,7.00,6.90,7.20,6.70
13/10/2021,7.00,7.00,0.00 (0.00 %)," ","29,900","208,640,000",0,0,7.00,6.9,7.00,6.90
12/10/2021,7.00,7.00,0.10 (1.45 %)," ","32,000","220,430,000",0,0,6.90,6.90,7.00,6.80
11/10/2021,6.90,6.90,-0.40 (-5.48 %)," ","97,000","686,370,000",0,0,7.30,7.2,7.30,6.90
08/10/2021,7.30,7.30,0.10 (1.39 %)," ","32,600","232,860,000",0,0,7.20,7.20,7.40,7.00
07/10/2021,7.20,7.20,0.10 (1.41 %)," ","108,380","782,654,000",0,0,7.10,7.1,7.50,6.80
06/10/2021,7.10,7.10,-0.30 (-4.05 %)," ","45,200","325,010,000",0,0,7.40,7.30,7.30,7.10
05/10/2021,7.40,7.40,0.60 (8.82 %)," ","146,200","1,060,000,000",0,0,6.80,6.8,7.40,6.70
04/10/2021,6.80,6.80,-0.50 (-6.85 %)," ","420,545","2,803,544,000",0,0,7.30,7.00,7.20,6.60
01/10/2021,7.30,7.30,-0.20 (-2.67 %)," ","107,000","755,590,000",0,0,7.50,7.5,7.50,6.80
30/09/2021,7.50,7.50,0.40 (5.63 %)," ","71,800","548,400,000",0,0,7.10,7.20,7.80,7.20
29/09/2021,7.10,7.10,-0.70 (-8.97 %)," ","442,100","3,187,750,000",0,0,7.80,7.1,7.80,7.10
27/09/2021,8.60,8.60,-0.90 (-9.47 %)," ","32,570","280,492,000","350,000","3,010,000,000",9.50,9.5,9.50,8.60
24/09/2021,9.50,9.50,0.70 (7.95 %)," ","86,511","815,624,400",0,0,8.80,9.40,9.60,8.80
23/09/2021,8.80,8.80,0.80 (10.00 %)," ","982,129","8,472,145,200",0,0,8.00,8.2,8.80,8.00
22/09/2021,8.00,8.00,0.20 (2.56 %)," ","211,727","1,694,186,200",0,0,7.80,7.80,8.30,7.70
21/09/2021,7.80,7.80,-0.20 (-2.50 %)," ","6,600","51,480,000",0,0,8.00,7.8,7.80,7.80
20/09/2021,8.00,8.00,0.20 (2.56 %)," ","30,600","243,940,000",0,0,7.80,7.80,8.10,7.80
17/09/2021,7.80,7.80,0.00 (0.00 %)," ","16,800","130,930,000",0,0,7.80,7.9,7.90,7.60
16/09/2021,7.80,7.80,0.00 (0.00 %)," ","20,200","157,070,000",0,0,7.80,8.00,8.00,7.70
15/09/2021,7.80,7.80,-0.10 (-1.27 %)," ","42,009","329,690,200",0,0,7.90,7.9,8.00,7.80
14/09/2021,7.90,7.90,0.00 (0.00 %)," ","19,319","150,807,400",0,0,7.90,8.00,8.00,7.80
13/09/2021,7.90,7.90,0.00 (0.00 %)," ","20,400","161,520,000",0,0,7.90,8.1,8.10,7.80
10/09/2021,7.90,7.90,0.00 (0.00 %)," ","33,600","261,850,000",0,0,7.90,8.00,8.00,7.70
09/09/2021,7.90,7.90,0.00 (0.00 %)," ","40,100","316,490,000",0,0,7.90,8.0,8.00,7.80
08/09/2021,7.90,7.90,0.10 (1.28 %)," ","71,200","555,660,000",0,0,7.80,8.10,8.10,7.60
07/09/2021,7.80,7.80,0.20 (2.63 %)," ","48,700","370,220,000",0,0,7.60,7.9,8.00,7.40
06/09/2021,7.60,7.60,0.10 (1.33 %)," ","43,030","333,718,000",0,0,7.50,7.60,8.10,7.60
01/09/2021,7.50,7.50,-0.10 (-1.32 %)," ","7,500","56,630,000",0,0,7.60,7.7,7.70,7.50
31/08/2021,7.60,7.60,-0.20 (-2.56 %)," ","2,700","20,790,000",0,0,7.80,7.90,7.90,7.60
30/08/2021,7.80,7.80,-0.40 (-4.88 %)," ","7,100","55,460,000",0,0,8.20,8.2,8.20,7.70
26/08/2021,7.50,7.50,0.00 (0.00 %)," ","4,500","33,760,000",0,0,7.50,7.6,7.60,7.50
25/08/2021,7.50,7.50,0.00 (0.00 %)," ","12,200","91,080,000",0,0,7.50,7.50,7.50,7.40
24/08/2021,7.50,7.50,0.00 (0.00 %)," ","18,300","135,960,000",0,0,7.50,7.5,7.60,7.30
23/08/2021,7.50,7.50,0.00 (0.00 %)," ","13,630","102,165,000",0,0,7.50,7.50,7.50,7.40
20/08/2021,7.50,7.50,0.00 (0.00 %)," ","24,601","185,177,400",0,0,7.50,7.6,7.60,7.40
19/08/2021,7.50,7.50,0.10 (1.35 %)," ","43,000","321,860,000",0,0,7.40,7.50,7.70,7.30
18/08/2021,7.40,7.40,0.00 (0.00 %)," ","17,430","130,062,000",0,0,7.40,7.4,7.60,7.40
17/08/2021,7.40,7.40,0.00 (0.00 %)," ","37,900","277,870,000",0,0,7.40,7.50,7.50,7.20
16/08/2021,7.40,7.40,0.30 (4.23 %)," ","90,201","654,837,100",0,0,7.10,7.1,7.70,6.90
13/08/2021,7.10,7.10,0.10 (1.43 %)," ","20,500","141,770,000",0,0,7.00,7.00,7.10,6.80
12/08/2021,7.00,7.00,0.00 (0.00 %)," ","21,700","153,450,000",0,0,7.00,7.0,7.20,6.90
11/08/2021,7.00,7.00,0.10 (1.45 %)," ","46,300","318,690,000",0,0,6.90,6.90,7.00,6.80
10/08/2021,6.90,6.90,0.00 (0.00 %)," ","11,930","81,319,000",0,0,6.90,6.9,6.90,6.80
09/08/2021,6.90,6.90,-0.10 (-1.43 %)," ","15,200","103,600,000",0,0,7.00,6.90,7.00,6.70
06/08/2021,7.00,7.00,0.00 (0.00 %)," ","14,500","99,900,000",0,0,7.00,7.0,7.00,6.80
05/08/2021,7.00,7.00,0.00 (0.00 %)," ","29,800","202,570,000",0,0,7.00,7.20,7.20,6.50
04/08/2021,7.00,7.00,0.60 (9.37 %)," ","122,170","838,397,000",0,0,6.40,6.4,7.00,6.40
03/08/2021,6.40,6.40,-0.30 (-4.48 %)," ","78,900","497,610,000",0,0,6.70,6.70,6.70,6.10
02/08/2021,6.70,6.70,0.00 (0.00 %)," ","35,500","232,440,000",0,0,6.70,6.7,6.70,6.30
29/07/2021,6.70,6.70,-0.10 (-1.47 %)," ","20,500","136,910,000",0,0,6.80,6.8,6.80,6.60
28/07/2021,6.80,6.80,0.00 (0.00 %)," ","60,100","405,920,000",0,0,6.80,6.90,6.90,6.50
27/07/2021,6.80,6.80,-0.10 (-1.45 %)," ","126,921","861,816,500",0,0,6.90,6.9,6.90,6.50
26/07/2021,6.90,6.90,0.10 (1.47 %)," ","42,700","292,840,000",0,0,6.80,6.80,6.90,6.70
23/07/2021,6.80,6.80,-0.30 (-4.23 %)," ","41,600","282,790,000",0,0,7.10,7.1,7.10,6.50
22/07/2021,7.10,7.10,0.10 (1.43 %)," ","45,370","314,258,000",0,0,7.00,7.00,7.10,6.50
21/07/2021,7.00,7.00,-0.20 (-2.78 %)," ","62,000","440,090,000",0,0,7.20,7.2,7.50,6.60
20/07/2021,7.20,7.20,0.50 (7.46 %)," ","74,137","503,903,100",0,0,6.70,6.70,7.20,6.20
19/07/2021,6.70,6.70,-0.10 (-1.47 %)," ","48,500","317,740,000",0,0,6.80,6.8,6.80,6.30
16/07/2021,6.80,6.80,0.10 (1.49 %)," ","43,500","293,810,000",0,0,6.70,6.70,6.90,6.60
15/07/2021,6.70,6.70,-0.10 (-1.47 %)," ","32,410","218,295,000",0,0,6.80,6.8,6.90,6.40
14/07/2021,6.80,6.80,-0.10 (-1.45 %)," ","33,200","230,710,000",0,0,6.90,6.90,7.20,6.70
13/07/2021,6.90,6.90,0.40 (6.15 %)," ","31,200","215,390,000",0,0,6.50,6.5,7.10,6.50
12/07/2021,6.50,6.50,-0.30 (-4.41 %)," ","55,300","355,680,000",0,0,6.80,6.80,7.00,6.20
09/07/2021,6.80,6.80,-0.20 (-2.86 %)," ","33,700","232,780,000",0,0,7.00,7.0,7.30,6.70
08/07/2021,7.00,7.00,-0.10 (-1.41 %)," ","32,900","230,970,000",0,0,7.10,7.10,7.20,6.90
07/07/2021,7.10,7.10,-0.30 (-4.05 %)," ","44,200","311,420,000",0,0,7.40,7.4,7.40,6.70
06/07/2021,7.40,7.40,0.30 (4.23 %)," ","43,600","312,230,000",0,0,7.10,7.10,7.40,7.00
05/07/2021,7.10,7.10,0.50 (7.58 %)," ","61,100","406,840,000","1,000,000","6,600,000,000",6.60,6.6,7.10,6.40
01/07/2021,6.70,6.70,-0.60 (-8.22 %)," ","40,000","273,860,000",0,0,7.30,7.2,7.30,6.70
30/06/2021,7.30,7.30,-0.20 (-2.67 %)," ","67,400","476,560,000",0,0,7.50,7.50,7.50,6.90
29/06/2021,7.50,7.50,0.00 (0.00 %)," ","70,800","509,070,000",0,0,7.50,7.5,7.50,7.00
28/06/2021,7.50,7.50,0.20 (2.74 %)," ","50,822","366,390,600",0,0,7.30,7.40,7.50,7.10
25/06/2021,7.30,7.30,-0.20 (-2.67 %)," ","19,302","143,715,000",0,0,7.50,7.5,7.60,7.30
24/06/2021,7.50,7.50,-0.70 (-8.54 %)," ","297,800","2,210,830,000",0,0,8.20,8.20,8.20,7.40
23/06/2021,8.20,8.20,0.40 (5.13 %)," ","90,700","703,250,000",0,0,7.80,7.8,8.20,7.50
22/06/2021,7.80,7.80,-0.20 (-2.50 %)," ","110,900","856,110,000",0,0,8.00,8.00,8.00,7.50
21/06/2021,8.00,8.00,-0.10 (-1.23 %)," ","123,400","969,190,000",0,0,8.10,8.1,8.20,7.70
18/06/2021,8.10,8.10,-0.10 (-1.22 %)," ","118,829","938,733,900",0,0,8.20,8.10,8.20,7.60
17/06/2021,8.20,8.20,0.10 (1.23 %)," ","98,600","794,370,000",0,0,8.10,8.1,8.20,7.70
16/06/2021,8.10,8.10,-0.30 (-3.57 %)," ","127,600","1,013,320,000",0,0,8.40,8.40,8.40,7.70
15/06/2021,8.40,8.40,-0.20 (-2.33 %)," ","80,500","653,980,000",0,0,8.60,8.6,8.60,7.90
14/06/2021,8.60,8.60,-0.10 (-1.15 %)," ","102,800","867,630,000",0,0,8.70,8.70,8.70,8.00
11/06/2021,8.70,8.70,0.70 (8.75 %)," ","124,200","1,009,120,000",0,0,8.00,7.8,8.70,7.70
10/06/2021,8.00,8.00,-0.20 (-2.44 %)," ","91,400","743,060,000",0,0,8.20,8.20,8.30,7.90
09/06/2021,8.20,8.20,0.00 (0.00 %)," ","90,624","746,647,800",0,0,8.20,8.2,8.50,7.80
08/06/2021,8.20,8.20,-0.40 (-4.65 %)," ","105,900","889,900,000",0,0,8.60,8.60,8.70,8.20
07/06/2021,8.60,8.60,0.00 (0.00 %)," ","95,000","826,040,000",0,0,8.60,8.6,9.00,8.40
03/06/2021,9.00,9.00,0.00 (0.00 %)," ","158,700","1,411,990,000",0,0,9.00,9.0,9.10,8.70
02/06/2021,9.00,9.00,0.10 (1.12 %)," ","118,300","1,052,940,000",0,0,8.90,8.90,9.20,8.60
01/06/2021,8.90,8.90,0.00 (0.00 %)," ","125,600","1,077,860,000",0,0,8.90,8.9,8.90,8.20
31/05/2021,8.90,8.90,0.20 (2.30 %)," ","71,700","629,830,000",0,0,8.70,8.70,8.90,8.70
28/05/2021,8.70,8.70,0.10 (1.16 %)," ","103,000","888,530,000",0,0,8.60,8.6,8.80,8.30
27/05/2021,8.60,8.60,-0.10 (-1.15 %)," ","111,731","966,160,400",0,0,8.70,8.70,8.90,8.40
26/05/2021,8.70,8.70,-0.30 (-3.33 %)," ","114,800","1,007,130,000",0,0,9.00,9.0,9.10,8.50
25/05/2021,9.00,9.00,-0.10 (-1.10 %)," ","102,800","905,190,000",0,0,9.10,9.00,9.10,8.40
24/05/2021,9.10,9.10,-0.30 (-3.19 %)," ","162,606","1,433,081,600",0,0,9.40,9.4,9.40,8.50
21/05/2021,9.40,9.40,-0.10 (-1.05 %)," ","181,310","1,720,085,000",0,0,9.50,9.50,9.60,9.40
20/05/2021,9.50,9.50,0.20 (2.15 %)," ","308,400","2,915,940,000",0,0,9.30,9.3,9.60,9.20
19/05/2021,9.30,9.30,0.50 (5.68 %)," ","374,037","3,426,736,700",0,0,8.80,8.80,9.40,8.80
18/05/2021,8.80,8.80,0.10 (1.15 %)," ","257,300","2,204,520,000",0,0,8.70,8.7,8.80,8.40
17/05/2021,8.70,8.70,0.10 (1.16 %)," ","176,506","1,501,561,600",0,0,8.60,8.60,8.70,8.40
14/05/2021,8.60,8.60,0.00 (0.00 %)," ","192,500","1,643,890,000",0,0,8.60,8.6,8.80,8.30
13/05/2021,8.60,8.60,0.10 (1.18 %)," ","84,606","721,863,400",0,0,8.50,8.50,8.80,8.30
12/05/2021,8.50,8.50,-0.10 (-1.16 %)," ","91,100","776,920,000",0,0,8.60,8.6,8.70,8.30
11/05/2021,8.60,8.60,-0.10 (-1.15 %)," ","83,600","712,340,000",0,0,8.70,8.70,8.80,8.20
10/05/2021,8.70,8.70,0.60 (7.41 %)," ","118,200","1,003,980,000",0,0,8.10,8.1,8.80,8.10
06/05/2021,8.10,8.10,-0.40 (-4.71 %)," ","59,214","468,139,000",0,0,8.50,7.9,8.10,7.70
05/05/2021,8.50,8.50,-0.90 (-9.57 %)," ","33,400","285,830,000",0,0,9.40,9.30,9.30,8.50
04/05/2021,9.40,9.40,-1.00 (-9.62 %)," ","20,700","201,460,000",0,0,10.40,10.3,10.30,9.40
29/04/2021,10.40,10.40,-0.40 (-3.70 %)," ","157,120","1,639,396,000",0,0,10.80,10.80,11.00,9.80
28/04/2021,10.80,10.80,0.80 (8.00 %)," ","211,020","2,173,894,000",0,0,10.00,10.0,10.80,9.40
27/04/2021,10.00,10.00,0.70 (7.53 %)," ","269,500","2,560,100,000","100,000","840,000,000",9.30,9.30,10.00,8.90
26/04/2021,9.30,9.30,0.30 (3.33 %)," ","227,150","2,016,620,000",0,0,9.00,8.9,9.40,8.50
23/04/2021,9.00,9.00,0.80 (9.76 %)," ","135,000","1,128,310,000",0,0,8.20,8.20,9.00,8.00
22/04/2021,8.20,8.20,0.30 (3.80 %)," ","246,800","1,976,020,000",0,0,7.90,8.0,8.20,7.80
20/04/2021,7.90,7.90,0.10 (1.28 %)," ","81,410","642,859,000",0,0,7.80,8.00,8.00,7.50
19/04/2021,7.80,7.80,0.10 (1.30 %)," ","81,000","618,610,000",0,0,7.70,7.6,7.90,7.20
16/04/2021,7.70,7.70,0.10 (1.32 %)," ","162,900","1,182,600,000",0,0,7.60,7.60,7.70,7.10
15/04/2021,7.60,7.60,-0.40 (-5.00 %)," ","79,510","617,120,000",0,0,8.00,8.0,8.00,7.60
14/04/2021,8.00,8.00,0.10 (1.27 %)," ","62,700","496,050,000",0,0,7.90,7.90,8.00,7.60
13/04/2021,7.90,7.90,-0.40 (-4.82 %)," ","102,000","821,300,000",0,0,8.30,8.3,8.30,7.80
12/04/2021,8.30,8.30,0.30 (3.75 %)," ","444,700","3,595,880,000",0,0,8.00,8.00,8.60,7.80
09/04/2021,8.00,8.00,-0.80 (-9.09 %)," ","216,144","1,731,862,000",0,0,8.80,8.8,8.80,8.00
08/04/2021,8.80,8.80,-0.90 (-9.28 %)," ","69,800","615,840,000",0,0,9.70,9.40,9.70,8.80
07/04/2021,9.70,9.70,-0.10 (-1.02 %)," ","239,800","2,149,720,000",0,0,9.80,9.8,9.80,8.90
05/04/2021,9.80,9.80,0.30 (3.16 %)," ","392,518","3,598,711,000",0,0,9.50,9.5,10.00,8.70
02/04/2021,9.50,9.50,0.70 (7.95 %)," ","206,727","1,846,831,600",0,0,8.80,8.80,9.50,8.50
01/04/2021,8.80,8.80,0.80 (10.00 %)," ","383,000","3,151,620,000",0,0,8.00,7.9,8.80,7.50
31/03/2021,8.00,8.00,0.10 (1.27 %)," ","121,118","957,389,600",0,0,7.90,7.90,8.10,7.70
30/03/2021,7.90,7.90,0.20 (2.60 %)," ","149,527","1,182,301,600",0,0,7.70,7.7,8.20,7.40
29/03/2021,7.70,7.70,0.70 (10.00 %)," ","203,900","1,482,770,000",0,0,7.00,7.10,7.70,7.00
26/03/2021,7.00,7.00,0.00 (0.00 %)," ","152,500","1,048,170,000",0,0,7.00,6.9,7.00,6.60
25/03/2021,7.00,7.00,0.10 (1.45 %)," ","96,800","671,390,000",0,0,6.90,6.90,7.10,6.80
24/03/2021,6.90,6.90,0.00 (0.00 %)," ","102,400","697,740,000",0,0,6.90,6.9,6.90,6.80
23/03/2021,6.90,6.90,0.00 (0.00 %)," ","122,700","815,160,000",0,0,6.90,6.90,6.90,6.30
22/03/2021,6.90,6.90,-0.30 (-4.17 %)," ","134,300","918,610,000",0,0,7.20,7.3,7.30,6.70
19/03/2021,7.20,7.20,-0.30 (-4.00 %)," ","157,800","1,182,250,000",0,0,7.50,7.60,8.00,7.10
18/03/2021,7.50,7.50,0.40 (5.63 %)," ","233,910","1,678,270,000",0,0,7.10,7.0,7.50,6.90
17/03/2021,7.10,7.10,-0.10 (-1.39 %)," ","51,014","354,548,000",0,0,7.20,7.00,7.20,6.60
16/03/2021,7.20,7.20,-0.10 (-1.37 %)," ","128,816","887,205,200",0,0,7.30,7.1,7.20,6.70
15/03/2021,7.30,7.30,0.00 (0.00 %)," ","59,505","410,583,000",0,0,7.30,7.30,7.30,6.60
12/03/2021,7.30,7.30,0.00 (0.00 %)," ","20,300","147,270,000",0,0,7.30,7.1,7.30,7.10
11/03/2021,7.30,7.30,-0.60 (-7.59 %)," ","26,809","200,293,800",0,0,7.90,8.20,8.20,7.30
10/03/2021,7.90,7.90,-0.10 (-1.25 %)," ","70,400","526,940,000",0,0,8.00,8.1,8.10,7.30
08/03/2021,8.00,8.00,0.60 (8.11 %)," ","203,829","1,560,191,000",0,0,7.40,7.4,8.10,6.90
05/03/2021,7.40,7.40,0.10 (1.37 %)," ","34,500","257,630,000",0,0,7.30,8.00,8.00,7.40
04/03/2021,7.30,7.30,0.20 (2.82 %)," ","51,400","377,040,000",0,0,7.10,7.1,7.50,7.10
03/03/2021,7.10,7.10,0.20 (2.90 %)," ","93,600","662,900,000",0,0,6.90,7.20,7.30,6.80
02/03/2021,6.90,6.90,0.60 (9.52 %)," ","105,200","689,850,000",0,0,6.30,6.1,6.90,6.10
01/03/2021,6.30,6.30,0.30 (5.00 %)," ","54,650","354,235,000",0,0,6.00,6.60,6.60,6.20
26/02/2021,6.00,6.00,0.50 (9.09 %)," ","299,700","1,677,550,000",0,0,5.50,5.6,6.00,5.20
25/02/2021,5.50,5.50,0.40 (7.84 %)," ","68,310","379,361,000",0,0,5.10,5.20,5.60,5.20
24/02/2021,5.10,5.10,0.30 (6.25 %)," ","57,630","289,218,000",0,0,4.80,4.8,5.10,4.80
23/02/2021,4.80,4.80,0.00 (0.00 %)," ","8,000","38,410,000",0,0,4.80,4.90,4.90,4.80
22/02/2021,4.80,4.80,-0.10 (-2.04 %)," ","19,000","91,200,000",0,0,4.90,4.8,4.80,4.80
19/02/2021,4.90,4.90,-0.10 (-2.00 %)," ","9,100","45,730,000",0,0,5.00,5.20,5.20,4.90
18/02/2021,5.00,5.00,0.00 (0.00 %)," ","18,300","91,980,000","100,000","450,000,000",5.00,5.2,5.40,5.00
17/02/2021,5.00,5.00,0.20 (4.17 %)," ","58,230","297,629,000",0,0,4.80,4.80,5.20,4.50
09/02/2021,4.80,4.80,0.40 (9.09 %)," ","52,600","250,270,000",0,0,4.40,4.7,4.80,4.70
08/02/2021,4.40,4.40,0.40 (10.00 %)," ","149,800","647,370,000",0,0,4.00,4.40,4.40,3.90
05/02/2021,4.00,4.00,0.30 (8.11 %)," ","141,100","556,270,000",0,0,3.70,3.7,4.00,3.70
04/02/2021,3.70,3.70,-0.10 (-2.63 %)," ","2,700","10,040,000",0,0,3.80,3.80,3.80,3.70
03/02/2021,3.80,3.80,0.20 (5.56 %)," ","4,900","18,420,000",0,0,3.60,3.8,3.80,3.70
01/02/2021,3.80,3.80,0.20 (5.56 %)," ","43,500","158,680,000",0,0,3.60,3.7,3.90,3.60
29/01/2021,3.60,3.60,0.30 (9.09 %)," ","42,200","151,890,000","850,000","2,550,000,000",3.30,3.30,3.60,3.30
28/01/2021,3.30,3.30,-0.10 (-2.94 %)," ","62,500","199,870,000",0,0,3.40,3.2,3.40,3.10
27/01/2021,3.40,3.40,-0.10 (-2.86 %)," ","41,300","148,360,000",0,0,3.50,3.60,3.60,3.40
26/01/2021,3.50,3.50,-0.30 (-7.89 %)," ","3,630","13,204,000",0,0,3.80,3.9,3.90,3.50
25/01/2021,3.80,3.80,0.10 (2.70 %)," ","2,720","10,534,000",0,0,3.70,4.00,4.00,3.70
22/01/2021,3.70,3.70,-0.20 (-5.13 %)," ","124,500","468,250,000",0,0,3.90,3.6,4.10,3.60
21/01/2021,3.90,3.90,-0.40 (-9.30 %)," ","82,000","325,910,000",0,0,4.30,4.50,4.50,3.90
20/01/2021,4.30,4.30,0.10 (2.38 %)," ","10,900","46,320,000",0,0,4.20,4.4,4.40,4.20
19/01/2021,4.20,4.20,0.20 (5.00 %)," ","87,100","368,510,000",0,0,4.00,4.40,4.40,4.00
18/01/2021,4.00,4.00,0.30 (8.11 %)," ","130,300","521,120,000",0,0,3.70,3.8,4.00,3.80
15/01/2021,3.70,3.70,0.30 (8.82 %)," ","43,300","160,180,000","2,280,000","7,068,000,000",3.40,3.40,3.70,3.40
14/01/2021,3.40,3.40,0.30 (9.68 %)," ","158,700","539,280,000",0,0,3.10,3.3,3.40,3.30
13/01/2021,3.10,3.10,0.20 (6.90 %)," ","86,600","267,080,000",0,0,2.90,3.00,3.10,2.90
12/01/2021,2.90,2.90,0.20 (7.41 %)," ","96,400","268,090,000",0,0,2.70,2.7,2.90,2.60
11/01/2021,2.70,2.70,0.10 (3.85 %)," ","31,300","81,410,000",0,0,2.60,2.60,2.70,2.60
08/01/2021,2.60,2.60,0.00 (0.00 %)," ","48,600","118,940,000",0,0,2.60,2.5,2.60,2.40
07/01/2021,2.60,2.60,0.00 (0.00 %)," ","8,900","23,140,000",0,0,2.60,2.60,2.60,2.60
06/01/2021,2.60,2.60,0.20 (8.33 %)," ","18,100","45,270,000",0,0,2.40,2.5,2.60,2.50
04/01/2021,2.50,2.50,0.10 (4.17 %)," ","55,500","133,620,000",0,0,2.40,2.3,2.60,2.30
31/12/2020,2.40,2.40,0.10 (4.35 %)," ","58,500","133,540,000",0,0,2.30,2.20,2.40,2.20
30/12/2020,2.30,2.30,-0.10 (-4.17 %)," ","108,200","243,820,000",0,0,2.40,2.2,2.40,2.20
29/12/2020,2.40,2.40,0.00 (0.00 %)," ","53,200","122,370,000",0,0,2.40,2.30,2.40,2.30
28/12/2020,2.40,2.40,-0.10 (-4.00 %)," ","43,100","104,520,000",0,0,2.50,2.4,2.70,2.30
25/12/2020,2.50,2.50,0.10 (4.17 %)," ","12,300","31,800,000",0,0,2.40,2.60,2.60,2.40
24/12/2020,2.40,2.40,0.20 (9.09 %)," ","187,600","450,240,000",0,0,2.20,2.4,2.40,2.40
23/12/2020,2.20,2.20,0.20 (10.00 %)," ","83,110","178,012,000",0,0,2.00,2.00,2.20,2.00
22/12/2020,2.00,2.00,0.00 (0.00 %)," ",0,0,0,0,2.00,2.0,2.00,2.00
21/12/2020,2.00,2.00,0.00 (0.00 %)," ","5,400","10,800,000","360,000","684,000,000",2.00,2.00,2.00,2.00
18/12/2020,2.00,2.00,-0.10 (-4.76 %)," ","15,000","29,050,000","590,000","1,121,000,000",2.10,2.0,2.00,1.90
17/12/2020,2.10,2.10,0.00 (0.00 %)," ","2,100","4,410,000",0,0,2.10,2.10,2.10,2.10
16/12/2020,2.10,2.10,0.10 (5.00 %)," ",800,"1,660,000",0,0,2.00,2.1,2.10,2.00
15/12/2020,2.00,2.00,0.00 (0.00 %)," ","126,400","236,260,000",0,0,2.00,2.00,2.00,1.80
14/12/2020,2.00,2.00,0.00 (0.00 %)," ",0,0,0,0,2.00,2.0,2.00,2.00
11/12/2020,2.00,2.00,0.00 (0.00 %)," ","6,700","13,420,000",0,0,2.00,2.00,2.10,2.00
10/12/2020,2.00,2.00,-0.10 (-4.76 %)," ",100,"200,000",0,0,2.10,2.0,2.00,2.00
09/12/2020,2.10,2.10,0.10 (5.00 %)," ","9,100","18,510,000",0,0,2.00,2.10,2.10,2.00
08/12/2020,2.00,2.00,0.00 (0.00 %)," ",600,"1,200,000","313,900","565,020,000",2.00,2.0,2.00,2.00
04/12/2020,2.00,2.00,0.00 (0.00 %)," ","4,000","8,000,000",0,0,2.00,2.0,2.00,2.00
03/12/2020,2.00,2.00,0.00 (0.00 %)," ","1,800","3,600,000",0,0,2.00,2.00,2.00,2.00
02/12/2020,2.00,2.00,0.00 (0.00 %)," ",0,0,0,0,2.00,2.0,2.00,2.00
01/12/2020,2.00,2.00,-0.10 (-4.76 %)," ",100,"200,000","360,000","684,000,000",2.10,2.00,2.00,2.00
30/11/2020,2.10,2.10,0.10 (5.00 %)," ","31,300","62,680,000",0,0,2.00,2.0,2.10,2.00
27/11/2020,2.00,2.00,0.00 (0.00 %)," ",0,0,0,0,2.00,2.00,2.00,2.00
26/11/2020,2.00,2.00,-0.10 (-4.76 %)," ","6,200","12,400,000",0,0,2.10,1.9,2.10,1.90
25/11/2020,2.10,2.10,0.10 (5.00 %)," ",200,"420,000",0,0,2.00,2.10,2.10,2.10
24/11/2020,2.00,2.00,0.00 (0.00 %)," ",100,"200,000",0,0,2.00,2.0,2.00,2.00
23/11/2020,2.00,2.00,-0.10 (-4.76 %)," ",300,"600,000",0,0,2.10,2.00,2.00,2.00
20/11/2020,2.10,2.10,0.00 (0.00 %)," ",0,0,0,0,2.10,2.1,2.10,2.10
19/11/2020,2.10,2.10,0.10 (5.00 %)," ",100,"210,000",0,0,2.00,2.10,2.10,2.10
18/11/2020,2.00,2.00,0.00 (0.00 %)," ",300,"600,000",0,0,2.00,2.0,2.00,2.00
17/11/2020,2.00,2.00,0.00 (0.00 %)," ","48,500","98,400,000",0,0,2.00,2.10,2.10,2.00
16/11/2020,2.00,2.00,-0.10 (-4.76 %)," ","10,000","20,000,000",0,0,2.10,2.0,2.00,2.00
13/11/2020,2.10,2.10,0.10 (5.00 %)," ","6,100","12,210,000",0,0,2.00,2.00,2.10,2.00
12/11/2020,2.00,2.00,0.00 (0.00 %)," ",0,0,0,0,2.00,2.0,2.00,2.00
11/11/2020,2.00,2.00,0.00 (0.00 %)," ","14,300","28,600,000",0,0,2.00,2.00,2.00,2.00
10/11/2020,2.00,2.00,-0.10 (-4.76 %)," ","3,600","6,850,000",0,0,2.10,1.9,2.00,1.90
06/11/2020,2.10,2.10,0.10 (5.00 %)," ","1,100","2,150,000",0,0,2.00,1.9,2.10,1.90
05/11/2020,2.00,2.00,-0.10 (-4.76 %)," ","10,000","20,000,000",0,0,2.10,2.00,2.00,2.00
04/11/2020,2.10,2.10,0.10 (5.00 %)," ",200,"420,000",0,0,2.00,2.1,2.10,2.10
03/11/2020,2.00,2.00,-0.10 (-4.76 %)," ","19,000","38,000,000",0,0,2.10,2.00,2.00,2.00
02/11/2020,2.10,2.10,0.10 (5.00 %)," ",200,"420,000",0,0,2.00,2.1,2.10,2.10
30/10/2020,2.00,2.00,-0.10 (-4.76 %)," ","8,900","17,800,000",0,0,2.10,2.00,2.00,2.00
29/10/2020,2.10,2.10,0.10 (5.00 %)," ","2,200","4,420,000",0,0,2.00,2.0,2.10,2.00
28/10/2020,2.00,2.00,0.00 (0.00 %)," ","29,400","61,410,000",0,0,2.00,2.10,2.10,2.00
27/10/2020,2.00,2.00,0.00 (0.00 %)," ","14,000","28,000,000",0,0,2.00,2.0,2.00,2.00
26/10/2020,2.00,2.00,0.00 (0.00 %)," ","15,500","31,000,000",0,0,2.00,2.00,2.00,2.00
23/10/2020,2.00,2.00,0.00 (0.00 %)," ","31,500","63,000,000",0,0,2.00,2.0,2.00,2.00
22/10/2020,2.00,2.00,-0.10 (-4.76 %)," ","19,100","39,300,000",0,0,2.10,2.00,2.10,2.00
21/10/2020,2.10,2.10,0.10 (5.00 %)," ","3,000","6,300,000",0,0,2.00,2.1,2.10,2.10
20/10/2020,2.00,2.00,-0.20 (-9.09 %)," ","29,000","58,900,000",0,0,2.20,2.00,2.10,2.00
19/10/2020,2.20,2.20,0.00 (0.00 %)," ","23,900","49,750,000",0,0,2.20,2.0,2.20,2.00
16/10/2020,2.20,2.20,0.00 (0.00 %)," ",0,0,0,0,2.20,2.20,2.20,2.20
15/10/2020,2.20,2.20,0.20 (10.00 %)," ",200,"440,000",0,0,2.00,2.2,2.20,2.20
14/10/2020,2.00,2.00,-0.20 (-9.09 %)," ","16,000","33,110,000",0,0,2.20,2.10,2.20,2.00
13/10/2020,2.20,2.20,0.00 (0.00 %)," ","2,500","5,330,000",0,0,2.20,2.2,2.20,2.10
09/10/2020,2.10,2.10,0.00 (0.00 %)," ","8,000","16,730,000",0,0,2.10,2.1,2.10,2.00
08/10/2020,2.10,2.10,0.00 (0.00 %)," ","19,300","40,530,000",0,0,2.10,2.10,2.10,2.10
07/10/2020,2.10,2.10,0.00 (0.00 %)," ","12,700","26,560,000",0,0,2.10,2.0,2.10,2.00
06/10/2020,2.10,2.10,0.10 (5.00 %)," ",500,"1,040,000",0,0,2.00,2.00,2.10,2.00
05/10/2020,2.00,2.00,0.10 (5.26 %)," ","78,400","156,800,000",0,0,1.90,2.0,2.00,2.00
02/10/2020,1.90,1.90,0.00 (0.00 %)," ","11,500","21,870,000",0,0,1.90,1.90,2.00,1.90
01/10/2020,1.90,1.90,-0.10 (-5.00 %)," ","14,400","28,750,000",0,0,2.00,2.0,2.00,1.90
30/09/2020,2.00,2.00,0.10 (5.26 %)," ",100,"200,000",0,0,1.90,2.00,2.00,2.00
29/09/2020,1.90,1.90,-0.10 (-5.00 %)," ","57,100","109,490,000",0,0,2.00,2.0,2.00,1.90
28/09/2020,2.00,2.00,-0.10 (-4.76 %)," ","10,500","21,000,000",0,0,2.10,2.00,2.00,2.00
25/09/2020,2.10,2.10,0.00 (0.00 %)," ","7,300","14,610,000",0,0,2.10,2.0,2.10,2.00
24/09/2020,2.10,2.10,0.00 (0.00 %)," ",0,0,0,0,2.10,2.10,2.10,2.10
23/09/2020,2.10,2.10,0.00 (0.00 %)," ","27,500","55,750,000",0,0,2.10,2.1,2.10,2.00
22/09/2020,2.10,2.10,0.00 (0.00 %)," ",900,"1,890,000",0,0,2.10,2.10,2.10,2.10
21/09/2020,2.10,2.10,-0.10 (-4.55 %)," ",510,"1,112,000",0,0,2.20,2.2,2.20,2.10
18/09/2020,2.20,2.20,0.00 (0.00 %)," ","5,000","11,000,000",0,0,2.20,2.20,2.20,2.20
17/09/2020,2.20,2.20,0.00 (0.00 %)," ","3,200","6,680,000",0,0,2.20,2.1,2.20,2.00
16/09/2020,2.20,2.20,0.00 (0.00 %)," ","3,100","6,760,000",0,0,2.20,2.10,2.20,2.10
15/09/2020,2.20,2.20,0.00 (0.00 %)," ","5,100","10,870,000",0,0,2.20,2.1,2.20,2.10
11/09/2020,2.40,2.40,0.20 (9.09 %)," ","9,300","21,140,000",0,0,2.20,2.2,2.40,2.20
10/09/2020,2.20,2.20,0.10 (4.76 %)," ","19,600","40,410,000",0,0,2.10,2.10,2.20,2.00
09/09/2020,2.10,2.10,0.00 (0.00 %)," ","12,400","26,040,000",0,0,2.10,2.1,2.10,2.10
08/09/2020,2.10,2.10,0.10 (5.00 %)," ","56,400","118,450,000",0,0,2.00,2.10,2.20,2.10
07/09/2020,2.00,2.00,0.00 (0.00 %)," ","29,600","59,200,000",0,0,2.00,2.0,2.00,2.00
04/09/2020,2.00,2.00,0.00 (0.00 %)," ","17,300","34,590,000",0,0,2.00,2.00,2.00,1.90
03/09/2020,2.00,2.00,-0.10 (-4.76 %)," ",800,"1,600,000",0,0,2.10,2.0,2.00,2.00
01/09/2020,2.10,2.10,0.00 (0.00 %)," ",900,"1,890,000",0,0,2.10,2.10,2.10,2.10
31/08/2020,2.10,2.10,0.00 (0.00 %)," ",0,0,0,0,2.10,2.1,2.10,2.10
28/08/2020,2.10,2.10,0.00 (0.00 %)," ","30,101","60,212,100",0,0,2.10,2.00,2.10,2.00
27/08/2020,2.10,2.10,0.00 (0.00 %)," ","2,100","4,380,000",0,0,2.10,2.1,2.10,2.00
26/08/2020,2.10,2.10,0.00 (0.00 %)," ",0,0,0,0,2.10,2.10,2.10,2.10
25/08/2020,2.10,2.10,0.10 (5.00 %)," ","12,700","26,670,000",0,0,2.00,2.1,2.10,2.10
24/08/2020,2.00,2.00,0.10 (5.26 %)," ","21,700","43,400,000",0,0,1.90,2.00,2.00,2.00
21/08/2020,1.90,1.90,-0.10 (-5.00 %)," ","2,600","5,190,000",0,0,2.00,2.0,2.00,1.90
20/08/2020,2.00,2.00,-0.20 (-9.09 %)," ","11,300","22,600,000",0,0,2.20,2.00,2.00,2.00
19/08/2020,2.20,2.20,0.20 (10.00 %)," ","2,400","4,750,000",0,0,2.00,1.9,2.20,1.90
18/08/2020,2.00,2.00,-0.10 (-4.76 %)," ","50,500","96,270,000",0,0,2.10,1.90,2.20,1.90
17/08/2020,2.10,2.10,-0.20 (-8.70 %)," ","3,000","6,300,000",0,0,2.30,2.1,2.10,2.10
13/08/2020,2.30,2.30,0.20 (9.52 %)," ","11,500","25,980,000",0,0,2.10,2.1,2.30,2.10
12/08/2020,2.10,2.10,0.00 (0.00 %)," ",0,0,0,0,2.10,2.10,2.10,2.10
11/08/2020,2.10,2.10,0.10 (5.00 %)," ","1,000","2,100,000",0,0,2.00,2.1,2.10,2.10
10/08/2020,2.00,2.00,0.00 (0.00 %)," ","15,600","31,200,000",0,0,2.00,2.00,2.00,2.00
07/08/2020,2.00,2.00,0.00 (0.00 %)," ","21,700","43,400,000",0,0,2.00,2.0,2.00,2.00
06/08/2020,2.00,2.00,0.00 (0.00 %)," ",0,0,0,0,2.00,2.00,2.00,2.00
05/08/2020,2.00,2.00,0.00 (0.00 %)," ",0,0,0,0,2.00,2.0,2.00,2.00
04/08/2020,2.00,2.00,0.00 (0.00 %)," ",0,0,0,0,2.00,2.00,2.00,2.00
03/08/2020,2.00,2.00,0.00 (0.00 %)," ","6,100","12,200,000",0,0,2.00,2.0,2.00,2.00
31/07/2020,2.00,2.00,0.00 (0.00 %)," ",0,0,0,0,2.00,2.00,2.00,2.00
30/07/2020,2.00,2.00,0.00 (0.00 %)," ",0,0,0,0,2.00,2.0,2.00,2.00
29/07/2020,2.00,2.00,0.00 (0.00 %)," ","17,100","31,300,000",0,0,2.00,1.90,2.00,1.80
28/07/2020,2.00,2.00,0.00 (0.00 %)," ","4,000","8,000,000",0,0,2.00,2.0,2.00,2.00
27/07/2020,2.00,2.00,0.00 (0.00 %)," ","2,900","5,240,000",0,0,2.00,1.80,2.00,1.80
24/07/2020,2.00,2.00,0.00 (0.00 %)," ","1,000","2,000,000",0,0,2.00,2.0,2.00,2.00
23/07/2020,2.00,2.00,-0.10 (-4.76 %)," ","10,700","21,400,000","150,000","285,000,000",2.10,2.00,2.00,2.00
22/07/2020,2.10,2.10,0.10 (5.00 %)," ","350,100","665,210,000",0,0,2.00,1.9,2.10,1.90
21/07/2020,2.00,2.00,0.00 (0.00 %)," ",0,0,0,0,2.00,2.00,2.00,2.00
20/07/2020,2.00,2.00,-0.10 (-4.76 %)," ","1,060,800","2,121,600,000","350,000","665,000,000",2.10,2.0,2.00,2.00
13/08/2020,2.30,2.30,0.20 (9.52 %)," ","11,500","25,980,000",0,0,2.10,2.1,2.30,2.10
12/08/2020,2.10,2.10,0.00 (0.00 %)," ",0,0,0,0,2.10,2.10,2.10,2.10
11/08/2020,2.10,2.10,0.10 (5.00 %)," ","1,000","2,100,000",0,0,2.00,2.1,2.10,2.10
10/08/2020,2.00,2.00,0.00 (0.00 %)," ","15,600","31,200,000",0,0,2.00,2.00,2.00,2.00
07/08/2020,2.00,2.00,0.00 (0.00 %)," ","21,700","43,400,000",0,0,2.00,2.0,2.00,2.00
06/08/2020,2.00,2.00,0.00 (0.00 %)," ",0,0,0,0,2.00,2.00,2.00,2.00
05/08/2020,2.00,2.00,0.00 (0.00 %)," ",0,0,0,0,2.00,2.0,2.00,2.00
04/08/2020,2.00,2.00,0.00 (0.00 %)," ",0,0,0,0,2.00,2.00,2.00,2.00
03/08/2020,2.00,2.00,0.00 (0.00 %)," ","6,100","12,200,000",0,0,2.00,2.0,2.00,2.00
31/07/2020,2.00,2.00,0.00 (0.00 %)," ",0,0,0,0,2.00,2.00,2.00,2.00
30/07/2020,2.00,2.00,0.00 (0.00 %)," ",0,0,0,0,2.00,2.0,2.00,2.00
29/07/2020,2.00,2.00,0.00 (0.00 %)," ","17,100","31,300,000",0,0,2.00,1.90,2.00,1.80
28/07/2020,2.00,2.00,0.00 (0.00 %)," ","4,000","8,000,000",0,0,2.00,2.0,2.00,2.00
27/07/2020,2.00,2.00,0.00 (0.00 %)," ","2,900","5,240,000",0,0,2.00,1.80,2.00,1.80
24/07/2020,2.00,2.00,0.00 (0.00 %)," ","1,000","2,000,000",0,0,2.00,2.0,2.00,2.00
23/07/2020,2.00,2.00,-0.10 (-4.76 %)," ","10,700","21,400,000","150,000","285,000,000",2.10,2.00,2.00,2.00
22/07/2020,2.10,2.10,0.10 (5.00 %)," ","350,100","665,210,000",0,0,2.00,1.9,2.10,1.90
21/07/2020,2.00,2.00,0.00 (0.00 %)," ",0,0,0,0,2.00,2.00,2.00,2.00
20/07/2020,2.00,2.00,-0.10 (-4.76 %)," ","1,060,800","2,121,600,000","350,000","665,000,000",2.10,2.0,2.00,2.00
16/07/2020,2.00,2.00,0.10 (5.26 %)," ","1,500","2,860,000",0,0,1.90,1.9,2.00,1.90
15/07/2020,1.90,1.90,-0.10 (-5.00 %)," ","13,300","25,270,000",0,0,2.00,1.90,1.90,1.90
14/07/2020,2.00,2.00,0.00 (0.00 %)," ",0,0,0,0,2.00,2.0,2.00,2.00
13/07/2020,2.00,2.00,0.00 (0.00 %)," ","1,800","3,600,000",0,0,2.00,2.00,2.00,2.00
10/07/2020,2.00,2.00,0.00 (0.00 %)," ",0,0,0,0,2.00,2.0,2.00,2.00
09/07/2020,2.00,2.00,0.00 (0.00 %)," ",0,0,0,0,2.00,2.00,2.00,2.00
08/07/2020,2.00,2.00,0.00 (0.00 %)," ",0,0,0,0,2.00,2.0,2.00,2.00
07/07/2020,2.00,2.00,0.00 (0.00 %)," ","17,600","35,200,000",0,0,2.00,2.00,2.00,2.00
06/07/2020,2.00,2.00,0.10 (5.26 %)," ","17,400","34,800,000",0,0,1.90,2.0,2.00,2.00
03/07/2020,1.90,1.90,0.00 (0.00 %)," ","6,000","11,400,000",0,0,1.90,1.90,1.90,1.90
02/07/2020,1.90,1.90,-0.10 (-5.00 %)," ","16,600","31,540,000",0,0,2.00,1.9,1.90,1.90
01/07/2020,2.00,2.00,0.00 (0.00 %)," ","6,700","12,740,000",0,0,2.00,1.90,2.00,1.90
30/06/2020,2.00,2.00,0.00 (0.00 %)," ","3,100","5,900,000",0,0,2.00,1.9,2.00,1.90
29/06/2020,2.00,2.00,0.00 (0.00 %)," ","20,300","38,830,000",0,0,2.00,2.00,2.10,1.80
26/06/2020,2.00,2.00,0.10 (5.26 %)," ","63,200","125,530,000",0,0,1.90,1.9,2.00,1.90
25/06/2020,1.90,1.90,0.00 (0.00 %)," ","9,400","17,860,000",0,0,1.90,1.90,1.90,1.90
24/06/2020,1.90,1.90,-0.10 (-5.00 %)," ",700,"1,330,000",0,0,2.00,1.9,1.90,1.90
23/06/2020,2.00,2.00,0.00 (0.00 %)," ","10,700","21,400,000",0,0,2.00,2.00,2.00,2.00
22/06/2020,2.00,2.00,0.00 (0.00 %)," ","2,300","4,600,000",0,0,2.00,2.0,2.00,2.00
18/06/2020,2.00,2.00,0.00 (0.00 %)," ","11,100","21,100,000",0,0,2.00,1.9,2.00,1.90
17/06/2020,2.00,2.00,0.00 (0.00 %)," ","8,000","16,000,000",0,0,2.00,2.00,2.00,2.00
16/06/2020,2.00,2.00,0.00 (0.00 %)," ","15,500","31,000,000",0,0,2.00,2.0,2.00,2.00
15/06/2020,2.00,2.00,-0.10 (-4.76 %)," ","20,600","40,140,000",0,0,2.10,1.90,2.00,1.90
12/06/2020,2.10,2.10,0.00 (0.00 %)," ","8,400","16,810,000",0,0,2.10,2.0,2.10,2.00
11/06/2020,2.10,2.10,0.00 (0.00 %)," ","67,500","135,960,000",0,0,2.10,2.00,2.10,2.00
10/06/2020,2.10,2.10,0.10 (5.00 %)," ","35,500","71,010,000",0,0,2.00,2.0,2.10,2.00
09/06/2020,2.00,2.00,0.10 (5.26 %)," ","2,600","4,960,000",0,0,1.90,1.90,2.00,1.90
08/06/2020,1.90,1.90,0.00 (0.00 %)," ","89,300","163,160,000",0,0,1.90,1.9,1.90,1.80
05/06/2020,1.90,1.90,0.00 (0.00 %)," ","2,300","4,370,000",0,0,1.90,1.90,1.90,1.90
04/06/2020,1.90,1.90,0.00 (0.00 %)," ","2,800","5,320,000",0,0,1.90,1.9,1.90,1.90
03/06/2020,1.90,1.90,0.00 (0.00 %)," ",500,"920,000",0,0,1.90,1.80,1.90,1.80
02/06/2020,1.90,1.90,0.00 (0.00 %)," ","9,500","18,050,000",0,0,1.90,1.9,1.90,1.90
01/06/2020,1.90,1.90,0.00 (0.00 %)," ","13,900","26,420,000",0,0,1.90,1.90,2.00,1.90
29/05/2020,1.90,1.90,0.00 (0.00 %)," ","44,600","82,550,000",0,0,1.90,2.0,2.00,1.80
28/05/2020,1.90,1.90,0.00 (0.00 %)," ","36,700","68,110,000",0,0,1.90,1.80,1.90,1.80
27/05/2020,1.90,1.90,0.00 (0.00 %)," ","8,000","15,210,000",0,0,1.90,2.0,2.00,1.90
26/05/2020,1.90,1.90,-0.10 (-5.00 %)," ","11,000","21,900,000",0,0,2.00,2.00,2.00,1.90
25/05/2020,2.00,2.00,0.10 (5.26 %)," ","5,908","11,816,000",0,0,1.90,2.0,2.00,2.00
21/05/2020,1.90,1.90,0.00 (0.00 %)," ","78,200","148,570,000",0,0,1.90,1.8,2.00,1.80
20/05/2020,1.90,1.90,-0.10 (-5.00 %)," ","9,600","18,460,000",0,0,2.00,2.10,2.10,1.90
19/05/2020,2.00,2.00,0.10 (5.26 %)," ","63,208","125,915,200",0,0,1.90,1.9,2.00,1.90
18/05/2020,1.90,1.90,0.00 (0.00 %)," ","11,800","22,420,000",0,0,1.90,1.90,1.90,1.90
15/05/2020,1.90,1.90,0.00 (0.00 %)," ","9,500","17,980,000",0,0,1.90,1.8,1.90,1.80
14/05/2020,1.90,1.90,0.00 (0.00 %)," ","15,200","27,880,000",0,0,1.90,1.90,1.90,1.80
13/05/2020,1.90,1.90,-0.10 (-5.00 %)," ","15,700","29,830,000",0,0,2.00,1.9,1.90,1.90
12/05/2020,2.00,2.00,0.00 (0.00 %)," ","24,100","45,840,000",0,0,2.00,1.90,2.00,1.90
11/05/2020,2.00,2.00,0.10 (5.26 %)," ","28,300","53,760,000",0,0,1.90,1.9,2.00,1.80
08/05/2020,1.90,1.90,0.00 (0.00 %)," ","91,000","177,500,000",0,0,1.90,2.00,2.00,1.90
07/05/2020,1.90,1.90,0.10 (5.56 %)," ","30,000","57,000,000",0,0,1.80,1.9,1.90,1.90
06/05/2020,1.80,1.80,0.10 (5.88 %)," ","207,700","373,840,000",0,0,1.70,1.70,1.80,1.70
05/05/2020,1.70,1.70,0.00 (0.00 %)," ",200,"340,000",0,0,1.70,1.7,1.70,1.70
04/05/2020,1.70,1.70,0.00 (0.00 %)," ",300,"510,000",0,0,1.70,1.70,1.70,1.70
29/04/2020,1.70,1.70,-0.10 (-5.56 %)," ","5,800","9,860,000",0,0,1.80,1.7,1.70,1.70
28/04/2020,1.80,1.80,0.10 (5.88 %)," ",800,"1,400,000",0,0,1.70,1.70,1.80,1.70
27/04/2020,1.70,1.70,0.00 (0.00 %)," ","5,900","10,040,000",0,0,1.70,1.7,1.80,1.70
24/04/2020,1.70,1.70,0.00 (0.00 %)," ","10,500","17,850,000",0,0,1.70,1.70,1.70,1.70
23/04/2020,1.70,1.70,-0.10 (-5.56 %)," ","90,700","154,190,000",0,0,1.80,1.7,1.70,1.70
21/04/2020,1.70,1.70,0.00 (0.00 %)," ","19,500","33,150,000",0,0,1.70,1.7,1.70,1.70
20/04/2020,1.70,1.70,0.00 (0.00 %)," ","30,700","52,190,000",0,0,1.70,1.70,1.70,1.70
17/04/2020,1.70,1.70,-0.10 (-5.56 %)," ","6,700","11,400,000",0,0,1.80,1.8,1.80,1.70
16/04/2020,1.80,1.80,0.00 (0.00 %)," ",0,0,0,0,1.80,1.80,1.80,1.80
15/04/2020,1.80,1.80,0.10 (5.88 %)," ",300,"530,000",0,0,1.70,1.8,1.80,1.70
14/04/2020,1.70,1.70,-0.10 (-5.56 %)," ","8,600","14,620,000",0,0,1.80,1.70,1.70,1.70
13/04/2020,1.80,1.80,0.00 (0.00 %)," ",0,0,0,0,1.80,1.8,1.80,1.80
10/04/2020,1.80,1.80,0.10 (5.88 %)," ","33,000","56,130,000",0,0,1.70,1.70,1.80,1.70
09/04/2020,1.70,1.70,-0.10 (-5.56 %)," ","32,200","54,740,000",0,0,1.80,1.7,1.70,1.70
08/04/2020,1.80,1.80,0.10 (5.88 %)," ",100,"180,000",0,0,1.70,1.80,1.80,1.80
07/04/2020,1.70,1.70,-0.10 (-5.56 %)," ","3,000","5,300,000",0,0,1.80,1.8,1.80,1.70
06/04/2020,1.80,1.80,0.10 (5.88 %)," ","8,800","15,740,000",0,0,1.70,1.70,1.80,1.70
03/04/2020,1.70,1.70,0.10 (6.25 %)," ","1,100","1,870,000",0,0,1.60,1.7,1.70,1.70
01/04/2020,1.60,1.60,-0.10 (-5.88 %)," ","2,400","4,090,000",0,0,1.70,1.70,1.80,1.60
31/03/2020,1.70,1.70,-0.10 (-5.56 %)," ","27,100","46,270,000",0,0,1.80,1.7,1.80,1.70
30/03/2020,1.80,1.80,-0.10 (-5.26 %)," ","3,000","5,400,000",0,0,1.90,1.80,1.80,1.80
27/03/2020,1.90,1.90,-0.10 (-5.00 %)," ","14,800","26,670,000",0,0,2.00,1.9,1.90,1.80
26/03/2020,2.00,2.00,0.10 (5.26 %)," ","13,600","26,050,000",0,0,1.90,1.90,2.00,1.90
25/03/2020,1.90,1.90,0.10 (5.56 %)," ","6,400","12,160,000",0,0,1.80,1.9,1.90,1.90
23/03/2020,2.00,2.00,-0.20 (-9.09 %)," ","21,600","43,360,000",0,0,2.20,2.1,2.10,2.00
20/03/2020,2.20,2.20,-0.10 (-4.35 %)," ","21,500","45,160,000",0,0,2.30,2.10,2.20,2.10
19/03/2020,2.30,2.30,0.00 (0.00 %)," ","66,200","139,960,000",0,0,2.30,2.2,2.30,2.10
18/03/2020,2.30,2.30,-0.20 (-8.00 %)," ","54,300","124,890,000",0,0,2.50,2.30,2.30,2.30
17/03/2020,2.50,2.50,-0.20 (-7.41 %)," ","20,300","51,820,000",0,0,2.70,2.7,2.70,2.50
16/03/2020,2.70,2.70,0.00 (0.00 %)," ","90,800","263,080,000",0,0,2.70,2.90,2.90,2.70
13/03/2020,2.70,2.70,0.20 (8.00 %)," ","60,900","164,430,000",0,0,2.50,2.7,2.70,2.70
12/03/2020,2.50,2.50,0.20 (8.70 %)," ","123,120","295,457,200",0,0,2.30,2.40,2.50,2.30
11/03/2020,2.30,2.30,0.00 (0.00 %)," ","17,700","40,710,000",0,0,2.30,2.3,2.30,2.30
10/03/2020,2.30,2.30,0.00 (0.00 %)," ","15,100","35,080,000",0,0,2.30,2.30,2.40,2.30
09/03/2020,2.30,2.30,-0.10 (-4.17 %)," ","25,000","57,500,000",0,0,2.40,2.3,2.30,2.30
06/03/2020,2.40,2.40,0.10 (4.35 %)," ","33,000","75,910,000",0,0,2.30,2.30,2.40,2.30
05/03/2020,2.30,2.30,0.00 (0.00 %)," ","17,500","40,250,000",0,0,2.30,2.3,2.30,2.30
04/03/2020,2.30,2.30,0.00 (0.00 %)," ","6,300","14,490,000",0,0,2.30,2.30,2.30,2.30
03/03/2020,2.30,2.30,0.00 (0.00 %)," ",0,0,0,0,2.30,2.3,2.30,2.30
02/03/2020,2.30,2.30,0.00 (0.00 %)," ","8,500","19,550,000","335,000","703,500,000",2.30,2.30,2.30,2.30
28/02/2020,2.30,2.30,0.00 (0.00 %)," ","8,700","20,010,000",0,0,2.30,2.3,2.30,2.30
27/02/2020,2.30,2.30,0.00 (0.00 %)," ",0,0,0,0,2.30,2.30,2.30,2.30
26/02/2020,2.30,2.30,-0.20 (-8.00 %)," ",500,"1,150,000",0,0,2.50,2.3,2.30,2.30
24/02/2020,2.50,2.50,0.00 (0.00 %)," ",0,0,0,0,2.50,2.5,2.50,2.50
21/02/2020,2.50,2.50,0.10 (4.17 %)," ","1,500","3,750,000",0,0,2.40,2.50,2.50,2.50
20/02/2020,2.40,2.40,0.10 (4.35 %)," ","1,000","2,350,000",0,0,2.30,2.3,2.40,2.30
19/02/2020,2.30,2.30,0.00 (0.00 %)," ",200,"460,000",0,0,2.30,2.30,2.30,2.30
18/02/2020,2.30,2.30,0.00 (0.00 %)," ",0,0,0,0,2.30,2.3,2.30,2.30
17/02/2020,2.30,2.30,0.00 (0.00 %)," ",100,"230,000",0,0,2.30,2.30,2.30,2.30
14/02/2020,2.30,2.30,0.00 (0.00 %)," ","1,700","3,910,000",0,0,2.30,2.3,2.30,2.30
13/02/2020,2.30,2.30,0.00 (0.00 %)," ",200,"460,000",0,0,2.30,2.30,2.30,2.30
12/02/2020,2.30,2.30,0.00 (0.00 %)," ",200,"460,000",0,0,2.30,2.3,2.30,2.30
11/02/2020,2.30,2.30,-0.10 (-4.17 %)," ","16,600","37,620,000",0,0,2.40,2.40,2.40,2.20
10/02/2020,2.40,2.40,0.00 (0.00 %)," ",0,0,0,0,2.40,2.4,2.40,2.40
07/02/2020,2.40,2.40,-0.10 (-4.00 %)," ","8,800","21,020,000",0,0,2.50,2.40,2.40,2.30
06/02/2020,2.50,2.50,0.10 (4.17 %)," ","2,700","6,330,000",0,0,2.40,2.2,2.50,2.20
05/02/2020,2.40,2.40,-0.20 (-7.69 %)," ","1,800","4,370,000",0,0,2.60,2.50,2.50,2.40
04/02/2020,2.60,2.60,-0.20 (-7.14 %)," ","3,200","8,760,000",0,0,2.80,2.8,2.90,2.60
03/02/2020,2.80,2.80,0.00 (0.00 %)," ",0,0,0,0,2.80,2.80,2.80,2.80
31/01/2020,2.80,2.80,0.00 (0.00 %)," ",0,0,0,0,2.80,2.8,2.80,2.80
30/01/2020,2.80,2.80,0.00 (0.00 %)," ",0,0,0,0,2.80,2.80,2.80,2.80
22/01/2020,2.80,2.80,0.00 (0.00 %)," ",0,0,0,0,2.80,2.8,2.80,2.80
20/01/2020,2.80,2.80,0.00 (0.00 %)," ",0,0,0,0,2.80,2.8,2.80,2.80
17/01/2020,2.80,2.80,0.00 (0.00 %)," ",0,0,0,0,2.80,2.80,2.80,2.80
16/01/2020,2.80,2.80,0.00 (0.00 %)," ",0,0,0,0,2.80,2.8,2.80,2.80
15/01/2020,2.80,2.80,0.00 (0.00 %)," ",0,0,0,0,2.80,2.80,2.80,2.80
14/01/2020,2.80,2.80,0.00 (0.00 %)," ",0,0,0,0,2.80,2.8,2.80,2.80
13/01/2020,2.80,2.80,0.20 (7.69 %)," ",100,"280,000",0,0,2.60,2.80,2.80,2.80
10/01/2020,2.60,2.60,0.20 (8.33 %)," ","2,300","5,320,000",0,0,2.40,2.3,2.60,2.30
09/01/2020,2.40,2.40,0.00 (0.00 %)," ",20,"44,000",0,0,2.40,2.40,2.40,2.40
08/01/2020,2.40,2.40,0.00 (0.00 %)," ",0,0,0,0,2.40,2.4,2.40,2.40
07/01/2020,2.40,2.40,0.00 (0.00 %)," ",0,0,0,0,2.40,2.40,2.40,2.40
06/01/2020,2.40,2.40,0.00 (0.00 %)," ",0,0,0,0,2.40,2.4,2.40,2.40
03/01/2020,2.40,2.40,0.00 (0.00 %)," ",0,0,0,0,2.40,2.40,2.40,2.40
02/01/2020,2.40,2.40,0.00 (0.00 %)," ",0,0,0,0,2.40,2.4,2.40,2.40
31/12/2019,2.40,2.40,0.00 (0.00 %)," ",0,0,0,0,2.40,2.40,2.40,2.40
30/12/2019,2.40,2.40,0.00 (0.00 %)," ",0,0,0,0,2.40,2.4,2.40,2.40
27/12/2019,2.40,2.40,0.00 (0.00 %)," ",0,0,0,0,2.40,2.40,2.40,2.40
26/12/2019,2.40,2.40,0.00 (0.00 %)," ",0,0,0,0,2.40,2.4,2.40,2.40
25/12/2019,2.40,2.40,0.00 (0.00 %)," ",0,0,0,0,2.40,2.40,2.40,2.40
24/12/2019,2.40,2.40,0.00 (0.00 %)," ",0,0,0,0,2.40,2.4,2.40,2.40
20/01/2020,2.80,2.80,0.00 (0.00 %)," ",0,0,0,0,2.80,2.8,2.80,2.80
17/01/2020,2.80,2.80,0.00 (0.00 %)," ",0,0,0,0,2.80,2.80,2.80,2.80
16/01/2020,2.80,2.80,0.00 (0.00 %)," ",0,0,0,0,2.80,2.8,2.80,2.80
15/01/2020,2.80,2.80,0.00 (0.00 %)," ",0,0,0,0,2.80,2.80,2.80,2.80
14/01/2020,2.80,2.80,0.00 (0.00 %)," ",0,0,0,0,2.80,2.8,2.80,2.80
13/01/2020,2.80,2.80,0.20 (7.69 %)," ",100,"280,000",0,0,2.60,2.80,2.80,2.80
10/01/2020,2.60,2.60,0.20 (8.33 %)," ","2,300","5,320,000",0,0,2.40,2.3,2.60,2.30
09/01/2020,2.40,2.40,0.00 (0.00 %)," ",20,"44,000",0,0,2.40,2.40,2.40,2.40
08/01/2020,2.40,2.40,0.00 (0.00 %)," ",0,0,0,0,2.40,2.4,2.40,2.40
07/01/2020,2.40,2.40,0.00 (0.00 %)," ",0,0,0,0,2.40,2.40,2.40,2.40
06/01/2020,2.40,2.40,0.00 (0.00 %)," ",0,0,0,0,2.40,2.4,2.40,2.40
03/01/2020,2.40,2.40,0.00 (0.00 %)," ",0,0,0,0,2.40,2.40,2.40,2.40
02/01/2020,2.40,2.40,0.00 (0.00 %)," ",0,0,0,0,2.40,2.4,2.40,2.40
31/12/2019,2.40,2.40,0.00 (0.00 %)," ",0,0,0,0,2.40,2.40,2.40,2.40
30/12/2019,2.40,2.40,0.00 (0.00 %)," ",0,0,0,0,2.40,2.4,2.40,2.40
27/12/2019,2.40,2.40,0.00 (0.00 %)," ",0,0,0,0,2.40,2.40,2.40,2.40
26/12/2019,2.40,2.40,0.00 (0.00 %)," ",0,0,0,0,2.40,2.4,2.40,2.40
25/12/2019,2.40,2.40,0.00 (0.00 %)," ",0,0,0,0,2.40,2.40,2.40,2.40
24/12/2019,2.40,2.40,0.00 (0.00 %)," ",0,0,0,0,2.40,2.4,2.40,2.40
20/12/2019,2.40,2.40,0.00 (0.00 %)," ",0,0,0,0,2.40,2.4,2.40,2.40
19/12/2019,2.40,2.40,0.00 (0.00 %)," ",0,0,0,0,2.40,2.40,2.40,2.40
18/12/2019,2.40,2.40,0.00 (0.00 %)," ","11,000","26,400,000",0,0,2.40,2.4,2.40,2.40
17/12/2019,2.40,2.40,0.00 (0.00 %)," ",900,"2,160,000",0,0,2.40,2.40,2.40,2.40
16/12/2019,2.40,2.40,0.00 (0.00 %)," ","5,700","13,680,000",0,0,2.40,2.4,2.40,2.40
13/12/2019,2.40,2.40,0.00 (0.00 %)," ","2,400","5,760,000",0,0,2.40,2.40,2.40,2.40
12/12/2019,2.40,2.40,-0.10 (-4.00 %)," ","9,400","22,560,000",0,0,2.50,2.4,2.40,2.40
11/12/2019,2.50,2.50,0.00 (0.00 %)," ",0,0,0,0,2.50,2.50,2.50,2.50
10/12/2019,2.50,2.50,0.10 (4.17 %)," ","13,600","34,000,000",0,0,2.40,2.5,2.50,2.50
09/12/2019,2.40,2.40,0.00 (0.00 %)," ","2,000","4,800,000",0,0,2.40,2.40,2.40,2.40
06/12/2019,2.40,2.40,0.00 (0.00 %)," ",0,0,0,0,2.40,2.4,2.40,2.40
05/12/2019,2.40,2.40,0.00 (0.00 %)," ","8,300","19,920,000",0,0,2.40,2.40,2.40,2.40
04/12/2019,2.40,2.40,0.00 (0.00 %)," ","2,600","6,240,000",0,0,2.40,2.4,2.40,2.40
03/12/2019,2.40,2.40,0.00 (0.00 %)," ","6,600","15,840,000",0,0,2.40,2.40,2.40,2.40
02/12/2019,2.40,2.40,0.00 (0.00 %)," ","8,500","20,400,000",0,0,2.40,2.4,2.40,2.40
29/11/2019,2.40,2.40,0.00 (0.00 %)," ","7,600","18,240,000",0,0,2.40,2.40,2.40,2.40
28/11/2019,2.40,2.40,0.00 (0.00 %)," ",0,0,0,0,2.40,2.4,2.40,2.40
27/11/2019,2.40,2.40,0.10 (4.35 %)," ","1,500","3,600,000",0,0,2.30,2.40,2.40,2.40
26/11/2019,2.30,2.30,0.00 (0.00 %)," ","1,300","3,110,000","65,000","136,500,000",2.30,2.4,2.40,2.30
22/11/2019,2.30,2.30,0.00 (0.00 %)," ","4,200","9,660,000",0,0,2.30,2.3,2.30,2.30
21/11/2019,2.30,2.30,0.00 (0.00 %)," ","1,600","3,680,000",0,0,2.30,2.30,2.30,2.30
20/11/2019,2.30,2.30,0.00 (0.00 %)," ","12,800","29,440,000",0,0,2.30,2.3,2.30,2.30
19/11/2019,2.30,2.30,-0.10 (-4.17 %)," ","16,000","36,800,000",0,0,2.40,2.30,2.30,2.30
18/11/2019,2.40,2.40,0.00 (0.00 %)," ","11,600","26,690,000",0,0,2.40,2.3,2.40,2.30
15/11/2019,2.40,2.40,0.10 (4.35 %)," ","4,200","9,740,000",0,0,2.30,2.30,2.50,2.30
14/11/2019,2.30,2.30,0.00 (0.00 %)," ","20,010","46,021,000",0,0,2.30,2.3,2.30,2.30
13/11/2019,2.30,2.30,0.00 (0.00 %)," ","9,000","20,700,000",0,0,2.30,2.30,2.30,2.30
12/11/2019,2.30,2.30,-0.10 (-4.17 %)," ",100,"230,000",0,0,2.40,2.3,2.30,2.30
11/11/2019,2.40,2.40,0.00 (0.00 %)," ",0,0,0,0,2.40,2.40,2.40,2.40
08/11/2019,2.40,2.40,-0.10 (-4.00 %)," ","1,000","2,400,000",0,0,2.50,2.4,2.40,2.40
07/11/2019,2.50,2.50,0.20 (8.70 %)," ","29,300","67,760,000",0,0,2.30,2.30,2.50,2.30
06/11/2019,2.30,2.30,-0.10 (-4.17 %)," ","3,200","7,480,000",0,0,2.40,2.4,2.40,2.30
05/11/2019,2.40,2.40,0.00 (0.00 %)," ","3,000","7,200,000",0,0,2.40,2.40,2.40,2.40
04/11/2019,2.40,2.40,-0.10 (-4.00 %)," ","2,500","6,090,000",0,0,2.50,2.5,2.70,2.40
01/11/2019,2.50,2.50,0.00 (0.00 %)," ","17,000","40,970,000",0,0,2.50,2.50,2.50,2.40
31/10/2019,2.50,2.50,0.00 (0.00 %)," ","11,000","27,500,000",0,0,2.50,2.5,2.50,2.50
30/10/2019,2.50,2.50,0.00 (0.00 %)," ","15,600","39,000,000",0,0,2.50,2.50,2.50,2.50
29/10/2019,2.50,2.50,0.00 (0.00 %)," ","7,900","19,750,000",0,0,2.50,2.5,2.50,2.50
25/10/2019,2.50,2.50,0.20 (8.70 %)," ","25,800","64,480,000",0,0,2.30,2.4,2.50,2.40
24/10/2019,2.30,2.30,-0.10 (-4.17 %)," ","7,200","17,470,000",0,0,2.40,2.50,2.50,2.30
23/10/2019,2.40,2.40,0.00 (0.00 %)," ","1,500","3,600,000",0,0,2.40,2.4,2.40,2.40
22/10/2019,2.40,2.40,0.10 (4.35 %)," ","7,400","17,770,000",0,0,2.30,2.40,2.50,2.40
21/10/2019,2.30,2.30,-0.10 (-4.17 %)," ","17,500","40,320,000",0,0,2.40,2.4,2.40,2.30
18/10/2019,2.40,2.40,-0.10 (-4.00 %)," ",700,"1,750,000",0,0,2.50,2.50,2.60,2.40
17/10/2019,2.50,2.50,-0.10 (-3.85 %)," ","1,200","3,010,000",0,0,2.60,2.6,2.60,2.50
16/10/2019,2.60,2.60,0.10 (4.00 %)," ",100,"260,000",0,0,2.50,2.60,2.60,2.60
15/10/2019,2.50,2.50,0.00 (0.00 %)," ",0,0,0,0,2.50,2.5,2.50,2.50
14/10/2019,2.50,2.50,0.00 (0.00 %)," ","28,000","71,240,000",0,0,2.50,2.60,2.70,2.50
11/10/2019,2.50,2.50,0.00 (0.00 %)," ","4,800","12,000,000",0,0,2.50,2.5,2.50,2.50
10/10/2019,2.50,2.50,-0.10 (-3.85 %)," ","14,300","35,350,000",0,0,2.60,2.40,2.70,2.40
09/10/2019,2.60,2.60,-0.10 (-3.70 %)," ","3,800","9,510,000",0,0,2.70,2.5,2.60,2.50
08/10/2019,2.70,2.70,0.10 (3.85 %)," ","1,100","2,900,000",0,0,2.60,2.60,2.70,2.60
07/10/2019,2.60,2.60,0.10 (4.00 %)," ","1,100","2,820,000",0,0,2.50,2.7,2.70,2.50
04/10/2019,2.50,2.50,0.20 (8.70 %)," ","5,600","12,450,000",0,0,2.30,2.20,2.50,2.20
03/10/2019,2.30,2.30,-0.20 (-8.00 %)," ","37,600","86,720,000",0,0,2.50,2.4,2.40,2.30
02/10/2019,2.50,2.50,-0.10 (-3.85 %)," ","1,000","2,500,000",0,0,2.60,2.50,2.50,2.50
01/10/2019,2.60,2.60,-0.10 (-3.70 %)," ",500,"1,300,000",0,0,2.70,2.6,2.60,2.60
27/09/2019,2.60,2.60,0.10 (4.00 %)," ","1,200","3,100,000",0,0,2.50,2.5,2.60,2.50
26/09/2019,2.50,2.50,0.00 (0.00 %)," ","2,000","5,000,000",0,0,2.50,2.50,2.50,2.50
25/09/2019,2.50,2.50,0.00 (0.00 %)," ",0,0,0,0,2.50,2.5,2.50,2.50
24/09/2019,2.50,2.50,0.00 (0.00 %)," ","3,010","7,525,000",0,0,2.50,2.50,2.50,2.50
23/09/2019,2.50,2.50,0.00 (0.00 %)," ","1,500","3,750,000","180,000","414,000,000",2.50,2.5,2.50,2.50
20/09/2019,2.50,2.50,0.10 (4.17 %)," ","1,900","4,740,000",0,0,2.40,2.40,2.50,2.40
19/09/2019,2.40,2.40,0.10 (4.35 %)," ",600,"1,390,000",0,0,2.30,2.3,2.40,2.30
18/09/2019,2.30,2.30,0.00 (0.00 %)," ",0,0,0,0,2.30,2.30,2.30,2.30
17/09/2019,2.30,2.30,0.00 (0.00 %)," ",0,0,0,0,2.30,2.3,2.30,2.30
16/09/2019,2.30,2.30,-0.20 (-8.00 %)," ","3,900","8,970,000",0,0,2.50,2.30,2.30,2.30
13/09/2019,2.50,2.50,0.00 (0.00 %)," ",0,0,0,0,2.50,2.5,2.50,2.50
12/09/2019,2.50,2.50,0.00 (0.00 %)," ",500,"1,250,000",0,0,2.50,2.50,2.50,2.50
11/09/2019,2.50,2.50,0.00 (0.00 %)," ",0,0,0,0,2.50,2.5,2.50,2.50
10/09/2019,2.50,2.50,0.00 (0.00 %)," ",0,0,0,0,2.50,2.50,2.50,2.50
09/09/2019,2.50,2.50,0.00 (0.00 %)," ",0,0,0,0,2.50,2.5,2.50,2.50
06/09/2019,2.50,2.50,0.10 (4.17 %)," ",100,"250,000",0,0,2.40,2.50,2.50,2.50
05/09/2019,2.40,2.40,0.00 (0.00 %)," ",0,0,0,0,2.40,2.4,2.40,2.40
04/09/2019,2.40,2.40,-0.10 (-4.00 %)," ",700,"1,680,000",0,0,2.50,2.40,2.40,2.40
03/09/2019,2.50,2.50,0.00 (0.00 %)," ",0,0,0,0,2.50,2.5,2.50,2.50
29/08/2019,2.50,2.50,0.10 (4.17 %)," ",700,"1,750,000",0,0,2.40,2.5,2.50,2.50
28/08/2019,2.40,2.40,-0.10 (-4.00 %)," ","7,000","17,490,000",0,0,2.50,2.60,2.60,2.40
27/08/2019,2.50,2.50,-0.10 (-3.85 %)," ","9,800","25,420,000",0,0,2.60,2.6,2.70,2.50
26/08/2019,2.60,2.60,0.00 (0.00 %)," ","1,100","2,860,000",0,0,2.60,2.60,2.60,2.60
23/08/2019,2.60,2.60,0.00 (0.00 %)," ","4,700","12,320,000",0,0,2.60,2.6,2.70,2.60
22/08/2019,2.60,2.60,-0.10 (-3.70 %)," ",100,"260,000",0,0,2.70,2.60,2.60,2.60
21/08/2019,2.70,2.70,0.00 (0.00 %)," ","1,000","2,700,000",0,0,2.70,2.7,2.70,2.70
20/08/2019,2.70,2.70,0.00 (0.00 %)," ","2,000","5,400,000",0,0,2.70,2.70,2.70,2.70
19/08/2019,2.70,2.70,-0.10 (-3.57 %)," ","5,600","15,120,000",0,0,2.80,2.7,2.70,2.70
16/08/2019,2.80,2.80,-0.10 (-3.45 %)," ","11,900","32,430,000",0,0,2.90,2.80,2.80,2.70
15/08/2019,2.90,2.90,0.00 (0.00 %)," ","5,400","15,160,000",0,0,2.90,2.8,2.90,2.80
14/08/2019,2.90,2.90,0.10 (3.57 %)," ","11,100","31,290,000",0,0,2.80,2.90,3.00,2.80
13/08/2019,2.80,2.80,-0.20 (-6.67 %)," ","8,800","25,070,000",0,0,3.00,2.9,2.90,2.70
12/08/2019,3.00,3.00,0.00 (0.00 %)," ",0,0,0,0,3.00,3.00,3.00,3.00
09/08/2019,3.00,3.00,-0.10 (-3.23 %)," ","5,200","15,600,000",0,0,3.10,3.0,3.00,3.00
08/08/2019,3.10,3.10,0.10 (3.33 %)," ",100,"310,000",0,0,3.00,3.10,3.10,3.10
07/08/2019,3.00,3.00,-0.30 (-9.09 %)," ","17,300","51,900,000",0,0,3.30,3.0,3.00,3.00
06/08/2019,3.30,3.30,0.00 (0.00 %)," ",0,0,0,0,3.30,3.30,3.30,3.30
05/08/2019,3.30,3.30,0.30 (10.00 %)," ","3,707","11,211,000",0,0,3.00,3.0,3.30,3.00
01/08/2019,3.00,3.00,0.00 (0.00 %)," ","18,400","55,290,000",0,0,3.00,2.8,3.10,2.80
31/07/2019,3.00,3.00,0.00 (0.00 %)," ","5,400","16,240,000",0,0,3.00,3.10,3.10,3.00
30/07/2019,3.00,3.00,-0.10 (-3.23 %)," ","2,400","7,430,000",0,0,3.10,3.1,3.10,3.00
29/07/2019,3.10,3.10,0.00 (0.00 %)," ",0,0,0,0,3.10,3.10,3.10,3.10
26/07/2019,3.10,3.10,-0.10 (-3.13 %)," ","6,500","20,250,000",0,0,3.20,3.2,3.20,3.10
25/07/2019,3.20,3.20,0.00 (0.00 %)," ",20,"60,000",0,0,3.20,3.20,3.20,3.20
24/07/2019,3.20,3.20,0.00 (0.00 %)," ","9,060","28,986,000",0,0,3.20,3.2,3.20,3.20
23/07/2019,3.20,3.20,0.00 (0.00 %)," ","3,100","9,930,000",0,0,3.20,3.30,3.30,3.20
22/07/2019,3.20,3.20,0.00 (0.00 %)," ","6,600","21,020,000",0,0,3.20,3.3,3.30,3.00
19/07/2019,3.20,3.20,0.00 (0.00 %)," ",0,0,0,0,3.20,3.20,3.20,3.20
18/07/2019,3.20,3.20,0.00 (0.00 %)," ",0,0,"360,000","1,044,000,000",3.20,3.2,3.20,3.20
17/07/2019,3.20,3.20,0.00 (0.00 %)," ",400,"1,220,000",0,0,3.20,3.00,3.20,3.00
16/07/2019,3.20,3.20,0.00 (0.00 %)," ","2,400","7,680,000",0,0,3.20,3.2,3.20,3.20
15/07/2019,3.20,3.20,0.00 (0.00 %)," ",0,0,0,0,3.20,3.20,3.20,3.20
12/07/2019,3.20,3.20,-0.30 (-8.57 %)," ","29,200","93,470,000",0,0,3.50,3.2,3.50,3.20
11/07/2019,3.50,3.50,0.10 (2.94 %)," ",100,"350,000",0,0,3.40,3.50,3.50,3.50
10/07/2019,3.40,3.40,0.00 (0.00 %)," ",0,0,0,0,3.40,3.4,3.40,3.40
09/07/2019,3.40,3.40,0.20 (6.25 %)," ",100,"340,000",0,0,3.20,3.40,3.40,3.40
08/07/2019,3.20,3.20,0.00 (0.00 %)," ","11,000","35,200,000",0,0,3.20,3.2,3.20,3.20
04/07/2019,3.50,3.50,0.00 (0.00 %)," ",0,0,0,0,3.50,3.5,3.50,3.50
03/07/2019,3.50,3.50,0.00 (0.00 %)," ",0,0,0,0,3.50,3.50,3.50,3.50
02/07/2019,3.50,3.50,0.10 (2.94 %)," ",100,"350,000",0,0,3.40,3.5,3.50,3.50
01/07/2019,3.40,3.40,0.20 (6.25 %)," ",100,"340,000",0,0,3.20,3.40,3.40,3.40
28/06/2019,3.20,3.20,-0.10 (-3.03 %)," ","2,300","7,400,000",0,0,3.30,3.5,3.50,3.20
27/06/2019,3.30,3.30,-0.20 (-5.71 %)," ","5,000","16,500,000",0,0,3.50,3.30,3.30,3.30
26/06/2019,3.50,3.50,0.00 (0.00 %)," ","2,100","6,950,000",0,0,3.50,3.3,3.50,3.30
25/06/2019,3.50,3.50,0.00 (0.00 %)," ","3,000","9,820,000",0,0,3.50,3.20,3.50,3.20
24/06/2019,3.50,3.50,0.10 (2.94 %)," ",100,"350,000",0,0,3.40,3.5,3.50,3.50
21/06/2019,3.40,3.40,0.00 (0.00 %)," ","12,830","43,026,000",0,0,3.40,3.40,3.50,3.30
20/06/2019,3.40,3.40,0.00 (0.00 %)," ",0,0,0,0,3.40,3.4,3.40,3.40
19/06/2019,3.40,3.40,0.00 (0.00 %)," ",10,"32,000",0,0,3.40,3.40,3.40,3.40
18/06/2019,3.40,3.40,-0.10 (-2.86 %)," ",100,"340,000",0,0,3.50,3.4,3.40,3.40
17/06/2019,3.50,3.50,0.20 (6.06 %)," ",300,"1,030,000",0,0,3.30,3.40,3.50,3.40
14/06/2019,3.30,3.30,-0.10 (-2.94 %)," ",400,"1,320,000",0,0,3.40,3.3,3.30,3.30
13/06/2019,3.40,3.40,0.00 (0.00 %)," ",0,0,0,0,3.40,3.40,3.40,3.40
12/06/2019,3.40,3.40,0.00 (0.00 %)," ",0,0,0,0,3.40,3.4,3.40,3.40
11/06/2019,3.40,3.40,0.00 (0.00 %)," ",0,0,0,0,3.40,3.40,3.40,3.40
10/06/2019,3.40,3.40,0.20 (6.25 %)," ","1,500","4,830,000",0,0,3.20,3.2,3.40,3.20
06/06/2019,3.20,3.20,-0.10 (-3.03 %)," ","30,000","96,000,000",0,0,3.30,3.2,3.20,3.20
05/06/2019,3.30,3.30,0.00 (0.00 %)," ",0,0,0,0,3.30,3.30,3.30,3.30
04/06/2019,3.30,3.30,-0.10 (-2.94 %)," ","6,600","21,780,000",0,0,3.40,3.3,3.30,3.30
03/06/2019,3.40,3.40,-0.10 (-2.86 %)," ","33,000","112,200,000",0,0,3.50,3.40,3.40,3.40
31/05/2019,3.50,3.50,0.00 (0.00 %)," ",0,0,0,0,3.50,3.5,3.50,3.50
30/05/2019,3.50,3.50,0.00 (0.00 %)," ","3,400","11,480,000",0,0,3.50,3.30,3.50,3.30
29/05/2019,3.50,3.50,0.00 (0.00 %)," ",10,"35,000",0,0,3.50,3.5,3.50,3.50
28/05/2019,3.50,3.50,0.20 (6.06 %)," ","3,000","10,110,000",0,0,3.30,3.30,3.50,3.30
27/05/2019,3.30,3.30,-0.10 (-2.94 %)," ","23,500","82,030,000",0,0,3.40,3.4,3.50,3.30
24/05/2019,3.40,3.40,-0.20 (-5.56 %)," ","15,000","51,000,000",0,0,3.60,3.40,3.40,3.40
23/05/2019,3.60,3.60,0.20 (5.88 %)," ","72,410","259,684,000",0,0,3.40,3.4,3.60,3.40
22/05/2019,3.40,3.40,-0.30 (-8.11 %)," ","39,200","133,350,000",0,0,3.70,3.50,3.50,3.40
21/05/2019,3.70,3.70,0.30 (8.82 %)," ","25,000","87,970,000",0,0,3.40,3.4,3.70,3.40
20/05/2019,3.40,3.40,-0.20 (-5.56 %)," ","200,000","736,980,000",0,0,3.60,3.80,3.90,3.40
17/05/2019,3.60,3.60,0.00 (0.00 %)," ","53,500","184,010,000",0,0,3.60,3.7,3.90,3.40
16/05/2019,3.60,3.60,-0.10 (-2.70 %)," ","14,100","52,140,000",0,0,3.70,3.70,3.70,3.60
15/05/2019,3.70,3.70,0.30 (8.82 %)," ","139,310","507,633,000",0,0,3.40,3.4,3.70,3.40
14/05/2019,3.40,3.40,0.20 (6.25 %)," ","44,100","146,770,000",0,0,3.20,3.50,3.50,3.20
13/05/2019,3.20,3.20,0.00 (0.00 %)," ","10,300","33,080,000",0,0,3.20,3.3,3.50,3.20
09/05/2019,3.20,3.20,-0.10 (-3.03 %)," ","9,200","29,440,000",0,0,3.30,3.2,3.20,3.20
08/05/2019,3.30,3.30,0.10 (3.12 %)," ","25,400","79,560,000",0,0,3.20,3.10,3.30,3.10
07/05/2019,3.20,3.20,0.00 (0.00 %)," ","22,800","73,090,000",0,0,3.20,3.1,3.30,3.10
06/05/2019,3.20,3.20,-0.30 (-8.57 %)," ","27,800","89,260,000",0,0,3.50,3.30,3.30,3.20
03/05/2019,3.50,3.50,-0.30 (-7.89 %)," ","56,000","196,060,000",0,0,3.80,3.7,3.70,3.50
02/05/2019,3.80,3.80,0.00 (0.00 %)," ","22,100","86,730,000",0,0,3.80,4.00,4.00,3.80
26/04/2019,3.80,3.80,0.10 (2.70 %)," ","73,270","287,370,000",0,0,3.70,4.0,4.00,3.70
25/04/2019,3.70,3.70,0.30 (8.82 %)," ","69,110","255,677,000",0,0,3.40,3.60,3.70,3.60
24/04/2019,3.40,3.40,0.30 (9.68 %)," ","27,800","94,520,000",0,0,3.10,3.4,3.40,3.40
23/04/2019,3.10,3.10,0.20 (6.90 %)," ","2,000","6,200,000",0,0,2.90,3.10,3.10,3.10
22/04/2019,2.90,2.90,-0.20 (-6.45 %)," ","7,200","21,410,000",0,0,3.10,3.0,3.10,2.90
19/04/2019,3.10,3.10,0.00 (0.00 %)," ","2,600","8,060,000",0,0,3.10,3.10,3.10,3.10
18/04/2019,3.10,3.10,-0.10 (-3.13 %)," ","3,200","9,620,000",0,0,3.20,3.0,3.10,3.00
17/04/2019,3.20,3.20,0.10 (3.23 %)," ","6,600","20,120,000",0,0,3.10,3.00,3.20,3.00
16/04/2019,3.10,3.10,0.00 (0.00 %)," ","7,700","23,290,000",0,0,3.10,3.1,3.10,3.00
12/04/2019,3.10,3.10,-0.10 (-3.13 %)," ","5,700","17,670,000",0,0,3.20,3.10,3.10,3.10
11/04/2019,3.20,3.20,0.00 (0.00 %)," ","8,500","25,700,000",0,0,3.20,3.0,3.20,3.00
10/04/2019,3.20,3.20,0.00 (0.00 %)," ",0,0,0,0,3.20,3.20,3.20,3.20
09/04/2019,3.20,3.20,0.00 (0.00 %)," ","3,200","10,250,000",0,0,3.20,3.2,3.30,3.20
05/04/2019,3.10,3.10,0.10 (3.33 %)," ","2,600","7,910,000",0,0,3.00,3.0,3.10,3.00
04/04/2019,3.00,3.00,0.00 (0.00 %)," ","1,100","3,300,000",0,0,3.00,3.00,3.00,3.00
03/04/2019,3.00,3.00,-0.10 (-3.23 %)," ","10,000","29,650,000",0,0,3.10,3.0,3.00,2.80
02/04/2019,3.10,3.10,-0.10 (-3.13 %)," ",800,"2,550,000",0,0,3.20,3.20,3.20,3.10
01/04/2019,3.20,3.20,0.00 (0.00 %)," ",0,0,0,0,3.20,3.2,3.20,3.20
29/03/2019,3.20,3.20,0.00 (0.00 %)," ",0,0,0,0,3.20,3.20,3.20,3.20
28/03/2019,3.20,3.20,0.10 (3.23 %)," ",400,"1,270,000",0,0,3.10,3.1,3.20,3.10
27/03/2019,3.10,3.10,0.00 (0.00 %)," ","9,000","27,800,000",0,0,3.10,3.00,3.10,3.00
26/03/2019,3.10,3.10,0.00 (0.00 %)," ",200,"610,000","500,000","1,500,000,000",3.10,3.0,3.10,3.00
25/03/2019,3.10,3.10,0.10 (3.33 %)," ","1,600","4,810,000",0,0,3.00,3.00,3.10,3.00
22/03/2019,3.00,3.00,0.00 (0.00 %)," ","21,000","63,260,000",0,0,3.00,3.1,3.10,3.00
21/03/2019,3.00,3.00,-0.10 (-3.23 %)," ","19,300","58,340,000",0,0,3.10,3.10,3.20,3.00
20/03/2019,3.10,3.10,0.00 (0.00 %)," ","10,500","32,550,000",0,0,3.10,3.1,3.10,3.10
19/03/2019,3.10,3.10,-0.20 (-6.06 %)," ","14,300","44,330,000",0,0,3.30,3.10,3.10,3.10
18/03/2019,3.30,3.30,0.10 (3.12 %)," ","9,200","27,630,000",0,0,3.20,3.0,3.30,3.00
15/03/2019,3.20,3.20,0.10 (3.23 %)," ","22,500","69,600,000",0,0,3.10,3.10,3.20,3.00
14/03/2019,3.10,3.10,-0.20 (-6.06 %)," ","39,000","119,520,000",0,0,3.30,3.2,3.20,3.00
13/03/2019,3.30,3.30,0.00 (0.00 %)," ",0,0,0,0,3.30,3.30,3.30,3.30
12/03/2019,3.30,3.30,0.10 (3.12 %)," ","1,800","5,940,000",0,0,3.20,3.3,3.30,3.30
08/03/2019,3.30,3.30,-0.20 (-5.71 %)," ","5,100","16,410,000",0,0,3.50,3.3,3.30,3.20
07/03/2019,3.50,3.50,0.00 (0.00 %)," ",0,0,0,0,3.50,3.50,3.50,3.50
06/03/2019,3.50,3.50,0.00 (0.00 %)," ","5,300","18,030,000",0,0,3.50,3.3,3.50,3.30
05/03/2019,3.50,3.50,0.00 (0.00 %)," ","2,500","8,410,000",0,0,3.50,3.30,3.50,3.30
04/03/2019,3.50,3.50,0.00 (0.00 %)," ",0,0,0,0,3.50,3.5,3.50,3.50
01/03/2019,3.50,3.50,0.20 (6.06 %)," ","3,600","12,180,000",0,0,3.30,3.20,3.50,3.20
28/02/2019,3.30,3.30,0.10 (3.12 %)," ","1,300","4,170,000",0,0,3.20,3.2,3.30,3.20
27/02/2019,3.20,3.20,0.10 (3.23 %)," ","1,900","5,910,000",0,0,3.10,3.10,3.20,3.10
26/02/2019,3.10,3.10,0.10 (3.33 %)," ","6,800","21,040,000",0,0,3.00,3.1,3.10,3.00
25/02/2019,3.00,3.00,-0.30 (-9.09 %)," ","17,900","55,740,000",0,0,3.30,3.20,3.30,3.00
22/02/2019,3.30,3.30,0.00 (0.00 %)," ","4,200","13,860,000",0,0,3.30,3.3,3.30,3.30
21/02/2019,3.30,3.30,-0.20 (-5.71 %)," ","11,900","39,300,000",0,0,3.50,3.60,3.60,3.30
20/02/2019,3.50,3.50,0.20 (6.06 %)," ","8,400","26,020,000",0,0,3.30,3.0,3.50,3.00
19/02/2019,3.30,3.30,-0.10 (-2.94 %)," ","70,000","217,690,000",0,0,3.40,3.40,3.40,3.10
18/02/2019,3.40,3.40,-0.30 (-8.11 %)," ","21,100","71,840,000",0,0,3.70,3.5,3.50,3.40
15/02/2019,3.70,3.70,0.00 (0.00 %)," ","1,100","3,870,000",0,0,3.70,3.50,3.70,3.50
14/02/2019,3.70,3.70,0.00 (0.00 %)," ",0,0,0,0,3.70,3.7,3.70,3.70
13/02/2019,3.70,3.70,0.00 (0.00 %)," ",0,0,0,0,3.70,3.70,3.70,3.70
12/02/2019,3.70,3.70,-0.10 (-2.63 %)," ",900,"3,330,000",0,0,3.80,3.7,3.70,3.70
01/02/2019,3.70,3.70,0.30 (8.82 %)," ",800,"2,960,000",0,0,3.40,3.7,3.70,3.70
31/01/2019,3.40,3.40,0.00 (0.00 %)," ",400,"1,390,000",0,0,3.40,3.60,3.60,3.40
30/01/2019,3.40,3.40,-0.30 (-8.11 %)," ","18,600","63,690,000",0,0,3.70,3.7,3.70,3.40
29/01/2019,3.70,3.70,0.30 (8.82 %)," ",200,"730,000",0,0,3.40,3.60,3.70,3.60
28/01/2019,3.40,3.40,-0.30 (-8.11 %)," ","4,500","15,300,000",0,0,3.70,3.4,3.40,3.40
25/01/2019,3.70,3.70,0.00 (0.00 %)," ",100,"370,000",0,0,3.70,3.70,3.70,3.70
24/01/2019,3.70,3.70,0.00 (0.00 %)," ","15,510","57,386,000",0,0,3.70,3.7,3.70,3.70
23/01/2019,3.70,3.70,0.10 (2.78 %)," ","4,400","16,080,000",0,0,3.60,3.60,3.70,3.60
22/01/2019,3.60,3.60,0.00 (0.00 %)," ","1,100","3,940,000",0,0,3.60,3.5,3.60,3.50
21/01/2019,3.60,3.60,0.10 (2.86 %)," ","2,300","8,280,000",0,0,3.50,3.60,3.60,3.60
18/01/2019,3.50,3.50,0.00 (0.00 %)," ","4,400","15,400,000",0,0,3.50,3.5,3.50,3.50
17/01/2019,3.50,3.50,0.00 (0.00 %)," ","2,200","7,700,000",0,0,3.50,3.50,3.50,3.50
16/01/2019,3.50,3.50,-0.10 (-2.78 %)," ","6,600","23,110,000",0,0,3.60,3.6,3.60,3.50
15/01/2019,3.60,3.60,0.00 (0.00 %)," ","1,900","6,840,000",0,0,3.60,3.60,3.60,3.60
14/01/2019,3.60,3.60,-0.10 (-2.70 %)," ","3,600","12,680,000",0,0,3.70,3.5,3.60,3.50
11/01/2019,3.70,3.70,0.00 (0.00 %)," ",0,0,0,0,3.70,3.70,3.70,3.70
10/01/2019,3.70,3.70,0.00 (0.00 %)," ","5,500","19,000,000",0,0,3.70,3.5,3.70,3.50
09/01/2019,3.70,3.70,0.00 (0.00 %)," ",200,"1,000,000",0,0,3.70,3.70,3.70,3.70
08/01/2019,3.70,3.70,0.00 (0.00 %)," ","2,900","10,540,000",0,0,3.70,3.6,3.70,3.60
04/01/2019,3.80,3.80,0.10 (2.70 %)," ","5,500","18,960,000",0,0,3.70,3.7,3.80,3.40
03/01/2019,3.70,3.70,-0.10 (-2.63 %)," ","24,600","86,620,000",0,0,3.80,3.60,3.70,3.50
02/01/2019,3.80,3.80,-0.40 (-9.52 %)," ","7,300","28,300,000","210,000","798,000,000",4.20,4.0,4.10,3.80
28/12/2018,4.20,4.20,0.00 (0.00 %)," ","12,400","50,340,000","100,000","380,000,000",4.20,4.00,4.40,3.80
27/12/2018,4.20,4.20,-0.30 (-6.67 %)," ","38,100","157,670,000","97,500","399,750,000",4.50,4.2,4.20,4.10
26/12/2018,4.50,4.50,0.30 (7.14 %)," ","10,000","43,810,000","585,000","2,223,000,000",4.20,4.20,4.50,4.20
25/12/2018,4.20,4.20,-0.30 (-6.67 %)," ","12,100","51,990,000",0,0,4.50,4.1,4.50,4.10
24/12/2018,4.50,4.50,0.30 (7.14 %)," ","29,420","134,830,000",0,0,4.20,4.60,4.60,4.40
21/12/2018,4.20,4.20,0.10 (2.44 %)," ","76,500","335,600,000","2,891,400","10,698,180,000",4.10,4.1,4.50,4.10
20/12/2018,4.10,4.10,0.10 (2.50 %)," ","13,800","56,430,000",0,0,4.00,4.00,4.40,4.00
19/12/2018,4.00,4.00,-0.10 (-2.44 %)," ",900,"3,540,000",0,0,4.10,3.9,4.00,3.90
18/12/2018,4.10,4.10,-0.10 (-2.38 %)," ","13,810","57,150,000",0,0,4.20,4.10,4.40,4.10
17/12/2018,4.20,4.20,-0.20 (-4.55 %)," ","12,277","50,328,000",0,0,4.40,4.1,4.20,4.00
14/12/2018,4.40,4.40,0.10 (2.33 %)," ","8,100","35,490,000",0,0,4.30,4.30,4.40,4.30
13/12/2018,4.30,4.30,-0.10 (-2.27 %)," ","25,900","110,620,000",0,0,4.40,4.4,4.40,4.20
12/12/2018,4.40,4.40,0.40 (10.00 %)," ","65,000","283,730,000","860,000","3,096,000,000",4.00,4.30,4.40,3.80
11/12/2018,4.00,4.00,0.00 (0.00 %)," ","6,620","27,024,000","500,000","1,800,000,000",4.00,4.1,4.10,4.00
10/12/2018,4.00,4.00,0.30 (8.11 %)," ","11,400","45,170,000",0,0,3.70,3.60,4.00,3.50
07/12/2018,3.70,3.70,-0.20 (-5.13 %)," ","11,700","42,340,000",0,0,3.90,3.6,3.70,3.60
05/12/2018,4.30,4.30,-0.40 (-8.51 %)," ","50,300","217,300,000",0,0,4.70,4.3,4.50,4.30
04/12/2018,4.70,4.70,0.00 (0.00 %)," ","42,400","189,440,000",0,0,4.70,4.80,4.80,4.30
03/12/2018,4.70,4.70,0.10 (2.17 %)," ","32,000","151,000,000",0,0,4.60,4.8,4.90,4.40
30/11/2018,4.60,4.60,0.00 (0.00 %)," ","108,815","524,565,000",0,0,4.60,5.00,5.00,4.60
29/11/2018,4.60,4.60,0.40 (9.52 %)," ","35,910","165,186,000","180,000","684,000,000",4.20,4.6,4.60,4.60
28/11/2018,4.20,4.20,0.30 (7.69 %)," ","19,800","82,820,000",0,0,3.90,4.10,4.20,4.10
27/11/2018,3.90,3.90,0.30 (8.33 %)," ","81,750","308,355,000",0,0,3.60,3.5,3.90,3.50
26/11/2018,3.60,3.60,0.00 (0.00 %)," ",500,"1,800,000",0,0,3.60,3.60,3.60,3.60
23/11/2018,3.60,3.60,-0.10 (-2.70 %)," ",100,"360,000",0,0,3.70,3.6,3.60,3.60
22/11/2018,3.70,3.70,0.00 (0.00 %)," ","14,600","52,680,000",0,0,3.70,4.00,4.00,3.50
21/11/2018,3.70,3.70,-0.10 (-2.63 %)," ","11,000","40,500,000",0,0,3.80,3.5,3.70,3.50
20/11/2018,3.80,3.80,0.00 (0.00 %)," ","3,200","11,530,000",0,0,3.80,3.50,3.80,3.50
19/11/2018,3.80,3.80,0.00 (0.00 %)," ",100,"380,000",0,0,3.80,3.8,3.80,3.80
16/11/2018,3.80,3.80,0.20 (5.56 %)," ","4,400","15,530,000","57,100","205,560,000",3.60,3.50,3.80,3.50
15/11/2018,3.60,3.60,0.10 (2.86 %)," ","1,500","5,120,000",0,0,3.50,3.4,3.60,3.40
14/11/2018,3.50,3.50,0.20 (6.06 %)," ","17,800","63,230,000",0,0,3.30,3.60,3.60,3.50
13/11/2018,3.30,3.30,0.00 (0.00 %)," ","16,400","52,490,000",0,0,3.30,3.2,3.30,3.20
12/11/2018,3.30,3.30,-0.30 (-8.33 %)," ",500,"1,650,000",0,0,3.60,3.30,3.30,3.30
09/11/2018,3.60,3.60,0.10 (2.86 %)," ","15,000","55,900,000",0,0,3.50,3.5,3.80,3.30
07/11/2018,3.20,3.20,-0.10 (-3.03 %)," ","2,600","8,660,000",0,0,3.30,3.6,3.60,3.10
06/11/2018,3.30,3.30,-0.10 (-2.94 %)," ","2,600","8,980,000",0,0,3.40,3.40,3.60,3.30
05/11/2018,3.40,3.40,-0.30 (-8.11 %)," ","1,600","5,530,000",0,0,3.70,3.4,3.70,3.40
02/11/2018,3.70,3.70,0.20 (5.71 %)," ","8,400","31,720,000",0,0,3.50,3.70,3.80,3.20
01/11/2018,3.50,3.50,-0.30 (-7.89 %)," ","58,800","219,900,000",0,0,3.80,3.8,4.00,3.50
31/10/2018,3.80,3.80,0.30 (8.57 %)," ","2,500","9,400,000",0,0,3.50,3.80,3.80,3.30
30/10/2018,3.50,3.50,0.30 (9.37 %)," ","20,300","70,560,000",0,0,3.20,3.2,3.50,3.10
29/10/2018,3.20,3.20,0.00 (0.00 %)," ","97,200","326,310,000",0,0,3.20,3.30,3.50,3.20
26/10/2018,3.20,3.20,0.00 (0.00 %)," ","57,500","189,000,000",0,0,3.20,3.3,3.30,3.20
25/10/2018,3.20,3.20,0.00 (0.00 %)," ","111,300","356,160,000",0,0,3.20,3.20,3.20,3.20
24/10/2018,3.20,3.20,-0.10 (-3.03 %)," ","50,100","165,230,000",0,0,3.30,3.3,3.30,3.20
23/10/2018,3.30,3.30,-0.20 (-5.71 %)," ","28,150","92,885,000",0,0,3.50,3.20,3.30,3.20
22/10/2018,3.50,3.50,0.30 (9.37 %)," ","92,400","303,910,000",0,0,3.20,3.2,3.50,3.20
19/10/2018,3.20,3.20,0.00 (0.00 %)," ","11,200","36,140,000",0,0,3.20,3.20,3.30,3.20
18/10/2018,3.20,3.20,0.00 (0.00 %)," ","62,000","198,450,000",0,0,3.20,3.2,3.30,3.20
17/10/2018,3.20,3.20,0.00 (0.00 %)," ",500,"1,600,000","50,000","170,000,000",3.20,3.20,3.20,3.20
16/10/2018,3.20,3.20,0.00 (0.00 %)," ","19,400","62,080,000",0,0,3.20,3.2,3.20,3.20
15/10/2018,3.20,3.20,0.00 (0.00 %)," ","9,300","29,760,000",0,0,3.20,3.20,3.20,3.20
12/10/2018,3.20,3.20,0.00 (0.00 %)," ","52,600","168,320,000",0,0,3.20,3.2,3.20,3.20
07/11/2018,3.20,3.20,-0.10 (-3.03 %)," ","2,600","8,660,000",0,0,3.30,3.6,3.60,3.10
06/11/2018,3.30,3.30,-0.10 (-2.94 %)," ","2,600","8,980,000",0,0,3.40,3.40,3.60,3.30
05/11/2018,3.40,3.40,-0.30 (-8.11 %)," ","1,600","5,530,000",0,0,3.70,3.4,3.70,3.40
02/11/2018,3.70,3.70,0.20 (5.71 %)," ","8,400","31,720,000",0,0,3.50,3.70,3.80,3.20
01/11/2018,3.50,3.50,-0.30 (-7.89 %)," ","58,800","219,900,000",0,0,3.80,3.8,4.00,3.50
31/10/2018,3.80,3.80,0.30 (8.57 %)," ","2,500","9,400,000",0,0,3.50,3.80,3.80,3.30
30/10/2018,3.50,3.50,0.30 (9.37 %)," ","20,300","70,560,000",0,0,3.20,3.2,3.50,3.10
29/10/2018,3.20,3.20,0.00 (0.00 %)," ","97,200","326,310,000",0,0,3.20,3.30,3.50,3.20
26/10/2018,3.20,3.20,0.00 (0.00 %)," ","57,500","189,000,000",0,0,3.20,3.3,3.30,3.20
25/10/2018,3.20,3.20,0.00 (0.00 %)," ","111,300","356,160,000",0,0,3.20,3.20,3.20,3.20
24/10/2018,3.20,3.20,-0.10 (-3.03 %)," ","50,100","165,230,000",0,0,3.30,3.3,3.30,3.20
23/10/2018,3.30,3.30,-0.20 (-5.71 %)," ","28,150","92,885,000",0,0,3.50,3.20,3.30,3.20
22/10/2018,3.50,3.50,0.30 (9.37 %)," ","92,400","303,910,000",0,0,3.20,3.2,3.50,3.20
19/10/2018,3.20,3.20,0.00 (0.00 %)," ","11,200","36,140,000",0,0,3.20,3.20,3.30,3.20
18/10/2018,3.20,3.20,0.00 (0.00 %)," ","62,000","198,450,000",0,0,3.20,3.2,3.30,3.20
17/10/2018,3.20,3.20,0.00 (0.00 %)," ",500,"1,600,000","50,000","170,000,000",3.20,3.20,3.20,3.20
16/10/2018,3.20,3.20,0.00 (0.00 %)," ","19,400","62,080,000",0,0,3.20,3.2,3.20,3.20
15/10/2018,3.20,3.20,0.00 (0.00 %)," ","9,300","29,760,000",0,0,3.20,3.20,3.20,3.20
12/10/2018,3.20,3.20,0.00 (0.00 %)," ","52,600","168,320,000",0,0,3.20,3.2,3.20,3.20
