29/04/2022,11.40,11.40,0.00 (0.00 %)," ",0,0,0,0,11.40,11.4,11.40,11.40
28/04/2022,11.40,11.40,0.00 (0.00 %)," ",300,"3,390,000",0,0,11.40,11.20,11.40,11.20
27/04/2022,11.40,11.40,0.50 (4.59 %)," ",400,"4,470,000",0,0,10.90,11.0,11.40,11.00
26/04/2022,10.90,10.90,0.10 (0.93 %)," ","1,928","20,742,400",0,0,10.80,10.70,10.90,10.70
25/04/2022,10.80,10.80,-0.20 (-1.82 %)," ","12,400","133,940,000",0,0,11.00,10.8,10.90,10.80
22/04/2022,11.00,11.00,0.10 (0.92 %)," ","2,210","23,505,000",0,0,10.90,11.00,11.00,10.60
21/04/2022,10.90,10.90,0.10 (0.93 %)," ","4,400","47,280,000",0,0,10.80,11.1,11.10,10.50
20/04/2022,10.80,10.80,-0.40 (-3.57 %)," ","2,200","23,270,000",0,0,11.20,10.50,11.30,10.10
19/04/2022,11.20,11.20,0.30 (2.75 %)," ","2,700","29,300,000",0,0,10.90,10.8,11.40,10.80
18/04/2022,10.90,10.90,-0.40 (-3.54 %)," ","10,900","115,520,000",0,0,11.30,10.60,11.20,10.30
14/04/2022,11.60,11.60,1.00 (9.43 %)," ","6,100","64,660,000",0,0,10.60,10.5,11.60,10.50
13/04/2022,10.60,10.60,-0.30 (-2.75 %)," ","14,350","146,305,000",0,0,10.90,10.80,10.80,9.90
12/04/2022,10.90,10.90,-1.20 (-9.92 %)," ","6,200","67,580,000",0,0,12.10,10.9,10.90,10.90
08/04/2022,12.10,12.10,0.60 (5.22 %)," ","26,613","288,355,200",0,0,11.50,10.60,12.40,10.40
07/04/2022,11.50,11.50,-0.20 (-1.71 %)," ","12,802","136,251,200",0,0,11.70,10.6,11.50,10.60
06/04/2022,11.70,11.70,1.00 (9.35 %)," ","16,000","167,550,000",0,0,10.70,10.60,11.70,10.40
05/04/2022,10.70,10.70,-0.80 (-6.96 %)," ","23,200","246,400,000",0,0,11.50,10.6,11.40,10.40
04/04/2022,11.50,11.50,-1.20 (-9.45 %)," ","3,491","40,868,600",0,0,12.70,12.00,12.00,11.50
01/04/2022,12.70,12.70,0.90 (7.63 %)," ","42,595","549,218,000",0,0,11.80,12.8,12.90,12.70
30/03/2022,10.80,10.80,0.00 (0.00 %)," ","5,400","58,320,000",0,0,10.80,10.8,10.80,10.80
29/03/2022,10.80,10.80,0.60 (5.88 %)," ","6,800","72,910,000",0,0,10.20,10.70,10.80,10.70
28/03/2022,10.20,10.20,-0.50 (-4.67 %)," ","12,500","126,250,000",0,0,10.70,10.6,10.60,10.00
25/03/2022,10.70,10.70,0.10 (0.94 %)," ",500,"5,320,000",0,0,10.60,10.70,10.70,10.60
24/03/2022,10.60,10.60,-0.20 (-1.85 %)," ","10,500","111,760,000",0,0,10.80,10.7,10.80,10.60
23/03/2022,10.80,10.80,0.00 (0.00 %)," ","2,600","27,900,000",0,0,10.80,10.80,10.80,10.60
22/03/2022,10.80,10.80,0.00 (0.00 %)," ","1,400","15,120,000",0,0,10.80,10.8,10.80,10.80
21/03/2022,10.80,10.80,0.20 (1.89 %)," ","3,800","41,020,000",0,0,10.60,10.80,10.80,10.60
18/03/2022,10.60,10.60,-0.20 (-1.85 %)," ",100,"1,060,000",0,0,10.80,10.6,10.60,10.60
17/03/2022,10.80,10.80,0.00 (0.00 %)," ","4,400","46,720,000",0,0,10.80,10.60,10.80,10.60
16/03/2022,10.80,10.80,0.20 (1.89 %)," ","3,200","34,160,000",0,0,10.60,10.6,10.80,10.60
15/03/2022,10.60,10.60,-0.20 (-1.85 %)," ","2,700","28,630,000",0,0,10.80,10.60,10.70,10.60
14/03/2022,10.80,10.80,0.10 (0.93 %)," ","14,600","156,990,000",0,0,10.70,10.7,10.80,10.70
11/03/2022,10.70,10.70,0.00 (0.00 %)," ","15,700","167,580,000",0,0,10.70,10.60,10.70,10.50
10/03/2022,10.70,10.70,0.00 (0.00 %)," ","9,600","102,100,000",0,0,10.70,10.5,10.70,10.50
09/03/2022,10.70,10.70,0.00 (0.00 %)," ",300,"3,210,000",0,0,10.70,10.70,10.70,10.70
08/03/2022,10.70,10.70,0.10 (0.94 %)," ","2,305","24,463,000",0,0,10.60,10.6,10.70,10.60
07/03/2022,10.60,10.60,-0.20 (-1.85 %)," ","11,700","123,770,000",0,0,10.80,10.60,10.70,10.50
04/03/2022,10.80,10.80,0.10 (0.93 %)," ","3,530","37,725,000",0,0,10.70,10.7,10.80,10.50
02/03/2022,10.60,10.60,0.00 (0.00 %)," ","2,200","23,380,000",0,0,10.60,11.2,11.20,10.60
01/03/2022,10.58,11.20,0.30 (2.75 %)," ","1,430","15,568,000",0,0,10.90,11.00,11.70,10.60
28/02/2022,10.30,10.90,0.00 (0.00 %)," ","3,500","38,160,000",0,0,10.90,10.9,11.00,10.90
25/02/2022,10.30,10.90,0.10 (0.93 %)," ","1,700","18,250,000",0,0,10.80,10.70,10.90,10.70
24/02/2022,10.20,10.80,0.00 (0.00 %)," ","2,800","29,800,000",0,0,10.80,10.8,11.10,10.50
23/02/2022,10.20,10.80,0.50 (4.85 %)," ","1,800","18,870,000",0,0,10.30,10.40,10.80,10.40
22/02/2022,9.73,10.30,-0.50 (-4.63 %)," ","1,165","11,986,500",0,0,10.80,10.3,10.30,10.30
21/02/2022,10.20,10.80,-0.70 (-6.09 %)," ","6,200","67,030,000",0,0,11.50,11.50,11.50,10.80
18/02/2022,10.87,11.50,0.30 (2.68 %)," ","11,900","128,480,000",0,0,11.20,11.0,11.50,10.70
17/02/2022,10.58,11.20,0.50 (4.67 %)," ","17,800","197,170,000",0,0,10.70,10.90,11.50,10.90
16/02/2022,10.11,10.70,0.10 (0.94 %)," ","4,900","52,240,000",0,0,10.60,10.6,10.70,10.60
15/02/2022,10.01,10.60,0.10 (0.95 %)," ","5,900","63,330,000",0,0,10.50,10.50,10.90,10.50
14/02/2022,9.92,10.50,0.00 (0.00 %)," ","1,100","11,450,000",0,0,10.50,10.4,10.50,10.40
11/02/2022,9.92,10.50,0.10 (0.96 %)," ","2,100","21,450,000",0,0,10.40,10.20,10.50,10.20
10/02/2022,9.83,10.40,0.00 (0.00 %)," ",0,0,0,0,10.40,10.4,10.40,10.40
09/02/2022,9.83,10.40,0.00 (0.00 %)," ","10,100","101,240,000",0,0,10.40,10.10,10.40,10.00
08/02/2022,9.83,10.40,0.00 (0.00 %)," ","6,400","66,560,000",0,0,10.40,10.4,10.40,10.40
07/02/2022,9.83,10.40,0.40 (4.00 %)," ",100,"1,040,000",0,0,10.00,10.40,10.40,10.40
28/01/2022,9.45,10.00,-0.40 (-3.85 %)," ",900,"9,000,000",0,0,10.40,10.0,10.00,10.00
26/01/2022,9.07,9.60,0.00 (0.00 %)," ",0,0,0,0,9.60,9.6,9.60,9.60
25/01/2022,9.07,9.60,-0.80 (-7.69 %)," ",500,"4,800,000",0,0,10.40,9.60,9.60,9.60
24/01/2022,9.83,10.40,0.00 (0.00 %)," ",100,"1,040,000",0,0,10.40,10.4,10.40,10.40
21/01/2022,9.83,10.40,-0.10 (-0.95 %)," ","3,800","39,000,000",0,0,10.50,10.20,10.40,10.20
20/01/2022,9.92,10.50,0.00 (0.00 %)," ",100,"1,050,000",0,0,10.50,10.5,10.50,10.50
19/01/2022,9.92,10.50,0.00 (0.00 %)," ","9,100","92,650,000",0,0,10.50,10.40,10.50,10.10
18/01/2022,9.92,10.50,0.30 (2.94 %)," ","1,100","11,250,000",0,0,10.20,10.2,10.50,10.20
17/01/2022,9.64,10.20,-0.60 (-5.56 %)," ",100,"1,020,000",0,0,10.80,10.20,10.20,10.20
14/01/2022,10.20,10.80,-0.10 (-0.92 %)," ",300,"3,100,000",0,0,10.90,10.1,10.80,10.10
13/01/2022,10.30,10.90,0.00 (0.00 %)," ",0,0,0,0,10.90,10.90,10.90,10.90
12/01/2022,10.30,10.90,0.20 (1.87 %)," ","8,600","90,460,000",0,0,10.70,10.6,10.90,10.50
11/01/2022,10.11,10.70,-0.20 (-1.83 %)," ","5,250","56,150,000",0,0,10.90,10.60,10.70,10.60
10/01/2022,10.30,10.90,0.10 (0.93 %)," ","7,300","77,360,000",0,0,10.80,10.9,10.90,10.50
07/01/2022,10.20,10.80,0.10 (0.93 %)," ","26,400","278,550,000",0,0,10.70,10.70,10.80,10.40
06/01/2022,10.11,10.70,-0.10 (-0.93 %)," ","16,200","170,610,000",53,"519,400",10.80,10.6,10.80,10.30
05/01/2022,10.20,10.80,-0.10 (-0.92 %)," ","5,200","55,230,000",0,0,10.90,10.80,10.80,10.50
04/01/2022,10.30,10.90,-0.60 (-5.22 %)," ","21,500","245,340,000",0,0,11.50,11.0,11.80,10.70
31/12/2021,10.87,11.50,0.30 (2.68 %)," ","8,200","90,070,000",0,0,11.20,10.70,11.50,10.60
30/12/2021,10.58,11.20,0.40 (3.70 %)," ","1,800","19,720,000",0,0,10.80,11.5,11.50,10.80
28/12/2021,9.92,10.50,0.00 (0.00 %)," ","8,100","83,900,000",0,0,10.50,10.4,10.50,10.20
27/12/2021,9.92,10.50,0.00 (0.00 %)," ","6,200","64,990,000",0,0,10.50,10.50,10.50,10.40
24/12/2021,9.92,10.50,0.00 (0.00 %)," ",100,"1,050,000",0,0,10.50,10.5,10.50,10.50
23/12/2021,9.92,10.50,-0.30 (-2.78 %)," ","1,800","18,900,000",0,0,10.80,10.50,10.50,10.50
22/12/2021,10.20,10.80,0.30 (2.86 %)," ","1,610","17,135,000",0,0,10.50,10.5,10.80,10.50
21/12/2021,9.92,10.50,0.20 (1.94 %)," ","1,490","15,600,000",0,0,10.30,10.50,10.50,10.50
20/12/2021,9.73,10.30,0.00 (0.00 %)," ","2,300","23,690,000",0,0,10.30,10.3,10.30,10.30
17/12/2021,9.73,10.30,-0.20 (-1.90 %)," ","1,700","17,510,000",0,0,10.50,10.30,10.30,10.30
16/12/2021,9.92,10.50,-0.10 (-0.94 %)," ","10,200","107,100,000",0,0,10.60,10.5,10.50,10.50
15/12/2021,10.01,10.60,0.00 (0.00 %)," ",900,"9,540,000",0,0,10.60,10.60,10.60,10.60
14/12/2021,10.01,10.60,0.10 (0.95 %)," ",500,"5,300,000",0,0,10.50,10.6,10.60,10.60
13/12/2021,9.92,10.50,0.00 (0.00 %)," ","9,800","102,900,000",0,0,10.50,10.50,10.50,10.50
10/12/2021,9.92,10.50,0.00 (0.00 %)," ","1,200","12,600,000",0,0,10.50,10.5,10.50,10.50
09/12/2021,9.92,10.50,0.00 (0.00 %)," ","5,700","59,850,000",0,0,10.50,10.50,10.50,10.50
08/12/2021,9.92,10.50,-0.30 (-2.78 %)," ","18,200","192,060,000",0,0,10.80,10.8,10.80,10.50
07/12/2021,10.20,10.80,-0.10 (-0.92 %)," ","3,600","38,980,000",0,0,10.90,10.80,10.90,10.80
06/12/2021,10.30,10.90,-0.10 (-0.91 %)," ","6,100","67,360,000",0,0,11.00,11.1,11.10,10.90
03/12/2021,10.39,11.00,-0.10 (-0.90 %)," ","9,200","101,580,000",0,0,11.10,11.10,11.10,11.00
02/12/2021,10.49,11.10,-0.10 (-0.89 %)," ","24,400","269,480,000",0,0,11.20,11.1,11.10,11.00
30/11/2021,10.49,11.10,0.00 (0.00 %)," ","30,300","336,660,000",0,0,11.10,11.0,11.40,11.00
29/11/2021,10.49,11.10,-1.00 (-8.26 %)," ","12,200","136,710,000",0,0,12.10,11.00,11.40,11.00
26/11/2021,11.43,12.10,-0.30 (-2.42 %)," ","13,600","162,700,000",0,0,12.40,12.5,12.50,11.60
25/11/2021,11.72,12.40,0.60 (5.08 %)," ","23,700","294,310,000",0,0,11.80,11.90,12.50,11.50
24/11/2021,11.15,11.80,0.30 (2.61 %)," ","23,930","276,035,000",0,0,11.50,11.2,11.80,11.20
23/11/2021,10.87,11.50,-0.40 (-3.36 %)," ","19,720","224,294,000",0,0,11.90,11.80,11.80,11.10
22/11/2021,11.24,11.90,0.40 (3.48 %)," ","26,900","303,940,000",0,0,11.50,11.4,11.90,11.00
19/11/2021,10.87,11.50,0.30 (2.68 %)," ","24,100","270,320,000",0,0,11.20,11.30,12.00,10.80
18/11/2021,10.58,11.20,0.10 (0.90 %)," ","15,220","166,104,000",0,0,11.10,11.3,11.30,10.10
17/11/2021,10.49,11.10,0.10 (0.91 %)," ","11,500","127,410,000",0,0,11.00,11.00,11.20,11.00
16/11/2021,10.39,11.00,-0.40 (-3.51 %)," ","1,900","21,240,000",0,0,11.40,11.2,11.20,11.00
15/11/2021,10.77,11.40,-0.40 (-3.39 %)," ","5,400","63,440,000",0,0,11.80,11.40,12.00,11.40
12/11/2021,11.15,11.80,0.50 (4.42 %)," ","6,700","76,380,000",0,0,11.30,11.4,11.80,11.30
11/11/2021,10.68,11.30,0.00 (0.00 %)," ","1,520","17,174,000",0,0,11.30,11.30,11.30,11.30
10/11/2021,10.68,11.30,0.00 (0.00 %)," ","1,600","17,930,000",0,0,11.30,11.2,11.30,11.20
09/11/2021,10.68,11.30,0.10 (0.89 %)," ","17,900","201,980,000",1,"10,100",11.20,11.10,11.50,11.10
08/11/2021,10.58,11.20,0.20 (1.82 %)," ","16,500","183,750,000",0,0,11.00,11.0,11.30,11.00
05/11/2021,10.39,11.00,0.20 (1.85 %)," ","6,100","66,660,000",0,0,10.80,10.60,11.00,10.60
04/11/2021,10.20,10.80,0.00 (0.00 %)," ","14,900","162,900,000",0,0,10.80,11.0,11.00,10.80
02/11/2021,10.39,11.00,0.70 (6.80 %)," ","20,800","223,850,000",0,0,10.30,10.5,11.00,10.40
01/11/2021,9.73,10.30,0.30 (3.00 %)," ","22,300","228,670,000",0,0,10.00,10.10,10.40,10.00
29/10/2021,9.45,10.00,0.20 (2.04 %)," ","13,000","128,270,000",0,0,9.80,9.8,10.00,9.80
28/10/2021,9.26,9.80,-0.30 (-2.97 %)," ","19,200","192,570,000",0,0,10.10,10.00,10.20,9.80
27/10/2021,9.54,10.10,0.50 (5.21 %)," ","24,035","232,642,500",0,0,9.60,9.5,10.20,9.50
26/10/2021,9.07,9.60,0.00 (0.00 %)," ","1,100","10,460,000",0,0,9.60,9.50,9.60,9.50
25/10/2021,9.07,9.60,-0.30 (-3.03 %)," ","12,000","114,990,000",0,0,9.90,9.9,9.90,9.50
22/10/2021,9.35,9.90,-0.20 (-1.98 %)," ","5,300","52,190,000",0,0,10.10,10.00,10.00,9.70
21/10/2021,9.54,10.10,0.00 (0.00 %)," ","5,100","50,570,000",0,0,10.10,9.9,10.10,9.90
20/10/2021,9.54,10.10,-0.70 (-6.48 %)," ","17,600","179,070,000",0,0,10.80,10.30,10.30,10.00
19/10/2021,10.20,10.80,0.90 (9.09 %)," ","24,700","247,710,000",0,0,9.90,9.8,10.80,9.60
18/10/2021,9.35,9.90,0.00 (0.00 %)," ","11,400","112,400,000",0,0,9.90,9.90,9.90,9.80
15/10/2021,9.35,9.90,0.30 (3.13 %)," ","21,333","209,895,800",0,0,9.60,9.6,10.50,9.60
14/10/2021,9.07,9.60,0.00 (0.00 %)," ","6,300","58,340,000",0,0,9.60,9.40,9.60,9.20
13/10/2021,9.07,9.60,0.10 (1.05 %)," ","4,400","41,700,000",0,0,9.50,9.3,9.60,9.30
12/10/2021,8.98,9.50,-0.10 (-1.04 %)," ","5,100","47,870,000",0,0,9.60,9.50,9.50,9.30
11/10/2021,9.07,9.60,0.20 (2.13 %)," ","7,300","69,650,000",0,0,9.40,9.6,9.60,9.50
08/10/2021,8.88,9.40,-0.20 (-2.08 %)," ","4,900","46,300,000",0,0,9.60,9.60,9.70,9.30
07/10/2021,9.07,9.60,-0.10 (-1.03 %)," ","25,965","238,426,500",0,0,9.70,9.7,9.70,9.00
05/10/2021,9.16,9.70,-0.20 (-2.02 %)," ","2,400","22,770,000",0,0,9.90,9.8,9.80,9.40
04/10/2021,9.35,9.90,0.40 (4.21 %)," ","15,100","146,220,000",0,0,9.50,9.50,9.90,9.50
01/10/2021,8.98,9.50,0.30 (3.26 %)," ","19,600","186,650,000",0,0,9.20,9.5,9.80,9.50
30/09/2021,8.69,9.20,-0.10 (-1.08 %)," ","5,300","49,170,000",0,0,9.30,9.30,9.80,9.10
29/09/2021,8.79,9.30,0.10 (1.09 %)," ","8,000","74,400,000",0,0,9.20,9.3,9.30,9.30
28/09/2021,8.69,9.20,0.00 (0.00 %)," ",500,"4,620,000",0,0,9.20,9.30,9.30,9.20
27/09/2021,8.69,9.20,-0.70 (-7.07 %)," ","3,800","36,320,000",0,0,9.90,9.7,9.90,9.20
24/09/2021,9.35,9.90,-0.10 (-1.00 %)," ","4,000","40,440,000",0,0,10.00,10.40,10.50,9.90
23/09/2021,9.45,10.00,0.20 (2.04 %)," ","14,400","143,930,000",0,0,9.80,10.0,10.50,9.90
22/09/2021,9.26,9.80,0.30 (3.16 %)," ","21,962","213,958,400",0,0,9.50,9.50,10.00,9.50
21/09/2021,8.98,9.50,0.50 (5.56 %)," ","16,165","152,726,500",0,0,9.00,9.5,9.80,9.10
20/09/2021,8.50,9.00,-0.50 (-5.26 %)," ","5,900","53,560,000",0,0,9.50,9.80,10.00,9.00
17/09/2021,8.98,9.50,0.30 (3.26 %)," ","6,500","61,900,000",0,0,9.20,9.5,9.80,9.50
16/09/2021,8.69,9.20,0.00 (0.00 %)," ","4,900","45,080,000",0,0,9.20,9.20,9.20,9.20
15/09/2021,8.69,9.20,0.70 (8.24 %)," ","23,800","221,300,000",0,0,8.50,9.2,9.30,9.20
14/09/2021,8.03,8.50,-0.50 (-5.56 %)," ",100,"850,000",0,0,9.00,8.50,8.50,8.50
13/09/2021,8.50,9.00,0.00 (0.00 %)," ",0,0,0,0,9.00,9.0,9.00,9.00
10/09/2021,8.50,9.00,-0.80 (-8.16 %)," ","8,500","75,850,000",0,0,9.80,8.90,9.20,8.90
09/09/2021,9.26,9.80,0.10 (1.03 %)," ",100,"980,000",0,0,9.70,9.8,9.80,9.80
07/09/2021,9.16,9.70,0.80 (8.99 %)," ",400,"3,810,000",0,0,8.90,9.0,9.70,9.00
06/09/2021,8.41,8.90,0.80 (9.88 %)," ","3,800","33,820,000",0,0,8.10,8.90,8.90,8.90
01/09/2021,7.65,8.10,0.00 (0.00 %)," ",0,0,0,0,8.10,8.1,8.10,8.10
31/08/2021,7.65,8.10,0.00 (0.00 %)," ",0,0,0,0,8.10,8.10,8.10,8.10
30/08/2021,7.65,8.10,0.00 (0.00 %)," ",0,0,0,0,8.10,8.1,8.10,8.10
27/08/2021,7.65,8.10,0.00 (0.00 %)," ",0,0,0,0,8.10,8.10,8.10,8.10
26/08/2021,7.65,8.10,0.00 (0.00 %)," ",0,0,0,0,8.10,8.1,8.10,8.10
25/08/2021,7.65,8.10,0.00 (0.00 %)," ",0,0,0,0,8.10,8.10,8.10,8.10
24/08/2021,7.65,8.10,0.00 (0.00 %)," ",0,0,0,0,8.10,8.1,8.10,8.10
23/08/2021,7.65,8.10,0.00 (0.00 %)," ",0,0,0,0,8.10,8.10,8.10,8.10
20/08/2021,7.65,8.10,0.00 (0.00 %)," ",0,0,0,0,8.10,8.1,8.10,8.10
19/08/2021,7.65,8.10,0.00 (0.00 %)," ",0,0,0,0,8.10,8.10,8.10,8.10
18/08/2021,7.65,8.10,0.00 (0.00 %)," ",0,0,0,0,8.10,8.1,8.10,8.10
17/08/2021,7.65,8.10,0.00 (0.00 %)," ",0,0,0,0,8.10,8.10,8.10,8.10
16/08/2021,7.65,8.10,-0.70 (-7.95 %)," ","2,100","17,030,000",0,0,8.80,8.2,8.20,8.10
13/08/2021,8.31,8.80,0.00 (0.00 %)," ",0,0,0,0,8.80,8.80,8.80,8.80
12/08/2021,8.31,8.80,0.00 (0.00 %)," ",0,0,0,0,8.80,8.8,8.80,8.80
11/08/2021,8.31,8.80,0.00 (0.00 %)," ",0,0,0,0,8.80,8.80,8.80,8.80
10/08/2021,8.31,8.80,-0.80 (-8.33 %)," ","1,200","10,560,000",0,0,9.60,8.8,8.80,8.80
06/08/2021,9.07,9.60,0.00 (0.00 %)," ",0,0,0,0,9.60,9.6,9.60,9.60
05/08/2021,9.07,9.60,0.00 (0.00 %)," ","3,000","28,800,000",0,0,9.60,9.60,9.60,9.60
04/08/2021,9.07,9.60,0.00 (0.00 %)," ",0,0,0,0,9.60,9.6,9.60,9.60
03/08/2021,9.07,9.60,0.10 (1.05 %)," ","1,000","9,600,000",0,0,9.50,9.60,9.60,9.60
02/08/2021,8.98,9.50,0.00 (0.00 %)," ",0,0,0,0,9.50,9.5,9.50,9.50
30/07/2021,8.98,9.50,0.00 (0.00 %)," ",0,0,0,0,9.50,9.50,9.50,9.50
29/07/2021,8.98,9.50,0.00 (0.00 %)," ",0,0,0,0,9.50,9.5,9.50,9.50
28/07/2021,8.98,9.50,0.00 (0.00 %)," ",0,0,0,0,9.50,9.50,9.50,9.50
27/07/2021,8.98,9.50,0.00 (0.00 %)," ",0,0,0,0,9.50,9.5,9.50,9.50
26/07/2021,8.98,9.50,0.00 (0.00 %)," ",0,0,0,0,9.50,9.50,9.50,9.50
23/07/2021,8.98,9.50,0.00 (0.00 %)," ",0,0,0,0,9.50,9.5,9.50,9.50
22/07/2021,8.98,9.50,0.00 (0.00 %)," ",0,0,0,0,9.50,9.50,9.50,9.50
21/07/2021,8.98,9.50,0.60 (6.74 %)," ","10,000","95,000,000",0,0,8.90,9.5,9.50,9.50
20/07/2021,8.41,8.90,-0.90 (-9.18 %)," ","5,500","50,550,000",0,0,9.80,9.90,9.90,8.90
19/07/2021,9.26,9.80,0.00 (0.00 %)," ",0,0,0,0,9.80,9.8,9.80,9.80
16/07/2021,9.26,9.80,0.00 (0.00 %)," ",0,0,0,0,9.80,9.80,9.80,9.80
15/07/2021,9.26,9.80,0.00 (0.00 %)," ",0,0,0,0,9.80,9.8,9.80,9.80
14/07/2021,9.26,9.80,0.00 (0.00 %)," ",0,0,0,0,9.80,9.80,9.80,9.80
13/07/2021,9.26,9.80,0.00 (0.00 %)," ",0,0,0,0,9.80,9.8,9.80,9.80
06/08/2021,9.07,9.60,0.00 (0.00 %)," ",0,0,0,0,9.60,9.6,9.60,9.60
05/08/2021,9.07,9.60,0.00 (0.00 %)," ","3,000","28,800,000",0,0,9.60,9.60,9.60,9.60
04/08/2021,9.07,9.60,0.00 (0.00 %)," ",0,0,0,0,9.60,9.6,9.60,9.60
03/08/2021,9.07,9.60,0.10 (1.05 %)," ","1,000","9,600,000",0,0,9.50,9.60,9.60,9.60
02/08/2021,8.98,9.50,0.00 (0.00 %)," ",0,0,0,0,9.50,9.5,9.50,9.50
30/07/2021,8.98,9.50,0.00 (0.00 %)," ",0,0,0,0,9.50,9.50,9.50,9.50
29/07/2021,8.98,9.50,0.00 (0.00 %)," ",0,0,0,0,9.50,9.5,9.50,9.50
28/07/2021,8.98,9.50,0.00 (0.00 %)," ",0,0,0,0,9.50,9.50,9.50,9.50
27/07/2021,8.98,9.50,0.00 (0.00 %)," ",0,0,0,0,9.50,9.5,9.50,9.50
26/07/2021,8.98,9.50,0.00 (0.00 %)," ",0,0,0,0,9.50,9.50,9.50,9.50
23/07/2021,8.98,9.50,0.00 (0.00 %)," ",0,0,0,0,9.50,9.5,9.50,9.50
22/07/2021,8.98,9.50,0.00 (0.00 %)," ",0,0,0,0,9.50,9.50,9.50,9.50
21/07/2021,8.98,9.50,0.60 (6.74 %)," ","10,000","95,000,000",0,0,8.90,9.5,9.50,9.50
20/07/2021,8.41,8.90,-0.90 (-9.18 %)," ","5,500","50,550,000",0,0,9.80,9.90,9.90,8.90
19/07/2021,9.26,9.80,0.00 (0.00 %)," ",0,0,0,0,9.80,9.8,9.80,9.80
16/07/2021,9.26,9.80,0.00 (0.00 %)," ",0,0,0,0,9.80,9.80,9.80,9.80
15/07/2021,9.26,9.80,0.00 (0.00 %)," ",0,0,0,0,9.80,9.8,9.80,9.80
14/07/2021,9.26,9.80,0.00 (0.00 %)," ",0,0,0,0,9.80,9.80,9.80,9.80
13/07/2021,9.26,9.80,0.00 (0.00 %)," ",0,0,0,0,9.80,9.8,9.80,9.80
06/08/2021,9.07,9.60,0.00 (0.00 %)," ",0,0,0,0,9.60,9.6,9.60,9.60
05/08/2021,9.07,9.60,0.00 (0.00 %)," ","3,000","28,800,000",0,0,9.60,9.60,9.60,9.60
04/08/2021,9.07,9.60,0.00 (0.00 %)," ",0,0,0,0,9.60,9.6,9.60,9.60
03/08/2021,9.07,9.60,0.10 (1.05 %)," ","1,000","9,600,000",0,0,9.50,9.60,9.60,9.60
02/08/2021,8.98,9.50,0.00 (0.00 %)," ",0,0,0,0,9.50,9.5,9.50,9.50
30/07/2021,8.98,9.50,0.00 (0.00 %)," ",0,0,0,0,9.50,9.50,9.50,9.50
29/07/2021,8.98,9.50,0.00 (0.00 %)," ",0,0,0,0,9.50,9.5,9.50,9.50
28/07/2021,8.98,9.50,0.00 (0.00 %)," ",0,0,0,0,9.50,9.50,9.50,9.50
27/07/2021,8.98,9.50,0.00 (0.00 %)," ",0,0,0,0,9.50,9.5,9.50,9.50
26/07/2021,8.98,9.50,0.00 (0.00 %)," ",0,0,0,0,9.50,9.50,9.50,9.50
23/07/2021,8.98,9.50,0.00 (0.00 %)," ",0,0,0,0,9.50,9.5,9.50,9.50
22/07/2021,8.98,9.50,0.00 (0.00 %)," ",0,0,0,0,9.50,9.50,9.50,9.50
21/07/2021,8.98,9.50,0.60 (6.74 %)," ","10,000","95,000,000",0,0,8.90,9.5,9.50,9.50
20/07/2021,8.41,8.90,-0.90 (-9.18 %)," ","5,500","50,550,000",0,0,9.80,9.90,9.90,8.90
19/07/2021,9.26,9.80,0.00 (0.00 %)," ",0,0,0,0,9.80,9.8,9.80,9.80
16/07/2021,9.26,9.80,0.00 (0.00 %)," ",0,0,0,0,9.80,9.80,9.80,9.80
15/07/2021,9.26,9.80,0.00 (0.00 %)," ",0,0,0,0,9.80,9.8,9.80,9.80
14/07/2021,9.26,9.80,0.00 (0.00 %)," ",0,0,0,0,9.80,9.80,9.80,9.80
13/07/2021,9.26,9.80,0.00 (0.00 %)," ",0,0,0,0,9.80,9.8,9.80,9.80
06/08/2021,9.07,9.60,0.00 (0.00 %)," ",0,0,0,0,9.60,9.6,9.60,9.60
05/08/2021,9.07,9.60,0.00 (0.00 %)," ","3,000","28,800,000",0,0,9.60,9.60,9.60,9.60
04/08/2021,9.07,9.60,0.00 (0.00 %)," ",0,0,0,0,9.60,9.6,9.60,9.60
03/08/2021,9.07,9.60,0.10 (1.05 %)," ","1,000","9,600,000",0,0,9.50,9.60,9.60,9.60
02/08/2021,8.98,9.50,0.00 (0.00 %)," ",0,0,0,0,9.50,9.5,9.50,9.50
30/07/2021,8.98,9.50,0.00 (0.00 %)," ",0,0,0,0,9.50,9.50,9.50,9.50
29/07/2021,8.98,9.50,0.00 (0.00 %)," ",0,0,0,0,9.50,9.5,9.50,9.50
28/07/2021,8.98,9.50,0.00 (0.00 %)," ",0,0,0,0,9.50,9.50,9.50,9.50
27/07/2021,8.98,9.50,0.00 (0.00 %)," ",0,0,0,0,9.50,9.5,9.50,9.50
26/07/2021,8.98,9.50,0.00 (0.00 %)," ",0,0,0,0,9.50,9.50,9.50,9.50
23/07/2021,8.98,9.50,0.00 (0.00 %)," ",0,0,0,0,9.50,9.5,9.50,9.50
22/07/2021,8.98,9.50,0.00 (0.00 %)," ",0,0,0,0,9.50,9.50,9.50,9.50
21/07/2021,8.98,9.50,0.60 (6.74 %)," ","10,000","95,000,000",0,0,8.90,9.5,9.50,9.50
20/07/2021,8.41,8.90,-0.90 (-9.18 %)," ","5,500","50,550,000",0,0,9.80,9.90,9.90,8.90
19/07/2021,9.26,9.80,0.00 (0.00 %)," ",0,0,0,0,9.80,9.8,9.80,9.80
16/07/2021,9.26,9.80,0.00 (0.00 %)," ",0,0,0,0,9.80,9.80,9.80,9.80
15/07/2021,9.26,9.80,0.00 (0.00 %)," ",0,0,0,0,9.80,9.8,9.80,9.80
14/07/2021,9.26,9.80,0.00 (0.00 %)," ",0,0,0,0,9.80,9.80,9.80,9.80
13/07/2021,9.26,9.80,0.00 (0.00 %)," ",0,0,0,0,9.80,9.8,9.80,9.80
09/07/2021,9.26,9.80,0.00 (0.00 %)," ",0,0,0,0,9.80,9.8,9.80,9.80
08/07/2021,9.26,9.80,0.00 (0.00 %)," ",0,0,0,0,9.80,9.80,9.80,9.80
07/07/2021,9.26,9.80,0.00 (0.00 %)," ",0,0,0,0,9.80,9.8,9.80,9.80
06/07/2021,9.26,9.80,0.00 (0.00 %)," ",0,0,0,0,9.80,9.80,9.80,9.80
05/07/2021,9.26,9.80,0.80 (8.89 %)," ","4,000","39,220,000",42,"340,200",9.00,9.8,9.90,9.70
02/07/2021,8.50,9.00,0.00 (0.00 %)," ",0,0,0,0,9.00,9.00,9.00,9.00
01/07/2021,8.50,9.00,0.00 (0.00 %)," ",0,0,0,0,9.00,9.0,9.00,9.00
30/06/2021,8.50,9.00,0.00 (0.00 %)," ",0,0,0,0,9.00,9.00,9.00,9.00
29/06/2021,8.50,9.00,0.00 (0.00 %)," ",0,0,0,0,9.00,9.0,9.00,9.00
28/06/2021,8.50,9.00,0.80 (9.76 %)," ",100,"900,000",0,0,8.20,9.00,9.00,9.00
25/06/2021,7.75,8.20,-0.50 (-5.75 %)," ",100,"820,000",0,0,8.70,8.2,8.20,8.20
24/06/2021,8.22,8.70,0.00 (0.00 %)," ",0,0,0,0,8.70,8.70,8.70,8.70
23/06/2021,8.22,8.70,0.00 (0.00 %)," ","2,300","20,010,000",40,"316,000",8.70,8.7,8.70,8.70
22/06/2021,8.22,8.70,-0.90 (-9.38 %)," ","11,300","98,340,000",0,0,9.60,8.70,9.00,8.70
21/06/2021,9.07,9.60,0.00 (0.00 %)," ",0,0,0,0,9.60,9.6,9.60,9.60
18/06/2021,9.07,9.60,0.00 (0.00 %)," ",0,0,0,0,9.60,9.60,9.60,9.60
17/06/2021,9.07,9.60,0.00 (0.00 %)," ",0,0,0,0,9.60,9.6,9.60,9.60
16/06/2021,9.07,9.60,0.00 (0.00 %)," ",0,0,0,0,9.60,9.60,9.60,9.60
15/06/2021,9.07,9.60,0.00 (0.00 %)," ",200,"1,980,000",0,0,9.60,10.2,10.20,9.60
11/06/2021,9.07,9.60,0.00 (0.00 %)," ",0,0,0,0,9.60,9.6,9.60,9.60
10/06/2021,9.07,9.60,0.00 (0.00 %)," ",0,0,0,0,9.60,9.60,9.60,9.60
09/06/2021,9.07,9.60,0.00 (0.00 %)," ",0,0,0,0,9.60,9.6,9.60,9.60
08/06/2021,9.07,9.60,0.80 (9.09 %)," ",100,"960,000",0,0,8.80,9.60,9.60,9.60
07/06/2021,8.31,8.80,-0.80 (-8.33 %)," ","3,000","26,500,000",0,0,9.60,9.3,9.30,8.80
04/06/2021,9.07,9.60,0.00 (0.00 %)," ",0,0,0,0,9.60,9.60,9.60,9.60
03/06/2021,9.07,9.60,0.00 (0.00 %)," ",0,0,0,0,9.60,9.6,9.60,9.60
02/06/2021,9.07,9.60,0.00 (0.00 %)," ","1,600","15,090,000",0,0,9.60,8.90,9.60,8.90
01/06/2021,9.07,9.60,0.70 (7.87 %)," ","1,200","10,898,000",0,0,8.90,9.0,9.70,8.90
31/05/2021,8.41,8.90,-0.10 (-1.11 %)," ","8,300","73,870,000",0,0,9.00,8.90,8.90,8.90
28/05/2021,8.50,9.00,0.10 (1.12 %)," ",900,"7,620,000",11,"89,100",8.90,9.0,9.00,8.20
27/05/2021,8.41,8.90,0.00 (0.00 %)," ","1,720","14,188,000",0,0,8.90,8.90,8.90,8.10
26/05/2021,8.41,8.90,-0.80 (-8.25 %)," ",500,"4,460,000",0,0,9.70,9.0,9.00,8.80
25/05/2021,9.16,9.70,0.00 (0.00 %)," ",0,0,0,0,9.70,9.70,9.70,9.70
24/05/2021,9.16,9.70,0.00 (0.00 %)," ",0,0,0,0,9.70,9.7,9.70,9.70
21/05/2021,9.16,9.70,0.00 (0.00 %)," ",0,0,0,0,9.70,9.70,9.70,9.70
20/05/2021,9.16,9.70,0.80 (8.99 %)," ","6,000","55,940,000",0,0,8.90,8.1,9.70,8.10
19/05/2021,8.41,8.90,-0.90 (-9.18 %)," ","1,700","15,580,000",0,0,9.80,9.30,9.80,8.90
18/05/2021,9.26,9.80,-0.50 (-4.85 %)," ","18,100","168,930,000",0,0,10.30,9.3,9.80,9.30
11/06/2021,9.07,9.60,0.00 (0.00 %)," ",0,0,0,0,9.60,9.6,9.60,9.60
10/06/2021,9.07,9.60,0.00 (0.00 %)," ",0,0,0,0,9.60,9.60,9.60,9.60
09/06/2021,9.07,9.60,0.00 (0.00 %)," ",0,0,0,0,9.60,9.6,9.60,9.60
08/06/2021,9.07,9.60,0.80 (9.09 %)," ",100,"960,000",0,0,8.80,9.60,9.60,9.60
07/06/2021,8.31,8.80,-0.80 (-8.33 %)," ","3,000","26,500,000",0,0,9.60,9.3,9.30,8.80
04/06/2021,9.07,9.60,0.00 (0.00 %)," ",0,0,0,0,9.60,9.60,9.60,9.60
03/06/2021,9.07,9.60,0.00 (0.00 %)," ",0,0,0,0,9.60,9.6,9.60,9.60
02/06/2021,9.07,9.60,0.00 (0.00 %)," ","1,600","15,090,000",0,0,9.60,8.90,9.60,8.90
01/06/2021,9.07,9.60,0.70 (7.87 %)," ","1,200","10,898,000",0,0,8.90,9.0,9.70,8.90
31/05/2021,8.41,8.90,-0.10 (-1.11 %)," ","8,300","73,870,000",0,0,9.00,8.90,8.90,8.90
28/05/2021,8.50,9.00,0.10 (1.12 %)," ",900,"7,620,000",11,"89,100",8.90,9.0,9.00,8.20
27/05/2021,8.41,8.90,0.00 (0.00 %)," ","1,720","14,188,000",0,0,8.90,8.90,8.90,8.10
26/05/2021,8.41,8.90,-0.80 (-8.25 %)," ",500,"4,460,000",0,0,9.70,9.0,9.00,8.80
25/05/2021,9.16,9.70,0.00 (0.00 %)," ",0,0,0,0,9.70,9.70,9.70,9.70
24/05/2021,9.16,9.70,0.00 (0.00 %)," ",0,0,0,0,9.70,9.7,9.70,9.70
21/05/2021,9.16,9.70,0.00 (0.00 %)," ",0,0,0,0,9.70,9.70,9.70,9.70
20/05/2021,9.16,9.70,0.80 (8.99 %)," ","6,000","55,940,000",0,0,8.90,8.1,9.70,8.10
19/05/2021,8.41,8.90,-0.90 (-9.18 %)," ","1,700","15,580,000",0,0,9.80,9.30,9.80,8.90
18/05/2021,9.26,9.80,-0.50 (-4.85 %)," ","18,100","168,930,000",0,0,10.30,9.3,9.80,9.30
14/05/2021,9.92,10.50,0.90 (9.38 %)," ","7,233","73,716,800",0,0,9.60,10.5,10.50,9.80
13/05/2021,9.07,9.60,0.80 (9.09 %)," ","13,300","126,480,000",0,0,8.80,9.00,9.60,9.00
12/05/2021,8.31,8.80,0.80 (10.00 %)," ","13,887","122,056,000",0,0,8.00,8.0,8.80,8.00
11/05/2021,7.56,8.00,0.00 (0.00 %)," ",0,0,0,0,8.00,8.00,8.00,8.00
10/05/2021,7.56,8.00,0.00 (0.00 %)," ",0,0,0,0,8.00,8.0,8.00,8.00
07/05/2021,7.56,8.00,0.00 (0.00 %)," ",187,"1,426,400",0,0,8.00,8.00,8.00,8.00
06/05/2021,7.56,8.00,0.00 (0.00 %)," ",0,0,0,0,8.00,8.0,8.00,8.00
05/05/2021,7.56,8.00,0.00 (0.00 %)," ",0,0,0,0,8.00,8.00,8.00,8.00
04/05/2021,7.56,8.00,0.00 (0.00 %)," ",0,0,0,0,8.00,8.0,8.00,8.00
29/04/2021,7.56,8.00,0.00 (0.00 %)," ",0,0,0,0,8.00,8.00,8.00,8.00
28/04/2021,7.56,8.00,0.00 (0.00 %)," ",0,0,0,0,8.00,8.0,8.00,8.00
27/04/2021,7.56,8.00,0.00 (0.00 %)," ",0,0,0,0,8.00,8.00,8.00,8.00
26/04/2021,7.56,8.00,0.00 (0.00 %)," ",0,0,0,0,8.00,8.0,8.00,8.00
23/04/2021,7.56,8.00,0.00 (0.00 %)," ",0,0,0,0,8.00,8.00,8.00,8.00
22/04/2021,7.56,8.00,0.00 (0.00 %)," ",0,0,0,0,8.00,8.0,8.00,8.00
20/04/2021,7.56,8.00,0.00 (0.00 %)," ",0,0,0,0,8.00,8.00,8.00,8.00
19/04/2021,7.56,8.00,0.00 (0.00 %)," ",0,0,0,0,8.00,8.0,8.00,8.00
16/04/2021,7.56,8.00,0.00 (0.00 %)," ",0,0,0,0,8.00,8.00,8.00,8.00
15/04/2021,7.56,8.00,0.00 (0.00 %)," ",0,0,0,0,8.00,8.0,8.00,8.00
14/05/2021,9.92,10.50,0.90 (9.38 %)," ","7,233","73,716,800",0,0,9.60,10.5,10.50,9.80
13/05/2021,9.07,9.60,0.80 (9.09 %)," ","13,300","126,480,000",0,0,8.80,9.00,9.60,9.00
12/05/2021,8.31,8.80,0.80 (10.00 %)," ","13,887","122,056,000",0,0,8.00,8.0,8.80,8.00
11/05/2021,7.56,8.00,0.00 (0.00 %)," ",0,0,0,0,8.00,8.00,8.00,8.00
10/05/2021,7.56,8.00,0.00 (0.00 %)," ",0,0,0,0,8.00,8.0,8.00,8.00
07/05/2021,7.56,8.00,0.00 (0.00 %)," ",187,"1,426,400",0,0,8.00,8.00,8.00,8.00
06/05/2021,7.56,8.00,0.00 (0.00 %)," ",0,0,0,0,8.00,8.0,8.00,8.00
05/05/2021,7.56,8.00,0.00 (0.00 %)," ",0,0,0,0,8.00,8.00,8.00,8.00
04/05/2021,7.56,8.00,0.00 (0.00 %)," ",0,0,0,0,8.00,8.0,8.00,8.00
29/04/2021,7.56,8.00,0.00 (0.00 %)," ",0,0,0,0,8.00,8.00,8.00,8.00
28/04/2021,7.56,8.00,0.00 (0.00 %)," ",0,0,0,0,8.00,8.0,8.00,8.00
27/04/2021,7.56,8.00,0.00 (0.00 %)," ",0,0,0,0,8.00,8.00,8.00,8.00
26/04/2021,7.56,8.00,0.00 (0.00 %)," ",0,0,0,0,8.00,8.0,8.00,8.00
23/04/2021,7.56,8.00,0.00 (0.00 %)," ",0,0,0,0,8.00,8.00,8.00,8.00
22/04/2021,7.56,8.00,0.00 (0.00 %)," ",0,0,0,0,8.00,8.0,8.00,8.00
20/04/2021,7.56,8.00,0.00 (0.00 %)," ",0,0,0,0,8.00,8.00,8.00,8.00
19/04/2021,7.56,8.00,0.00 (0.00 %)," ",0,0,0,0,8.00,8.0,8.00,8.00
16/04/2021,7.56,8.00,0.00 (0.00 %)," ",0,0,0,0,8.00,8.00,8.00,8.00
15/04/2021,7.56,8.00,0.00 (0.00 %)," ",0,0,0,0,8.00,8.0,8.00,8.00
13/04/2021,7.56,8.00,0.00 (0.00 %)," ",0,0,0,0,8.00,8.0,8.00,8.00
12/04/2021,7.56,8.00,0.00 (0.00 %)," ",0,0,0,0,8.00,8.00,8.00,8.00
09/04/2021,7.56,8.00,-0.10 (-1.23 %)," ","1,300","10,400,000",0,0,8.10,8.0,8.00,8.00
08/04/2021,7.65,8.10,0.10 (1.25 %)," ",100,"810,000",0,0,8.00,8.10,8.10,8.10
07/04/2021,7.56,8.00,0.00 (0.00 %)," ",0,0,0,0,8.00,8.0,8.00,8.00
06/04/2021,7.56,8.00,-0.80 (-9.09 %)," ",500,"4,000,000",0,0,8.80,8.00,8.00,8.00
05/04/2021,8.31,8.80,0.00 (0.00 %)," ",0,0,0,0,8.80,8.8,8.80,8.80
02/04/2021,8.31,8.80,0.00 (0.00 %)," ",0,0,0,0,8.80,8.80,8.80,8.80
01/04/2021,8.31,8.80,0.00 (0.00 %)," ",0,0,0,0,8.80,8.8,8.80,8.80
31/03/2021,8.31,8.80,0.00 (0.00 %)," ",0,0,0,0,8.80,8.80,8.80,8.80
30/03/2021,8.31,8.80,0.30 (3.53 %)," ","1,600","14,080,000",0,0,8.50,8.8,8.80,8.80
29/03/2021,8.03,8.50,0.00 (0.00 %)," ",100,"850,000",0,0,8.50,8.50,8.50,8.50
26/03/2021,8.03,8.50,0.00 (0.00 %)," ",0,0,0,0,8.50,8.5,8.50,8.50
25/03/2021,8.03,8.50,0.00 (0.00 %)," ",0,0,0,0,8.50,8.50,8.50,8.50
24/03/2021,8.03,8.50,0.00 (0.00 %)," ",0,0,0,0,8.50,8.5,8.50,8.50
23/03/2021,8.03,8.50,0.00 (0.00 %)," ",200,"1,700,000",0,0,8.50,8.50,8.50,8.50
22/03/2021,8.03,8.50,0.00 (0.00 %)," ","7,200","61,200,000",0,0,8.50,8.5,8.50,8.50
19/03/2021,8.03,8.50,0.30 (3.66 %)," ","3,400","28,330,000",97,"717,800",8.20,8.50,8.50,8.20
18/03/2021,7.75,8.20,0.00 (0.00 %)," ",0,0,0,0,8.20,8.2,8.20,8.20
16/03/2021,7.75,8.20,0.00 (0.00 %)," ",0,0,0,0,8.20,8.2,8.20,8.20
15/03/2021,7.75,8.20,0.00 (0.00 %)," ",0,0,0,0,8.20,8.20,8.20,8.20
12/03/2021,7.75,8.20,0.00 (0.00 %)," ",22,"180,400",0,0,8.20,8.2,8.20,8.20
11/03/2021,7.75,8.20,0.00 (0.00 %)," ",0,0,13,"96,200",8.20,8.20,8.20,8.20
10/03/2021,7.75,8.20,0.00 (0.00 %)," ",0,0,0,0,8.20,8.2,8.20,8.20
09/03/2021,7.75,8.20,0.00 (0.00 %)," ",0,0,0,0,8.20,8.20,8.20,8.20
08/03/2021,7.75,8.20,0.00 (0.00 %)," ",0,0,0,0,8.20,8.2,8.20,8.20
05/03/2021,7.75,8.20,0.00 (0.00 %)," ","5,700","46,800,000",0,0,8.20,8.50,8.50,8.20
04/03/2021,7.75,8.20,0.00 (0.00 %)," ",0,0,0,0,8.20,8.2,8.20,8.20
03/03/2021,7.75,8.20,0.00 (0.00 %)," ",0,0,0,0,8.20,8.20,8.20,8.20
02/03/2021,7.75,8.20,0.20 (2.50 %)," ","6,000","49,200,000",0,0,8.00,8.2,8.20,8.20
01/03/2021,7.56,8.00,0.20 (2.56 %)," ","2,100","16,800,000",0,0,7.80,8.00,8.00,8.00
26/02/2021,7.37,7.80,0.00 (0.00 %)," ",0,0,0,0,7.80,7.8,7.80,7.80
25/02/2021,7.37,7.80,0.00 (0.00 %)," ",0,0,0,0,7.80,7.80,7.80,7.80
24/02/2021,7.37,7.80,0.00 (0.00 %)," ","9,800","76,440,000",0,0,7.80,7.8,7.80,7.80
23/02/2021,7.37,7.80,0.00 (0.00 %)," ",0,0,0,0,7.80,7.80,7.80,7.80
22/02/2021,7.37,7.80,0.00 (0.00 %)," ","49,200","383,760,000",0,0,7.80,7.8,7.80,7.80
19/02/2021,7.37,7.80,0.00 (0.00 %)," ","41,800","326,040,000",0,0,7.80,7.80,7.80,7.80
18/02/2021,7.37,7.80,0.00 (0.00 %)," ",0,0,0,0,7.80,7.8,7.80,7.80
09/02/2021,7.37,7.80,0.00 (0.00 %)," ",0,0,0,0,7.80,7.8,7.80,7.80
08/02/2021,7.37,7.80,0.00 (0.00 %)," ",0,0,0,0,7.80,7.80,7.80,7.80
05/02/2021,7.37,7.80,0.00 (0.00 %)," ",0,0,0,0,7.80,7.8,7.80,7.80
04/02/2021,7.37,7.80,0.00 (0.00 %)," ",0,0,0,0,7.80,7.80,7.80,7.80
03/02/2021,7.37,7.80,0.00 (0.00 %)," ",0,0,0,0,7.80,7.8,7.80,7.80
02/02/2021,7.37,7.80,0.00 (0.00 %)," ",0,0,0,0,7.80,7.80,7.80,7.80
01/02/2021,7.37,7.80,0.00 (0.00 %)," ",0,0,0,0,7.80,7.8,7.80,7.80
29/01/2021,7.37,7.80,0.00 (0.00 %)," ",0,0,0,0,7.80,7.80,7.80,7.80
28/01/2021,7.37,7.80,0.00 (0.00 %)," ",0,0,0,0,7.80,7.8,7.80,7.80
27/01/2021,7.37,7.80,0.00 (0.00 %)," ",0,0,0,0,7.80,7.80,7.80,7.80
26/01/2021,7.37,7.80,0.00 (0.00 %)," ",0,0,0,0,7.80,7.8,7.80,7.80
25/01/2021,7.37,7.80,-0.60 (-7.14 %)," ",201,"1,569,200",0,0,8.40,7.80,7.80,7.80
22/01/2021,7.94,8.40,0.00 (0.00 %)," ",0,0,0,0,8.40,8.4,8.40,8.40
21/01/2021,7.94,8.40,0.40 (5.00 %)," ","5,300","45,280,000",0,0,8.00,8.60,8.60,7.20
20/01/2021,7.56,8.00,0.00 (0.00 %)," ",0,0,0,0,8.00,8.0,8.00,8.00
19/01/2021,7.56,8.00,0.00 (0.00 %)," ",0,0,0,0,8.00,8.00,8.00,8.00
18/01/2021,7.56,8.00,0.00 (0.00 %)," ",500,"4,000,000",0,0,8.00,8.0,8.00,8.00
15/01/2021,7.56,8.00,0.00 (0.00 %)," ",0,0,0,0,8.00,8.00,8.00,8.00
14/01/2021,7.56,8.00,0.00 (0.00 %)," ",0,0,0,0,8.00,8.0,8.00,8.00
12/01/2021,7.56,8.00,0.00 (0.00 %)," ",0,0,0,0,8.00,8.0,8.00,8.00
11/01/2021,7.56,8.00,0.00 (0.00 %)," ",0,0,0,0,8.00,8.00,8.00,8.00
08/01/2021,7.56,8.00,0.00 (0.00 %)," ",0,0,0,0,8.00,8.0,8.00,8.00
07/01/2021,7.56,8.00,0.00 (0.00 %)," ",0,0,0,0,8.00,8.00,8.00,8.00
06/01/2021,7.56,8.00,0.00 (0.00 %)," ",0,0,"11,991","105,520,800",8.00,8.0,8.00,8.00
05/01/2021,7.56,8.00,0.00 (0.00 %)," ",0,0,0,0,8.00,8.00,8.00,8.00
04/01/2021,7.56,8.00,0.00 (0.00 %)," ",0,0,0,0,8.00,8.0,8.00,8.00
31/12/2020,7.56,8.00,0.00 (0.00 %)," ",0,0,0,0,8.00,8.00,8.00,8.00
30/12/2020,7.56,8.00,0.00 (0.00 %)," ",0,0,0,0,8.00,8.0,8.00,8.00
29/12/2020,7.56,8.00,-0.10 (-1.23 %)," ",800,"6,400,000",0,0,8.10,8.00,8.00,8.00
28/12/2020,7.65,8.10,0.00 (0.00 %)," ",0,0,0,0,8.10,8.1,8.10,8.10
25/12/2020,7.65,8.10,0.00 (0.00 %)," ",0,0,0,0,8.10,8.10,8.10,8.10
24/12/2020,7.65,8.10,0.00 (0.00 %)," ",0,0,0,0,8.10,8.1,8.10,8.10
23/12/2020,7.65,8.10,0.00 (0.00 %)," ",0,0,0,0,8.10,8.10,8.10,8.10
22/12/2020,7.65,8.10,0.00 (0.00 %)," ",100,"810,000",0,0,8.10,8.1,8.10,8.10
21/12/2020,7.65,8.10,0.00 (0.00 %)," ",0,0,0,0,8.10,8.10,8.10,8.10
18/12/2020,7.65,8.10,0.00 (0.00 %)," ",0,0,0,0,8.10,8.1,8.10,8.10
17/12/2020,7.65,8.10,0.00 (0.00 %)," ",0,0,0,0,8.10,8.10,8.10,8.10
16/12/2020,7.65,8.10,0.00 (0.00 %)," ",0,0,0,0,8.10,8.1,8.10,8.10
14/12/2020,7.56,8.00,-0.80 (-9.09 %)," ","4,200","33,600,000",0,0,8.80,8.0,8.00,8.00
11/12/2020,8.31,8.80,0.00 (0.00 %)," ",0,0,0,0,8.80,8.80,8.80,8.80
10/12/2020,8.31,8.80,0.00 (0.00 %)," ",0,0,0,0,8.80,8.8,8.80,8.80
09/12/2020,8.31,8.80,0.00 (0.00 %)," ",0,0,0,0,8.80,8.80,8.80,8.80
08/12/2020,8.31,8.80,0.00 (0.00 %)," ",0,0,0,0,8.80,8.8,8.80,8.80
07/12/2020,8.31,8.80,0.00 (0.00 %)," ",0,0,0,0,8.80,8.80,8.80,8.80
04/12/2020,8.31,8.80,0.00 (0.00 %)," ",0,0,0,0,8.80,8.8,8.80,8.80
03/12/2020,8.31,8.80,0.00 (0.00 %)," ",0,0,0,0,8.80,8.80,8.80,8.80
02/12/2020,8.31,8.80,0.00 (0.00 %)," ",0,0,0,0,8.80,8.8,8.80,8.80
01/12/2020,8.31,8.80,0.00 (0.00 %)," ",0,0,0,0,8.80,8.80,8.80,8.80
30/11/2020,8.31,8.80,0.00 (0.00 %)," ",0,0,0,0,8.80,8.8,8.80,8.80
27/11/2020,8.31,8.80,0.00 (0.00 %)," ",0,0,"11,970","105,336,000",8.80,8.80,8.80,8.80
26/11/2020,8.31,8.80,0.00 (0.00 %)," ",0,0,0,0,8.80,8.8,8.80,8.80
25/11/2020,8.31,8.80,0.00 (0.00 %)," ",0,0,0,0,8.80,8.80,8.80,8.80
24/11/2020,8.31,8.80,0.00 (0.00 %)," ",0,0,0,0,8.80,8.8,8.80,8.80
23/11/2020,8.31,8.80,0.00 (0.00 %)," ",0,0,0,0,8.80,8.80,8.80,8.80
20/11/2020,8.31,8.80,0.00 (0.00 %)," ",0,0,0,0,8.80,8.8,8.80,8.80
19/11/2020,8.31,8.80,0.00 (0.00 %)," ",0,0,0,0,8.80,8.80,8.80,8.80
18/11/2020,8.31,8.80,0.00 (0.00 %)," ",0,0,0,0,8.80,8.8,8.80,8.80
16/11/2020,8.31,8.80,0.00 (0.00 %)," ",0,0,0,0,8.80,8.8,8.80,8.80
13/11/2020,8.31,8.80,0.00 (0.00 %)," ",0,0,0,0,8.80,8.80,8.80,8.80
12/11/2020,8.31,8.80,0.00 (0.00 %)," ",0,0,0,0,8.80,8.8,8.80,8.80
11/11/2020,8.31,8.80,0.00 (0.00 %)," ",0,0,0,0,8.80,8.80,8.80,8.80
10/11/2020,8.31,8.80,0.00 (0.00 %)," ",0,0,0,0,8.80,8.8,8.80,8.80
09/11/2020,8.31,8.80,0.00 (0.00 %)," ",0,0,0,0,8.80,8.80,8.80,8.80
06/11/2020,8.31,8.80,0.00 (0.00 %)," ",0,0,0,0,8.80,8.8,8.80,8.80
05/11/2020,8.31,8.80,0.00 (0.00 %)," ",0,0,0,0,8.80,8.80,8.80,8.80
04/11/2020,8.31,8.80,0.00 (0.00 %)," ",0,0,0,0,8.80,8.8,8.80,8.80
03/11/2020,8.31,8.80,0.00 (0.00 %)," ",0,0,0,0,8.80,8.80,8.80,8.80
02/11/2020,8.31,8.80,0.00 (0.00 %)," ",0,0,0,0,8.80,8.8,8.80,8.80
30/10/2020,8.31,8.80,0.00 (0.00 %)," ",0,0,0,0,8.80,8.80,8.80,8.80
29/10/2020,8.31,8.80,0.00 (0.00 %)," ",0,0,0,0,8.80,8.8,8.80,8.80
28/10/2020,8.31,8.80,0.00 (0.00 %)," ",0,0,0,0,8.80,8.80,8.80,8.80
27/10/2020,8.31,8.80,0.00 (0.00 %)," ",0,0,0,0,8.80,8.8,8.80,8.80
26/10/2020,8.31,8.80,0.00 (0.00 %)," ",0,0,0,0,8.80,8.80,8.80,8.80
23/10/2020,8.31,8.80,0.80 (10.00 %)," ",100,"880,000",0,0,8.00,8.8,8.80,8.80
22/10/2020,7.56,8.00,0.00 (0.00 %)," ",0,0,0,0,8.00,8.00,8.00,8.00
21/10/2020,7.56,8.00,0.00 (0.00 %)," ",0,0,0,0,8.00,8.0,8.00,8.00
19/10/2020,7.56,8.00,0.60 (8.11 %)," ",100,"800,000",0,0,7.40,8.0,8.00,8.00
16/10/2020,6.99,7.40,0.00 (0.00 %)," ",0,0,0,0,7.40,7.40,7.40,7.40
15/10/2020,6.99,7.40,0.00 (0.00 %)," ",0,0,0,0,7.40,7.4,7.40,7.40
14/10/2020,6.99,7.40,0.00 (0.00 %)," ",0,0,0,0,7.40,7.40,7.40,7.40
13/10/2020,6.99,7.40,0.00 (0.00 %)," ",0,0,0,0,7.40,7.4,7.40,7.40
12/10/2020,6.99,7.40,0.00 (0.00 %)," ",0,0,0,0,7.40,7.40,7.40,7.40
09/10/2020,6.99,7.40,0.00 (0.00 %)," ",0,0,0,0,7.40,7.4,7.40,7.40
08/10/2020,6.99,7.40,0.00 (0.00 %)," ",0,0,0,0,7.40,7.40,7.40,7.40
07/10/2020,6.99,7.40,0.00 (0.00 %)," ",0,0,0,0,7.40,7.4,7.40,7.40
06/10/2020,6.99,7.40,0.00 (0.00 %)," ",0,0,0,0,7.40,7.40,7.40,7.40
05/10/2020,6.99,7.40,0.00 (0.00 %)," ",0,0,0,0,7.40,7.4,7.40,7.40
02/10/2020,6.99,7.40,0.00 (0.00 %)," ",0,0,0,0,7.40,7.40,7.40,7.40
01/10/2020,6.99,7.40,0.00 (0.00 %)," ",0,0,0,0,7.40,7.4,7.40,7.40
30/09/2020,6.99,7.40,0.00 (0.00 %)," ",0,0,0,0,7.40,7.40,7.40,7.40
29/09/2020,6.99,7.40,0.00 (0.00 %)," ",0,0,0,0,7.40,7.4,7.40,7.40
28/09/2020,6.99,7.40,0.00 (0.00 %)," ",0,0,0,0,7.40,7.40,7.40,7.40
25/09/2020,6.99,7.40,0.00 (0.00 %)," ",0,0,0,0,7.40,7.4,7.40,7.40
24/09/2020,6.99,7.40,0.00 (0.00 %)," ",0,0,0,0,7.40,7.40,7.40,7.40
23/09/2020,6.99,7.40,0.00 (0.00 %)," ",0,0,0,0,7.40,7.4,7.40,7.40
21/09/2020,6.99,7.40,0.00 (0.00 %)," ",0,0,0,0,7.40,7.4,7.40,7.40
18/09/2020,6.99,7.40,0.00 (0.00 %)," ",0,0,0,0,7.40,7.40,7.40,7.40
17/09/2020,6.99,7.40,0.00 (0.00 %)," ",0,0,0,0,7.40,7.4,7.40,7.40
16/09/2020,6.99,7.40,0.00 (0.00 %)," ",0,0,0,0,7.40,7.40,7.40,7.40
15/09/2020,6.99,7.40,0.00 (0.00 %)," ",0,0,0,0,7.40,7.4,7.40,7.40
14/09/2020,6.99,7.40,0.00 (0.00 %)," ",0,0,0,0,7.40,7.40,7.40,7.40
11/09/2020,6.99,7.40,0.00 (0.00 %)," ",0,0,0,0,7.40,7.4,7.40,7.40
10/09/2020,6.99,7.40,0.00 (0.00 %)," ",0,0,0,0,7.40,7.40,7.40,7.40
09/09/2020,6.99,7.40,0.60 (8.82 %)," ",100,"740,000",0,0,6.80,7.4,7.40,7.40
08/09/2020,6.42,6.80,0.00 (0.00 %)," ",0,0,0,0,6.80,6.80,6.80,6.80
07/09/2020,6.42,6.80,0.00 (0.00 %)," ",0,0,0,0,6.80,6.8,6.80,6.80
04/09/2020,6.42,6.80,0.00 (0.00 %)," ",0,0,0,0,6.80,6.80,6.80,6.80
03/09/2020,6.42,6.80,0.00 (0.00 %)," ",0,0,0,0,6.80,6.8,6.80,6.80
01/09/2020,6.42,6.80,0.00 (0.00 %)," ",0,0,0,0,6.80,6.80,6.80,6.80
31/08/2020,6.42,6.80,0.00 (0.00 %)," ",0,0,0,0,6.80,6.8,6.80,6.80
28/08/2020,6.42,6.80,0.00 (0.00 %)," ",0,0,0,0,6.80,6.80,6.80,6.80
27/08/2020,6.42,6.80,0.00 (0.00 %)," ",0,0,0,0,6.80,6.8,6.80,6.80
26/08/2020,6.42,6.80,0.00 (0.00 %)," ",0,0,0,0,6.80,6.80,6.80,6.80
25/08/2020,6.42,6.80,0.00 (0.00 %)," ",0,0,0,0,6.80,6.8,6.80,6.80
21/08/2020,6.42,6.80,0.00 (0.00 %)," ",0,0,0,0,6.80,6.8,6.80,6.80
20/08/2020,6.42,6.80,0.00 (0.00 %)," ",0,0,0,0,6.80,6.80,6.80,6.80
19/08/2020,6.42,6.80,0.00 (0.00 %)," ",0,0,0,0,6.80,6.8,6.80,6.80
18/08/2020,6.42,6.80,0.00 (0.00 %)," ",0,0,0,0,6.80,6.80,6.80,6.80
17/08/2020,6.42,6.80,0.00 (0.00 %)," ",0,0,0,0,6.80,6.8,6.80,6.80
14/08/2020,6.42,6.80,0.00 (0.00 %)," ",0,0,0,0,6.80,6.80,6.80,6.80
13/08/2020,6.42,6.80,0.00 (0.00 %)," ",0,0,0,0,6.80,6.8,6.80,6.80
12/08/2020,6.42,6.80,0.00 (0.00 %)," ",0,0,0,0,6.80,6.80,6.80,6.80
11/08/2020,6.42,6.80,0.00 (0.00 %)," ",0,0,0,0,6.80,6.8,6.80,6.80
10/08/2020,6.42,6.80,0.00 (0.00 %)," ",0,0,0,0,6.80,6.80,6.80,6.80
07/08/2020,6.42,6.80,0.00 (0.00 %)," ",0,0,0,0,6.80,6.8,6.80,6.80
06/08/2020,6.42,6.80,0.00 (0.00 %)," ",0,0,0,0,6.80,6.80,6.80,6.80
05/08/2020,6.42,6.80,0.00 (0.00 %)," ",0,0,0,0,6.80,6.8,6.80,6.80
04/08/2020,6.42,6.80,0.00 (0.00 %)," ",0,0,0,0,6.80,6.80,6.80,6.80
03/08/2020,6.42,6.80,0.00 (0.00 %)," ",0,0,0,0,6.80,6.8,6.80,6.80
31/07/2020,6.42,6.80,0.00 (0.00 %)," ",0,0,0,0,6.80,6.80,6.80,6.80
30/07/2020,6.42,6.80,0.00 (0.00 %)," ",0,0,0,0,6.80,6.8,6.80,6.80
29/07/2020,6.42,6.80,0.00 (0.00 %)," ",0,0,0,0,6.80,6.80,6.80,6.80
28/07/2020,6.42,6.80,0.00 (0.00 %)," ",0,0,0,0,6.80,6.8,6.80,6.80
24/07/2020,6.42,6.80,0.00 (0.00 %)," ",0,0,0,0,6.80,6.8,6.80,6.80
23/07/2020,6.42,6.80,0.00 (0.00 %)," ",0,0,0,0,6.80,6.80,6.80,6.80
22/07/2020,6.42,6.80,0.00 (0.00 %)," ",0,0,0,0,6.80,6.8,6.80,6.80
21/07/2020,6.42,6.80,0.00 (0.00 %)," ",0,0,0,0,6.80,6.80,6.80,6.80
20/07/2020,6.42,6.80,0.00 (0.00 %)," ",0,0,0,0,6.80,6.8,6.80,6.80
17/07/2020,6.42,6.80,0.00 (0.00 %)," ",0,0,0,0,6.80,6.80,6.80,6.80
16/07/2020,6.42,6.80,0.00 (0.00 %)," ",0,0,0,0,6.80,6.8,6.80,6.80
15/07/2020,6.42,6.80,0.00 (0.00 %)," ",0,0,0,0,6.80,6.80,6.80,6.80
14/07/2020,6.42,6.80,0.00 (0.00 %)," ",0,0,0,0,6.80,6.8,6.80,6.80
13/07/2020,6.42,6.80,0.00 (0.00 %)," ",0,0,0,0,6.80,6.80,6.80,6.80
10/07/2020,6.42,6.80,0.00 (0.00 %)," ",0,0,0,0,6.80,6.8,6.80,6.80
09/07/2020,6.42,6.80,0.00 (0.00 %)," ",0,0,0,0,6.80,6.80,6.80,6.80
08/07/2020,6.42,6.80,0.00 (0.00 %)," ",0,0,0,0,6.80,6.8,6.80,6.80
07/07/2020,6.42,6.80,0.00 (0.00 %)," ",0,0,0,0,6.80,6.80,6.80,6.80
06/07/2020,6.42,6.80,0.00 (0.00 %)," ",0,0,0,0,6.80,6.8,6.80,6.80
03/07/2020,6.42,6.80,0.00 (0.00 %)," ",0,0,0,0,6.80,6.80,6.80,6.80
02/07/2020,6.42,6.80,0.00 (0.00 %)," ",0,0,0,0,6.80,6.8,6.80,6.80
01/07/2020,6.42,6.80,0.00 (0.00 %)," ",0,0,0,0,6.80,6.80,6.80,6.80
30/06/2020,6.42,6.80,0.00 (0.00 %)," ",0,0,0,0,6.80,6.8,6.80,6.80
26/06/2020,6.42,7.50,0.00 (0.00 %)," ",0,0,0,0,7.50,7.5,7.50,7.50
25/06/2020,6.42,7.50,0.00 (0.00 %)," ",0,0,0,0,7.50,7.50,7.50,7.50
24/06/2020,6.42,7.50,0.00 (0.00 %)," ",0,0,0,0,7.50,7.5,7.50,7.50
23/06/2020,6.42,7.50,0.00 (0.00 %)," ",0,0,0,0,7.50,7.50,7.50,7.50
22/06/2020,6.42,7.50,0.00 (0.00 %)," ",0,0,0,0,7.50,7.5,7.50,7.50
19/06/2020,6.42,7.50,0.00 (0.00 %)," ",0,0,0,0,7.50,7.50,7.50,7.50
18/06/2020,6.42,7.50,0.00 (0.00 %)," ",0,0,0,0,7.50,7.5,7.50,7.50
16/06/2020,6.42,7.50,0.00 (0.00 %)," ",0,0,0,0,7.50,7.50,7.50,7.50
15/06/2020,6.42,7.50,0.00 (0.00 %)," ",0,0,0,0,7.50,7.5,7.50,7.50
12/06/2020,6.42,7.50,0.00 (0.00 %)," ",10,"70,000",0,0,7.50,7.50,7.50,7.50
11/06/2020,6.42,7.50,0.00 (0.00 %)," ",0,0,0,0,7.50,7.5,7.50,7.50
10/06/2020,6.42,7.50,0.00 (0.00 %)," ",0,0,0,0,7.50,7.50,7.50,7.50
09/06/2020,6.42,7.50,0.00 (0.00 %)," ",0,0,0,0,7.50,7.5,7.50,7.50
08/06/2020,6.42,7.50,0.00 (0.00 %)," ",0,0,0,0,7.50,7.50,7.50,7.50
05/06/2020,6.42,7.50,0.00 (0.00 %)," ",0,0,0,0,7.50,7.5,7.50,7.50
04/06/2020,6.42,7.50,0.00 (0.00 %)," ",0,0,0,0,7.50,7.50,7.50,7.50
03/06/2020,6.42,7.50,0.00 (0.00 %)," ",0,0,0,0,7.50,7.5,7.50,7.50
02/06/2020,6.42,7.50,0.00 (0.00 %)," ",0,0,0,0,7.50,7.50,7.50,7.50
01/06/2020,6.42,7.50,0.00 (0.00 %)," ",0,0,10,"68,000",7.50,7.5,7.50,7.50
28/05/2020,6.42,7.50,0.00 (0.00 %)," ",0,0,0,0,7.50,7.5,7.50,7.50
27/05/2020,6.42,7.50,0.00 (0.00 %)," ",0,0,0,0,7.50,7.50,7.50,7.50
26/05/2020,6.42,7.50,0.00 (0.00 %)," ",0,0,0,0,7.50,7.5,7.50,7.50
25/05/2020,6.42,7.50,0.00 (0.00 %)," ",0,0,0,0,7.50,7.50,7.50,7.50
22/05/2020,6.42,7.50,0.00 (0.00 %)," ",0,0,0,0,7.50,7.5,7.50,7.50
21/05/2020,6.42,7.50,0.00 (0.00 %)," ",0,0,0,0,7.50,7.50,7.50,7.50
20/05/2020,6.42,7.50,0.00 (0.00 %)," ",0,0,0,0,7.50,7.5,7.50,7.50
19/05/2020,6.42,7.50,0.60 (8.70 %)," ",100,"750,000",0,0,6.90,7.50,7.50,7.50
18/05/2020,5.91,6.90,0.00 (0.00 %)," ",0,0,0,0,6.90,6.9,6.90,6.90
15/05/2020,5.91,6.90,0.00 (0.00 %)," ",0,0,0,0,6.90,6.90,6.90,6.90
14/05/2020,5.91,6.90,0.60 (9.52 %)," ","1,000","6,900,000",0,0,6.30,6.9,6.90,6.90
13/05/2020,5.40,6.30,0.50 (8.62 %)," ",500,"3,150,000",0,0,5.80,6.30,6.30,6.30
12/05/2020,4.97,5.80,0.50 (9.43 %)," ",200,"1,160,000",0,0,5.30,5.8,5.80,5.80
11/05/2020,4.54,5.30,0.40 (8.16 %)," ",100,"530,000",0,0,4.90,5.30,5.30,5.30
08/05/2020,4.20,4.90,0.40 (8.89 %)," ","17,100","83,790,000",0,0,4.50,4.9,4.90,4.90
07/05/2020,3.85,4.50,0.00 (0.00 %)," ",0,0,0,0,4.50,4.50,4.50,4.50
06/05/2020,3.85,4.50,-0.30 (-6.25 %)," ","2,500","11,320,000",0,0,4.80,5.2,5.20,4.50
05/05/2020,4.11,4.80,0.00 (0.00 %)," ",0,0,0,0,4.80,4.80,4.80,4.80
04/05/2020,4.11,4.80,0.00 (0.00 %)," ",0,0,0,0,4.80,4.8,4.80,4.80
28/04/2020,4.54,5.30,0.00 (0.00 %)," ",0,0,0,0,5.30,5.3,5.30,5.30
27/04/2020,4.54,5.30,0.00 (0.00 %)," ",0,0,0,0,5.30,5.30,5.30,5.30
24/04/2020,4.54,5.30,-0.40 (-7.02 %)," ",200,"1,150,000",0,0,5.70,6.2,6.20,5.30
23/04/2020,4.88,5.70,0.00 (0.00 %)," ",0,0,0,0,5.70,5.70,5.70,5.70
22/04/2020,4.88,5.70,0.00 (0.00 %)," ",200,"1,190,000",0,0,5.70,6.2,6.20,5.70
21/04/2020,4.88,5.70,-0.40 (-6.56 %)," ",100,"570,000",0,0,6.10,5.70,5.70,5.70
20/04/2020,5.23,6.10,-0.50 (-7.58 %)," ",500,"3,040,000",0,0,6.60,6.0,6.10,6.00
17/04/2020,5.65,6.60,-0.70 (-9.59 %)," ","11,500","76,040,000",0,0,7.30,6.60,8.00,6.60
16/04/2020,6.25,7.30,-0.80 (-9.88 %)," ","10,000","73,000,000",0,0,8.10,7.3,7.30,7.30
15/04/2020,6.94,8.10,0.00 (0.00 %)," ",0,0,0,0,8.10,8.10,8.10,8.10
14/04/2020,6.94,8.10,-0.80 (-8.99 %)," ","1,000","8,100,000",0,0,8.90,8.1,8.10,8.10
13/04/2020,7.62,8.90,0.80 (9.88 %)," ","12,300","90,430,000",0,0,8.10,7.30,8.90,7.30
10/04/2020,6.94,8.10,0.00 (0.00 %)," ",0,0,0,0,8.10,8.1,8.10,8.10
09/04/2020,6.94,8.10,0.00 (0.00 %)," ",0,0,0,0,8.10,8.10,8.10,8.10
08/04/2020,6.94,8.10,0.00 (0.00 %)," ",0,0,0,0,8.10,8.1,8.10,8.10
07/04/2020,6.94,8.10,0.00 (0.00 %)," ",0,0,0,0,8.10,8.10,8.10,8.10
06/04/2020,6.94,8.10,0.00 (0.00 %)," ",0,0,0,0,8.10,8.1,8.10,8.10
03/04/2020,6.94,8.10,0.00 (0.00 %)," ",0,0,0,0,8.10,8.10,8.10,8.10
01/04/2020,6.94,8.10,0.00 (0.00 %)," ",0,0,0,0,8.10,8.1,8.10,8.10
30/03/2020,6.94,8.10,0.00 (0.00 %)," ",0,0,0,0,8.10,8.1,8.10,8.10
27/03/2020,6.94,8.10,0.00 (0.00 %)," ",0,0,0,0,8.10,8.10,8.10,8.10
26/03/2020,6.94,8.10,0.00 (0.00 %)," ",0,0,0,0,8.10,8.1,8.10,8.10
25/03/2020,6.94,8.10,0.00 (0.00 %)," ",0,0,0,0,8.10,8.10,8.10,8.10
24/03/2020,6.94,8.10,0.00 (0.00 %)," ",0,0,0,0,8.10,8.1,8.10,8.10
23/03/2020,6.94,8.10,0.00 (0.00 %)," ",0,0,0,0,8.10,8.10,8.10,8.10
20/03/2020,6.94,8.10,0.00 (0.00 %)," ",0,0,0,0,8.10,8.1,8.10,8.10
19/03/2020,6.94,8.10,0.00 (0.00 %)," ",0,0,0,0,8.10,8.10,8.10,8.10
18/03/2020,6.94,8.10,0.00 (0.00 %)," ",0,0,0,0,8.10,8.1,8.10,8.10
17/03/2020,6.94,8.10,0.00 (0.00 %)," ",0,0,0,0,8.10,8.10,8.10,8.10
16/03/2020,6.94,8.10,0.00 (0.00 %)," ",0,0,0,0,8.10,8.1,8.10,8.10
13/03/2020,6.94,8.10,0.00 (0.00 %)," ",0,0,0,0,8.10,8.10,8.10,8.10
12/03/2020,6.94,8.10,0.00 (0.00 %)," ",0,0,0,0,8.10,8.1,8.10,8.10
11/03/2020,6.94,8.10,0.00 (0.00 %)," ",0,0,0,0,8.10,8.10,8.10,8.10
10/03/2020,6.94,8.10,0.00 (0.00 %)," ",0,0,0,0,8.10,8.1,8.10,8.10
09/03/2020,6.94,8.10,0.00 (0.00 %)," ",0,0,0,0,8.10,8.10,8.10,8.10
06/03/2020,6.94,8.10,0.00 (0.00 %)," ",0,0,0,0,8.10,8.1,8.10,8.10
05/03/2020,6.94,8.10,0.00 (0.00 %)," ",0,0,0,0,8.10,8.10,8.10,8.10
04/03/2020,6.94,8.10,0.00 (0.00 %)," ",0,0,0,0,8.10,8.1,8.10,8.10
02/03/2020,6.94,8.10,0.00 (0.00 %)," ",0,0,0,0,8.10,8.1,8.10,8.10
28/02/2020,6.94,8.10,0.00 (0.00 %)," ",0,0,0,0,8.10,8.10,8.10,8.10
27/02/2020,6.94,8.10,0.00 (0.00 %)," ",0,0,0,0,8.10,8.1,8.10,8.10
26/02/2020,6.94,8.10,0.00 (0.00 %)," ",0,0,0,0,8.10,8.10,8.10,8.10
25/02/2020,6.94,8.10,0.00 (0.00 %)," ",0,0,0,0,8.10,8.1,8.10,8.10
24/02/2020,6.94,8.10,0.00 (0.00 %)," ",0,0,0,0,8.10,8.10,8.10,8.10
21/02/2020,6.94,8.10,0.00 (0.00 %)," ",0,0,0,0,8.10,8.1,8.10,8.10
20/02/2020,6.94,8.10,0.00 (0.00 %)," ",0,0,0,0,8.10,8.10,8.10,8.10
19/02/2020,6.94,8.10,0.00 (0.00 %)," ",0,0,0,0,8.10,8.1,8.10,8.10
18/02/2020,6.94,8.10,0.00 (0.00 %)," ",0,0,0,0,8.10,8.10,8.10,8.10
17/02/2020,6.94,8.10,0.00 (0.00 %)," ",0,0,0,0,8.10,8.1,8.10,8.10
14/02/2020,6.94,8.10,0.00 (0.00 %)," ",0,0,0,0,8.10,8.10,8.10,8.10
13/02/2020,6.94,8.10,0.00 (0.00 %)," ",0,0,0,0,8.10,8.1,8.10,8.10
12/02/2020,6.94,8.10,0.00 (0.00 %)," ",0,0,0,0,8.10,8.10,8.10,8.10
11/02/2020,6.94,8.10,0.00 (0.00 %)," ",0,0,0,0,8.10,8.1,8.10,8.10
10/02/2020,6.94,8.10,0.00 (0.00 %)," ",0,0,0,0,8.10,8.10,8.10,8.10
07/02/2020,6.94,8.10,0.00 (0.00 %)," ",0,0,0,0,8.10,8.1,8.10,8.10
06/02/2020,6.94,8.10,0.00 (0.00 %)," ",0,0,0,0,8.10,8.10,8.10,8.10
05/02/2020,6.94,8.10,0.00 (0.00 %)," ",0,0,0,0,8.10,8.1,8.10,8.10
03/03/2020,6.94,8.10,0.00 (0.00 %),"  ",0,0,0,0,8.10,8.10,8.10,8.10
02/03/2020,6.94,8.10,0.00 (0.00 %),"  ",0,0,0,0,8.10,8.1,8.10,8.10
28/02/2020,6.94,8.10,0.00 (0.00 %),"  ",0,0,0,0,8.10,8.10,8.10,8.10
27/02/2020,6.94,8.10,0.00 (0.00 %),"  ",0,0,0,0,8.10,8.1,8.10,8.10
26/02/2020,6.94,8.10,0.00 (0.00 %),"  ",0,0,0,0,8.10,8.10,8.10,8.10
25/02/2020,6.94,8.10,0.00 (0.00 %),"  ",0,0,0,0,8.10,8.1,8.10,8.10
24/02/2020,6.94,8.10,0.00 (0.00 %),"  ",0,0,0,0,8.10,8.10,8.10,8.10
21/02/2020,6.94,8.10,0.00 (0.00 %),"  ",0,0,0,0,8.10,8.1,8.10,8.10
20/02/2020,6.94,8.10,0.00 (0.00 %),"  ",0,0,0,0,8.10,8.10,8.10,8.10
19/02/2020,6.94,8.10,0.00 (0.00 %),"  ",0,0,0,0,8.10,8.1,8.10,8.10
18/02/2020,6.94,8.10,0.00 (0.00 %),"  ",0,0,0,0,8.10,8.10,8.10,8.10
17/02/2020,6.94,8.10,0.00 (0.00 %),"  ",0,0,0,0,8.10,8.1,8.10,8.10
14/02/2020,6.94,8.10,0.00 (0.00 %),"  ",0,0,0,0,8.10,8.10,8.10,8.10
13/02/2020,6.94,8.10,0.00 (0.00 %),"  ",0,0,0,0,8.10,8.1,8.10,8.10
12/02/2020,6.94,8.10,0.00 (0.00 %),"  ",0,0,0,0,8.10,8.10,8.10,8.10
11/02/2020,6.94,8.10,0.00 (0.00 %),"  ",0,0,0,0,8.10,8.1,8.10,8.10
10/02/2020,6.94,8.10,0.00 (0.00 %),"  ",0,0,0,0,8.10,8.10,8.10,8.10
07/02/2020,6.94,8.10,0.00 (0.00 %),"  ",0,0,0,0,8.10,8.1,8.10,8.10
06/02/2020,6.94,8.10,0.00 (0.00 %),"  ",0,0,0,0,8.10,8.10,8.10,8.10
05/02/2020,6.94,8.10,0.00 (0.00 %),"  ",0,0,0,0,8.10,8.1,8.10,8.10
27/12/2019,7.62,8.90,0.00 (0.00 %)," ",0,0,0,0,8.90,8.9,8.90,8.90
26/12/2019,7.62,8.90,0.00 (0.00 %)," ",5,"40,500",0,0,8.90,8.90,8.90,8.90
25/12/2019,7.62,8.90,0.00 (0.00 %)," ",0,0,0,0,8.90,8.9,8.90,8.90
24/12/2019,7.62,8.90,0.00 (0.00 %)," ",0,0,0,0,8.90,8.90,8.90,8.90
23/12/2019,7.62,8.90,0.00 (0.00 %)," ",0,0,0,0,8.90,8.9,8.90,8.90
20/12/2019,7.62,8.90,0.00 (0.00 %)," ",0,0,0,0,8.90,8.90,8.90,8.90
19/12/2019,7.62,8.90,0.00 (0.00 %)," ",0,0,0,0,8.90,8.9,8.90,8.90
18/12/2019,7.62,8.90,0.00 (0.00 %)," ",0,0,0,0,8.90,8.90,8.90,8.90
17/12/2019,7.62,8.90,0.00 (0.00 %)," ",0,0,0,0,8.90,8.9,8.90,8.90
16/12/2019,7.62,8.90,0.80 (9.88 %)," ","1,600","14,240,000",0,0,8.10,8.90,8.90,8.90
13/12/2019,6.94,8.10,0.00 (0.00 %)," ",0,0,0,0,8.10,8.1,8.10,8.10
12/12/2019,6.94,8.10,0.00 (0.00 %)," ",0,0,0,0,8.10,8.10,8.10,8.10
11/12/2019,6.94,8.10,0.00 (0.00 %)," ",0,0,0,0,8.10,8.1,8.10,8.10
10/12/2019,6.94,8.10,0.00 (0.00 %)," ",0,0,0,0,8.10,8.10,8.10,8.10
09/12/2019,6.94,8.10,0.00 (0.00 %)," ",0,0,0,0,8.10,8.1,8.10,8.10
06/12/2019,6.94,8.10,0.00 (0.00 %)," ",0,0,0,0,8.10,8.10,8.10,8.10
05/12/2019,6.94,8.10,0.00 (0.00 %)," ",0,0,0,0,8.10,8.1,8.10,8.10
04/12/2019,6.94,8.10,-0.90 (-10.00 %)," ","18,200","147,420,000",0,0,9.00,8.10,8.10,8.10
03/12/2019,7.71,9.00,0.00 (0.00 %)," ",0,0,0,0,9.00,9.0,9.00,9.00
29/11/2019,7.71,9.00,0.00 (0.00 %)," ",0,0,0,0,9.00,9.0,9.00,9.00
28/11/2019,7.71,9.00,0.00 (0.00 %)," ",0,0,0,0,9.00,9.00,9.00,9.00
27/11/2019,7.71,9.00,0.00 (0.00 %)," ",0,0,0,0,9.00,9.0,9.00,9.00
26/11/2019,7.71,9.00,0.00 (0.00 %)," ",0,0,0,0,9.00,9.00,9.00,9.00
25/11/2019,7.71,9.00,0.00 (0.00 %)," ",0,0,0,0,9.00,9.0,9.00,9.00
22/11/2019,7.71,9.00,-0.90 (-9.09 %)," ",100,"900,000",0,0,9.90,9.00,9.00,9.00
21/11/2019,8.48,9.90,0.90 (10.00 %)," ",100,"990,000",0,0,9.00,9.9,9.90,9.90
20/11/2019,7.71,9.00,0.00 (0.00 %)," ",0,0,0,0,9.00,9.00,9.00,9.00
19/11/2019,7.71,9.00,0.00 (0.00 %)," ",0,0,0,0,9.00,9.0,9.00,9.00
18/11/2019,7.71,9.00,0.00 (0.00 %)," ",0,0,0,0,9.00,9.00,9.00,9.00
15/11/2019,7.71,9.00,0.00 (0.00 %)," ",0,0,0,0,9.00,9.0,9.00,9.00
14/11/2019,7.71,9.00,0.00 (0.00 %)," ",0,0,0,0,9.00,9.00,9.00,9.00
13/11/2019,7.71,9.00,0.00 (0.00 %)," ",0,0,0,0,9.00,9.0,9.00,9.00
12/11/2019,7.71,9.00,0.00 (0.00 %)," ",0,0,0,0,9.00,9.00,9.00,9.00
11/11/2019,7.71,9.00,0.00 (0.00 %)," ",0,0,0,0,9.00,9.0,9.00,9.00
08/11/2019,7.71,9.00,0.00 (0.00 %)," ",0,0,0,0,9.00,9.00,9.00,9.00
07/11/2019,7.71,9.00,0.00 (0.00 %)," ",0,0,0,0,9.00,9.0,9.00,9.00
06/11/2019,7.71,9.00,0.00 (0.00 %)," ",0,0,0,0,9.00,9.00,9.00,9.00
05/11/2019,7.71,9.00,0.10 (1.12 %)," ","7,770","69,930,000",0,0,8.90,9.0,9.00,9.00
01/11/2019,7.62,8.90,0.00 (0.00 %)," ",0,0,0,0,8.90,8.9,8.90,8.90
31/10/2019,7.62,8.90,0.00 (0.00 %)," ",0,0,0,0,8.90,8.90,8.90,8.90
30/10/2019,7.62,8.90,0.00 (0.00 %)," ",0,0,0,0,8.90,8.9,8.90,8.90
29/10/2019,7.62,8.90,0.00 (0.00 %)," ",0,0,0,0,8.90,8.90,8.90,8.90
28/10/2019,7.62,8.90,0.00 (0.00 %)," ",0,0,0,0,8.90,8.9,8.90,8.90
25/10/2019,7.62,8.90,0.00 (0.00 %)," ",0,0,0,0,8.90,8.90,8.90,8.90
24/10/2019,7.62,8.90,0.00 (0.00 %)," ",0,0,0,0,8.90,8.9,8.90,8.90
23/10/2019,7.62,8.90,0.00 (0.00 %)," ",0,0,0,0,8.90,8.90,8.90,8.90
22/10/2019,7.62,8.90,0.00 (0.00 %)," ",0,0,0,0,8.90,8.9,8.90,8.90
21/10/2019,7.62,8.90,0.00 (0.00 %)," ",0,0,0,0,8.90,8.90,8.90,8.90
18/10/2019,7.62,8.90,0.00 (0.00 %)," ",0,0,0,0,8.90,8.9,8.90,8.90
17/10/2019,7.62,8.90,0.00 (0.00 %)," ",0,0,0,0,8.90,8.90,8.90,8.90
16/10/2019,7.62,8.90,0.00 (0.00 %)," ",0,0,0,0,8.90,8.9,8.90,8.90
15/10/2019,7.62,8.90,0.00 (0.00 %)," ",0,0,0,0,8.90,8.90,8.90,8.90
14/10/2019,7.62,8.90,0.00 (0.00 %)," ",0,0,0,0,8.90,8.9,8.90,8.90
11/10/2019,7.62,8.90,0.00 (0.00 %)," ",0,0,0,0,8.90,8.90,8.90,8.90
10/10/2019,7.62,8.90,0.00 (0.00 %)," ",0,0,0,0,8.90,8.9,8.90,8.90
09/10/2019,7.62,8.90,0.00 (0.00 %)," ",0,0,0,0,8.90,8.90,8.90,8.90
08/10/2019,7.62,8.90,0.00 (0.00 %)," ",0,0,0,0,8.90,8.9,8.90,8.90
04/10/2019,7.62,8.90,0.00 (0.00 %)," ",0,0,0,0,8.90,8.9,8.90,8.90
03/10/2019,7.62,8.90,0.00 (0.00 %)," ",0,0,0,0,8.90,8.90,8.90,8.90
02/10/2019,7.62,8.90,0.00 (0.00 %)," ",0,0,0,0,8.90,8.9,8.90,8.90
01/10/2019,7.62,8.90,0.00 (0.00 %)," ",0,0,0,0,8.90,8.90,8.90,8.90
30/09/2019,7.62,8.90,0.00 (0.00 %)," ",0,0,0,0,8.90,8.9,8.90,8.90
27/09/2019,7.62,8.90,0.00 (0.00 %)," ",0,0,0,0,8.90,8.90,8.90,8.90
26/09/2019,7.62,8.90,0.00 (0.00 %)," ",0,0,0,0,8.90,8.9,8.90,8.90
25/09/2019,7.62,8.90,0.00 (0.00 %)," ",0,0,0,0,8.90,8.90,8.90,8.90
24/09/2019,7.62,8.90,0.00 (0.00 %)," ",0,0,0,0,8.90,8.9,8.90,8.90
23/09/2019,7.62,8.90,0.00 (0.00 %)," ",0,0,0,0,8.90,8.90,8.90,8.90
20/09/2019,7.62,8.90,0.00 (0.00 %)," ",0,0,0,0,8.90,8.9,8.90,8.90
19/09/2019,7.62,8.90,0.00 (0.00 %)," ",0,0,0,0,8.90,8.90,8.90,8.90
18/09/2019,7.62,8.90,0.00 (0.00 %)," ",0,0,0,0,8.90,8.9,8.90,8.90
17/09/2019,7.62,8.90,0.00 (0.00 %)," ",0,0,0,0,8.90,8.90,8.90,8.90
16/09/2019,7.62,8.90,0.00 (0.00 %)," ",0,0,0,0,8.90,8.9,8.90,8.90
13/09/2019,7.62,8.90,0.80 (9.88 %)," ",100,"890,000",0,0,8.10,8.90,8.90,8.90
12/09/2019,6.94,8.10,0.00 (0.00 %)," ",100,"810,000",0,0,8.10,8.1,8.10,8.10
11/09/2019,6.94,8.10,0.00 (0.00 %)," ",100,"810,000",0,0,8.10,8.10,8.10,8.10
10/09/2019,6.94,8.10,0.00 (0.00 %)," ",0,0,0,0,8.10,8.1,8.10,8.10
06/09/2019,6.94,8.10,0.00 (0.00 %)," ",0,0,0,0,8.10,8.1,8.10,8.10
05/09/2019,6.94,8.10,0.00 (0.00 %)," ",0,0,0,0,8.10,8.10,8.10,8.10
04/09/2019,6.94,8.10,0.00 (0.00 %)," ",0,0,0,0,8.10,8.1,8.10,8.10
03/09/2019,6.94,8.10,0.00 (0.00 %)," ",0,0,0,0,8.10,8.10,8.10,8.10
30/08/2019,6.94,8.10,0.00 (0.00 %)," ",0,0,0,0,8.10,8.1,8.10,8.10
29/08/2019,6.94,8.10,0.70 (9.46 %)," ",100,"810,000",0,0,7.40,8.10,8.10,8.10
28/08/2019,6.34,7.40,0.00 (0.00 %)," ",0,0,0,0,7.40,7.4,7.40,7.40
27/08/2019,6.34,7.40,0.00 (0.00 %)," ",42,"281,400",0,0,7.40,7.40,7.40,7.40
26/08/2019,6.34,7.40,0.00 (0.00 %)," ",0,0,0,0,7.40,7.4,7.40,7.40
23/08/2019,6.34,7.40,0.00 (0.00 %)," ",0,0,0,0,7.40,7.40,7.40,7.40
22/08/2019,6.34,7.40,0.00 (0.00 %)," ",0,0,0,0,7.40,7.4,7.40,7.40
21/08/2019,6.34,7.40,0.00 (0.00 %)," ",0,0,0,0,7.40,7.40,7.40,7.40
20/08/2019,6.34,7.40,0.00 (0.00 %)," ",0,0,0,0,7.40,7.4,7.40,7.40
19/08/2019,6.34,7.40,-0.80 (-9.76 %)," ","1,800","13,320,000",0,0,8.20,7.40,7.40,7.40
16/08/2019,7.02,8.20,0.00 (0.00 %)," ",0,0,0,0,8.20,8.2,8.20,8.20
15/08/2019,7.02,8.20,0.00 (0.00 %)," ",0,0,0,0,8.20,8.20,8.20,8.20
14/08/2019,7.02,8.20,0.00 (0.00 %)," ",0,0,0,0,8.20,8.2,8.20,8.20
13/08/2019,7.02,8.20,0.00 (0.00 %)," ",0,0,0,0,8.20,8.20,8.20,8.20
12/08/2019,7.02,8.20,0.00 (0.00 %)," ",0,0,0,0,8.20,8.2,8.20,8.20
08/08/2019,7.02,8.20,0.00 (0.00 %)," ",0,0,0,0,8.20,8.2,8.20,8.20
07/08/2019,7.02,8.20,0.00 (0.00 %)," ",0,0,0,0,8.20,8.20,8.20,8.20
06/08/2019,7.02,8.20,0.00 (0.00 %)," ",0,0,0,0,8.20,8.2,8.20,8.20
05/08/2019,7.02,8.20,0.00 (0.00 %)," ",0,0,0,0,8.20,8.20,8.20,8.20
02/08/2019,7.02,8.20,0.00 (0.00 %)," ",0,0,0,0,8.20,8.2,8.20,8.20
01/08/2019,7.02,8.20,0.00 (0.00 %)," ",0,0,0,0,8.20,8.20,8.20,8.20
31/07/2019,7.02,8.20,0.00 (0.00 %)," ",0,0,0,0,8.20,8.2,8.20,8.20
30/07/2019,7.02,8.20,0.00 (0.00 %)," ",0,0,0,0,8.20,8.20,8.20,8.20
29/07/2019,7.02,8.20,0.00 (0.00 %)," ",0,0,0,0,8.20,8.2,8.20,8.20
26/07/2019,7.02,8.20,0.00 (0.00 %)," ",0,0,"11,000","90,200,000",8.20,8.20,8.20,8.20
25/07/2019,7.02,8.20,0.00 (0.00 %)," ",0,0,0,0,8.20,8.2,8.20,8.20
24/07/2019,7.02,8.20,0.00 (0.00 %)," ",0,0,0,0,8.20,8.20,8.20,8.20
23/07/2019,7.02,8.20,0.00 (0.00 %)," ",0,0,0,0,8.20,8.2,8.20,8.20
22/07/2019,7.02,8.20,0.00 (0.00 %)," ",0,0,0,0,8.20,8.20,8.20,8.20
19/07/2019,7.02,8.20,0.00 (0.00 %)," ",0,0,0,0,8.20,8.2,8.20,8.20
18/07/2019,7.02,8.20,0.00 (0.00 %)," ",10,"80,000",0,0,8.20,8.20,8.20,8.20
17/07/2019,7.02,8.20,0.00 (0.00 %)," ",0,0,0,0,8.20,8.2,8.20,8.20
16/07/2019,7.02,8.20,0.70 (9.33 %)," ",100,"820,000",0,0,7.50,8.20,8.20,8.20
15/07/2019,6.42,7.50,0.00 (0.00 %)," ",0,0,0,0,7.50,7.5,7.50,7.50
11/07/2019,5.91,6.90,0.60 (9.52 %)," ",100,"690,000",0,0,6.30,6.9,6.90,6.90
10/07/2019,5.40,6.30,0.50 (8.62 %)," ",100,"630,000",0,0,5.80,6.30,6.30,6.30
09/07/2019,4.97,5.80,0.50 (9.43 %)," ",100,"580,000",0,0,5.30,5.8,5.80,5.80
08/07/2019,4.54,5.30,0.00 (0.00 %)," ",0,0,0,0,5.30,5.30,5.30,5.30
05/07/2019,4.54,5.30,0.00 (0.00 %)," ",0,0,0,0,5.30,5.3,5.30,5.30
04/07/2019,4.54,5.30,0.00 (0.00 %)," ",0,0,0,0,5.30,5.30,5.30,5.30
03/07/2019,4.54,5.30,0.00 (0.00 %)," ",0,0,0,0,5.30,5.3,5.30,5.30
02/07/2019,4.54,5.30,0.00 (0.00 %)," ",0,0,0,0,5.30,5.30,5.30,5.30
01/07/2019,4.54,5.30,0.00 (0.00 %)," ",0,0,0,0,5.30,5.3,5.30,5.30
28/06/2019,4.54,5.30,0.00 (0.00 %)," ",0,0,0,0,5.30,5.30,5.30,5.30
27/06/2019,4.54,5.30,0.00 (0.00 %)," ",0,0,0,0,5.30,5.3,5.30,5.30
26/06/2019,4.54,5.30,0.40 (8.16 %)," ","1,000","5,300,000",0,0,4.90,5.30,5.30,5.30
25/06/2019,4.20,4.90,0.00 (0.00 %)," ",0,0,0,0,4.90,4.9,4.90,4.90
24/06/2019,4.20,4.90,0.00 (0.00 %)," ",0,0,0,0,4.90,4.90,4.90,4.90
21/06/2019,4.20,4.90,0.00 (0.00 %)," ",0,0,0,0,4.90,4.9,4.90,4.90
20/06/2019,4.20,4.90,0.00 (0.00 %)," ",0,0,0,0,4.90,4.90,4.90,4.90
19/06/2019,4.20,4.90,0.00 (0.00 %)," ",0,0,0,0,4.90,4.9,4.90,4.90
18/06/2019,4.20,4.90,0.00 (0.00 %)," ",0,0,0,0,4.90,4.90,4.90,4.90
17/06/2019,4.20,4.90,0.00 (0.00 %)," ",0,0,0,0,4.90,4.9,4.90,4.90
13/06/2019,4.20,5.60,0.00 (0.00 %)," ",0,0,0,0,5.60,5.6,5.60,5.60
12/06/2019,4.20,5.60,0.00 (0.00 %)," ",0,0,0,0,5.60,5.60,5.60,5.60
11/06/2019,4.20,5.60,0.00 (0.00 %)," ",0,0,0,0,5.60,5.6,5.60,5.60
10/06/2019,4.20,5.60,0.00 (0.00 %)," ",0,0,0,0,5.60,5.60,5.60,5.60
07/06/2019,4.20,5.60,0.00 (0.00 %)," ",0,0,0,0,5.60,5.6,5.60,5.60
06/06/2019,4.20,5.60,0.00 (0.00 %)," ",0,0,0,0,5.60,5.60,5.60,5.60
05/06/2019,4.20,5.60,0.00 (0.00 %)," ",0,0,0,0,5.60,5.6,5.60,5.60
04/06/2019,4.20,5.60,0.00 (0.00 %)," ",0,0,0,0,5.60,5.60,5.60,5.60
03/06/2019,4.20,5.60,0.00 (0.00 %)," ",0,0,0,0,5.60,5.6,5.60,5.60
31/05/2019,4.20,5.60,0.00 (0.00 %)," ",0,0,0,0,5.60,5.60,5.60,5.60
30/05/2019,4.20,5.60,0.00 (0.00 %)," ",0,0,0,0,5.60,5.6,5.60,5.60
29/05/2019,4.20,5.60,0.00 (0.00 %)," ",0,0,0,0,5.60,5.60,5.60,5.60
28/05/2019,4.20,5.60,0.00 (0.00 %)," ",0,0,0,0,5.60,5.6,5.60,5.60
27/05/2019,4.20,5.60,0.00 (0.00 %)," ",0,0,0,0,5.60,5.60,5.60,5.60
24/05/2019,4.20,5.60,0.00 (0.00 %)," ",0,0,0,0,5.60,5.6,5.60,5.60
23/05/2019,4.20,5.60,0.00 (0.00 %)," ",0,0,0,0,5.60,5.60,5.60,5.60
22/05/2019,4.20,5.60,0.00 (0.00 %)," ",0,0,0,0,5.60,5.6,5.60,5.60
21/05/2019,4.20,5.60,0.00 (0.00 %)," ",0,0,0,0,5.60,5.60,5.60,5.60
20/05/2019,4.20,5.60,0.00 (0.00 %)," ",0,0,0,0,5.60,5.6,5.60,5.60
16/05/2019,4.20,5.60,0.00 (0.00 %)," ",0,0,0,0,5.60,5.6,5.60,5.60
15/05/2019,4.20,5.60,0.00 (0.00 %)," ",0,0,0,0,5.60,5.60,5.60,5.60
14/05/2019,4.20,5.60,0.00 (0.00 %)," ",0,0,0,0,5.60,5.6,5.60,5.60
13/05/2019,4.20,5.60,0.00 (0.00 %)," ",0,0,0,0,5.60,5.60,5.60,5.60
10/05/2019,4.20,5.60,0.00 (0.00 %)," ",0,0,0,0,5.60,5.6,5.60,5.60
09/05/2019,4.20,5.60,0.00 (0.00 %)," ",0,0,0,0,5.60,5.60,5.60,5.60
08/05/2019,4.20,5.60,0.00 (0.00 %)," ",0,0,0,0,5.60,5.6,5.60,5.60
07/05/2019,4.20,5.60,0.00 (0.00 %)," ",0,0,0,0,5.60,5.60,5.60,5.60
06/05/2019,4.20,5.60,0.00 (0.00 %)," ",0,0,0,0,5.60,5.6,5.60,5.60
03/05/2019,4.20,5.60,0.00 (0.00 %)," ",0,0,0,0,5.60,5.60,5.60,5.60
02/05/2019,4.20,5.60,0.00 (0.00 %)," ",0,0,0,0,5.60,5.6,5.60,5.60
26/04/2019,4.20,5.60,0.00 (0.00 %)," ",0,0,0,0,5.60,5.60,5.60,5.60
25/04/2019,4.20,5.60,0.00 (0.00 %)," ",0,0,0,0,5.60,5.6,5.60,5.60
24/04/2019,4.20,5.60,0.00 (0.00 %)," ",0,0,0,0,5.60,5.60,5.60,5.60
23/04/2019,4.20,5.60,0.00 (0.00 %)," ",0,0,0,0,5.60,5.6,5.60,5.60
22/04/2019,4.20,5.60,0.00 (0.00 %)," ",0,0,0,0,5.60,5.60,5.60,5.60
19/04/2019,4.20,5.60,0.00 (0.00 %)," ",0,0,0,0,5.60,5.6,5.60,5.60
18/04/2019,4.20,5.60,0.00 (0.00 %)," ",0,0,0,0,5.60,5.60,5.60,5.60
17/04/2019,4.20,5.60,0.00 (0.00 %)," ",0,0,0,0,5.60,5.6,5.60,5.60
12/04/2019,4.20,5.60,0.00 (0.00 %)," ",0,0,0,0,5.60,5.6,5.60,5.60
11/04/2019,4.20,5.60,0.00 (0.00 %)," ",0,0,0,0,5.60,5.60,5.60,5.60
10/04/2019,4.20,5.60,0.00 (0.00 %)," ",0,0,0,0,5.60,5.6,5.60,5.60
09/04/2019,4.20,5.60,0.00 (0.00 %)," ",0,0,0,0,5.60,5.60,5.60,5.60
08/04/2019,4.20,5.60,0.00 (0.00 %)," ",0,0,0,0,5.60,5.6,5.60,5.60
05/04/2019,4.20,5.60,0.00 (0.00 %)," ",0,0,0,0,5.60,5.60,5.60,5.60
04/04/2019,4.20,5.60,0.00 (0.00 %)," ",0,0,0,0,5.60,5.6,5.60,5.60
03/04/2019,4.20,5.60,0.00 (0.00 %)," ",0,0,0,0,5.60,5.60,5.60,5.60
02/04/2019,4.20,5.60,0.00 (0.00 %)," ",0,0,0,0,5.60,5.6,5.60,5.60
01/04/2019,4.20,5.60,0.00 (0.00 %)," ",0,0,0,0,5.60,5.60,5.60,5.60
29/03/2019,4.20,5.60,0.00 (0.00 %)," ",0,0,0,0,5.60,5.6,5.60,5.60
28/03/2019,4.20,5.60,0.00 (0.00 %)," ",0,0,0,0,5.60,5.60,5.60,5.60
27/03/2019,4.20,5.60,-0.50 (-8.20 %)," ","30,100","168,560,000",0,0,6.10,5.6,5.60,5.60
26/03/2019,4.57,6.10,0.00 (0.00 %)," ",0,0,0,0,6.10,6.10,6.10,6.10
25/03/2019,4.57,6.10,0.00 (0.00 %)," ",0,0,0,0,6.10,6.1,6.10,6.10
22/03/2019,4.57,6.10,0.00 (0.00 %)," ",0,0,0,0,6.10,6.10,6.10,6.10
21/03/2019,4.57,6.10,-0.60 (-8.96 %)," ","28,500","175,890,000",0,0,6.70,7.3,7.30,6.10
20/03/2019,5.02,6.70,-0.70 (-9.46 %)," ","11,000","73,700,000",0,0,7.40,6.70,6.70,6.70
19/03/2019,5.55,7.40,0.00 (0.00 %)," ",0,0,0,0,7.40,7.4,7.40,7.40
15/03/2019,5.55,7.40,0.00 (0.00 %)," ",0,0,0,0,7.40,7.4,7.40,7.40
14/03/2019,5.55,7.40,0.00 (0.00 %)," ",0,0,0,0,7.40,7.40,7.40,7.40
13/03/2019,5.55,7.40,0.00 (0.00 %)," ",0,0,0,0,7.40,7.4,7.40,7.40
12/03/2019,5.55,7.40,0.00 (0.00 %)," ",0,0,0,0,7.40,7.40,7.40,7.40
11/03/2019,5.55,7.40,0.00 (0.00 %)," ",0,0,0,0,7.40,7.4,7.40,7.40
08/03/2019,5.55,7.40,0.00 (0.00 %)," ",0,0,0,0,7.40,7.40,7.40,7.40
07/03/2019,5.55,7.40,0.00 (0.00 %)," ",0,0,0,0,7.40,7.4,7.40,7.40
06/03/2019,5.55,7.40,-0.80 (-9.76 %)," ",100,"740,000",0,0,8.20,7.40,7.40,7.40
05/03/2019,6.15,8.20,0.00 (0.00 %)," ",0,0,0,0,8.20,8.2,8.20,8.20
04/03/2019,6.15,8.20,0.00 (0.00 %)," ",0,0,0,0,8.20,8.20,8.20,8.20
01/03/2019,6.15,8.20,0.00 (0.00 %)," ",0,0,0,0,8.20,8.2,8.20,8.20
28/02/2019,6.15,8.20,0.00 (0.00 %)," ",0,0,0,0,8.20,8.20,8.20,8.20
27/02/2019,6.15,8.20,0.00 (0.00 %)," ",0,0,0,0,8.20,8.2,8.20,8.20
26/02/2019,6.15,8.20,0.00 (0.00 %)," ",0,0,0,0,8.20,8.20,8.20,8.20
25/02/2019,6.15,8.20,0.00 (0.00 %)," ",0,0,0,0,8.20,8.2,8.20,8.20
22/02/2019,6.15,8.20,0.00 (0.00 %)," ",0,0,0,0,8.20,8.20,8.20,8.20
21/02/2019,6.15,8.20,0.00 (0.00 %)," ",0,0,0,0,8.20,8.2,8.20,8.20
20/02/2019,6.15,8.20,0.00 (0.00 %)," ",0,0,0,0,8.20,8.20,8.20,8.20
19/02/2019,6.15,8.20,0.00 (0.00 %)," ",0,0,0,0,8.20,8.2,8.20,8.20
15/02/2019,6.15,8.20,0.00 (0.00 %)," ",0,0,0,0,8.20,8.2,8.20,8.20
14/02/2019,6.15,8.20,0.00 (0.00 %)," ",0,0,0,0,8.20,8.20,8.20,8.20
13/02/2019,6.15,8.20,0.00 (0.00 %)," ",0,0,0,0,8.20,8.2,8.20,8.20
12/02/2019,6.15,8.20,0.00 (0.00 %)," ",0,0,0,0,8.20,8.20,8.20,8.20
11/02/2019,6.15,8.20,0.00 (0.00 %)," ",0,0,0,0,8.20,8.2,8.20,8.20
01/02/2019,6.15,8.20,0.00 (0.00 %)," ",0,0,0,0,8.20,8.20,8.20,8.20
31/01/2019,6.15,8.20,0.00 (0.00 %)," ",0,0,0,0,8.20,8.2,8.20,8.20
30/01/2019,6.15,8.20,0.00 (0.00 %)," ",0,0,0,0,8.20,8.20,8.20,8.20
29/01/2019,6.15,8.20,0.00 (0.00 %)," ",0,0,0,0,8.20,8.2,8.20,8.20
28/01/2019,6.15,8.20,0.00 (0.00 %)," ",0,0,0,0,8.20,8.20,8.20,8.20
25/01/2019,6.15,8.20,0.00 (0.00 %)," ",0,0,0,0,8.20,8.2,8.20,8.20
24/01/2019,6.15,8.20,0.00 (0.00 %)," ",0,0,0,0,8.20,8.20,8.20,8.20
23/01/2019,6.15,8.20,0.00 (0.00 %)," ",0,0,0,0,8.20,8.2,8.20,8.20
22/01/2019,6.15,8.20,0.00 (0.00 %)," ",0,0,0,0,8.20,8.20,8.20,8.20
21/01/2019,6.15,8.20,0.00 (0.00 %)," ",0,0,0,0,8.20,8.2,8.20,8.20
18/01/2019,6.15,8.20,0.00 (0.00 %)," ",0,0,0,0,8.20,8.20,8.20,8.20
17/01/2019,6.15,8.20,0.00 (0.00 %)," ",0,0,0,0,8.20,8.2,8.20,8.20
16/01/2019,6.15,8.20,0.00 (0.00 %)," ",0,0,0,0,8.20,8.20,8.20,8.20
15/01/2019,6.15,8.20,0.00 (0.00 %)," ",0,0,0,0,8.20,8.2,8.20,8.20
11/01/2019,6.15,8.20,0.00 (0.00 %)," ",0,0,0,0,8.20,8.2,8.20,8.20
10/01/2019,6.15,8.20,0.00 (0.00 %)," ",0,0,0,0,8.20,8.20,8.20,8.20
09/01/2019,6.15,8.20,0.00 (0.00 %)," ",0,0,0,0,8.20,8.2,8.20,8.20
08/01/2019,6.15,8.20,0.00 (0.00 %)," ",0,0,0,0,8.20,8.20,8.20,8.20
07/01/2019,6.15,8.20,0.00 (0.00 %)," ",0,0,0,0,8.20,8.2,8.20,8.20
04/01/2019,6.15,8.20,0.00 (0.00 %)," ",0,0,0,0,8.20,8.20,8.20,8.20
03/01/2019,6.15,8.20,0.00 (0.00 %)," ",0,0,0,0,8.20,8.2,8.20,8.20
02/01/2019,6.15,8.20,0.00 (0.00 %)," ",0,0,0,0,8.20,8.20,8.20,8.20
28/12/2018,6.15,8.20,0.00 (0.00 %)," ",0,0,0,0,8.20,8.2,8.20,8.20
27/12/2018,6.15,8.20,0.00 (0.00 %)," ",0,0,0,0,8.20,8.20,8.20,8.20
26/12/2018,6.15,8.20,0.00 (0.00 %)," ",0,0,0,0,8.20,8.2,8.20,8.20
25/12/2018,6.15,8.20,0.00 (0.00 %)," ",0,0,0,0,8.20,8.20,8.20,8.20
24/12/2018,6.15,8.20,0.00 (0.00 %)," ",0,0,0,0,8.20,8.2,8.20,8.20
21/12/2018,6.15,8.20,0.00 (0.00 %)," ",0,0,0,0,8.20,8.20,8.20,8.20
20/12/2018,6.15,8.20,0.00 (0.00 %)," ",0,0,0,0,8.20,8.2,8.20,8.20
19/12/2018,6.15,8.20,0.00 (0.00 %)," ",0,0,0,0,8.20,8.20,8.20,8.20
18/12/2018,6.15,8.20,0.00 (0.00 %)," ",0,0,0,0,8.20,8.2,8.20,8.20
17/12/2018,6.15,8.20,0.00 (0.00 %)," ",0,0,0,0,8.20,8.20,8.20,8.20
14/12/2018,6.15,8.20,0.00 (0.00 %)," ",0,0,0,0,8.20,8.2,8.20,8.20
12/12/2018,6.15,8.20,0.00 (0.00 %)," ",0,0,0,0,8.20,8.2,8.20,8.20
11/12/2018,6.15,8.20,0.00 (0.00 %)," ",0,0,0,0,8.20,8.20,8.20,8.20
10/12/2018,6.15,8.20,0.00 (0.00 %)," ",0,0,0,0,8.20,8.2,8.20,8.20
07/12/2018,6.15,8.20,0.00 (0.00 %)," ",0,0,0,0,8.20,8.20,8.20,8.20
06/12/2018,6.15,8.20,0.00 (0.00 %)," ",0,0,0,0,8.20,8.2,8.20,8.20
05/12/2018,6.15,8.20,0.00 (0.00 %)," ",0,0,0,0,8.20,8.20,8.20,8.20
04/12/2018,6.15,8.20,0.00 (0.00 %)," ",0,0,0,0,8.20,8.2,8.20,8.20
03/12/2018,6.15,8.20,0.00 (0.00 %)," ",0,0,0,0,8.20,8.20,8.20,8.20
30/11/2018,6.15,8.20,0.00 (0.00 %)," ",0,0,0,0,8.20,8.2,8.20,8.20
29/11/2018,6.15,8.20,0.00 (0.00 %)," ",0,0,0,0,8.20,8.20,8.20,8.20
28/11/2018,6.15,8.20,0.00 (0.00 %)," ",0,0,0,0,8.20,8.2,8.20,8.20
27/11/2018,6.15,8.20,0.00 (0.00 %)," ",0,0,0,0,8.20,8.20,8.20,8.20
26/11/2018,6.15,8.20,0.00 (0.00 %)," ",0,0,0,0,8.20,8.2,8.20,8.20
23/11/2018,6.15,8.20,0.00 (0.00 %)," ",0,0,0,0,8.20,8.20,8.20,8.20
22/11/2018,6.15,8.20,0.00 (0.00 %)," ",0,0,0,0,8.20,8.2,8.20,8.20
21/11/2018,6.15,8.20,0.00 (0.00 %)," ",0,0,0,0,8.20,8.20,8.20,8.20
20/11/2018,6.15,8.20,0.00 (0.00 %)," ",0,0,0,0,8.20,8.2,8.20,8.20
19/11/2018,6.15,8.20,0.00 (0.00 %)," ",0,0,0,0,8.20,8.20,8.20,8.20
16/11/2018,6.15,8.20,0.00 (0.00 %)," ",0,0,0,0,8.20,8.2,8.20,8.20
14/11/2018,6.15,8.20,0.00 (0.00 %)," ",0,0,0,0,8.20,8.2,8.20,8.20
13/11/2018,6.15,8.20,0.00 (0.00 %)," ",0,0,0,0,8.20,8.20,8.20,8.20
12/11/2018,6.15,8.20,0.00 (0.00 %)," ",0,0,0,0,8.20,8.2,8.20,8.20
09/11/2018,6.15,8.20,0.00 (0.00 %)," ",0,0,0,0,8.20,8.20,8.20,8.20
08/11/2018,6.15,8.20,0.00 (0.00 %)," ",0,0,0,0,8.20,8.2,8.20,8.20
07/11/2018,6.15,8.20,0.00 (0.00 %)," ",0,0,0,0,8.20,8.20,8.20,8.20
06/11/2018,6.15,8.20,0.00 (0.00 %)," ",0,0,0,0,8.20,8.2,8.20,8.20
05/11/2018,6.15,8.20,0.00 (0.00 %)," ",0,0,0,0,8.20,8.20,8.20,8.20
02/11/2018,6.15,8.20,0.00 (0.00 %)," ",0,0,0,0,8.20,8.2,8.20,8.20
01/11/2018,6.15,8.20,0.00 (0.00 %)," ",0,0,0,0,8.20,8.20,8.20,8.20
31/10/2018,6.15,8.20,0.00 (0.00 %)," ",0,0,0,0,8.20,8.2,8.20,8.20
30/10/2018,6.15,8.20,0.00 (0.00 %)," ",0,0,0,0,8.20,8.20,8.20,8.20
29/10/2018,6.15,8.20,0.00 (0.00 %)," ",0,0,0,0,8.20,8.2,8.20,8.20
26/10/2018,6.15,8.20,0.00 (0.00 %)," ",0,0,0,0,8.20,8.20,8.20,8.20
25/10/2018,6.15,8.20,0.00 (0.00 %)," ",0,0,0,0,8.20,8.2,8.20,8.20
24/10/2018,6.15,8.20,0.00 (0.00 %)," ",0,0,0,0,8.20,8.20,8.20,8.20
23/10/2018,6.15,8.20,0.00 (0.00 %)," ",0,0,0,0,8.20,8.2,8.20,8.20
22/10/2018,6.15,8.20,0.00 (0.00 %)," ",0,0,0,0,8.20,8.20,8.20,8.20
19/10/2018,6.15,8.20,0.00 (0.00 %)," ",0,0,0,0,8.20,8.2,8.20,8.20
17/10/2018,6.15,8.20,0.00 (0.00 %)," ",0,0,0,0,8.20,8.2,8.20,8.20
16/10/2018,6.15,8.20,0.00 (0.00 %)," ",0,0,0,0,8.20,8.20,8.20,8.20
15/10/2018,6.15,8.20,0.00 (0.00 %)," ",0,0,0,0,8.20,8.2,8.20,8.20
12/10/2018,6.15,8.20,0.00 (0.00 %)," ",0,0,0,0,8.20,8.20,8.20,8.20
11/10/2018,6.15,8.20,0.00 (0.00 %)," ",0,0,0,0,8.20,8.2,8.20,8.20
10/10/2018,6.15,8.20,0.00 (0.00 %)," ",0,0,0,0,8.20,8.20,8.20,8.20
09/10/2018,6.15,8.20,0.00 (0.00 %)," ",0,0,0,0,8.20,8.2,8.20,8.20
08/10/2018,6.15,8.20,0.00 (0.00 %)," ",0,0,0,0,8.20,8.20,8.20,8.20
05/10/2018,6.15,8.20,0.00 (0.00 %)," ",0,0,0,0,8.20,8.2,8.20,8.20
04/10/2018,6.15,8.20,0.00 (0.00 %)," ",0,0,0,0,8.20,8.20,8.20,8.20
03/10/2018,6.15,8.20,0.00 (0.00 %)," ",0,0,0,0,8.20,8.2,8.20,8.20
02/10/2018,6.15,8.20,0.00 (0.00 %)," ",0,0,0,0,8.20,8.20,8.20,8.20
01/10/2018,6.15,8.20,0.00 (0.00 %)," ",0,0,0,0,8.20,8.2,8.20,8.20
28/09/2018,6.15,8.20,0.00 (0.00 %)," ",0,0,0,0,8.20,8.20,8.20,8.20
27/09/2018,6.15,8.20,0.00 (0.00 %)," ",0,0,0,0,8.20,8.2,8.20,8.20
26/09/2018,6.15,8.20,0.00 (0.00 %)," ",0,0,0,0,8.20,8.20,8.20,8.20
25/09/2018,6.15,8.20,0.00 (0.00 %)," ",0,0,0,0,8.20,8.2,8.20,8.20
24/09/2018,6.15,8.20,0.00 (0.00 %)," ",0,0,0,0,8.20,8.20,8.20,8.20
21/09/2018,6.15,8.20,0.00 (0.00 %)," ",0,0,0,0,8.20,8.2,8.20,8.20
19/09/2018,6.15,8.20,0.10 (1.23 %)," ","1,400","11,480,000",0,0,8.10,8.2,8.20,8.20
18/09/2018,6.07,8.10,0.00 (0.00 %)," ",0,0,0,0,8.10,8.10,8.10,8.10
17/09/2018,6.07,8.10,0.00 (0.00 %)," ",300,"2,430,000",0,0,8.10,8.1,8.10,8.10
14/09/2018,6.07,8.10,0.10 (1.25 %)," ","1,400","11,340,000",0,0,8.00,8.10,8.10,8.10
13/09/2018,6.00,8.00,0.00 (0.00 %)," ",0,0,0,0,8.00,8.0,8.00,8.00
12/09/2018,6.00,8.00,0.00 (0.00 %)," ",0,0,0,0,8.00,8.00,8.00,8.00
11/09/2018,6.00,8.00,0.00 (0.00 %)," ",0,0,0,0,8.00,8.0,8.00,8.00
10/09/2018,6.00,8.00,0.00 (0.00 %)," ",0,0,0,0,8.00,8.00,8.00,8.00
07/09/2018,6.00,8.00,0.00 (0.00 %)," ",0,0,0,0,8.00,8.0,8.00,8.00
06/09/2018,6.00,8.00,0.00 (0.00 %)," ",0,0,0,0,8.00,8.00,8.00,8.00
05/09/2018,6.00,8.00,0.00 (0.00 %)," ",0,0,0,0,8.00,8.0,8.00,8.00
04/09/2018,6.00,8.00,0.00 (0.00 %)," ",0,0,0,0,8.00,8.00,8.00,8.00
31/08/2018,6.00,8.00,0.00 (0.00 %)," ",0,0,0,0,8.00,8.0,8.00,8.00
30/08/2018,6.00,8.00,0.00 (0.00 %)," ",0,0,0,0,8.00,8.00,8.00,8.00
29/08/2018,6.00,8.00,0.00 (0.00 %)," ",0,0,0,0,8.00,8.0,8.00,8.00
28/08/2018,6.00,8.00,0.00 (0.00 %)," ",0,0,0,0,8.00,8.00,8.00,8.00
27/08/2018,6.00,8.00,0.00 (0.00 %)," ",0,0,0,0,8.00,8.0,8.00,8.00
24/08/2018,6.00,8.00,0.00 (0.00 %)," ",0,0,0,0,8.00,8.00,8.00,8.00
23/08/2018,6.00,8.00,0.00 (0.00 %)," ",0,0,0,0,8.00,8.0,8.00,8.00
21/08/2018,6.00,8.00,0.00 (0.00 %)," ",0,0,0,0,8.00,8.0,8.00,8.00
20/08/2018,6.00,8.00,0.00 (0.00 %)," ",0,0,0,0,8.00,8.00,8.00,8.00
17/08/2018,6.00,8.00,0.00 (0.00 %)," ",0,0,0,0,8.00,8.0,8.00,8.00
16/08/2018,6.00,8.00,0.00 (0.00 %)," ",0,0,0,0,8.00,8.00,8.00,8.00
15/08/2018,6.00,8.00,0.00 (0.00 %)," ",0,0,0,0,8.00,8.0,8.00,8.00
14/08/2018,6.00,8.00,0.00 (0.00 %)," ",0,0,0,0,8.00,8.00,8.00,8.00
13/08/2018,6.00,8.00,0.00 (0.00 %)," ",0,0,0,0,8.00,8.0,8.00,8.00
10/08/2018,6.00,8.00,0.00 (0.00 %)," ",0,0,0,0,8.00,8.00,8.00,8.00
09/08/2018,6.00,8.00,0.00 (0.00 %)," ",0,0,0,0,8.00,8.0,8.00,8.00
08/08/2018,6.00,8.00,0.00 (0.00 %)," ",0,0,0,0,8.00,8.00,8.00,8.00
07/08/2018,6.00,8.00,0.00 (0.00 %)," ",0,0,0,0,8.00,8.0,8.00,8.00
06/08/2018,6.00,8.00,0.00 (0.00 %)," ",0,0,0,0,8.00,8.00,8.00,8.00
03/08/2018,6.00,8.00,0.00 (0.00 %)," ",0,0,0,0,8.00,8.0,8.00,8.00
02/08/2018,6.00,8.00,0.00 (0.00 %)," ",0,0,0,0,8.00,8.00,8.00,8.00
01/08/2018,6.00,8.00,0.00 (0.00 %)," ",0,0,0,0,8.00,8.0,8.00,8.00
31/07/2018,6.00,8.00,0.00 (0.00 %)," ",0,0,0,0,8.00,8.00,8.00,8.00
30/07/2018,6.00,8.00,0.00 (0.00 %)," ",0,0,0,0,8.00,8.0,8.00,8.00
27/07/2018,6.00,8.00,0.00 (0.00 %)," ",0,0,0,0,8.00,8.00,8.00,8.00
26/07/2018,6.00,8.00,0.00 (0.00 %)," ",0,0,0,0,8.00,8.0,8.00,8.00
24/07/2018,6.00,8.00,0.20 (2.56 %)," ",100,"800,000",0,0,7.80,8.0,8.00,8.00
23/07/2018,5.85,7.80,0.00 (0.00 %)," ",0,0,0,0,7.80,7.80,7.80,7.80
20/07/2018,5.85,7.80,0.00 (0.00 %)," ",0,0,0,0,7.80,7.8,7.80,7.80
19/07/2018,5.85,7.80,0.00 (0.00 %)," ",0,0,0,0,7.80,7.80,7.80,7.80
18/07/2018,5.85,7.80,0.00 (0.00 %)," ",0,0,0,0,7.80,7.8,7.80,7.80
17/07/2018,5.85,7.80,0.00 (0.00 %)," ",0,0,0,0,7.80,7.80,7.80,7.80
16/07/2018,5.85,7.80,0.00 (0.00 %)," ",0,0,0,0,7.80,7.8,7.80,7.80
13/07/2018,5.85,7.80,0.00 (0.00 %)," ",0,0,0,0,7.80,7.80,7.80,7.80
12/07/2018,5.85,7.80,0.00 (0.00 %)," ",0,0,0,0,7.80,7.8,7.80,7.80
11/07/2018,5.85,7.80,0.00 (0.00 %)," ",0,0,0,0,7.80,7.80,7.80,7.80
10/07/2018,5.85,7.80,0.00 (0.00 %)," ",0,0,0,0,7.80,7.8,7.80,7.80
09/07/2018,5.85,7.80,0.00 (0.00 %)," ",0,0,0,0,7.80,7.80,7.80,7.80
06/07/2018,5.85,7.80,0.00 (0.00 %)," ",0,0,0,0,7.80,7.8,7.80,7.80
05/07/2018,5.85,7.80,0.00 (0.00 %)," ",0,0,0,0,7.80,7.80,7.80,7.80
04/07/2018,5.85,7.80,0.00 (0.00 %)," ",0,0,0,0,7.80,7.8,7.80,7.80
03/07/2018,5.85,7.80,0.00 (0.00 %)," ",0,0,0,0,7.80,7.80,7.80,7.80
02/07/2018,5.85,7.80,0.00 (0.00 %)," ",0,0,0,0,7.80,7.8,7.80,7.80
29/06/2018,5.85,7.80,0.00 (0.00 %)," ",0,0,0,0,7.80,7.80,7.80,7.80
28/06/2018,5.85,7.80,0.00 (0.00 %)," ",0,0,0,0,7.80,7.8,7.80,7.80
26/06/2018,5.85,7.80,0.00 (0.00 %)," ",0,0,0,0,7.80,7.8,7.80,7.80
25/06/2018,5.85,7.80,0.00 (0.00 %)," ",0,0,0,0,7.80,7.80,7.80,7.80
22/06/2018,5.85,7.80,0.00 (0.00 %)," ",0,0,0,0,7.80,7.8,7.80,7.80
21/06/2018,5.85,7.80,0.00 (0.00 %)," ",0,0,0,0,7.80,7.80,7.80,7.80
20/06/2018,5.85,7.80,0.00 (0.00 %)," ",0,0,0,0,7.80,7.8,7.80,7.80
19/06/2018,5.85,7.80,0.00 (0.00 %)," ",0,0,0,0,7.80,7.80,7.80,7.80
18/06/2018,5.85,8.50,0.00 (0.00 %)," ",0,0,0,0,8.50,8.5,8.50,8.50
15/06/2018,5.85,8.50,0.00 (0.00 %)," ",0,0,0,0,8.50,8.50,8.50,8.50
14/06/2018,5.85,8.50,0.00 (0.00 %)," ",0,0,0,0,8.50,8.5,8.50,8.50
13/06/2018,5.85,8.50,0.00 (0.00 %)," ",0,0,0,0,8.50,8.50,8.50,8.50
12/06/2018,5.85,8.50,0.00 (0.00 %)," ",0,0,0,0,8.50,8.5,8.50,8.50
11/06/2018,5.85,8.50,0.00 (0.00 %)," ",0,0,0,0,8.50,8.50,8.50,8.50
08/06/2018,5.85,8.50,0.00 (0.00 %)," ",0,0,0,0,8.50,8.5,8.50,8.50
07/06/2018,5.85,8.50,0.00 (0.00 %)," ",0,0,0,0,8.50,8.50,8.50,8.50
06/06/2018,5.85,8.50,0.00 (0.00 %)," ",0,0,0,0,8.50,8.5,8.50,8.50
05/06/2018,5.85,8.50,0.00 (0.00 %)," ",0,0,0,0,8.50,8.50,8.50,8.50
04/06/2018,5.85,8.50,0.00 (0.00 %)," ",0,0,0,0,8.50,8.5,8.50,8.50
01/06/2018,5.85,8.50,0.00 (0.00 %)," ",0,0,0,0,8.50,8.50,8.50,8.50
31/05/2018,5.85,8.50,0.00 (0.00 %)," ",0,0,0,0,8.50,8.5,8.50,8.50
29/05/2018,5.85,8.50,0.00 (0.00 %)," ",0,0,0,0,8.50,8.5,8.50,8.50
28/05/2018,5.85,8.50,0.00 (0.00 %)," ",0,0,0,0,8.50,8.50,8.50,8.50
25/05/2018,5.85,8.50,0.00 (0.00 %)," ",0,0,0,0,8.50,8.5,8.50,8.50
24/05/2018,5.85,8.50,0.00 (0.00 %)," ",0,0,0,0,8.50,8.50,8.50,8.50
23/05/2018,5.85,8.50,0.00 (0.00 %)," ",0,0,0,0,8.50,8.5,8.50,8.50
22/05/2018,5.85,8.50,0.00 (0.00 %)," ",0,0,0,0,8.50,8.50,8.50,8.50
21/05/2018,5.85,8.50,0.00 (0.00 %)," ",0,0,0,0,8.50,8.5,8.50,8.50
18/05/2018,5.85,8.50,0.00 (0.00 %)," ",0,0,0,0,8.50,8.50,8.50,8.50
17/05/2018,5.85,8.50,0.00 (0.00 %)," ",0,0,0,0,8.50,8.5,8.50,8.50
16/05/2018,5.85,8.50,0.00 (0.00 %)," ",0,0,0,0,8.50,8.50,8.50,8.50
15/05/2018,5.85,8.50,0.00 (0.00 %)," ",0,0,0,0,8.50,8.5,8.50,8.50
14/05/2018,5.85,8.50,0.00 (0.00 %)," ",0,0,0,0,8.50,8.50,8.50,8.50
11/05/2018,5.85,8.50,0.00 (0.00 %)," ",0,0,0,0,8.50,8.5,8.50,8.50
10/05/2018,5.85,8.50,-0.30 (-3.41 %)," ","1,500","12,750,000",0,0,8.80,8.50,8.50,8.50
09/05/2018,6.05,8.80,0.00 (0.00 %)," ",0,0,0,0,8.80,8.8,8.80,8.80
08/05/2018,6.05,8.80,0.00 (0.00 %)," ",0,0,0,0,8.80,8.80,8.80,8.80
07/05/2018,6.05,8.80,0.00 (0.00 %)," ",0,0,0,0,8.80,8.8,8.80,8.80
04/05/2018,6.05,8.80,0.00 (0.00 %)," ",0,0,0,0,8.80,8.80,8.80,8.80
03/05/2018,6.05,8.80,0.00 (0.00 %)," ",0,0,0,0,8.80,8.8,8.80,8.80
27/04/2018,6.05,8.80,0.00 (0.00 %)," ",0,0,0,0,8.80,8.8,8.80,8.80
26/04/2018,6.05,8.80,0.00 (0.00 %)," ",0,0,0,0,8.80,8.80,8.80,8.80
24/04/2018,6.05,8.80,0.00 (0.00 %)," ",0,0,0,0,8.80,8.8,8.80,8.80
23/04/2018,6.05,8.80,0.00 (0.00 %)," ",0,0,0,0,8.80,8.80,8.80,8.80
20/04/2018,6.05,8.80,0.00 (0.00 %)," ",0,0,0,0,8.80,8.8,8.80,8.80
19/04/2018,6.05,8.80,0.00 (0.00 %)," ",0,0,0,0,8.80,8.80,8.80,8.80
18/04/2018,6.05,8.80,0.00 (0.00 %)," ",0,0,0,0,8.80,8.8,8.80,8.80
17/04/2018,6.05,8.80,0.00 (0.00 %)," ",0,0,0,0,8.80,8.80,8.80,8.80
16/04/2018,6.05,8.80,0.00 (0.00 %)," ",0,0,0,0,8.80,8.8,8.80,8.80
13/04/2018,6.05,8.80,0.00 (0.00 %)," ",0,0,0,0,8.80,8.80,8.80,8.80
12/04/2018,6.05,8.80,0.00 (0.00 %)," ",0,0,0,0,8.80,8.8,8.80,8.80
11/04/2018,6.05,8.80,0.00 (0.00 %)," ",0,0,0,0,8.80,8.80,8.80,8.80
10/04/2018,6.05,8.80,0.00 (0.00 %)," ",0,0,0,0,8.80,8.8,8.80,8.80
09/04/2018,6.05,8.80,0.00 (0.00 %)," ",0,0,0,0,8.80,8.80,8.80,8.80
06/04/2018,6.05,8.80,0.00 (0.00 %)," ",0,0,0,0,8.80,8.8,8.80,8.80
05/04/2018,6.05,8.80,0.00 (0.00 %)," ",0,0,0,0,8.80,8.80,8.80,8.80
04/04/2018,6.05,8.80,0.00 (0.00 %)," ",0,0,0,0,8.80,8.8,8.80,8.80
03/04/2018,6.05,8.80,0.00 (0.00 %)," ",0,0,0,0,8.80,8.80,8.80,8.80
02/04/2018,6.05,8.80,0.00 (0.00 %)," ",0,0,0,0,8.80,8.8,8.80,8.80
29/03/2018,6.05,8.80,0.00 (0.00 %)," ",0,0,0,0,8.80,8.8,8.80,8.80
28/03/2018,6.05,8.80,0.00 (0.00 %)," ",0,0,0,0,8.80,8.80,8.80,8.80
27/03/2018,6.05,8.80,0.00 (0.00 %)," ",0,0,0,0,8.80,8.8,8.80,8.80
26/03/2018,6.05,8.80,0.00 (0.00 %)," ",0,0,0,0,8.80,8.80,8.80,8.80
23/03/2018,6.05,8.80,0.00 (0.00 %)," ",0,0,0,0,8.80,8.8,8.80,8.80
22/03/2018,6.05,8.80,0.00 (0.00 %)," ",0,0,0,0,8.80,8.80,8.80,8.80
21/03/2018,6.05,8.80,0.00 (0.00 %)," ",0,0,0,0,8.80,8.8,8.80,8.80
20/03/2018,6.05,8.80,0.00 (0.00 %)," ",0,0,0,0,8.80,8.80,8.80,8.80
19/03/2018,6.05,8.80,0.00 (0.00 %)," ",0,0,0,0,8.80,8.8,8.80,8.80
16/03/2018,6.05,8.80,0.00 (0.00 %)," ",0,0,0,0,8.80,8.80,8.80,8.80
15/03/2018,6.05,8.80,0.00 (0.00 %)," ",0,0,0,0,8.80,8.8,8.80,8.80
14/03/2018,6.05,8.80,0.00 (0.00 %)," ",0,0,0,0,8.80,8.80,8.80,8.80
13/03/2018,6.05,8.80,0.00 (0.00 %)," ",0,0,0,0,8.80,8.8,8.80,8.80
12/03/2018,6.05,8.80,0.00 (0.00 %)," ",0,0,0,0,8.80,8.80,8.80,8.80
09/03/2018,6.05,8.80,0.00 (0.00 %)," ",0,0,0,0,8.80,8.8,8.80,8.80
08/03/2018,6.05,8.80,0.00 (0.00 %)," ",0,0,0,0,8.80,8.80,8.80,8.80
07/03/2018,6.05,8.80,0.00 (0.00 %)," ",0,0,0,0,8.80,8.8,8.80,8.80
06/03/2018,6.05,8.80,0.00 (0.00 %)," ",0,0,0,0,8.80,8.80,8.80,8.80
05/03/2018,6.05,8.80,0.00 (0.00 %)," ",0,0,0,0,8.80,8.8,8.80,8.80
01/03/2018,6.05,8.80,0.00 (0.00 %)," ",0,0,0,0,8.80,8.8,8.80,8.80
28/02/2018,6.05,8.80,0.00 (0.00 %)," ",0,0,0,0,8.80,8.80,8.80,8.80
27/02/2018,6.05,8.80,0.00 (0.00 %)," ",0,0,0,0,8.80,8.8,8.80,8.80
26/02/2018,6.05,8.80,0.00 (0.00 %)," ",0,0,0,0,8.80,8.80,8.80,8.80
23/02/2018,6.05,8.80,0.00 (0.00 %)," ",0,0,0,0,8.80,8.8,8.80,8.80
22/02/2018,6.05,8.80,0.00 (0.00 %)," ",0,0,0,0,8.80,8.80,8.80,8.80
21/02/2018,6.05,8.80,0.00 (0.00 %)," ",0,0,0,0,8.80,8.8,8.80,8.80
13/02/2018,6.05,8.80,0.00 (0.00 %)," ",0,0,0,0,8.80,8.80,8.80,8.80
12/02/2018,6.05,8.80,0.00 (0.00 %)," ",0,0,0,0,8.80,8.8,8.80,8.80
09/02/2018,6.05,8.80,0.00 (0.00 %)," ",0,0,0,0,8.80,8.80,8.80,8.80
08/02/2018,6.05,8.80,0.00 (0.00 %)," ",0,0,0,0,8.80,8.8,8.80,8.80
07/02/2018,6.05,8.80,0.00 (0.00 %)," ",0,0,0,0,8.80,8.80,8.80,8.80
06/02/2018,6.05,8.80,0.00 (0.00 %)," ",0,0,0,0,8.80,8.8,8.80,8.80
05/02/2018,6.05,8.80,0.00 (0.00 %)," ",0,0,0,0,8.80,8.80,8.80,8.80
02/02/2018,6.05,8.80,0.00 (0.00 %)," ",0,0,0,0,8.80,8.8,8.80,8.80
01/02/2018,6.05,8.80,0.00 (0.00 %)," ",0,0,0,0,8.80,8.80,8.80,8.80
31/01/2018,6.05,8.80,0.00 (0.00 %)," ",0,0,0,0,8.80,8.8,8.80,8.80
30/01/2018,6.05,8.80,0.00 (0.00 %)," ",0,0,0,0,8.80,8.80,8.80,8.80
29/01/2018,6.05,8.80,0.00 (0.00 %)," ",0,0,0,0,8.80,8.8,8.80,8.80
25/01/2018,6.05,8.80,0.00 (0.00 %)," ",0,0,0,0,8.80,8.8,8.80,8.80
24/01/2018,6.05,8.80,0.00 (0.00 %)," ",0,0,0,0,8.80,8.80,8.80,8.80
23/01/2018,6.05,8.80,0.00 (0.00 %)," ",0,0,0,0,8.80,8.8,8.80,8.80
22/01/2018,6.05,8.80,0.00 (0.00 %)," ",0,0,0,0,8.80,8.80,8.80,8.80
19/01/2018,6.05,8.80,0.00 (0.00 %)," ",0,0,0,0,8.80,8.8,8.80,8.80
18/01/2018,6.05,8.80,0.00 (0.00 %)," ",0,0,0,0,8.80,8.80,8.80,8.80
17/01/2018,6.05,8.80,0.00 (0.00 %)," ",0,0,0,0,8.80,8.8,8.80,8.80
16/01/2018,6.05,8.80,0.00 (0.00 %)," ",0,0,0,0,8.80,8.80,8.80,8.80
15/01/2018,6.05,8.80,0.00 (0.00 %)," ",0,0,0,0,8.80,8.8,8.80,8.80
12/01/2018,6.05,8.80,0.00 (0.00 %)," ","1,800","15,840,000",0,0,8.80,8.80,8.80,8.80
11/01/2018,6.05,8.80,0.00 (0.00 %)," ",0,0,0,0,8.80,8.8,8.80,8.80
10/01/2018,6.05,8.80,0.00 (0.00 %)," ",0,0,0,0,8.80,8.80,8.80,8.80
09/01/2018,6.05,8.80,0.00 (0.00 %)," ",0,0,0,0,8.80,8.8,8.80,8.80
08/01/2018,6.05,8.80,0.00 (0.00 %)," ",0,0,0,0,8.80,8.80,8.80,8.80
05/01/2018,6.05,8.80,0.00 (0.00 %)," ",0,0,0,0,8.80,8.8,8.80,8.80
04/01/2018,6.05,8.80,0.00 (0.00 %)," ",0,0,0,0,8.80,8.80,8.80,8.80
03/01/2018,6.05,8.80,0.00 (0.00 %)," ",0,0,0,0,8.80,8.8,8.80,8.80
02/01/2018,6.05,8.80,0.80 (10.00 %)," ",100,"880,000",0,0,8.00,8.80,8.80,8.80
29/12/2017,5.50,8.00,-0.60 (-6.98 %)," ","11,800","94,400,000",0,0,8.60,8.0,8.00,8.00
27/12/2017,6.53,9.50,0.00 (0.00 %)," ",0,0,0,0,9.50,9.5,9.50,9.50
26/12/2017,6.53,9.50,0.00 (0.00 %)," ",0,0,0,0,9.50,9.50,9.50,9.50
25/12/2017,6.53,9.50,0.00 (0.00 %)," ",0,0,0,0,9.50,9.5,9.50,9.50
22/12/2017,6.53,9.50,0.00 (0.00 %)," ",0,0,0,0,9.50,9.50,9.50,9.50
21/12/2017,6.53,9.50,0.00 (0.00 %)," ",0,0,0,0,9.50,9.5,9.50,9.50
20/12/2017,6.53,9.50,0.00 (0.00 %)," ",0,0,0,0,9.50,9.50,9.50,9.50
19/12/2017,6.53,9.50,0.00 (0.00 %)," ",0,0,10,"86,000",9.50,9.5,9.50,9.50
18/12/2017,6.53,9.50,0.00 (0.00 %)," ",0,0,0,0,9.50,9.50,9.50,9.50
15/12/2017,6.53,9.50,0.00 (0.00 %)," ",0,0,0,0,9.50,9.5,9.50,9.50
14/12/2017,6.53,9.50,0.00 (0.00 %)," ",0,0,0,0,9.50,9.50,9.50,9.50
13/12/2017,6.53,9.50,0.00 (0.00 %)," ",0,0,0,0,9.50,9.5,9.50,9.50
12/12/2017,6.53,9.50,0.00 (0.00 %)," ",0,0,0,0,9.50,9.50,9.50,9.50
11/12/2017,6.53,9.50,0.00 (0.00 %)," ",0,0,0,0,9.50,9.5,9.50,9.50
08/12/2017,6.53,9.50,0.00 (0.00 %)," ",0,0,0,0,9.50,9.50,9.50,9.50
07/12/2017,6.53,9.50,0.00 (0.00 %)," ",0,0,0,0,9.50,9.5,9.50,9.50
06/12/2017,6.53,9.50,0.00 (0.00 %)," ",0,0,0,0,9.50,9.50,9.50,9.50
05/12/2017,6.53,9.50,0.00 (0.00 %)," ",0,0,0,0,9.50,9.5,9.50,9.50
04/12/2017,6.53,9.50,0.00 (0.00 %)," ",0,0,0,0,9.50,9.50,9.50,9.50
01/12/2017,6.53,9.50,0.00 (0.00 %)," ",0,0,0,0,9.50,9.5,9.50,9.50
29/11/2017,6.53,9.50,0.60 (6.74 %)," ",100,"950,000",0,0,8.90,9.5,9.50,9.50
28/11/2017,6.12,8.90,0.00 (0.00 %)," ",0,0,0,0,8.90,8.90,8.90,8.90
27/11/2017,6.12,8.90,0.00 (0.00 %)," ",0,0,0,0,8.90,8.9,8.90,8.90
24/11/2017,6.12,8.90,0.00 (0.00 %)," ",0,0,0,0,8.90,8.90,8.90,8.90
23/11/2017,6.12,8.90,0.00 (0.00 %)," ",0,0,0,0,8.90,8.9,8.90,8.90
22/11/2017,6.12,8.90,0.00 (0.00 %)," ",0,0,0,0,8.90,8.90,8.90,8.90
21/11/2017,6.12,8.90,0.00 (0.00 %)," ",0,0,0,0,8.90,8.9,8.90,8.90
20/11/2017,6.12,8.90,0.00 (0.00 %)," ",0,0,0,0,8.90,8.90,8.90,8.90
17/11/2017,6.12,8.90,0.00 (0.00 %)," ",0,0,0,0,8.90,8.9,8.90,8.90
16/11/2017,6.12,8.90,0.00 (0.00 %)," ",0,0,0,0,8.90,8.90,8.90,8.90
15/11/2017,6.12,8.90,0.00 (0.00 %)," ",0,0,0,0,8.90,8.9,8.90,8.90
14/11/2017,6.12,8.90,0.00 (0.00 %)," ",0,0,0,0,8.90,8.90,8.90,8.90
13/11/2017,6.12,8.90,0.00 (0.00 %)," ",0,0,0,0,8.90,8.9,8.90,8.90
10/11/2017,6.12,8.90,0.00 (0.00 %)," ",0,0,0,0,8.90,8.90,8.90,8.90
09/11/2017,6.12,8.90,0.00 (0.00 %)," ",0,0,0,0,8.90,8.9,8.90,8.90
08/11/2017,6.12,8.90,0.00 (0.00 %)," ",0,0,0,0,8.90,8.90,8.90,8.90
07/11/2017,6.12,8.90,0.00 (0.00 %)," ",0,0,0,0,8.90,8.9,8.90,8.90
06/11/2017,6.12,8.90,0.00 (0.00 %)," ",0,0,0,0,8.90,8.90,8.90,8.90
03/11/2017,6.12,8.90,0.00 (0.00 %)," ",0,0,0,0,8.90,8.9,8.90,8.90
01/11/2017,6.12,8.90,0.00 (0.00 %)," ",0,0,0,0,8.90,8.9,8.90,8.90
31/10/2017,6.12,8.90,0.00 (0.00 %)," ",0,0,0,0,8.90,8.90,8.90,8.90
30/10/2017,6.12,8.90,0.00 (0.00 %)," ",0,0,0,0,8.90,8.9,8.90,8.90
27/10/2017,6.12,8.90,0.00 (0.00 %)," ",0,0,0,0,8.90,8.90,8.90,8.90
26/10/2017,6.12,8.90,0.00 (0.00 %)," ",0,0,0,0,8.90,8.9,8.90,8.90
25/10/2017,6.12,8.90,0.00 (0.00 %)," ",0,0,0,0,8.90,8.90,8.90,8.90
24/10/2017,6.12,8.90,0.00 (0.00 %)," ",0,0,0,0,8.90,8.9,8.90,8.90
23/10/2017,6.12,8.90,0.00 (0.00 %)," ",0,0,0,0,8.90,8.90,8.90,8.90
20/10/2017,6.12,8.90,0.00 (0.00 %)," ",0,0,0,0,8.90,8.9,8.90,8.90
19/10/2017,6.12,8.90,0.00 (0.00 %)," ",0,0,0,0,8.90,8.90,8.90,8.90
18/10/2017,6.12,8.90,0.00 (0.00 %)," ",0,0,0,0,8.90,8.9,8.90,8.90
17/10/2017,6.12,8.90,0.00 (0.00 %)," ",0,0,0,0,8.90,8.90,8.90,8.90
16/10/2017,6.12,8.90,0.00 (0.00 %)," ",0,0,0,0,8.90,8.9,8.90,8.90
13/10/2017,6.12,8.90,0.00 (0.00 %)," ",0,0,0,0,8.90,8.90,8.90,8.90
12/10/2017,6.12,8.90,0.00 (0.00 %)," ",0,0,0,0,8.90,8.9,8.90,8.90
11/10/2017,6.12,8.90,0.00 (0.00 %)," ",0,0,0,0,8.90,8.90,8.90,8.90
10/10/2017,6.12,8.90,0.00 (0.00 %)," ",0,0,0,0,8.90,8.9,8.90,8.90
09/10/2017,6.12,8.90,0.00 (0.00 %)," ",0,0,0,0,8.90,8.90,8.90,8.90
06/10/2017,6.12,8.90,0.00 (0.00 %)," ",0,0,0,0,8.90,8.9,8.90,8.90
04/10/2017,6.12,8.90,0.00 (0.00 %)," ",0,0,0,0,8.90,8.9,8.90,8.90
03/10/2017,6.12,8.90,0.00 (0.00 %)," ",0,0,0,0,8.90,8.90,8.90,8.90
02/10/2017,6.12,8.90,0.00 (0.00 %)," ",0,0,0,0,8.90,8.9,8.90,8.90
29/09/2017,6.12,8.90,0.00 (0.00 %)," ",0,0,0,0,8.90,8.90,8.90,8.90
28/09/2017,6.12,8.90,0.00 (0.00 %)," ",0,0,0,0,8.90,8.9,8.90,8.90
27/09/2017,6.12,8.90,0.00 (0.00 %)," ",0,0,0,0,8.90,8.90,8.90,8.90
26/09/2017,6.12,8.90,0.00 (0.00 %)," ",0,0,0,0,8.90,8.9,8.90,8.90
25/09/2017,6.12,8.90,0.00 (0.00 %)," ",0,0,0,0,8.90,8.90,8.90,8.90
22/09/2017,6.12,8.90,0.00 (0.00 %)," ",0,0,0,0,8.90,8.9,8.90,8.90
21/09/2017,6.12,8.90,0.00 (0.00 %)," ",0,0,0,0,8.90,8.90,8.90,8.90
20/09/2017,6.12,8.90,0.00 (0.00 %)," ",0,0,0,0,8.90,8.9,8.90,8.90
19/09/2017,6.12,8.90,0.00 (0.00 %)," ",0,0,0,0,8.90,8.90,8.90,8.90
18/09/2017,6.12,8.90,0.00 (0.00 %)," ",0,0,0,0,8.90,8.9,8.90,8.90
15/09/2017,6.12,8.90,0.00 (0.00 %)," ",0,0,0,0,8.90,8.90,8.90,8.90
14/09/2017,6.12,8.90,0.00 (0.00 %)," ",0,0,0,0,8.90,8.9,8.90,8.90
13/09/2017,6.12,8.90,0.00 (0.00 %)," ",0,0,0,0,8.90,8.90,8.90,8.90
12/09/2017,6.12,8.90,0.00 (0.00 %)," ",9,"72,900",0,0,8.90,8.9,8.90,8.90
11/09/2017,6.12,8.90,0.00 (0.00 %)," ",0,0,0,0,8.90,8.90,8.90,8.90
08/09/2017,6.12,8.90,0.00 (0.00 %)," ",11,"101,200",0,0,8.90,8.9,8.90,8.90
06/09/2017,6.12,8.90,0.00 (0.00 %)," ",0,0,0,0,8.90,8.9,8.90,8.90
05/09/2017,6.12,8.90,0.00 (0.00 %)," ",0,0,0,0,8.90,8.90,8.90,8.90
01/09/2017,6.12,8.90,0.00 (0.00 %)," ",0,0,0,0,8.90,8.9,8.90,8.90
31/08/2017,6.12,8.90,0.00 (0.00 %)," ",0,0,0,0,8.90,8.90,8.90,8.90
30/08/2017,6.12,8.90,0.00 (0.00 %)," ",0,0,0,0,8.90,8.9,8.90,8.90
29/08/2017,6.12,8.90,0.00 (0.00 %)," ",0,0,0,0,8.90,8.90,8.90,8.90
28/08/2017,6.12,8.90,0.00 (0.00 %)," ",0,0,0,0,8.90,8.9,8.90,8.90
25/08/2017,6.12,8.90,0.00 (0.00 %)," ",0,0,0,0,8.90,8.90,8.90,8.90
24/08/2017,6.12,8.90,0.00 (0.00 %)," ",0,0,0,0,8.90,8.9,8.90,8.90
23/08/2017,6.12,8.90,0.00 (0.00 %)," ",0,0,0,0,8.90,8.90,8.90,8.90
22/08/2017,6.12,8.90,0.00 (0.00 %)," ",0,0,0,0,8.90,8.9,8.90,8.90
21/08/2017,6.12,8.90,0.00 (0.00 %)," ",0,0,0,0,8.90,8.90,8.90,8.90
18/08/2017,6.12,8.90,0.00 (0.00 %)," ",0,0,0,0,8.90,8.9,8.90,8.90
17/08/2017,6.12,8.90,0.00 (0.00 %)," ",0,0,0,0,8.90,8.90,8.90,8.90
16/08/2017,6.12,8.90,0.00 (0.00 %)," ",0,0,0,0,8.90,8.9,8.90,8.90
15/08/2017,6.12,8.90,0.00 (0.00 %)," ",0,0,0,0,8.90,8.90,8.90,8.90
14/08/2017,6.12,8.90,0.00 (0.00 %)," ",0,0,0,0,8.90,8.9,8.90,8.90
11/08/2017,6.12,8.90,0.00 (0.00 %)," ",0,0,0,0,8.90,8.90,8.90,8.90
10/08/2017,6.12,8.90,0.00 (0.00 %)," ",20,"180,000",0,0,8.90,8.9,8.90,8.90
08/08/2017,6.12,8.90,0.00 (0.00 %)," ",0,0,0,0,8.90,8.9,8.90,8.90
07/08/2017,6.12,8.90,0.00 (0.00 %)," ",20,"170,000",0,0,8.90,8.90,8.90,8.90
04/08/2017,6.12,8.90,0.00 (0.00 %)," ",0,0,0,0,8.90,8.9,8.90,8.90
03/08/2017,6.12,8.90,0.00 (0.00 %)," ",0,0,0,0,8.90,8.90,8.90,8.90
02/08/2017,6.12,8.90,0.00 (0.00 %)," ",0,0,0,0,8.90,8.9,8.90,8.90
01/08/2017,6.12,8.90,0.00 (0.00 %)," ",0,0,0,0,8.90,8.90,8.90,8.90
31/07/2017,6.12,8.90,0.00 (0.00 %)," ",0,0,0,0,8.90,8.9,8.90,8.90
28/07/2017,6.12,8.90,0.00 (0.00 %)," ",0,0,0,0,8.90,8.90,8.90,8.90
27/07/2017,6.12,8.90,0.00 (0.00 %)," ",0,0,0,0,8.90,8.9,8.90,8.90
26/07/2017,6.12,8.90,0.00 (0.00 %)," ",0,0,0,0,8.90,8.90,8.90,8.90
25/07/2017,6.12,8.90,0.00 (0.00 %)," ",0,0,0,0,8.90,8.9,8.90,8.90
24/07/2017,6.12,8.90,0.00 (0.00 %)," ",0,0,0,0,8.90,8.90,8.90,8.90
21/07/2017,6.12,8.90,0.00 (0.00 %)," ",0,0,0,0,8.90,8.9,8.90,8.90
20/07/2017,6.12,8.90,0.00 (0.00 %)," ",0,0,0,0,8.90,8.90,8.90,8.90
19/07/2017,6.12,8.90,0.00 (0.00 %)," ",0,0,0,0,8.90,8.9,8.90,8.90
18/07/2017,6.12,8.90,0.00 (0.00 %)," ",0,0,0,0,8.90,8.90,8.90,8.90
17/07/2017,6.12,8.90,0.00 (0.00 %)," ",0,0,0,0,8.90,8.9,8.90,8.90
14/07/2017,6.12,8.90,0.00 (0.00 %)," ",0,0,0,0,8.90,8.90,8.90,8.90
13/07/2017,6.12,8.90,0.00 (0.00 %)," ",0,0,0,0,8.90,8.9,8.90,8.90
11/07/2017,6.12,8.90,0.00 (0.00 %)," ",0,0,0,0,8.90,8.9,8.90,8.90
10/07/2017,6.12,8.90,0.00 (0.00 %)," ",0,0,0,0,8.90,8.90,8.90,8.90
07/07/2017,6.12,8.90,0.00 (0.00 %)," ",0,0,0,0,8.90,8.9,8.90,8.90
06/07/2017,6.12,8.90,0.00 (0.00 %)," ",0,0,0,0,8.90,8.90,8.90,8.90
05/07/2017,6.12,8.90,0.00 (0.00 %)," ",0,0,0,0,8.90,8.9,8.90,8.90
04/07/2017,6.12,8.90,0.00 (0.00 %)," ",0,0,0,0,8.90,8.90,8.90,8.90
03/07/2017,6.12,8.90,0.00 (0.00 %)," ",0,0,0,0,8.90,8.9,8.90,8.90
30/06/2017,6.12,8.90,0.00 (0.00 %)," ",0,0,0,0,8.90,8.90,8.90,8.90
29/06/2017,6.12,8.90,0.00 (0.00 %)," ",0,0,0,0,8.90,8.9,8.90,8.90
28/06/2017,6.12,8.90,0.00 (0.00 %)," ",25,"212,500",0,0,8.90,8.90,8.90,8.90
27/06/2017,6.12,8.90,0.00 (0.00 %)," ",0,0,0,0,8.90,8.9,8.90,8.90
26/06/2017,6.12,8.90,0.00 (0.00 %)," ",0,0,0,0,8.90,8.90,8.90,8.90
23/06/2017,6.12,8.90,0.00 (0.00 %)," ",0,0,0,0,8.90,8.9,8.90,8.90
22/06/2017,6.12,8.90,0.00 (0.00 %)," ",0,0,0,0,8.90,8.90,8.90,8.90
21/06/2017,6.12,8.90,0.00 (0.00 %)," ",0,0,0,0,8.90,8.9,8.90,8.90
20/06/2017,6.12,8.90,0.00 (0.00 %)," ",0,0,0,0,8.90,8.90,8.90,8.90
19/06/2017,6.12,8.90,0.00 (0.00 %)," ",0,0,0,0,8.90,8.9,8.90,8.90
16/06/2017,6.12,8.90,0.00 (0.00 %)," ",0,0,0,0,8.90,8.90,8.90,8.90
15/06/2017,6.12,8.90,0.00 (0.00 %)," ",0,0,0,0,8.90,8.9,8.90,8.90
13/06/2017,6.12,8.90,0.00 (0.00 %)," ",39,"351,000",0,0,8.90,8.9,8.90,8.90
12/06/2017,6.12,8.90,0.00 (0.00 %)," ",0,0,0,0,8.90,8.90,8.90,8.90
09/06/2017,6.12,8.90,0.00 (0.00 %)," ",0,0,0,0,8.90,8.9,8.90,8.90
08/06/2017,6.12,8.90,0.00 (0.00 %)," ",0,0,0,0,8.90,8.90,8.90,8.90
07/06/2017,6.12,9.30,0.00 (0.00 %)," ",0,0,0,0,9.30,9.3,9.30,9.30
06/06/2017,6.12,9.30,0.00 (0.00 %)," ",64,"544,000",0,0,9.30,9.30,9.30,9.30
05/06/2017,6.12,9.30,0.80 (9.41 %)," ","2,000","18,600,000",0,0,8.50,9.3,9.30,9.30
02/06/2017,5.59,8.50,0.00 (0.00 %)," ",0,0,0,0,8.50,8.50,8.50,8.50
01/06/2017,5.59,8.50,0.00 (0.00 %)," ",0,0,0,0,8.50,8.5,8.50,8.50
31/05/2017,5.59,8.50,0.00 (0.00 %)," ",0,0,0,0,8.50,8.50,8.50,8.50
30/05/2017,5.59,8.50,0.00 (0.00 %)," ",0,0,0,0,8.50,8.5,8.50,8.50
29/05/2017,5.59,8.50,0.00 (0.00 %)," ",0,0,0,0,8.50,8.50,8.50,8.50
26/05/2017,5.59,8.50,0.00 (0.00 %)," ",0,0,0,0,8.50,8.5,8.50,8.50
25/05/2017,5.59,8.50,0.00 (0.00 %)," ",0,0,0,0,8.50,8.50,8.50,8.50
24/05/2017,5.59,8.50,0.00 (0.00 %)," ",0,0,0,0,8.50,8.5,8.50,8.50
23/05/2017,5.59,8.50,-0.40 (-4.49 %)," ","1,100","9,350,000",0,0,8.90,8.50,8.50,8.50
22/05/2017,5.86,8.90,0.00 (0.00 %)," ",0,0,0,0,8.90,8.9,8.90,8.90
19/05/2017,5.86,8.90,0.00 (0.00 %)," ",0,0,0,0,8.90,8.90,8.90,8.90
18/05/2017,5.86,8.90,0.00 (0.00 %)," ",0,0,0,0,8.90,8.9,8.90,8.90
16/05/2017,5.86,8.90,0.00 (0.00 %)," ",0,0,0,0,8.90,8.9,8.90,8.90
15/05/2017,5.86,8.90,0.00 (0.00 %)," ",0,0,0,0,8.90,8.90,8.90,8.90
12/05/2017,5.86,8.90,0.00 (0.00 %)," ",0,0,0,0,8.90,8.9,8.90,8.90
11/05/2017,5.86,8.90,0.00 (0.00 %)," ",0,0,0,0,8.90,8.90,8.90,8.90
10/05/2017,5.86,8.90,0.00 (0.00 %)," ",0,0,0,0,8.90,8.9,8.90,8.90
09/05/2017,5.86,8.90,0.00 (0.00 %)," ",0,0,0,0,8.90,8.90,8.90,8.90
08/05/2017,5.86,8.90,0.00 (0.00 %)," ",0,0,0,0,8.90,8.9,8.90,8.90
05/05/2017,5.86,8.90,0.00 (0.00 %)," ",0,0,0,0,8.90,8.90,8.90,8.90
04/05/2017,5.86,8.90,0.00 (0.00 %)," ",0,0,0,0,8.90,8.9,8.90,8.90
03/05/2017,5.86,8.90,0.00 (0.00 %)," ",0,0,0,0,8.90,8.90,8.90,8.90
28/04/2017,5.86,8.90,0.00 (0.00 %)," ",0,0,0,0,8.90,8.9,8.90,8.90
27/04/2017,5.86,8.90,0.00 (0.00 %)," ",0,0,0,0,8.90,8.90,8.90,8.90
26/04/2017,5.86,8.90,0.00 (0.00 %)," ",0,0,0,0,8.90,8.9,8.90,8.90
25/04/2017,5.86,8.90,0.80 (9.88 %)," ",600,"5,340,000",0,0,8.10,8.90,8.90,8.90
24/04/2017,5.33,8.10,0.00 (0.00 %)," ",0,0,0,0,8.10,8.1,8.10,8.10
21/04/2017,5.33,8.10,-0.90 (-10.00 %)," ",200,"1,620,000",0,0,9.00,8.10,8.10,8.10
20/04/2017,5.92,9.00,0.00 (0.00 %)," ",800,"7,200,000",0,0,9.00,9.0,9.00,9.00
19/04/2017,5.92,9.00,0.00 (0.00 %)," ",0,0,0,0,9.00,9.00,9.00,9.00
18/04/2017,5.92,9.00,0.00 (0.00 %)," ",0,0,0,0,9.00,9.0,9.00,9.00
14/04/2017,5.92,9.00,0.00 (0.00 %)," ",0,0,0,0,9.00,9.0,9.00,9.00
13/04/2017,5.92,9.00,0.00 (0.00 %)," ",0,0,0,0,9.00,9.00,9.00,9.00
12/04/2017,5.92,9.00,0.00 (0.00 %)," ",0,0,0,0,9.00,9.0,9.00,9.00
11/04/2017,5.92,9.00,0.00 (0.00 %)," ","1,165","10,485,000",0,0,9.00,9.00,9.00,9.00
10/04/2017,5.92,9.00,0.00 (0.00 %)," ",0,0,0,0,9.00,9.0,9.00,9.00
07/04/2017,5.92,9.00,0.00 (0.00 %)," ",100,"887,500",0,0,9.00,9.00,9.00,9.00
05/04/2017,5.92,9.00,0.00 (0.00 %)," ",56,"461,600",0,0,9.00,9.0,9.00,9.00
04/04/2017,5.92,9.00,0.00 (0.00 %)," ",0,0,0,0,9.00,9.00,9.00,9.00
03/04/2017,5.92,9.00,0.00 (0.00 %)," ","1,460","13,086,000",0,0,9.00,9.0,9.00,9.00
31/03/2017,5.92,9.00,0.00 (0.00 %)," ",0,0,0,0,9.00,9.00,9.00,9.00
30/03/2017,5.92,9.00,0.00 (0.00 %)," ",0,0,0,0,9.00,9.0,9.00,9.00
29/03/2017,5.92,9.00,0.00 (0.00 %)," ",0,0,0,0,9.00,9.00,9.00,9.00
28/03/2017,5.92,9.00,0.00 (0.00 %)," ",0,0,0,0,9.00,9.0,9.00,9.00
27/03/2017,5.92,9.00,0.00 (0.00 %)," ",0,0,0,0,9.00,9.00,9.00,9.00
24/03/2017,5.92,9.00,-0.90 (-9.09 %)," ",400,"3,600,000",120,"1,080,000",9.90,9.0,9.00,9.00
23/03/2017,6.52,9.90,0.00 (0.00 %)," ",0,0,0,0,9.90,9.90,9.90,9.90
22/03/2017,6.52,9.90,0.90 (10.00 %)," ","2,500","24,750,000",0,0,9.00,9.9,9.90,9.90
21/03/2017,5.92,9.00,0.00 (0.00 %)," ",0,0,0,0,9.00,9.00,9.00,9.00
20/03/2017,5.92,9.00,0.00 (0.00 %)," ",0,0,0,0,9.00,9.0,9.00,9.00
17/04/2017,5.92,9.00,0.00 (0.00 %),"  ",300,"2,700,000",0,0,9.00,9.00,9.00,9.00
14/04/2017,5.92,9.00,0.00 (0.00 %),"  ",0,0,0,0,9.00,9.0,9.00,9.00
13/04/2017,5.92,9.00,0.00 (0.00 %),"  ",0,0,0,0,9.00,9.00,9.00,9.00
12/04/2017,5.92,9.00,0.00 (0.00 %),"  ",0,0,0,0,9.00,9.0,9.00,9.00
11/04/2017,5.92,9.00,0.00 (0.00 %),"  ","1,165","10,485,000",0,0,9.00,9.00,9.00,9.00
10/04/2017,5.92,9.00,0.00 (0.00 %),"  ",0,0,0,0,9.00,9.0,9.00,9.00
07/04/2017,5.92,9.00,0.00 (0.00 %),"  ",100,"887,500",0,0,9.00,9.00,9.00,9.00
05/04/2017,5.92,9.00,0.00 (0.00 %),"  ",56,"461,600",0,0,9.00,9.0,9.00,9.00
04/04/2017,5.92,9.00,0.00 (0.00 %),"  ",0,0,0,0,9.00,9.00,9.00,9.00
03/04/2017,5.92,9.00,0.00 (0.00 %),"  ","1,460","13,086,000",0,0,9.00,9.0,9.00,9.00
31/03/2017,5.92,9.00,0.00 (0.00 %),"  ",0,0,0,0,9.00,9.00,9.00,9.00
30/03/2017,5.92,9.00,0.00 (0.00 %),"  ",0,0,0,0,9.00,9.0,9.00,9.00
29/03/2017,5.92,9.00,0.00 (0.00 %),"  ",0,0,0,0,9.00,9.00,9.00,9.00
28/03/2017,5.92,9.00,0.00 (0.00 %),"  ",0,0,0,0,9.00,9.0,9.00,9.00
27/03/2017,5.92,9.00,0.00 (0.00 %),"  ",0,0,0,0,9.00,9.00,9.00,9.00
24/03/2017,5.92,9.00,-0.90 (-9.09 %),"  ",400,"3,600,000",120,"1,080,000",9.90,9.0,9.00,9.00
23/03/2017,6.52,9.90,0.00 (0.00 %),"  ",0,0,0,0,9.90,9.90,9.90,9.90
22/03/2017,6.52,9.90,0.90 (10.00 %),"  ","2,500","24,750,000",0,0,9.00,9.9,9.90,9.90
21/03/2017,5.92,9.00,0.00 (0.00 %),"  ",0,0,0,0,9.00,9.00,9.00,9.00
20/03/2017,5.92,9.00,0.00 (0.00 %),"  ",0,0,0,0,9.00,9.0,9.00,9.00
16/03/2017,6.58,10.00,0.00 (0.00 %)," ",0,0,0,0,10.00,10.0,10.00,10.00
15/03/2017,6.58,10.00,0.00 (0.00 %)," ",0,0,0,0,10.00,10.00,10.00,10.00
14/03/2017,6.58,10.00,0.00 (0.00 %)," ","1,100","11,000,000",0,0,10.00,10.0,10.00,10.00
13/03/2017,6.58,10.00,0.90 (9.89 %)," ","4,600","45,790,000",0,0,9.10,9.90,10.00,9.90
10/03/2017,5.99,9.10,0.00 (0.00 %)," ",10,"91,000",0,0,9.10,9.1,9.10,9.10
09/03/2017,5.99,9.10,0.00 (0.00 %)," ",0,0,0,0,9.10,9.10,9.10,9.10
08/03/2017,5.99,9.10,0.00 (0.00 %)," ",0,0,0,0,9.10,9.1,9.10,9.10
07/03/2017,5.99,9.10,0.00 (0.00 %)," ",0,0,0,0,9.10,9.10,9.10,9.10
06/03/2017,5.99,9.10,0.00 (0.00 %)," ",0,0,0,0,9.10,9.1,9.10,9.10
03/03/2017,5.99,9.10,0.00 (0.00 %)," ",0,0,0,0,9.10,9.10,9.10,9.10
02/03/2017,5.99,9.10,0.00 (0.00 %)," ",0,0,0,0,9.10,9.1,9.10,9.10
01/03/2017,5.99,9.10,0.80 (9.64 %)," ","1,600","14,560,000",0,0,8.30,9.10,9.10,9.10
28/02/2017,5.46,8.30,-0.60 (-6.74 %)," ",200,"1,660,000",0,0,8.90,8.3,8.30,8.30
27/02/2017,5.86,8.90,-0.50 (-5.32 %)," ","1,000","8,900,000",0,0,9.40,8.90,8.90,8.90
24/02/2017,6.19,9.40,0.00 (0.00 %)," ",0,0,0,0,9.40,9.4,9.40,9.40
23/02/2017,6.19,9.40,0.00 (0.00 %)," ",0,0,0,0,9.40,9.40,9.40,9.40
22/02/2017,6.19,9.40,0.00 (0.00 %)," ",0,0,0,0,9.40,9.4,9.40,9.40
21/02/2017,6.19,9.40,0.00 (0.00 %)," ",0,0,0,0,9.40,9.40,9.40,9.40
20/02/2017,6.19,9.40,0.00 (0.00 %)," ",0,0,0,0,9.40,9.4,9.40,9.40
