04/05/2022,24.00,24.00,24.00,0.00 (0.00 %)," ",0,0,0,0,24.00,24.00,24.00,24.00
29/04/2022,24.00,24.00,24.00,0.00 (0.00 %)," ",0,0,0,0,24.00,24.0,24.00,24.00
28/04/2022,24.00,24.00,24.00,0.00 (0.00 %)," ",0,0,0,0,24.00,24.00,24.00,24.00
27/04/2022,24.00,24.00,24.00,0.00 (0.00 %)," ",0,0,0,0,24.00,24.0,24.00,24.00
26/04/2022,24.00,24.00,24.00,0.00 (0.00 %)," ",0,0,0,0,24.00,24.00,24.00,24.00
25/04/2022,24.00,24.00,24.00,0.00 (0.00 %)," ",0,0,0,0,24.00,24.0,24.00,24.00
22/04/2022,24.00,24.00,24.00,0.00 (0.00 %)," ",0,0,0,0,24.00,24.00,24.00,24.00
21/04/2022,24.00,24.00,24.00,0.00 (0.00 %)," ",0,0,0,0,24.00,24.0,24.00,24.00
20/04/2022,24.00,24.00,24.00,0.00 (0.00 %)," ",0,0,0,0,24.00,24.00,24.00,24.00
19/04/2022,24.00,24.00,24.00,0.00 (0.00 %)," ",0,0,0,0,24.00,24.0,24.00,24.00
18/04/2022,24.00,24.00,24.00,0.00 (0.00 %)," ",0,0,0,0,24.00,24.00,24.00,24.00
14/04/2022,24.00,24.00,24.00,0.00 (0.00 %)," ",0,0,0,0,24.00,24.0,24.00,24.00
13/04/2022,24.00,24.00,24.00,0.00 (0.00 %)," ",200,"4,800,000",0,0,24.00,24.00,24.00,24.00
12/04/2022,24.00,24.00,24.00,0.00 (0.00 %)," ",0,0,0,0,24.00,24.0,24.00,24.00
08/04/2022,24.00,24.00,24.00,0.00 (0.00 %)," ",0,0,0,0,24.00,24.00,24.00,24.00
07/04/2022,24.00,24.00,24.00,0.00 (0.00 %)," ",0,0,0,0,24.00,24.0,24.00,24.00
06/04/2022,25.60,25.60,25.60,0.00 (0.00 %)," ",200,"4,800,000",0,0,25.60,24.00,25.60,25.60
05/04/2022,25.60,25.60,25.60,0.00 (0.00 %)," ",0,0,0,0,25.60,25.6,25.60,25.60
04/04/2022,24.80,24.80,24.80,1.80 (7.83 %)," ",200,"5,120,000",0,0,23.00,26.40,26.40,24.80
01/04/2022,23.00,23.00,23.00,0.00 (0.00 %)," ",0,0,0,0,23.00,23.0,23.00,23.00
04/05/2022,24.00,24.00,24.00,0.00 (0.00 %)," ",0,0,0,0,24.00,24.00,24.00,24.00
29/04/2022,24.00,24.00,24.00,0.00 (0.00 %)," ",0,0,0,0,24.00,24.0,24.00,24.00
28/04/2022,24.00,24.00,24.00,0.00 (0.00 %)," ",0,0,0,0,24.00,24.00,24.00,24.00
27/04/2022,24.00,24.00,24.00,0.00 (0.00 %)," ",0,0,0,0,24.00,24.0,24.00,24.00
26/04/2022,24.00,24.00,24.00,0.00 (0.00 %)," ",0,0,0,0,24.00,24.00,24.00,24.00
25/04/2022,24.00,24.00,24.00,0.00 (0.00 %)," ",0,0,0,0,24.00,24.0,24.00,24.00
22/04/2022,24.00,24.00,24.00,0.00 (0.00 %)," ",0,0,0,0,24.00,24.00,24.00,24.00
21/04/2022,24.00,24.00,24.00,0.00 (0.00 %)," ",0,0,0,0,24.00,24.0,24.00,24.00
20/04/2022,24.00,24.00,24.00,0.00 (0.00 %)," ",0,0,0,0,24.00,24.00,24.00,24.00
19/04/2022,24.00,24.00,24.00,0.00 (0.00 %)," ",0,0,0,0,24.00,24.0,24.00,24.00
18/04/2022,24.00,24.00,24.00,0.00 (0.00 %)," ",0,0,0,0,24.00,24.00,24.00,24.00
14/04/2022,24.00,24.00,24.00,0.00 (0.00 %)," ",0,0,0,0,24.00,24.0,24.00,24.00
13/04/2022,24.00,24.00,24.00,0.00 (0.00 %)," ",200,"4,800,000",0,0,24.00,24.00,24.00,24.00
12/04/2022,24.00,24.00,24.00,0.00 (0.00 %)," ",0,0,0,0,24.00,24.0,24.00,24.00
08/04/2022,24.00,24.00,24.00,0.00 (0.00 %)," ",0,0,0,0,24.00,24.00,24.00,24.00
07/04/2022,24.00,24.00,24.00,0.00 (0.00 %)," ",0,0,0,0,24.00,24.0,24.00,24.00
06/04/2022,25.60,25.60,25.60,0.00 (0.00 %)," ",200,"4,800,000",0,0,25.60,24.00,25.60,25.60
05/04/2022,25.60,25.60,25.60,0.00 (0.00 %)," ",0,0,0,0,25.60,25.6,25.60,25.60
04/04/2022,24.80,24.80,24.80,1.80 (7.83 %)," ",200,"5,120,000",0,0,23.00,26.40,26.40,24.80
01/04/2022,23.00,23.00,23.00,0.00 (0.00 %)," ",0,0,0,0,23.00,23.0,23.00,23.00
31/03/2022,23.00,23.00,23.00,-2.30 (-9.09 %)," ",300,"6,900,000",0,0,25.30,23.00,23.00,23.00
30/03/2022,27.80,27.80,27.80,-0.10 (-0.36 %)," ",500,"12,670,000",0,0,27.90,25.0,27.80,23.90
29/03/2022,27.90,27.90,27.90,0.00 (0.00 %)," ",0,0,0,0,27.90,27.90,27.90,27.90
28/03/2022,27.90,27.90,27.90,1.90 (7.31 %)," ",100,"2,790,000",0,0,26.00,27.9,27.90,27.90
25/03/2022,26.00,26.00,26.00,0.00 (0.00 %)," ",0,0,0,0,26.00,26.00,26.00,26.00
24/03/2022,26.00,26.00,26.00,1.50 (6.12 %)," ",100,"2,600,000",0,0,24.50,26.0,26.00,26.00
23/03/2022,24.50,24.50,24.50,0.00 (0.00 %)," ",0,0,0,0,24.50,24.50,24.50,24.50
22/03/2022,24.50,24.50,24.50,0.00 (0.00 %)," ",0,0,0,0,24.50,24.5,24.50,24.50
21/03/2022,26.90,26.90,26.90,-1.00 (-3.58 %)," ","2,400","58,850,000",0,0,27.90,23.80,27.30,23.80
18/03/2022,27.90,27.90,27.90,3.00 (12.05 %)," ",100,"2,790,000",0,0,24.90,27.9,27.90,27.90
17/03/2022,24.90,24.90,24.90,0.00 (0.00 %)," ",0,0,0,0,24.90,24.90,24.90,24.90
16/03/2022,24.90,24.90,24.90,0.00 (0.00 %)," ",0,0,0,0,24.90,24.9,24.90,24.90
15/03/2022,24.90,24.90,24.90,2.80 (12.67 %)," ",100,"2,490,000",0,0,22.10,24.90,24.90,24.90
14/03/2022,22.10,22.10,22.10,0.00 (0.00 %)," ",0,0,0,0,22.10,22.1,22.10,22.10
11/03/2022,22.10,22.10,22.10,-3.70 (-14.34 %)," ",100,"2,210,000",0,0,25.80,22.10,22.10,22.10
10/03/2022,25.80,25.80,25.80,0.00 (0.00 %)," ",0,0,0,0,25.80,25.8,25.80,25.80
09/03/2022,25.80,25.80,25.80,0.00 (0.00 %)," ",0,0,0,0,25.80,25.80,25.80,25.80
08/03/2022,25.80,25.80,25.80,0.00 (0.00 %)," ",0,0,0,0,25.80,25.8,25.80,25.80
07/03/2022,25.80,25.80,25.80,0.00 (0.00 %)," ",0,0,0,0,25.80,25.80,25.80,25.80
04/03/2022,25.80,25.80,25.80,0.00 (0.00 %)," ",0,0,0,0,25.80,25.8,25.80,25.80
03/03/2022,25.80,25.80,25.80,0.00 (0.00 %)," ",0,0,0,0,25.80,25.80,25.80,25.80
02/03/2022,25.80,25.80,25.80,0.00 (0.00 %)," ",0,0,0,0,25.80,25.8,25.80,25.80
01/03/2022,25.90,25.90,25.90,2.60 (11.16 %)," ","1,100","28,350,000",0,0,23.30,25.90,25.90,25.70
28/02/2022,23.30,23.30,23.30,0.00 (0.00 %)," ",0,0,0,0,23.30,23.3,23.30,23.30
25/02/2022,23.30,23.30,23.30,0.00 (0.00 %)," ",0,0,0,0,23.30,23.30,23.30,23.30
24/02/2022,23.30,23.30,23.30,0.00 (0.00 %)," ",0,0,0,0,23.30,23.3,23.30,23.30
23/02/2022,23.30,23.30,23.30,0.00 (0.00 %)," ",0,0,0,0,23.30,23.30,23.30,23.30
22/02/2022,23.30,23.30,23.30,0.00 (0.00 %)," ",0,0,0,0,23.30,23.3,23.30,23.30
21/02/2022,24.10,24.10,24.10,2.80 (13.15 %)," ",400,"9,310,000",0,0,21.30,22.00,24.10,22.00
18/02/2022,21.30,21.30,21.30,0.00 (0.00 %)," ",0,0,0,0,21.30,21.3,21.30,21.30
17/02/2022,21.30,21.30,21.30,0.00 (0.00 %)," ",0,0,0,0,21.30,21.30,21.30,21.30
16/02/2022,21.30,21.30,21.30,-2.60 (-10.88 %)," ",100,"2,130,000",0,0,23.90,21.3,21.30,21.30
15/02/2022,23.90,23.90,23.90,0.00 (0.00 %)," ",0,0,0,0,23.90,23.90,23.90,23.90
14/02/2022,23.90,23.90,23.90,-0.30 (-1.24 %)," ","1,900","45,410,000",0,0,24.20,23.9,23.90,23.90
11/02/2022,24.20,24.20,24.20,0.00 (0.00 %)," ",0,0,0,0,24.20,24.20,24.20,24.20
10/02/2022,24.20,24.20,24.20,0.00 (0.00 %)," ",0,0,0,0,24.20,24.2,24.20,24.20
09/02/2022,24.20,24.20,24.20,0.00 (0.00 %)," ",0,0,0,0,24.20,24.20,24.20,24.20
08/02/2022,24.20,24.20,24.20,2.20 (10.00 %)," ",100,"2,420,000",0,0,22.00,24.2,24.20,24.20
07/02/2022,22.00,22.00,22.00,-2.50 (-10.20 %)," ","21,000","462,000,000",0,0,24.50,22.00,22.00,22.00
28/01/2022,24.50,24.50,24.50,0.00 (0.00 %)," ",0,0,0,0,24.50,24.5,24.50,24.50
27/01/2022,24.50,24.50,24.50,0.00 (0.00 %)," ",0,0,0,0,24.50,24.50,24.50,24.50
26/01/2022,24.50,24.50,24.50,-0.20 (-0.81 %)," ",400,"9,800,000",0,0,24.70,24.5,24.50,24.50
25/01/2022,24.70,24.70,24.70,0.00 (0.00 %)," ",0,0,0,0,24.70,24.70,24.70,24.70
24/01/2022,24.70,24.70,24.70,0.00 (0.00 %)," ",0,0,"17,500","497,000,000",24.70,24.7,24.70,24.70
21/01/2022,24.70,24.70,24.70,0.00 (0.00 %)," ",0,0,0,0,24.70,24.70,24.70,24.70
20/01/2022,24.70,24.70,24.70,0.00 (0.00 %)," ",0,0,0,0,24.70,24.7,24.70,24.70
19/01/2022,24.70,24.70,24.70,0.00 (0.00 %)," ",0,0,0,0,24.70,24.70,24.70,24.70
18/01/2022,24.70,24.70,24.70,0.00 (0.00 %)," ",0,0,0,0,24.70,24.7,24.70,24.70
14/01/2022,24.70,24.70,24.70,0.00 (0.00 %)," ",0,0,0,0,24.70,24.70,24.70,24.70
13/01/2022,24.70,24.70,24.70,2.90 (13.30 %)," ",155,"3,834,000",0,0,21.80,24.7,24.70,24.70
12/01/2022,21.80,21.80,21.80,-3.80 (-14.84 %)," ","2,200","48,060,000",0,0,25.60,21.90,21.90,21.80
11/01/2022,25.60,25.60,25.60,-0.70 (-2.66 %)," ",500,"12,800,000",0,0,26.30,25.6,25.60,25.60
10/01/2022,26.30,26.30,26.30,3.30 (14.35 %)," ",100,"2,630,000",0,0,23.00,26.30,26.30,26.30
07/01/2022,23.00,23.00,23.00,0.00 (0.00 %)," ",350,"8,220,000",0,0,23.00,23.0,23.00,23.00
06/01/2022,23.00,23.00,23.00,-3.90 (-14.50 %)," ","8,400","193,190,000",0,0,26.90,23.00,23.00,22.90
05/01/2022,26.90,26.90,26.90,0.00 (0.00 %)," ",0,0,0,0,26.90,26.9,26.90,26.90
04/01/2022,26.90,26.90,26.90,0.00 (0.00 %)," ",0,0,0,0,26.90,26.90,26.90,26.90
31/12/2021,26.90,26.90,26.90,0.00 (0.00 %)," ",0,0,0,0,26.90,26.9,26.90,26.90
30/12/2021,26.90,26.90,26.90,0.00 (0.00 %)," ",0,0,0,0,26.90,26.90,26.90,26.90
29/12/2021,26.90,26.90,26.90,0.00 (0.00 %)," ",0,0,0,0,26.90,26.9,26.90,26.90
27/12/2021,26.90,26.90,26.90,1.20 (4.67 %)," ","2,200","59,180,000",0,0,25.70,26.90,26.90,26.90
24/12/2021,27.40,27.40,27.40,2.40 (9.60 %)," ",300,"7,720,000",0,0,25.00,24.9,27.40,24.90
23/12/2021,25.00,25.00,25.00,0.00 (0.00 %)," ",0,0,0,0,25.00,25.00,25.00,25.00
21/12/2021,26.00,26.00,26.00,0.00 (0.00 %)," ",0,0,0,0,26.00,26.0,26.00,26.00
20/12/2021,26.00,26.00,26.00,0.00 (0.00 %)," ",0,0,0,0,26.00,26.00,26.00,26.00
17/12/2021,26.00,26.00,26.00,0.00 (0.00 %)," ",0,0,0,0,26.00,26.0,26.00,26.00
16/12/2021,26.00,26.00,26.00,0.00 (0.00 %)," ",1,"29,900",0,0,26.00,26.00,26.00,26.00
15/12/2021,27.70,27.70,27.70,3.50 (14.46 %)," ",200,"5,190,000",0,0,24.20,24.2,27.70,24.20
14/12/2021,27.30,27.30,27.30,3.40 (14.23 %)," ","1,100","26,630,000",0,0,23.90,23.90,27.30,23.90
13/12/2021,23.00,23.00,23.00,-3.70 (-13.86 %)," ","1,700","40,660,000",0,0,26.70,26.0,26.00,23.00
10/12/2021,26.70,26.70,26.70,0.00 (0.00 %)," ",0,0,0,0,26.70,26.70,26.70,26.70
09/12/2021,26.70,26.70,26.70,0.00 (0.00 %)," ",0,0,0,0,26.70,26.7,26.70,26.70
08/12/2021,29.50,29.50,29.50,-0.20 (-0.67 %)," ",356,"9,426,800",0,0,29.70,25.30,29.50,25.30
07/12/2021,29.70,29.70,29.70,0.00 (0.00 %)," ",0,0,0,0,29.70,29.7,29.70,29.70
06/12/2021,29.70,29.70,29.70,0.00 (0.00 %)," ",0,0,0,0,29.70,29.70,29.70,29.70
03/12/2021,29.70,29.70,29.70,0.00 (0.00 %)," ",0,0,0,0,29.70,29.7,29.70,29.70
02/12/2021,30.00,30.00,30.00,0.00 (0.00 %)," ","3,000","89,050,000",0,0,30.00,29.00,30.00,29.00
01/12/2021,30.00,30.00,30.00,3.80 (14.50 %)," ",100,"3,000,000",0,0,26.20,30.0,30.00,30.00
30/11/2021,26.20,26.20,26.20,0.00 (0.00 %)," ",500,"13,100,000",0,0,26.20,26.20,26.20,26.20
29/11/2021,26.20,26.20,26.20,0.00 (0.00 %)," ",200,"5,240,000",0,0,26.20,26.2,26.20,26.20
26/11/2021,26.20,26.20,26.20,0.00 (0.00 %)," ",0,0,0,0,26.20,26.20,26.20,26.20
25/11/2021,26.20,26.20,26.20,0.00 (0.00 %)," ",0,0,0,0,26.20,26.2,26.20,26.20
24/11/2021,26.20,26.20,26.20,0.00 (0.00 %)," ",0,0,0,0,26.20,26.20,26.20,26.20
23/11/2021,26.20,26.20,26.20,0.00 (0.00 %)," ",0,0,0,0,26.20,26.2,26.20,26.20
22/11/2021,26.20,26.20,26.20,0.00 (0.00 %)," ",0,0,0,0,26.20,26.20,26.20,26.20
19/11/2021,26.20,26.20,26.20,0.00 (0.00 %)," ",800,"20,920,000",0,0,26.20,26.2,26.20,26.10
18/11/2021,26.20,26.20,26.20,0.00 (0.00 %)," ",0,0,0,0,26.20,26.20,26.20,26.20
17/11/2021,26.20,26.20,26.20,0.00 (0.00 %)," ",0,0,0,0,26.20,26.2,26.20,26.20
16/11/2021,26.20,26.20,26.20,0.00 (0.00 %)," ",400,"10,480,000",0,0,26.20,26.20,26.20,26.20
15/11/2021,25.70,25.70,25.70,0.10 (0.39 %)," ",600,"15,740,000",0,0,25.60,29.0,29.00,25.60
12/11/2021,25.60,25.60,25.60,0.00 (0.00 %)," ",100,"2,560,000",0,0,25.60,25.60,25.60,25.60
11/11/2021,25.50,25.50,25.50,-0.40 (-1.54 %)," ","1,000","25,550,000",0,0,25.90,25.7,25.70,25.50
10/11/2021,28.40,28.40,28.40,2.70 (10.51 %)," ",400,"10,340,000",0,0,25.70,25.00,28.40,25.00
09/11/2021,25.70,25.70,25.70,-4.30 (-14.33 %)," ",500,"12,830,000",0,0,30.00,25.6,25.70,25.60
08/11/2021,29.90,29.90,29.90,3.70 (14.12 %)," ",200,"5,990,000",0,0,26.20,30.00,30.00,29.90
05/11/2021,26.20,26.20,26.20,0.90 (3.56 %)," ",600,"15,720,000",0,0,25.30,26.2,26.20,26.20
04/11/2021,25.30,25.30,25.30,-0.20 (-0.78 %)," ","1,200","30,400,000",0,0,25.50,25.40,25.40,25.30
03/11/2021,25.50,25.50,25.50,0.50 (2.00 %)," ",400,"10,200,000",0,0,25.00,25.5,25.50,25.50
02/11/2021,25.00,25.00,25.00,-0.90 (-3.47 %)," ",326,"8,168,200",0,0,25.90,25.00,25.00,25.00
01/11/2021,25.50,25.50,25.50,0.40 (1.59 %)," ","1,137","29,564,500",0,0,25.10,25.0,28.80,25.00
29/10/2021,26.50,26.50,26.50,0.00 (0.00 %)," ",600,"15,050,000",0,0,26.50,24.80,26.50,24.80
28/10/2021,26.50,26.50,26.50,0.00 (0.00 %)," ",0,0,0,0,26.50,26.5,26.50,26.50
27/10/2021,27.10,27.10,27.10,1.30 (5.04 %)," ","2,100","55,610,000",0,0,25.80,25.70,27.20,25.70
26/10/2021,25.80,25.80,25.80,0.00 (0.00 %)," ",0,0,0,0,25.80,25.8,25.80,25.80
25/10/2021,25.80,25.80,25.80,1.70 (7.05 %)," ","1,300","33,540,000",0,0,24.10,25.80,25.80,25.80
22/10/2021,24.10,24.10,24.10,-1.30 (-5.12 %)," ","1,200","28,900,000",0,0,25.40,24.0,24.10,24.00
21/10/2021,25.40,25.40,25.40,0.00 (0.00 %)," ",0,0,0,0,25.40,25.40,25.40,25.40
20/10/2021,25.40,25.40,25.40,0.00 (0.00 %)," ",0,0,0,0,25.40,25.4,25.40,25.40
19/10/2021,24.50,24.50,24.50,-1.10 (-4.30 %)," ","1,400","35,600,000",0,0,25.60,25.80,25.80,24.50
18/10/2021,25.60,25.60,25.60,0.00 (0.00 %)," ",0,0,0,0,25.60,25.6,25.60,25.60
15/10/2021,25.60,25.60,25.60,0.00 (0.00 %)," ",0,0,0,0,25.60,25.60,25.60,25.60
14/10/2021,25.60,25.60,25.60,0.00 (0.00 %)," ",0,0,0,0,25.60,25.6,25.60,25.60
13/10/2021,25.60,25.60,25.60,0.00 (0.00 %)," ",0,0,0,0,25.60,25.60,25.60,25.60
12/10/2021,25.60,25.60,25.60,0.00 (0.00 %)," ",0,0,0,0,25.60,25.6,25.60,25.60
11/10/2021,25.60,25.60,25.60,0.00 (0.00 %)," ",0,0,0,0,25.60,25.60,25.60,25.60
08/10/2021,25.90,25.90,25.90,0.90 (3.60 %)," ",500,"12,790,000",0,0,25.00,25.1,25.90,25.10
07/10/2021,25.00,25.00,25.00,0.00 (0.00 %)," ",0,0,0,0,25.00,25.00,25.00,25.00
06/10/2021,25.00,25.00,25.00,0.00 (0.00 %)," ",0,0,0,0,25.00,25.0,25.00,25.00
05/10/2021,25.00,25.00,25.00,0.00 (0.00 %)," ",200,"5,000,000",0,0,25.00,25.00,25.00,25.00
04/10/2021,25.00,25.00,25.00,0.00 (0.00 %)," ",0,0,0,0,25.00,25.0,25.00,25.00
01/10/2021,25.00,25.00,25.00,0.00 (0.00 %)," ",0,0,0,0,25.00,25.00,25.00,25.00
30/09/2021,24.50,24.50,24.50,-1.30 (-5.04 %)," ",500,"12,490,000",0,0,25.80,25.7,25.70,24.50
29/09/2021,25.80,25.80,25.80,1.30 (5.31 %)," ",100,"2,580,000",0,0,24.50,25.80,25.80,25.80
28/09/2021,24.50,24.50,24.50,0.00 (0.00 %)," ",0,0,0,0,24.50,24.5,24.50,24.50
27/09/2021,24.50,24.50,24.50,0.00 (0.00 %)," ",0,0,0,0,24.50,24.50,24.50,24.50
24/09/2021,24.50,24.50,24.50,0.00 (0.00 %)," ","1,500","36,750,000",0,0,24.50,24.5,24.50,24.50
23/09/2021,23.90,23.90,23.90,-4.20 (-14.95 %)," ","4,100","100,390,000",0,0,28.10,26.00,26.00,23.90
22/09/2021,28.10,28.10,28.10,0.00 (0.00 %)," ",0,0,0,0,28.10,28.1,28.10,28.10
21/09/2021,28.10,28.10,28.10,0.00 (0.00 %)," ",0,0,0,0,28.10,28.10,28.10,28.10
20/09/2021,27.90,27.90,27.90,0.10 (0.36 %)," ","1,400","39,360,000",0,0,27.80,28.2,28.20,27.90
17/09/2021,29.90,29.90,29.90,3.80 (14.56 %)," ","1,500","41,630,000",0,0,26.10,27.60,29.90,27.60
16/09/2021,26.10,26.10,26.10,-0.10 (-0.38 %)," ",500,"13,050,000",0,0,26.20,26.1,26.10,26.10
15/09/2021,26.20,26.20,26.20,0.00 (0.00 %)," ",0,0,0,0,26.20,26.20,26.20,26.20
14/09/2021,26.20,26.20,26.20,3.40 (14.91 %)," ",130,"3,406,000",0,0,22.80,26.2,26.20,26.20
13/09/2021,27.70,27.70,27.70,2.10 (8.20 %)," ",600,"13,670,000",0,0,25.60,21.80,27.70,21.80
10/09/2021,25.60,25.60,25.60,0.00 (0.00 %)," ",600,"15,360,000",0,0,25.60,25.6,25.60,25.60
09/09/2021,28.70,28.70,28.70,0.40 (1.41 %)," ",300,"7,690,000",0,0,28.30,24.10,28.70,24.10
08/09/2021,28.30,28.30,28.30,1.30 (4.81 %)," ",700,"19,780,000",0,0,27.00,28.7,28.70,26.00
07/09/2021,27.00,27.00,27.00,0.00 (0.00 %)," ",0,0,0,0,27.00,27.00,27.00,27.00
06/09/2021,27.00,27.00,27.00,0.00 (0.00 %)," ","1,000","27,000,000",0,0,27.00,27.0,27.00,27.00
01/09/2021,27.00,27.00,27.00,0.00 (0.00 %)," ",0,0,0,0,27.00,27.00,27.00,27.00
31/08/2021,27.00,27.00,27.00,0.00 (0.00 %)," ",0,0,0,0,27.00,27.0,27.00,27.00
30/08/2021,27.00,27.00,27.00,-1.00 (-3.57 %)," ",200,"5,400,000",0,0,28.00,27.00,27.00,27.00
27/08/2021,28.00,28.00,28.00,0.00 (0.00 %)," ",0,0,0,0,28.00,28.0,28.00,28.00
26/08/2021,28.00,28.00,28.00,0.00 (0.00 %)," ",0,0,0,0,28.00,28.00,28.00,28.00
25/08/2021,28.00,28.00,28.00,-0.90 (-3.11 %)," ",100,"2,800,000",0,0,28.90,28.0,28.00,28.00
24/08/2021,28.90,28.90,28.90,1.90 (7.04 %)," ",100,"2,890,000",0,0,27.00,28.90,28.90,28.90
23/08/2021,27.00,27.00,27.00,0.00 (0.00 %)," ",0,0,0,0,27.00,27.0,27.00,27.00
20/08/2021,27.00,27.00,27.00,0.00 (0.00 %)," ",0,0,0,0,27.00,27.00,27.00,27.00
19/08/2021,27.00,27.00,27.00,0.00 (0.00 %)," ",0,0,0,0,27.00,27.0,27.00,27.00
18/08/2021,27.00,27.00,27.00,0.00 (0.00 %)," ",0,0,0,0,27.00,27.00,27.00,27.00
17/08/2021,27.00,27.00,27.00,-0.30 (-1.10 %)," ",300,"8,100,000",0,0,27.30,27.0,27.00,27.00
16/08/2021,27.00,27.00,27.00,-2.60 (-8.78 %)," ",900,"24,580,000",0,0,29.60,29.50,29.50,27.00
13/08/2021,29.60,29.60,29.60,-0.10 (-0.34 %)," ",100,"2,960,000",0,0,29.70,29.6,29.60,29.60
12/08/2021,29.70,29.70,29.70,0.00 (0.00 %)," ",0,0,0,0,29.70,29.70,29.70,29.70
11/08/2021,29.70,29.70,29.70,0.30 (1.02 %)," ",500,"14,850,000",0,0,29.40,29.7,29.70,29.70
10/08/2021,31.00,31.00,31.00,3.70 (13.55 %)," ",500,"14,700,000",0,0,27.30,27.00,31.00,27.00
09/08/2021,27.30,27.30,27.30,0.00 (0.00 %)," ",0,0,0,0,27.30,27.3,27.30,27.30
06/08/2021,27.30,27.30,27.30,0.00 (0.00 %)," ",0,0,0,0,27.30,27.30,27.30,27.30
05/08/2021,27.30,27.30,27.30,0.30 (1.11 %)," ",400,"10,920,000",0,0,27.00,27.3,27.30,27.30
04/08/2021,27.00,27.00,27.00,-0.50 (-1.82 %)," ",200,"5,400,000",0,0,27.50,27.00,27.00,27.00
03/08/2021,27.50,27.50,27.50,0.00 (0.00 %)," ",0,0,0,0,27.50,27.5,27.50,27.50
02/08/2021,27.50,27.50,27.50,0.00 (0.00 %)," ",0,0,0,0,27.50,27.50,27.50,27.50
30/07/2021,27.50,27.50,27.50,-1.00 (-3.51 %)," ",100,"2,750,000",0,0,28.50,27.5,27.50,27.50
29/07/2021,28.50,28.50,28.50,0.00 (0.00 %)," ",0,0,0,0,28.50,28.50,28.50,28.50
28/07/2021,28.50,28.50,28.50,0.00 (0.00 %)," ",0,0,0,0,28.50,28.5,28.50,28.50
27/07/2021,28.50,28.50,28.50,0.00 (0.00 %)," ",300,"8,550,000",0,0,28.50,28.50,28.50,28.50
26/07/2021,28.50,28.50,28.50,0.00 (0.00 %)," ",0,0,0,0,28.50,28.5,28.50,28.50
23/07/2021,29.00,29.00,29.00,1.50 (5.45 %)," ",400,"11,400,000",0,0,27.50,28.00,29.00,28.00
22/07/2021,27.50,27.50,27.50,0.00 (0.00 %)," ",0,0,0,0,27.50,27.5,27.50,27.50
21/07/2021,27.50,27.50,27.50,0.00 (0.00 %)," ",0,0,0,0,27.50,27.50,27.50,27.50
20/07/2021,27.50,27.50,27.50,0.00 (0.00 %)," ",0,0,0,0,27.50,27.5,27.50,27.50
19/07/2021,27.50,27.50,27.50,0.00 (0.00 %)," ",0,0,0,0,27.50,27.50,27.50,27.50
16/07/2021,27.50,27.50,27.50,0.00 (0.00 %)," ",0,0,0,0,27.50,27.5,27.50,27.50
15/07/2021,27.50,27.50,27.50,0.00 (0.00 %)," ",100,"2,750,000",0,0,27.50,27.50,27.50,27.50
14/07/2021,27.50,27.50,27.50,0.00 (0.00 %)," ",0,0,0,0,27.50,27.5,27.50,27.50
13/07/2021,27.50,27.50,27.50,0.00 (0.00 %)," ",0,0,0,0,27.50,27.50,27.50,27.50
12/07/2021,27.50,27.50,27.50,0.00 (0.00 %)," ",0,0,0,0,27.50,27.5,27.50,27.50
09/07/2021,27.50,27.50,27.50,0.00 (0.00 %)," ",0,0,0,0,27.50,27.50,27.50,27.50
08/07/2021,27.50,27.50,27.50,0.00 (0.00 %)," ",0,0,"331,206","8,280,150,000",27.50,27.5,27.50,27.50
07/07/2021,27.50,27.50,27.50,0.00 (0.00 %)," ",0,0,0,0,27.50,27.50,27.50,27.50
06/07/2021,27.50,27.50,27.50,0.00 (0.00 %)," ",0,0,0,0,27.50,27.5,27.50,27.50
05/07/2021,27.50,27.50,27.50,0.00 (0.00 %)," ",0,0,0,0,27.50,27.50,27.50,27.50
02/07/2021,27.50,27.50,27.50,0.00 (0.00 %)," ",0,0,0,0,27.50,27.5,27.50,27.50
01/07/2021,27.50,27.50,27.50,0.00 (0.00 %)," ",0,0,0,0,27.50,27.50,27.50,27.50
30/06/2021,27.50,27.50,27.50,-1.50 (-5.17 %)," ",500,"13,750,000",0,0,29.00,27.5,27.50,27.50
29/06/2021,29.00,29.00,29.00,3.30 (12.84 %)," ",100,"2,900,000",0,0,25.70,29.00,29.00,29.00
28/06/2021,25.60,25.60,25.60,0.00 (0.00 %)," ",200,"5,130,000",0,0,25.60,25.7,25.70,25.60
25/06/2021,25.60,25.60,25.60,0.00 (0.00 %)," ",100,"2,560,000",0,0,25.60,25.60,25.60,25.60
24/06/2021,25.00,25.00,25.00,-3.30 (-11.66 %)," ",700,"17,900,000",0,0,28.30,27.0,27.00,25.00
23/06/2021,28.30,28.30,28.30,0.00 (0.00 %)," ",0,0,0,0,28.30,28.30,28.30,28.30
22/06/2021,28.30,28.30,28.30,0.00 (0.00 %)," ",0,0,0,0,28.30,28.3,28.30,28.30
18/06/2021,26.80,26.80,26.80,-0.10 (-0.37 %)," ",200,"5,360,000",0,0,26.90,26.80,26.80,26.80
17/06/2021,26.90,26.90,26.90,0.00 (0.00 %)," ",0,0,0,0,26.90,26.9,26.90,26.90
16/06/2021,26.90,26.90,26.90,1.60 (6.32 %)," ",200,"5,380,000",0,0,25.30,26.90,26.90,26.90
15/06/2021,25.30,25.30,25.30,0.00 (0.00 %)," ",0,0,0,0,25.30,25.3,25.30,25.30
14/06/2021,25.30,25.30,25.30,0.00 (0.00 %)," ",0,0,0,0,25.30,25.30,25.30,25.30
11/06/2021,29.00,29.00,29.00,3.00 (11.54 %)," ","1,600","40,400,000",0,0,26.00,25.0,29.00,25.00
10/06/2021,26.00,26.00,26.00,0.00 (0.00 %)," ",0,0,0,0,26.00,26.00,26.00,26.00
09/06/2021,26.00,26.00,26.00,0.00 (0.00 %)," ",0,0,0,0,26.00,26.0,26.00,26.00
08/06/2021,26.00,26.00,26.00,-1.00 (-3.70 %)," ",300,"7,800,000",0,0,27.00,26.00,26.00,26.00
07/06/2021,27.00,27.00,27.00,-0.50 (-1.82 %)," ",300,"8,100,000",0,0,27.50,27.0,27.00,27.00
04/06/2021,27.50,27.50,27.50,0.00 (0.00 %)," ",0,0,0,0,27.50,27.50,27.50,27.50
03/06/2021,27.50,27.50,27.50,-0.20 (-0.72 %)," ",109,"3,036,200",0,0,27.70,27.5,27.50,27.50
02/06/2021,27.70,27.70,27.70,0.00 (0.00 %)," ",0,0,0,0,27.70,27.70,27.70,27.70
01/06/2021,27.70,27.70,27.70,0.00 (0.00 %)," ",0,0,0,0,27.70,27.7,27.70,27.70
31/05/2021,27.70,27.70,27.70,0.00 (0.00 %)," ",8,"221,600",0,0,27.70,27.70,27.70,27.70
28/05/2021,27.69,27.70,27.70,3.60 (14.94 %)," ","1,400","38,770,000",0,0,24.10,27.6,27.70,27.60
27/05/2021,25.30,25.30,24.10,0.00 (0.00 %)," ",0,0,0,0,25.30,25.30,25.30,25.30
26/05/2021,24.06,25.00,23.82,-2.10 (-7.75 %)," ","2,402","60,660,000",0,0,27.10,31.1,31.10,25.00
25/05/2021,27.10,27.10,25.82,0.00 (0.00 %)," ",0,0,0,0,27.10,27.10,27.10,27.10
24/05/2021,27.10,27.10,25.82,0.00 (0.00 %)," ",0,0,0,0,27.10,27.1,27.10,27.10
21/05/2021,27.10,27.10,25.82,0.00 (0.00 %)," ",0,0,0,0,27.10,27.10,27.10,27.10
20/05/2021,27.10,27.10,25.82,0.00 (0.00 %)," ",0,0,0,0,27.10,27.1,27.10,27.10
19/05/2021,27.10,27.10,25.82,0.00 (0.00 %)," ",0,0,0,0,27.10,27.10,27.10,27.10
18/05/2021,25.82,27.10,25.82,0.10 (0.37 %)," ",500,"13,550,000",0,0,27.00,27.1,27.10,27.10
17/05/2021,25.72,27.00,25.72,-2.40 (-8.16 %)," ","2,200","59,400,000",0,0,29.40,27.00,27.00,27.00
14/05/2021,28.01,29.40,28.01,0.10 (0.34 %)," ","1,000","29,400,000",0,0,29.30,29.4,29.40,29.40
13/05/2021,27.86,30.00,28.58,-0.30 (-0.99 %)," ","2,000","58,500,000",0,0,30.30,29.00,30.00,29.00
12/05/2021,28.88,30.00,28.58,-1.00 (-3.23 %)," ","2,200","66,700,000",0,0,31.00,31.5,31.50,30.00
11/05/2021,29.53,31.00,29.53,-0.50 (-1.59 %)," ","1,200","37,200,000",0,0,31.50,31.00,31.00,31.00
10/05/2021,30.01,31.50,30.01,-1.40 (-4.26 %)," ","5,800","182,700,000",0,0,32.90,31.5,31.50,31.50
07/05/2021,32.90,32.90,31.34,0.00 (0.00 %)," ",0,0,0,0,32.90,32.90,32.90,32.90
06/05/2021,31.34,32.90,31.34,-5.10 (-13.42 %)," ","3,600","118,440,000",0,0,38.00,32.9,32.90,32.90
05/05/2021,38.00,38.00,36.20,0.00 (0.00 %)," ",0,0,0,0,38.00,38.00,38.00,38.00
04/05/2021,38.00,38.00,36.20,0.00 (0.00 %)," ",0,0,0,0,38.00,38.0,38.00,38.00
29/04/2021,38.00,38.00,36.20,0.00 (0.00 %)," ",0,0,0,0,38.00,38.00,38.00,38.00
28/04/2021,38.00,38.00,36.20,0.00 (0.00 %)," ",0,0,0,0,38.00,38.0,38.00,38.00
27/04/2021,38.00,38.00,36.20,0.00 (0.00 %)," ",0,0,0,0,38.00,38.00,38.00,38.00
26/04/2021,38.00,38.00,36.20,0.00 (0.00 %)," ",0,0,0,0,38.00,38.0,38.00,38.00
23/04/2021,38.00,38.00,36.20,0.00 (0.00 %)," ",0,0,0,0,38.00,38.00,38.00,38.00
22/04/2021,38.00,38.00,36.20,0.00 (0.00 %)," ",0,0,0,0,38.00,38.0,38.00,38.00
20/04/2021,38.00,38.00,36.20,0.00 (0.00 %)," ",0,0,0,0,38.00,38.00,38.00,38.00
19/04/2021,36.20,38.00,36.20,4.10 (12.09 %)," ",100,"3,800,000",0,0,33.90,38.0,38.00,38.00
16/04/2021,33.90,33.90,32.29,0.00 (0.00 %)," ",0,0,0,0,33.90,33.90,33.90,33.90
15/04/2021,32.29,33.90,32.29,0.00 (0.00 %)," ",0,0,0,0,33.90,33.9,33.90,33.90
14/04/2021,33.90,33.90,32.29,0.00 (0.00 %)," ",0,0,0,0,33.90,33.90,33.90,33.90
13/04/2021,33.90,33.90,32.29,0.00 (0.00 %)," ",0,0,0,0,33.90,33.9,33.90,33.90
12/04/2021,32.29,33.90,32.29,3.90 (13.00 %)," ",200,"6,780,000",0,0,30.00,33.90,33.90,33.90
09/04/2021,30.00,30.00,28.58,0.00 (0.00 %)," ",0,0,0,0,30.00,30.0,30.00,30.00
08/04/2021,28.58,30.00,28.58,-1.00 (-3.23 %)," ","3,000","90,000,000",0,0,31.00,30.00,30.00,30.00
07/04/2021,31.00,31.00,29.53,0.00 (0.00 %)," ",0,0,0,0,31.00,31.0,31.00,31.00
06/04/2021,31.00,31.00,29.53,0.00 (0.00 %)," ",0,0,0,0,31.00,31.00,31.00,31.00
05/04/2021,31.00,31.00,29.53,0.00 (0.00 %)," ",0,0,0,0,31.00,31.0,31.00,31.00
02/04/2021,31.00,31.00,29.53,0.00 (0.00 %)," ",0,0,0,0,31.00,31.00,31.00,31.00
01/04/2021,31.00,31.00,29.53,0.00 (0.00 %)," ",0,0,0,0,31.00,31.0,31.00,31.00
31/03/2021,29.53,31.00,29.53,0.00 (0.00 %)," ",100,"3,100,000",0,0,31.00,31.00,31.00,31.00
30/03/2021,31.00,31.00,29.53,0.00 (0.00 %)," ",0,0,0,0,31.00,31.0,31.00,31.00
29/03/2021,31.00,31.00,29.53,0.00 (0.00 %)," ",0,0,0,0,31.00,31.00,31.00,31.00
26/03/2021,32.00,32.00,30.48,0.00 (0.00 %)," ",0,0,0,0,32.00,32.0,32.00,32.00
25/03/2021,32.00,32.00,30.48,0.00 (0.00 %)," ",0,0,0,0,32.00,32.00,32.00,32.00
24/03/2021,30.48,32.00,30.48,0.00 (0.00 %)," ",500,"16,000,000",0,0,32.00,32.0,32.00,32.00
23/03/2021,30.48,32.00,30.48,-1.00 (-3.03 %)," ",500,"16,000,000",0,0,33.00,32.00,32.00,32.00
22/03/2021,33.00,33.00,31.44,0.00 (0.00 %)," ",0,0,0,0,33.00,33.0,33.00,33.00
19/03/2021,31.44,33.00,31.44,-5.00 (-13.16 %)," ","5,000","165,000,000",0,0,38.00,33.00,33.00,33.00
18/03/2021,36.20,38.00,36.20,-6.60 (-14.80 %)," ",500,"19,000,000",0,0,44.60,38.0,38.00,38.00
17/03/2021,44.60,44.60,42.49,0.00 (0.00 %)," ",0,0,0,0,44.60,44.60,44.60,44.60
16/03/2021,44.60,44.60,42.49,0.00 (0.00 %)," ",0,0,0,0,44.60,44.6,44.60,44.60
15/03/2021,44.60,44.60,42.49,0.00 (0.00 %)," ",10,"380,000",0,0,44.60,44.60,44.60,44.60
12/03/2021,44.60,44.60,42.49,0.00 (0.00 %)," ",0,0,0,0,44.60,44.6,44.60,44.60
11/03/2021,44.60,44.60,42.49,0.00 (0.00 %)," ",0,0,0,0,44.60,44.60,44.60,44.60
10/03/2021,44.60,44.60,42.49,0.00 (0.00 %)," ",0,0,0,0,44.60,44.6,44.60,44.60
09/03/2021,44.60,44.60,42.49,0.00 (0.00 %)," ",0,0,0,0,44.60,44.60,44.60,44.60
05/03/2021,44.60,44.60,42.49,0.00 (0.00 %)," ",0,0,0,0,44.60,44.6,44.60,44.60
04/03/2021,44.60,44.60,42.49,0.00 (0.00 %)," ",1,"38,000",0,0,44.60,44.60,44.60,44.60
03/03/2021,44.60,44.60,42.49,0.00 (0.00 %)," ",0,0,0,0,44.60,44.6,44.60,44.60
02/03/2021,44.60,44.60,42.49,0.00 (0.00 %)," ",0,0,0,0,44.60,44.60,44.60,44.60
01/03/2021,44.60,44.60,42.49,0.00 (0.00 %)," ",10,"448,000",0,0,44.60,44.6,44.60,44.60
26/02/2021,44.60,44.60,42.49,0.00 (0.00 %)," ",0,0,0,0,44.60,44.60,44.60,44.60
25/02/2021,42.49,44.60,42.49,5.80 (14.95 %)," ",100,"4,460,000",0,0,38.80,44.6,44.60,44.60
24/02/2021,36.96,44.50,42.39,5.60 (14.40 %)," ",200,"7,760,000",0,0,38.90,33.10,44.50,33.10
23/02/2021,38.90,38.90,37.06,0.00 (0.00 %)," ",0,0,0,0,38.90,38.9,38.90,38.90
22/02/2021,38.90,38.90,37.06,0.00 (0.00 %)," ",0,0,0,0,38.90,38.90,38.90,38.90
19/02/2021,38.90,38.90,37.06,0.00 (0.00 %)," ",1,"38,000",0,0,38.90,38.9,38.90,38.90
18/02/2021,37.06,38.90,37.06,4.10 (11.78 %)," ",100,"3,890,000",0,0,34.80,38.90,38.90,38.90
17/02/2021,34.80,34.80,33.15,0.00 (0.00 %)," ",0,0,0,0,34.80,34.8,34.80,34.80
05/02/2021,34.80,34.80,33.15,0.00 (0.00 %)," ",0,0,0,0,34.80,34.80,34.80,34.80
04/02/2021,34.80,34.80,33.15,0.00 (0.00 %)," ",0,0,0,0,34.80,34.8,34.80,34.80
03/02/2021,33.15,34.80,33.15,3.60 (11.54 %)," ",100,"3,480,000",0,0,31.20,34.80,34.80,34.80
02/02/2021,31.20,31.20,29.72,0.00 (0.00 %)," ",0,0,0,0,31.20,31.2,31.20,31.20
01/02/2021,31.20,31.20,29.72,0.00 (0.00 %)," ",0,0,0,0,31.20,31.20,31.20,31.20
29/01/2021,31.20,31.20,29.72,0.00 (0.00 %)," ",0,0,0,0,31.20,31.2,31.20,31.20
28/01/2021,29.72,31.20,29.72,-5.50 (-14.99 %)," ",100,"3,120,000",0,0,36.70,31.20,31.20,31.20
27/01/2021,36.70,36.70,34.96,0.00 (0.00 %)," ",0,0,0,0,36.70,36.7,36.70,36.70
26/01/2021,36.70,36.70,34.96,0.00 (0.00 %)," ",0,0,0,0,36.70,36.70,36.70,36.70
25/01/2021,36.70,36.70,34.96,0.00 (0.00 %)," ",0,0,0,0,36.70,36.7,36.70,36.70
22/01/2021,34.96,36.70,34.96,3.50 (10.54 %)," ",100,"3,670,000",0,0,33.20,36.70,36.70,36.70
21/01/2021,33.20,33.20,31.63,0.00 (0.00 %)," ",0,0,0,0,33.20,33.2,33.20,33.20
20/01/2021,33.20,33.20,31.63,0.00 (0.00 %)," ",0,0,0,0,33.20,33.20,33.20,33.20
19/01/2021,33.20,33.20,31.63,0.00 (0.00 %)," ",0,0,0,0,33.20,33.2,33.20,33.20
18/01/2021,33.20,33.20,31.63,0.00 (0.00 %)," ",0,0,0,0,33.20,33.20,33.20,33.20
15/01/2021,33.20,33.20,31.63,0.00 (0.00 %)," ",0,0,0,0,33.20,33.2,33.20,33.20
14/01/2021,33.20,33.20,31.63,0.00 (0.00 %)," ",0,0,0,0,33.20,33.20,33.20,33.20
13/01/2021,33.20,33.20,31.63,0.00 (0.00 %)," ",0,0,0,0,33.20,33.2,33.20,33.20
12/01/2021,31.58,33.30,31.72,0.00 (0.00 %)," ",200,"6,630,000",0,0,33.30,33.00,33.30,33.00
11/01/2021,33.30,33.30,31.72,0.00 (0.00 %)," ",0,0,0,0,33.30,33.3,33.30,33.30
08/01/2021,33.30,33.30,31.72,0.00 (0.00 %)," ",0,0,0,0,33.30,33.30,33.30,33.30
07/01/2021,33.30,33.30,31.72,0.00 (0.00 %)," ",0,0,0,0,33.30,33.3,33.30,33.30
06/01/2021,31.72,33.30,31.72,3.40 (11.37 %)," ",100,"3,330,000",0,0,29.90,33.30,33.30,33.30
05/01/2021,29.90,29.90,28.48,0.00 (0.00 %)," ",0,0,0,0,29.90,29.9,29.90,29.90
04/01/2021,29.90,29.90,28.48,0.00 (0.00 %)," ",0,0,0,0,29.90,29.90,29.90,29.90
31/12/2020,28.48,29.90,28.48,0.00 (0.00 %)," ",219,"6,084,000",0,0,29.90,29.9,29.90,29.90
30/12/2020,28.48,29.90,28.48,0.00 (0.00 %)," ",0,0,0,0,29.90,29.90,29.90,29.90
29/12/2020,28.48,29.90,28.48,3.90 (15.00 %)," ",100,"2,990,000",0,0,26.00,29.9,29.90,29.90
28/12/2020,26.00,26.00,24.77,0.00 (0.00 %)," ",26,"777,400",0,0,26.00,26.00,26.00,26.00
25/12/2020,26.00,26.00,24.77,0.00 (0.00 %)," ",0,0,0,0,26.00,26.0,26.00,26.00
24/12/2020,26.00,26.00,24.77,0.00 (0.00 %)," ",0,0,0,0,26.00,26.00,26.00,26.00
23/12/2020,26.00,26.00,24.77,0.00 (0.00 %)," ",0,0,0,0,26.00,26.0,26.00,26.00
22/12/2020,26.00,26.00,24.77,0.00 (0.00 %)," ",0,0,0,0,26.00,26.00,26.00,26.00
21/12/2020,24.77,26.00,24.77,0.00 (0.00 %)," ","3,000","78,000,000",0,0,26.00,26.0,26.00,26.00
18/12/2020,26.00,26.00,24.77,0.00 (0.00 %)," ",0,0,0,0,26.00,26.00,26.00,26.00
17/12/2020,26.00,26.00,24.77,0.00 (0.00 %)," ",55,"1,375,000",0,0,26.00,26.0,26.00,26.00
16/12/2020,26.00,26.00,24.77,0.00 (0.00 %)," ",0,0,0,0,26.00,26.00,26.00,26.00
15/12/2020,26.00,26.00,24.77,0.00 (0.00 %)," ",0,0,0,0,26.00,26.0,26.00,26.00
14/12/2020,24.77,26.00,24.77,-4.50 (-14.75 %)," ",410,"10,660,000",0,0,30.50,26.00,26.00,26.00
11/12/2020,30.50,30.50,29.05,0.00 (0.00 %)," ",0,0,0,0,30.50,30.5,30.50,30.50
10/12/2020,30.50,30.50,29.05,0.00 (0.00 %)," ",0,0,0,0,30.50,30.50,30.50,30.50
09/12/2020,30.50,30.50,29.05,0.00 (0.00 %)," ",0,0,0,0,30.50,30.5,30.50,30.50
08/12/2020,30.50,30.50,29.05,0.00 (0.00 %)," ",0,0,0,0,30.50,30.50,30.50,30.50
07/12/2020,30.50,30.50,29.05,0.00 (0.00 %)," ",0,0,0,0,30.50,30.5,30.50,30.50
04/12/2020,30.50,30.50,29.05,0.00 (0.00 %)," ",0,0,0,0,30.50,30.50,30.50,30.50
03/12/2020,30.50,30.50,29.05,0.00 (0.00 %)," ",0,0,0,0,30.50,30.5,30.50,30.50
02/12/2020,30.50,30.50,29.05,0.00 (0.00 %)," ",0,0,0,0,30.50,30.50,30.50,30.50
01/12/2020,30.50,30.50,29.05,0.00 (0.00 %)," ",0,0,0,0,30.50,30.5,30.50,30.50
30/11/2020,30.50,30.50,29.05,0.00 (0.00 %)," ",0,0,0,0,30.50,30.50,30.50,30.50
26/11/2020,30.50,30.50,29.05,0.00 (0.00 %)," ",0,0,0,0,30.50,30.5,30.50,30.50
25/11/2020,30.50,30.50,29.05,0.00 (0.00 %)," ",0,0,0,0,30.50,30.50,30.50,30.50
24/11/2020,29.05,30.50,29.05,0.00 (0.00 %)," ",100,"3,050,000",0,0,30.50,30.5,30.50,30.50
23/11/2020,29.05,30.50,29.05,0.00 (0.00 %)," ",0,0,0,0,30.50,30.50,30.50,30.50
20/11/2020,30.50,30.50,29.05,0.00 (0.00 %)," ",0,0,0,0,30.50,30.5,30.50,30.50
19/11/2020,30.50,30.50,29.05,0.00 (0.00 %)," ",0,0,0,0,30.50,30.50,30.50,30.50
18/11/2020,29.05,30.50,29.05,-0.50 (-1.61 %)," ",400,"12,200,000",0,0,31.00,30.5,30.50,30.50
17/11/2020,29.53,31.00,29.53,1.00 (3.33 %)," ",100,"3,100,000",0,0,30.00,31.00,31.00,31.00
16/11/2020,30.00,30.00,28.58,0.00 (0.00 %)," ",0,0,0,0,30.00,30.0,30.00,30.00
13/11/2020,30.00,30.00,28.58,0.00 (0.00 %)," ",0,0,0,0,30.00,30.00,30.00,30.00
12/11/2020,30.00,30.00,28.58,0.00 (0.00 %)," ",0,0,0,0,30.00,30.0,30.00,30.00
11/11/2020,30.00,30.00,28.58,0.00 (0.00 %)," ",0,0,0,0,30.00,30.00,30.00,30.00
10/11/2020,30.00,30.00,28.58,0.00 (0.00 %)," ",0,0,0,0,30.00,30.0,30.00,30.00
09/11/2020,30.00,30.00,28.58,0.00 (0.00 %)," ",0,0,0,0,30.00,30.00,30.00,30.00
06/11/2020,30.00,30.00,28.58,0.00 (0.00 %)," ",0,0,0,0,30.00,30.0,30.00,30.00
05/11/2020,30.00,30.00,28.58,0.00 (0.00 %)," ",0,0,0,0,30.00,30.00,30.00,30.00
04/11/2020,30.00,30.00,28.58,0.00 (0.00 %)," ",0,0,0,0,30.00,30.0,30.00,30.00
03/11/2020,30.00,30.00,28.58,0.00 (0.00 %)," ",0,0,"680,000","20,400,000,000",30.00,30.00,30.00,30.00
02/11/2020,30.00,30.00,28.58,0.00 (0.00 %)," ",0,0,0,0,30.00,30.0,30.00,30.00
30/10/2020,30.00,30.00,28.58,0.00 (0.00 %)," ",0,0,0,0,30.00,30.00,30.00,30.00
29/10/2020,30.00,30.00,28.58,0.00 (0.00 %)," ",0,0,0,0,30.00,30.0,30.00,30.00
28/10/2020,30.00,30.00,28.58,0.00 (0.00 %)," ",0,0,0,0,30.00,30.00,30.00,30.00
27/10/2020,28.58,30.00,28.58,-1.00 (-3.23 %)," ",100,"3,000,000",0,0,31.00,30.0,30.00,30.00
26/10/2020,31.00,31.00,29.53,0.00 (0.00 %)," ",0,0,0,0,31.00,31.00,31.00,31.00
23/10/2020,31.00,31.00,29.53,0.00 (0.00 %)," ",0,0,0,0,31.00,31.0,31.00,31.00
22/10/2020,31.00,31.00,29.53,0.00 (0.00 %)," ",0,0,0,0,31.00,31.00,31.00,31.00
21/10/2020,31.00,31.00,29.53,0.00 (0.00 %)," ",0,0,0,0,31.00,31.0,31.00,31.00
20/10/2020,31.00,31.00,29.53,0.00 (0.00 %)," ",0,0,0,0,31.00,31.00,31.00,31.00
19/10/2020,31.00,31.00,29.53,0.00 (0.00 %)," ",0,0,0,0,31.00,31.0,31.00,31.00
16/10/2020,31.00,31.00,29.53,0.00 (0.00 %)," ",0,0,0,0,31.00,31.00,31.00,31.00
15/10/2020,29.53,31.00,29.53,0.00 (0.00 %)," ",449,"13,919,000",0,0,31.00,31.0,31.00,31.00
14/10/2020,31.00,31.00,29.53,0.00 (0.00 %)," ",0,0,0,0,31.00,31.00,31.00,31.00
13/10/2020,31.00,31.00,29.53,0.00 (0.00 %)," ",0,0,0,0,31.00,31.0,31.00,31.00
12/10/2020,31.00,31.00,29.53,0.00 (0.00 %)," ",0,0,0,0,31.00,31.00,31.00,31.00
09/10/2020,31.00,31.00,29.53,0.00 (0.00 %)," ",0,0,0,0,31.00,31.0,31.00,31.00
08/10/2020,31.00,31.00,29.53,0.00 (0.00 %)," ",0,0,0,0,31.00,31.00,31.00,31.00
07/10/2020,31.00,31.00,29.53,0.00 (0.00 %)," ",0,0,0,0,31.00,31.0,31.00,31.00
06/10/2020,31.00,31.00,29.53,0.00 (0.00 %)," ",0,0,0,0,31.00,31.00,31.00,31.00
05/10/2020,29.53,31.00,29.53,1.10 (3.68 %)," ","4,000","124,000,000",0,0,29.90,31.0,31.00,31.00
02/10/2020,29.90,29.90,28.48,0.00 (0.00 %)," ",0,0,"5,000","165,000,000",29.90,29.90,29.90,29.90
01/10/2020,29.90,29.90,28.48,0.00 (0.00 %)," ",0,0,0,0,29.90,29.9,29.90,29.90
30/09/2020,29.90,29.90,28.48,0.00 (0.00 %)," ",0,0,0,0,29.90,29.90,29.90,29.90
29/09/2020,29.90,29.90,28.48,0.00 (0.00 %)," ",0,0,0,0,29.90,29.9,29.90,29.90
28/09/2020,29.90,29.90,28.48,0.00 (0.00 %)," ",0,0,0,0,29.90,29.90,29.90,29.90
25/09/2020,29.90,29.90,28.48,0.00 (0.00 %)," ",0,0,0,0,29.90,29.9,29.90,29.90
24/09/2020,29.90,29.90,28.48,0.00 (0.00 %)," ",0,0,0,0,29.90,29.90,29.90,29.90
23/09/2020,29.90,29.90,28.48,0.00 (0.00 %)," ",0,0,0,0,29.90,29.9,29.90,29.90
22/09/2020,29.90,29.90,28.48,0.00 (0.00 %)," ",0,0,0,0,29.90,29.90,29.90,29.90
21/09/2020,29.90,29.90,28.48,0.00 (0.00 %)," ",0,0,0,0,29.90,29.9,29.90,29.90
18/09/2020,29.90,29.90,28.48,0.00 (0.00 %)," ",0,0,0,0,29.90,29.90,29.90,29.90
17/09/2020,29.90,29.90,28.48,0.00 (0.00 %)," ",0,0,0,0,29.90,29.9,29.90,29.90
16/09/2020,29.90,29.90,28.48,0.00 (0.00 %)," ",0,0,0,0,29.90,29.90,29.90,29.90
15/09/2020,29.90,29.90,28.48,0.00 (0.00 %)," ",0,0,0,0,29.90,29.9,29.90,29.90
14/09/2020,29.90,29.90,28.48,0.00 (0.00 %)," ",0,0,0,0,29.90,29.90,29.90,29.90
11/09/2020,29.90,29.90,28.48,0.00 (0.00 %)," ",0,0,0,0,29.90,29.9,29.90,29.90
10/09/2020,29.90,29.90,28.48,0.00 (0.00 %)," ",0,0,0,0,29.90,29.90,29.90,29.90
09/09/2020,29.90,29.90,28.48,0.00 (0.00 %)," ",0,0,0,0,29.90,29.9,29.90,29.90
08/09/2020,29.90,29.90,28.48,0.00 (0.00 %)," ",1,"34,300",0,0,29.90,29.90,29.90,29.90
07/09/2020,29.90,29.90,28.48,0.00 (0.00 %)," ",0,0,0,0,29.90,29.9,29.90,29.90
04/09/2020,29.90,29.90,28.48,0.00 (0.00 %)," ",0,0,0,0,29.90,29.90,29.90,29.90
03/09/2020,29.90,29.90,28.48,0.00 (0.00 %)," ",0,0,0,0,29.90,29.9,29.90,29.90
01/09/2020,29.90,29.90,28.48,0.00 (0.00 %)," ",0,0,0,0,29.90,29.90,29.90,29.90
31/08/2020,28.48,29.90,28.48,-0.10 (-0.33 %)," ",300,"8,970,000",0,0,30.00,29.9,29.90,29.90
28/08/2020,28.58,30.00,28.58,0.60 (2.04 %)," ",201,"6,033,800",0,0,29.40,30.00,30.00,30.00
27/08/2020,28.01,29.40,28.01,0.00 (0.00 %)," ",100,"2,940,000",0,0,29.40,29.4,29.40,29.40
26/08/2020,29.40,29.40,28.01,0.00 (0.00 %)," ",0,0,0,0,29.40,29.40,29.40,29.40
25/08/2020,29.40,29.40,28.01,0.00 (0.00 %)," ",0,0,0,0,29.40,29.4,29.40,29.40
24/08/2020,29.40,29.40,28.01,0.00 (0.00 %)," ",0,0,0,0,29.40,29.40,29.40,29.40
21/08/2020,29.40,29.40,28.01,0.00 (0.00 %)," ",0,0,0,0,29.40,29.4,29.40,29.40
20/08/2020,28.03,30.00,28.58,2.50 (9.09 %)," ","1,400","41,200,000",0,0,27.50,28.00,30.00,28.00
19/08/2020,26.20,27.50,26.20,0.00 (0.00 %)," ",100,"2,750,000",0,0,27.50,27.5,27.50,27.50
18/08/2020,27.50,27.50,26.20,0.00 (0.00 %)," ",0,0,0,0,27.50,27.50,27.50,27.50
17/08/2020,27.50,27.50,26.20,0.00 (0.00 %)," ",0,0,0,0,27.50,27.5,27.50,27.50
14/08/2020,27.50,27.50,26.20,0.00 (0.00 %)," ",0,0,0,0,27.50,27.50,27.50,27.50
13/08/2020,27.50,27.50,26.20,0.00 (0.00 %)," ",0,0,0,0,27.50,27.5,27.50,27.50
12/08/2020,27.50,27.50,26.20,0.00 (0.00 %)," ",0,0,0,0,27.50,27.50,27.50,27.50
11/08/2020,27.50,27.50,26.20,0.00 (0.00 %)," ",0,0,0,0,27.50,27.5,27.50,27.50
10/08/2020,27.50,27.50,26.20,0.00 (0.00 %)," ",0,0,0,0,27.50,27.50,27.50,27.50
07/08/2020,26.20,27.50,26.20,3.50 (14.58 %)," ",100,"2,750,000",0,0,24.00,27.5,27.50,27.50
06/08/2020,24.00,24.00,22.86,0.00 (0.00 %)," ",0,0,0,0,24.00,24.00,24.00,24.00
05/08/2020,24.00,24.00,22.86,0.00 (0.00 %)," ",0,0,0,0,24.00,24.0,24.00,24.00
04/08/2020,24.00,24.00,22.86,0.00 (0.00 %)," ",0,0,0,0,24.00,24.00,24.00,24.00
03/08/2020,24.00,24.00,22.86,0.00 (0.00 %)," ",0,0,0,0,24.00,24.0,24.00,24.00
31/07/2020,24.00,24.00,22.86,0.00 (0.00 %)," ",0,0,0,0,24.00,24.00,24.00,24.00
30/07/2020,24.00,24.00,22.86,0.00 (0.00 %)," ",0,0,0,0,24.00,24.0,24.00,24.00
29/07/2020,24.00,24.00,22.86,0.00 (0.00 %)," ",0,0,0,0,24.00,24.00,24.00,24.00
28/07/2020,24.00,24.00,22.86,0.00 (0.00 %)," ",0,0,0,0,24.00,24.0,24.00,24.00
27/07/2020,22.86,24.00,22.86,0.20 (0.84 %)," ",300,"7,200,000",0,0,23.80,24.00,24.00,24.00
24/07/2020,22.67,23.80,22.67,0.00 (0.00 %)," ",600,"14,280,000",0,0,23.80,23.8,23.80,23.80
23/07/2020,22.69,23.80,22.67,0.00 (0.00 %)," ","2,200","52,400,000",0,0,23.80,23.90,23.90,23.80
22/07/2020,22.67,23.80,22.67,-0.10 (-0.42 %)," ",400,"9,520,000",0,0,23.90,23.8,23.80,23.80
21/07/2020,22.77,23.90,22.77,2.60 (12.21 %)," ",100,"2,390,000",0,0,21.30,23.90,23.90,23.90
20/07/2020,21.30,21.30,20.29,0.00 (0.00 %)," ",0,0,0,0,21.30,21.3,21.30,21.30
17/07/2020,20.24,24.00,22.86,2.30 (10.60 %)," ",200,"4,250,000",0,0,21.70,18.50,24.00,18.50
16/07/2020,20.67,21.70,20.67,2.80 (14.81 %)," ","2,200","47,740,000",0,0,18.90,21.7,21.70,21.70
15/07/2020,18.00,18.90,18.00,-12.60 (-40.00 %)," ",100,"1,890,000",0,0,31.50,18.90,18.90,18.90
14/07/2020,31.50,31.50,30.01,0.00 (0.00 %)," ",0,0,0,0,31.50,31.5,31.50,31.50
13/07/2020,31.50,31.50,30.01,0.00 (0.00 %)," ",0,0,0,0,31.50,31.50,31.50,31.50
10/07/2020,31.50,31.50,30.01,0.00 (0.00 %)," ",0,0,0,0,31.50,31.5,31.50,31.50
09/07/2020,31.50,31.50,30.01,0.00 (0.00 %)," ",0,0,0,0,31.50,31.50,31.50,31.50
08/07/2020,31.50,31.50,30.01,0.00 (0.00 %)," ",0,0,0,0,31.50,31.5,31.50,31.50
07/07/2020,31.50,31.50,30.01,0.00 (0.00 %)," ",0,0,0,0,31.50,31.50,31.50,31.50
06/07/2020,31.50,31.50,30.01,0.00 (0.00 %)," ",0,0,0,0,31.50,31.5,31.50,31.50
03/07/2020,31.50,31.50,30.01,0.00 (0.00 %)," ",0,0,0,0,31.50,31.50,31.50,31.50
02/07/2020,31.50,31.50,30.01,0.00 (0.00 %)," ",0,0,0,0,31.50,31.5,31.50,31.50
01/07/2020,31.50,31.50,30.01,0.00 (0.00 %)," ",0,0,0,0,31.50,31.50,31.50,31.50
30/06/2020,31.50,31.50,30.01,0.00 (0.00 %)," ",0,0,0,0,31.50,31.5,31.50,31.50
29/06/2020,31.50,31.50,30.01,0.00 (0.00 %)," ",0,0,0,0,31.50,31.50,31.50,31.50
26/06/2020,30.01,31.50,30.01,0.00 (0.00 %)," ",0,0,0,0,31.50,31.5,31.50,31.50
25/06/2020,31.50,31.50,30.01,0.00 (0.00 %)," ",0,0,0,0,31.50,31.50,31.50,31.50
24/06/2020,31.50,31.50,30.01,0.00 (0.00 %)," ",0,0,0,0,31.50,31.5,31.50,31.50
23/06/2020,31.50,31.50,30.01,0.00 (0.00 %)," ",0,0,0,0,31.50,31.50,31.50,31.50
22/06/2020,31.50,31.50,30.01,0.00 (0.00 %)," ",0,0,0,0,31.50,31.5,31.50,31.50
19/06/2020,31.50,31.50,30.01,0.00 (0.00 %)," ",0,0,0,0,31.50,31.50,31.50,31.50
18/06/2020,31.50,31.50,30.01,0.00 (0.00 %)," ",0,0,0,0,31.50,31.5,31.50,31.50
17/06/2020,31.50,31.50,30.01,0.00 (0.00 %)," ",0,0,0,0,31.50,31.50,31.50,31.50
16/06/2020,31.50,31.50,30.01,0.00 (0.00 %)," ",0,0,0,0,31.50,31.5,31.50,31.50
15/06/2020,31.50,31.50,30.01,0.00 (0.00 %)," ",0,0,0,0,31.50,31.50,31.50,31.50
12/06/2020,31.50,31.50,30.01,0.00 (0.00 %)," ",0,0,0,0,31.50,31.5,31.50,31.50
11/06/2020,31.50,31.50,30.01,0.00 (0.00 %)," ",0,0,0,0,31.50,31.50,31.50,31.50
10/06/2020,31.50,31.50,30.01,0.00 (0.00 %)," ",0,0,0,0,31.50,31.5,31.50,31.50
09/06/2020,31.50,31.50,30.01,0.00 (0.00 %)," ",0,0,0,0,31.50,31.50,31.50,31.50
08/06/2020,31.50,31.50,30.01,0.00 (0.00 %)," ",0,0,0,0,31.50,31.5,31.50,31.50
05/06/2020,31.50,31.50,30.01,0.00 (0.00 %)," ",0,0,0,0,31.50,31.50,31.50,31.50
04/06/2020,31.50,31.50,30.01,0.00 (0.00 %)," ",0,0,0,0,31.50,31.5,31.50,31.50
03/06/2020,31.50,31.50,30.01,0.00 (0.00 %)," ",0,0,0,0,31.50,31.50,31.50,31.50
02/06/2020,34.00,34.00,30.01,0.00 (0.00 %)," ",0,0,0,0,34.00,34.0,34.00,34.00
01/06/2020,34.00,34.00,30.01,0.00 (0.00 %)," ",20,"680,000",0,0,34.00,34.00,34.00,34.00
29/05/2020,34.00,34.00,30.01,0.00 (0.00 %)," ",4,"134,400",0,0,34.00,34.0,34.00,34.00
28/05/2020,30.01,34.00,30.01,0.00 (0.00 %)," ",100,"3,400,000",0,0,34.00,34.00,34.00,34.00
27/05/2020,34.00,34.00,30.01,0.00 (0.00 %)," ",20,"680,000",0,0,34.00,34.0,34.00,34.00
26/05/2020,34.00,34.00,30.01,0.00 (0.00 %)," ",10,"340,000",0,0,34.00,34.00,34.00,34.00
25/05/2020,34.00,34.00,30.01,0.00 (0.00 %)," ",0,0,0,0,34.00,34.0,34.00,34.00
22/05/2020,34.00,34.00,30.01,0.00 (0.00 %)," ",0,0,0,0,34.00,34.00,34.00,34.00
21/05/2020,30.01,34.00,30.01,0.50 (1.49 %)," ",500,"17,000,000",0,0,33.50,34.0,34.00,34.00
20/05/2020,33.50,33.50,29.57,0.00 (0.00 %)," ",0,0,0,0,33.50,33.50,33.50,33.50
19/05/2020,33.50,33.50,29.57,0.00 (0.00 %)," ",0,0,0,0,33.50,33.5,33.50,33.50
18/05/2020,33.50,33.50,29.57,0.00 (0.00 %)," ",0,0,0,0,33.50,33.50,33.50,33.50
15/05/2020,33.50,33.50,29.57,0.00 (0.00 %)," ",0,0,0,0,33.50,33.5,33.50,33.50
14/05/2020,33.50,33.50,29.57,0.00 (0.00 %)," ",0,0,0,0,33.50,33.50,33.50,33.50
13/05/2020,33.50,33.50,29.57,0.00 (0.00 %)," ",0,0,0,0,33.50,33.5,33.50,33.50
12/05/2020,33.50,33.50,29.57,0.00 (0.00 %)," ",0,0,0,0,33.50,33.50,33.50,33.50
11/05/2020,33.50,33.50,29.57,0.00 (0.00 %)," ",0,0,0,0,33.50,33.5,33.50,33.50
08/05/2020,33.50,33.50,29.57,0.00 (0.00 %)," ",0,0,0,0,33.50,33.50,33.50,33.50
07/05/2020,33.50,33.50,29.57,0.00 (0.00 %)," ",0,0,0,0,33.50,33.5,33.50,33.50
06/05/2020,33.50,33.50,29.57,0.00 (0.00 %)," ",0,0,0,0,33.50,33.50,33.50,33.50
05/05/2020,33.50,33.50,29.57,0.00 (0.00 %)," ",0,0,0,0,33.50,33.5,33.50,33.50
04/05/2020,33.50,33.50,29.57,0.00 (0.00 %)," ",0,0,0,0,33.50,33.50,33.50,33.50
29/04/2020,33.50,33.50,29.57,0.00 (0.00 %)," ",0,0,0,0,33.50,33.5,33.50,33.50
28/04/2020,33.50,33.50,29.57,0.00 (0.00 %)," ",0,0,0,0,33.50,33.50,33.50,33.50
27/04/2020,33.50,33.50,29.57,0.00 (0.00 %)," ",0,0,0,0,33.50,33.5,33.50,33.50
24/04/2020,33.50,33.50,29.57,0.00 (0.00 %)," ",0,0,0,0,33.50,33.50,33.50,33.50
23/04/2020,33.50,33.50,29.57,0.00 (0.00 %)," ",0,0,0,0,33.50,33.5,33.50,33.50
22/04/2020,33.50,33.50,29.57,0.00 (0.00 %)," ",0,0,0,0,33.50,33.50,33.50,33.50
21/04/2020,33.50,33.50,29.57,0.00 (0.00 %)," ",0,0,0,0,33.50,33.5,33.50,33.50
20/04/2020,33.50,33.50,29.57,0.00 (0.00 %)," ",0,0,0,0,33.50,33.50,33.50,33.50
17/04/2020,33.50,33.50,29.57,0.00 (0.00 %)," ",0,0,0,0,33.50,33.5,33.50,33.50
16/04/2020,33.50,33.50,29.57,0.00 (0.00 %)," ",0,0,0,0,33.50,33.50,33.50,33.50
15/04/2020,33.50,33.50,29.57,0.00 (0.00 %)," ",0,0,0,0,33.50,33.5,33.50,33.50
14/04/2020,33.50,33.50,29.57,0.00 (0.00 %)," ",0,0,0,0,33.50,33.50,33.50,33.50
13/04/2020,33.50,33.50,29.57,0.00 (0.00 %)," ",0,0,0,0,33.50,33.5,33.50,33.50
10/04/2020,33.50,33.50,29.57,0.00 (0.00 %)," ",0,0,0,0,33.50,33.50,33.50,33.50
09/04/2020,33.50,33.50,29.57,0.00 (0.00 %)," ",0,0,0,0,33.50,33.5,33.50,33.50
08/04/2020,33.50,33.50,29.57,0.00 (0.00 %)," ",0,0,0,0,33.50,33.50,33.50,33.50
07/04/2020,33.50,33.50,29.57,0.00 (0.00 %)," ",0,0,0,0,33.50,33.5,33.50,33.50
06/04/2020,33.50,33.50,29.57,0.00 (0.00 %)," ",0,0,0,0,33.50,33.50,33.50,33.50
03/04/2020,33.50,33.50,29.57,0.00 (0.00 %)," ",0,0,0,0,33.50,33.5,33.50,33.50
01/04/2020,33.50,33.50,29.57,0.00 (0.00 %)," ",0,0,0,0,33.50,33.50,33.50,33.50
31/03/2020,33.50,33.50,29.57,0.00 (0.00 %)," ",0,0,0,0,33.50,33.5,33.50,33.50
30/03/2020,33.50,33.50,29.57,0.00 (0.00 %)," ",0,0,0,0,33.50,33.50,33.50,33.50
27/03/2020,33.50,33.50,29.57,0.00 (0.00 %)," ",0,0,0,0,33.50,33.5,33.50,33.50
26/03/2020,33.50,33.50,29.57,0.00 (0.00 %)," ",0,0,0,0,33.50,33.50,33.50,33.50
25/03/2020,33.50,33.50,29.57,0.00 (0.00 %)," ",0,0,0,0,33.50,33.5,33.50,33.50
24/03/2020,33.50,33.50,29.57,0.00 (0.00 %)," ",0,0,0,0,33.50,33.50,33.50,33.50
23/03/2020,33.50,33.50,29.57,0.00 (0.00 %)," ",0,0,0,0,33.50,33.5,33.50,33.50
20/03/2020,33.50,33.50,29.57,0.00 (0.00 %)," ",0,0,0,0,33.50,33.50,33.50,33.50
19/03/2020,33.50,33.50,29.57,0.00 (0.00 %)," ",0,0,0,0,33.50,33.5,33.50,33.50
18/03/2020,33.50,33.50,29.57,0.00 (0.00 %)," ",0,0,0,0,33.50,33.50,33.50,33.50
17/03/2020,33.50,33.50,29.57,0.00 (0.00 %)," ",20,"570,000",0,0,33.50,33.5,33.50,33.50
16/03/2020,33.50,33.50,29.57,0.00 (0.00 %)," ",0,0,0,0,33.50,33.50,33.50,33.50
13/03/2020,33.50,33.50,29.57,0.00 (0.00 %)," ",0,0,0,0,33.50,33.5,33.50,33.50
12/03/2020,29.57,33.50,29.57,0.00 (0.00 %)," ",0,0,0,0,33.50,33.50,33.50,33.50
11/03/2020,29.57,33.50,29.57,0.00 (0.00 %)," ",0,0,0,0,33.50,33.5,33.50,33.50
10/03/2020,33.50,33.50,29.57,0.00 (0.00 %)," ",0,0,0,0,33.50,33.50,33.50,33.50
09/03/2020,33.50,33.50,29.57,0.00 (0.00 %)," ",0,0,0,0,33.50,33.5,33.50,33.50
06/03/2020,33.50,33.50,29.57,0.00 (0.00 %)," ",0,0,0,0,33.50,33.50,33.50,33.50
05/03/2020,33.50,33.50,29.57,0.00 (0.00 %)," ",10,"355,000",0,0,33.50,33.5,33.50,33.50
04/03/2020,33.50,33.50,29.57,0.00 (0.00 %)," ",0,0,0,0,33.50,33.50,33.50,33.50
03/03/2020,33.50,33.50,29.57,0.00 (0.00 %)," ",0,0,0,0,33.50,33.5,33.50,33.50
02/03/2020,33.50,33.50,29.57,0.00 (0.00 %)," ",0,0,0,0,33.50,33.50,33.50,33.50
28/02/2020,33.50,33.50,29.57,0.00 (0.00 %)," ",0,0,0,0,33.50,33.5,33.50,33.50
27/02/2020,29.57,33.50,29.57,4.00 (13.56 %)," ",100,"3,350,000",0,0,29.50,33.50,33.50,33.50
26/02/2020,29.50,29.50,26.04,0.00 (0.00 %)," ",0,0,0,0,29.50,29.5,29.50,29.50
25/02/2020,26.04,29.50,26.04,3.50 (13.46 %)," ",100,"2,950,000",0,0,26.00,29.50,29.50,29.50
24/02/2020,26.00,26.00,22.95,0.00 (0.00 %)," ",0,0,0,0,26.00,26.0,26.00,26.00
21/02/2020,26.00,26.00,22.95,0.00 (0.00 %)," ",0,0,0,0,26.00,26.00,26.00,26.00
20/02/2020,26.00,26.00,22.95,0.00 (0.00 %)," ",0,0,0,0,26.00,26.0,26.00,26.00
19/02/2020,26.00,26.00,22.95,0.00 (0.00 %)," ",0,0,0,0,26.00,26.00,26.00,26.00
18/02/2020,22.95,26.00,22.95,-17.30 (-39.95 %)," ","14,000","364,000,000",0,0,43.30,26.0,26.00,26.00
17/02/2020,43.30,43.30,38.22,0.00 (0.00 %)," ",0,0,0,0,43.30,43.30,43.30,43.30
14/02/2020,43.30,43.30,38.22,0.00 (0.00 %)," ",0,0,0,0,43.30,43.3,43.30,43.30
13/02/2020,43.30,43.30,38.22,0.00 (0.00 %)," ",0,0,0,0,43.30,43.30,43.30,43.30
12/02/2020,43.30,43.30,38.22,0.00 (0.00 %)," ",0,0,0,0,43.30,43.3,43.30,43.30
11/02/2020,43.30,43.30,38.22,0.00 (0.00 %)," ",0,0,0,0,43.30,43.30,43.30,43.30
10/02/2020,43.30,43.30,38.22,0.00 (0.00 %)," ",0,0,0,0,43.30,43.3,43.30,43.30
07/02/2020,43.30,43.30,38.22,0.00 (0.00 %)," ",0,0,0,0,43.30,43.30,43.30,43.30
06/02/2020,43.30,43.30,38.22,0.00 (0.00 %)," ",0,0,0,0,43.30,43.3,43.30,43.30
05/02/2020,43.30,43.30,38.22,0.00 (0.00 %)," ",0,0,0,0,43.30,43.30,43.30,43.30
04/02/2020,43.30,43.30,38.22,0.00 (0.00 %)," ",0,0,0,0,43.30,43.3,43.30,43.30
03/02/2020,43.30,43.30,38.22,0.00 (0.00 %)," ",0,0,0,0,43.30,43.30,43.30,43.30
31/01/2020,43.30,43.30,38.22,0.00 (0.00 %)," ",0,0,0,0,43.30,43.3,43.30,43.30
30/01/2020,43.30,43.30,38.22,0.00 (0.00 %)," ",0,0,0,0,43.30,43.30,43.30,43.30
22/01/2020,43.30,43.30,38.22,0.00 (0.00 %)," ",0,0,0,0,43.30,43.3,43.30,43.30
21/01/2020,38.22,43.30,38.22,0.00 (0.00 %)," ",0,0,0,0,43.30,43.30,43.30,43.30
20/01/2020,38.22,43.30,38.22,0.00 (0.00 %)," ",0,0,0,0,43.30,43.3,43.30,43.30
17/01/2020,38.22,43.30,38.22,0.00 (0.00 %)," ",0,0,0,0,43.30,43.30,43.30,43.30
16/01/2020,38.22,43.30,38.22,0.00 (0.00 %)," ",0,0,0,0,43.30,43.3,43.30,43.30
15/01/2020,43.30,43.30,38.22,0.00 (0.00 %)," ",0,0,0,0,43.30,43.30,43.30,43.30
14/01/2020,43.30,43.30,38.22,0.00 (0.00 %)," ",0,0,0,0,43.30,43.3,43.30,43.30
13/01/2020,43.30,43.30,38.22,0.00 (0.00 %)," ",0,0,0,0,43.30,43.30,43.30,43.30
10/01/2020,43.30,43.30,38.22,0.00 (0.00 %)," ",0,0,0,0,43.30,43.3,43.30,43.30
09/01/2020,43.30,43.30,38.22,0.00 (0.00 %)," ",0,0,0,0,43.30,43.30,43.30,43.30
08/01/2020,43.30,43.30,38.22,0.00 (0.00 %)," ",0,0,0,0,43.30,43.3,43.30,43.30
07/01/2020,43.30,43.30,38.22,0.00 (0.00 %)," ",0,0,0,0,43.30,43.30,43.30,43.30
06/01/2020,43.30,43.30,38.22,0.00 (0.00 %)," ",0,0,0,0,43.30,43.3,43.30,43.30
03/01/2020,43.30,43.30,38.22,0.00 (0.00 %)," ",0,0,0,0,43.30,43.30,43.30,43.30
02/01/2020,38.22,43.30,38.22,6.40 (17.34 %)," ",100,"4,330,000",0,0,36.90,43.3,43.30,43.30
31/12/2019,36.90,36.90,32.57,0.00 (0.00 %)," ",0,0,0,0,36.90,36.90,36.90,36.90
30/12/2019,36.90,36.90,32.57,0.00 (0.00 %)," ",0,0,0,0,36.90,36.9,36.90,36.90
27/12/2019,36.90,36.90,32.57,0.00 (0.00 %)," ",0,0,0,0,36.90,36.90,36.90,36.90
26/12/2019,36.90,36.90,32.57,0.00 (0.00 %)," ",0,0,0,0,36.90,36.9,36.90,36.90
25/12/2019,36.90,36.90,32.57,0.00 (0.00 %)," ",0,0,0,0,36.90,36.90,36.90,36.90
24/12/2019,36.90,36.90,32.57,0.00 (0.00 %)," ",0,0,0,0,36.90,36.9,36.90,36.90
23/12/2019,36.90,36.90,32.57,0.00 (0.00 %)," ",0,0,0,0,36.90,36.90,36.90,36.90
20/12/2019,36.90,36.90,32.57,0.00 (0.00 %)," ",0,0,0,0,36.90,36.9,36.90,36.90
19/12/2019,36.90,36.90,32.57,0.00 (0.00 %)," ",0,0,0,0,36.90,36.90,36.90,36.90
18/12/2019,36.90,36.90,32.57,0.00 (0.00 %)," ",0,0,0,0,36.90,36.9,36.90,36.90
17/12/2019,36.90,36.90,32.57,0.00 (0.00 %)," ",0,0,0,0,36.90,36.90,36.90,36.90
16/12/2019,36.90,36.90,32.57,0.00 (0.00 %)," ",0,0,0,0,36.90,36.9,36.90,36.90
13/12/2019,36.90,36.90,32.57,0.00 (0.00 %)," ",0,0,0,0,36.90,36.90,36.90,36.90
12/12/2019,36.90,36.90,32.57,0.00 (0.00 %)," ",0,0,0,0,36.90,36.9,36.90,36.90
11/12/2019,36.90,36.90,32.57,0.00 (0.00 %)," ",0,0,0,0,36.90,36.90,36.90,36.90
10/12/2019,36.90,36.90,32.57,0.00 (0.00 %)," ",0,0,0,0,36.90,36.9,36.90,36.90
09/12/2019,36.90,36.90,32.57,0.00 (0.00 %)," ",0,0,0,0,36.90,36.90,36.90,36.90
06/12/2019,36.90,36.90,32.57,0.00 (0.00 %)," ",0,0,0,0,36.90,36.9,36.90,36.90
05/12/2019,36.90,36.90,32.57,0.00 (0.00 %)," ",0,0,0,0,36.90,36.90,36.90,36.90
04/12/2019,36.90,36.90,32.57,0.00 (0.00 %)," ",0,0,0,0,36.90,36.9,36.90,36.90
03/12/2019,36.90,36.90,32.57,0.00 (0.00 %)," ",0,0,0,0,36.90,36.90,36.90,36.90
02/12/2019,36.90,36.90,32.57,0.00 (0.00 %)," ",0,0,0,0,36.90,36.9,36.90,36.90
29/11/2019,36.90,36.90,32.57,0.00 (0.00 %)," ",0,0,0,0,36.90,36.90,36.90,36.90
28/11/2019,36.90,36.90,32.57,0.00 (0.00 %)," ",0,0,0,0,36.90,36.9,36.90,36.90
27/11/2019,36.90,36.90,32.57,0.00 (0.00 %)," ",0,0,0,0,36.90,36.90,36.90,36.90
26/11/2019,36.90,36.90,32.57,0.00 (0.00 %)," ",0,0,0,0,36.90,36.9,36.90,36.90
25/11/2019,36.90,36.90,32.57,0.00 (0.00 %)," ",0,0,0,0,36.90,36.90,36.90,36.90
22/11/2019,36.90,36.90,32.57,0.00 (0.00 %)," ",0,0,0,0,36.90,36.9,36.90,36.90
21/11/2019,36.90,36.90,32.57,0.00 (0.00 %)," ",0,0,0,0,36.90,36.90,36.90,36.90
20/11/2019,36.90,36.90,32.57,0.00 (0.00 %)," ",0,0,0,0,36.90,36.9,36.90,36.90
19/11/2019,36.90,36.90,32.57,0.00 (0.00 %)," ",0,0,0,0,36.90,36.90,36.90,36.90
18/11/2019,36.90,36.90,32.57,0.00 (0.00 %)," ",0,0,0,0,36.90,36.9,36.90,36.90
15/11/2019,36.90,36.90,32.57,0.00 (0.00 %)," ",0,0,0,0,36.90,36.90,36.90,36.90
14/11/2019,32.57,36.90,32.57,2.00 (5.73 %)," ",100,"3,690,000",0,0,34.90,36.9,36.90,36.90
13/11/2019,34.90,34.90,30.80,0.00 (0.00 %)," ",0,0,0,0,34.90,34.90,34.90,34.90
12/11/2019,30.80,34.90,30.80,2.90 (9.06 %)," ",100,"3,490,000",0,0,32.00,34.9,34.90,34.90
11/11/2019,28.24,32.00,28.24,-4.60 (-12.57 %)," ","1,600","51,200,000",0,0,36.60,32.00,32.00,32.00
08/11/2019,36.60,36.60,32.30,0.00 (0.00 %)," ",0,0,0,0,36.60,36.6,36.60,36.60
07/11/2019,36.60,36.60,32.30,0.00 (0.00 %)," ",0,0,0,0,36.60,36.60,36.60,36.60
06/11/2019,36.60,36.60,32.30,0.00 (0.00 %)," ",0,0,0,0,36.60,36.6,36.60,36.60
05/11/2019,36.60,36.60,32.30,0.00 (0.00 %)," ",0,0,0,0,36.60,36.60,36.60,36.60
04/11/2019,32.30,36.60,32.30,4.70 (14.73 %)," ",100,"3,660,000",0,0,31.90,36.6,36.60,36.60
01/11/2019,31.90,31.90,28.15,0.00 (0.00 %)," ",0,0,0,0,31.90,31.90,31.90,31.90
31/10/2019,31.90,31.90,28.15,0.00 (0.00 %)," ",0,0,0,0,31.90,31.9,31.90,31.90
30/10/2019,31.90,31.90,28.15,0.00 (0.00 %)," ",0,0,0,0,31.90,31.90,31.90,31.90
29/10/2019,31.90,31.90,28.15,0.00 (0.00 %)," ",0,0,"1,652","44,934,400",31.90,31.9,31.90,31.90
28/10/2019,31.90,31.90,28.15,0.00 (0.00 %)," ",0,0,0,0,31.90,31.90,31.90,31.90
25/10/2019,31.90,31.90,28.15,0.00 (0.00 %)," ",0,0,0,0,31.90,31.9,31.90,31.90
24/10/2019,31.90,31.90,28.15,0.00 (0.00 %)," ",0,0,0,0,31.90,31.90,31.90,31.90
23/10/2019,31.90,31.90,28.15,0.00 (0.00 %)," ",0,0,0,0,31.90,31.9,31.90,31.90
22/10/2019,31.90,31.90,28.15,0.00 (0.00 %)," ",0,0,0,0,31.90,31.90,31.90,31.90
21/10/2019,31.90,31.90,28.15,0.00 (0.00 %)," ",0,0,0,0,31.90,31.9,31.90,31.90
18/10/2019,31.90,31.90,28.15,0.00 (0.00 %)," ",0,0,0,0,31.90,31.90,31.90,31.90
17/10/2019,31.90,31.90,28.15,0.00 (0.00 %)," ",0,0,0,0,31.90,31.9,31.90,31.90
16/10/2019,31.90,31.90,28.15,0.00 (0.00 %)," ",0,0,0,0,31.90,31.90,31.90,31.90
15/10/2019,31.90,31.90,28.15,0.00 (0.00 %)," ",0,0,0,0,31.90,31.9,31.90,31.90
14/10/2019,28.15,31.90,28.15,0.40 (1.27 %)," ","3,000","95,700,000",0,0,31.50,31.90,31.90,31.90
11/10/2019,31.50,31.50,27.80,0.00 (0.00 %)," ",0,0,0,0,31.50,31.5,31.50,31.50
10/10/2019,31.50,31.50,27.80,0.00 (0.00 %)," ",0,0,0,0,31.50,31.50,31.50,31.50
09/10/2019,31.50,31.50,27.80,0.00 (0.00 %)," ",0,0,0,0,31.50,31.5,31.50,31.50
08/10/2019,31.50,31.50,27.80,0.00 (0.00 %)," ",0,0,0,0,31.50,31.50,31.50,31.50
07/10/2019,31.50,31.50,27.80,0.00 (0.00 %)," ",0,0,0,0,31.50,31.5,31.50,31.50
04/10/2019,31.50,31.50,27.80,0.00 (0.00 %)," ",0,0,0,0,31.50,31.50,31.50,31.50
03/10/2019,31.50,31.50,27.80,0.00 (0.00 %)," ",0,0,0,0,31.50,31.5,31.50,31.50
02/10/2019,27.80,31.50,27.80,-3.00 (-8.70 %)," ",600,"18,900,000",0,0,34.50,31.50,31.50,31.50
01/10/2019,34.50,34.50,30.45,0.00 (0.00 %)," ",0,0,0,0,34.50,34.5,34.50,34.50
30/09/2019,34.50,34.50,30.45,0.00 (0.00 %)," ",0,0,0,0,34.50,34.50,34.50,34.50
27/09/2019,34.50,34.50,30.45,0.00 (0.00 %)," ",0,0,0,0,34.50,34.5,34.50,34.50
26/09/2019,34.50,34.50,30.45,0.00 (0.00 %)," ",0,0,0,0,34.50,34.50,34.50,34.50
25/09/2019,34.50,34.50,30.45,0.00 (0.00 %)," ",0,0,0,0,34.50,34.5,34.50,34.50
24/09/2019,34.50,34.50,30.45,0.00 (0.00 %)," ",0,0,0,0,34.50,34.50,34.50,34.50
23/09/2019,34.50,34.50,30.45,0.00 (0.00 %)," ",0,0,0,0,34.50,34.5,34.50,34.50
20/09/2019,34.50,34.50,30.45,0.00 (0.00 %)," ",0,0,0,0,34.50,34.50,34.50,34.50
19/09/2019,34.50,34.50,30.45,0.00 (0.00 %)," ",0,0,0,0,34.50,34.5,34.50,34.50
18/09/2019,34.50,34.50,30.45,0.00 (0.00 %)," ",0,0,0,0,34.50,34.50,34.50,34.50
17/09/2019,34.50,34.50,30.45,0.00 (0.00 %)," ",0,0,0,0,34.50,34.5,34.50,34.50
16/09/2019,30.45,34.50,30.45,4.50 (15.00 %)," ",201,"6,926,500",0,0,30.00,34.50,34.50,34.50
13/09/2019,30.00,30.00,26.48,0.00 (0.00 %)," ",0,0,0,0,30.00,30.0,30.00,30.00
12/09/2019,30.00,30.00,26.48,0.00 (0.00 %)," ",0,0,0,0,30.00,30.00,30.00,30.00
11/09/2019,30.00,30.00,26.48,0.00 (0.00 %)," ",0,0,0,0,30.00,30.0,30.00,30.00
10/09/2019,30.00,30.00,26.48,0.00 (0.00 %)," ",1,"30,000",0,0,30.00,30.00,30.00,30.00
09/09/2019,30.00,30.00,26.48,0.00 (0.00 %)," ",0,0,0,0,30.00,30.0,30.00,30.00
06/09/2019,30.00,30.00,26.48,0.00 (0.00 %)," ",0,0,0,0,30.00,30.00,30.00,30.00
05/09/2019,30.00,30.00,26.48,0.00 (0.00 %)," ",0,0,0,0,30.00,30.0,30.00,30.00
04/09/2019,26.48,30.00,26.48,2.30 (8.30 %)," ",100,"3,000,000",0,0,27.70,30.00,30.00,30.00
03/09/2019,27.70,27.70,24.45,0.00 (0.00 %)," ",0,0,0,0,27.70,27.7,27.70,27.70
30/08/2019,27.70,27.70,24.45,0.00 (0.00 %)," ",0,0,0,0,27.70,27.70,27.70,27.70
29/08/2019,27.70,27.70,24.45,0.00 (0.00 %)," ",0,0,0,0,27.70,27.7,27.70,27.70
28/08/2019,24.45,27.70,24.45,-3.70 (-11.78 %)," ",100,"2,770,000",0,0,31.40,27.70,27.70,27.70
27/08/2019,31.40,31.40,27.71,0.00 (0.00 %)," ",0,0,0,0,31.40,31.4,31.40,31.40
26/08/2019,31.40,31.40,27.71,0.00 (0.00 %)," ",0,0,0,0,31.40,31.40,31.40,31.40
23/08/2019,27.71,31.40,27.71,-0.10 (-0.32 %)," ",100,"3,140,000",0,0,31.50,31.4,31.40,31.40
22/08/2019,31.50,31.50,27.80,0.00 (0.00 %)," ",0,0,0,0,31.50,31.50,31.50,31.50
21/08/2019,31.50,31.50,27.80,0.00 (0.00 %)," ",0,0,0,0,31.50,31.5,31.50,31.50
20/08/2019,31.50,31.50,27.80,0.00 (0.00 %)," ",0,0,0,0,31.50,31.50,31.50,31.50
19/08/2019,31.50,31.50,27.80,0.00 (0.00 %)," ",0,0,0,0,31.50,31.5,31.50,31.50
16/08/2019,31.50,31.50,27.80,0.00 (0.00 %)," ",0,0,0,0,31.50,31.50,31.50,31.50
15/08/2019,31.50,31.50,27.80,0.00 (0.00 %)," ",0,0,0,0,31.50,31.5,31.50,31.50
14/08/2019,31.50,31.50,27.80,0.00 (0.00 %)," ",0,0,0,0,31.50,31.50,31.50,31.50
13/08/2019,31.50,31.50,27.80,0.00 (0.00 %)," ",0,0,0,0,31.50,31.5,31.50,31.50
12/08/2019,31.50,31.50,27.80,0.00 (0.00 %)," ",0,0,0,0,31.50,31.50,31.50,31.50
09/08/2019,31.50,31.50,27.80,0.00 (0.00 %)," ",0,0,0,0,31.50,31.5,31.50,31.50
08/08/2019,27.80,31.50,27.80,-0.50 (-1.56 %)," ",100,"3,150,000",0,0,32.00,31.50,31.50,31.50
07/08/2019,32.00,32.00,28.24,0.00 (0.00 %)," ",0,0,0,0,32.00,32.0,32.00,32.00
06/08/2019,28.27,32.00,28.24,1.80 (5.96 %)," ","7,100","227,430,000",0,0,30.20,34.30,34.30,32.00
05/08/2019,26.65,30.20,26.65,-4.50 (-12.97 %)," ",100,"3,020,000",0,0,34.70,30.2,30.20,30.20
02/08/2019,34.70,34.70,30.63,0.00 (0.00 %)," ",0,0,0,0,34.70,34.70,34.70,34.70
01/08/2019,30.63,34.70,30.63,0.20 (0.58 %)," ",100,"3,470,000",0,0,34.50,34.7,34.70,34.70
31/07/2019,30.45,34.50,30.45,4.50 (15.00 %)," ",100,"3,450,000","770,000","23,100,000,000",30.00,34.50,34.50,30.00
30/07/2019,26.48,30.00,26.48,-4.90 (-14.04 %)," ",100,"3,000,000","200,000","7,000,000,000",34.90,30.0,35.00,30.00
29/07/2019,34.90,34.90,30.80,0.00 (0.00 %)," ",0,0,"100,000","3,500,000,000",34.90,34.90,34.90,34.90
26/07/2019,34.90,34.90,30.80,0.00 (0.00 %)," ",0,0,0,0,34.90,34.9,34.90,34.90
25/07/2019,34.90,34.90,30.80,0.00 (0.00 %)," ",0,0,0,0,34.90,34.90,34.90,34.90
24/07/2019,34.90,34.90,30.80,0.00 (0.00 %)," ",0,0,0,0,34.90,34.9,34.90,34.90
23/07/2019,30.80,34.90,30.80,1.90 (5.76 %)," ",100,"3,490,000",0,0,33.00,34.90,34.90,34.90
22/07/2019,33.00,33.00,29.13,0.00 (0.00 %)," ",0,0,0,0,33.00,33.0,33.00,33.00
19/07/2019,33.00,33.00,29.13,0.00 (0.00 %)," ",0,0,"756,510","24,945,300,000",33.00,33.00,33.00,33.00
18/07/2019,29.13,33.00,29.13,0.00 (0.00 %)," ","1,000","33,000,000",0,0,33.00,33.0,33.00,33.00
17/07/2019,33.00,33.00,29.13,0.00 (0.00 %)," ",0,0,0,0,33.00,33.00,33.00,33.00
16/07/2019,33.00,33.00,29.13,0.00 (0.00 %)," ",0,0,0,0,33.00,33.0,33.00,33.00
15/07/2019,33.00,33.00,29.13,0.00 (0.00 %)," ",0,0,0,0,33.00,33.00,33.00,33.00
12/07/2019,33.00,33.00,29.13,0.00 (0.00 %)," ",0,0,0,0,33.00,33.0,33.00,33.00
11/07/2019,33.00,33.00,29.13,0.00 (0.00 %)," ",40,"1,200,000",0,0,33.00,33.00,33.00,33.00
10/07/2019,29.13,33.00,29.13,-1.40 (-4.07 %)," ","2,200","72,600,000",0,0,34.40,33.0,33.00,33.00
09/07/2019,34.40,34.40,30.36,0.00 (0.00 %)," ",0,0,0,0,34.40,34.40,34.40,34.40
08/07/2019,34.40,34.40,30.36,0.00 (0.00 %)," ",0,0,0,0,34.40,34.4,34.40,34.40
05/07/2019,34.40,34.40,30.36,0.00 (0.00 %)," ",0,0,0,0,34.40,34.40,34.40,34.40
04/07/2019,34.40,34.40,30.36,0.00 (0.00 %)," ",0,0,0,0,34.40,34.4,34.40,34.40
03/07/2019,34.40,34.40,30.36,0.00 (0.00 %)," ",0,0,0,0,34.40,34.40,34.40,34.40
02/07/2019,34.40,34.40,30.36,0.00 (0.00 %)," ",0,0,0,0,34.40,34.4,34.40,34.40
01/07/2019,30.39,35.00,30.89,1.00 (2.94 %)," ","4,000","137,750,000",0,0,34.00,34.50,35.00,34.00
28/06/2019,30.01,34.00,30.01,0.00 (0.00 %)," ",100,"3,400,000","153,998","4,696,939,000",34.00,34.0,34.00,30.50
27/06/2019,30.01,34.00,30.01,0.00 (0.00 %)," ","2,000","68,000,000",0,0,34.00,34.00,34.00,34.00
26/06/2019,30.01,34.00,30.01,2.00 (6.25 %)," ",300,"10,200,000",0,0,32.00,34.0,34.00,34.00
25/06/2019,28.24,32.00,28.24,-2.00 (-5.88 %)," ",100,"3,200,000",0,0,34.00,32.00,32.00,32.00
24/06/2019,30.01,34.00,30.01,1.50 (4.62 %)," ",410,"13,970,000","10,000","340,000,000",32.50,34.0,34.00,34.00
21/06/2019,28.68,32.50,28.68,-2.00 (-5.80 %)," ",300,"9,750,000","582,408","17,763,444,000",34.50,32.50,32.50,30.50
20/06/2019,30.45,34.50,30.45,2.00 (6.15 %)," ",267,"8,977,000",0,0,32.50,34.5,34.50,34.50
19/06/2019,28.68,32.50,28.68,4.00 (14.04 %)," ",100,"3,250,000",0,0,28.50,32.50,32.50,32.50
18/06/2019,25.15,28.50,25.15,0.10 (0.35 %)," ",100,"2,850,000",0,0,28.40,28.5,28.50,28.50
17/06/2019,28.40,28.40,25.07,0.00 (0.00 %)," ",0,0,0,0,28.40,28.40,28.40,28.40
14/06/2019,25.07,28.10,24.80,0.10 (0.36 %)," ",600,"17,040,000",0,0,28.00,29.9,29.90,28.10
13/06/2019,24.71,28.00,24.71,-2.00 (-6.67 %)," ",200,"5,600,000",0,0,30.00,28.00,28.00,28.00
12/06/2019,30.00,30.00,26.48,0.00 (0.00 %)," ",0,0,0,0,30.00,30.0,30.00,30.00
11/06/2019,30.00,30.00,26.48,0.00 (0.00 %)," ",0,0,0,0,30.00,30.00,30.00,30.00
10/06/2019,26.48,30.00,26.48,-5.00 (-14.29 %)," ","1,800","54,000,000",0,0,35.00,30.0,30.00,30.00
07/06/2019,30.89,35.00,30.89,-1.90 (-5.15 %)," ",100,"3,500,000",0,0,36.90,35.00,35.00,35.00
06/06/2019,36.90,36.90,32.57,0.00 (0.00 %)," ",0,0,"44,800","1,603,840,000",36.90,36.9,36.90,36.90
05/06/2019,36.90,36.90,32.57,0.00 (0.00 %)," ",75,"2,371,000",0,0,36.90,36.90,36.90,36.90
04/06/2019,36.90,36.90,32.57,0.00 (0.00 %)," ",0,0,0,0,36.90,36.9,36.90,36.90
03/06/2019,32.57,36.90,32.57,1.10 (3.07 %)," ",100,"3,690,000",0,0,35.80,36.90,36.90,36.90
31/05/2019,35.80,35.80,31.60,0.00 (0.00 %)," ",0,0,0,0,35.80,35.8,35.80,35.80
30/05/2019,35.80,35.80,31.60,0.00 (0.00 %)," ",0,0,0,0,35.80,35.80,35.80,35.80
29/05/2019,31.60,35.80,31.60,4.60 (14.74 %)," ",100,"3,580,000",0,0,31.20,35.8,35.80,35.80
28/05/2019,31.20,31.20,27.54,0.00 (0.00 %)," ",0,0,0,0,31.20,31.20,31.20,31.20
27/05/2019,31.20,31.20,27.54,0.00 (0.00 %)," ",0,0,0,0,31.20,31.2,31.20,31.20
24/05/2019,27.54,31.20,27.54,4.00 (14.71 %)," ",100,"3,120,000",0,0,27.20,31.20,31.20,31.20
23/05/2019,27.20,27.20,24.01,0.00 (0.00 %)," ",0,0,0,0,27.20,27.2,27.20,27.20
22/05/2019,27.20,27.20,24.01,0.00 (0.00 %)," ",4,"108,800",0,0,27.20,27.20,27.20,27.20
21/05/2019,24.01,27.20,24.01,-4.80 (-15.00 %)," ",100,"2,720,000",0,0,32.00,27.2,27.20,27.20
20/05/2019,32.00,32.00,28.24,0.00 (0.00 %)," ",0,0,0,0,32.00,32.00,32.00,32.00
17/05/2019,32.00,32.00,28.24,0.00 (0.00 %)," ",0,0,0,0,32.00,32.0,32.00,32.00
16/05/2019,32.00,32.00,28.24,0.00 (0.00 %)," ",0,0,0,0,32.00,32.00,32.00,32.00
15/05/2019,32.00,32.00,28.24,0.00 (0.00 %)," ",0,0,0,0,32.00,32.0,32.00,32.00
14/05/2019,32.00,32.00,28.24,0.00 (0.00 %)," ",0,0,0,0,32.00,32.00,32.00,32.00
13/05/2019,32.00,32.00,28.24,0.00 (0.00 %)," ",0,0,0,0,32.00,32.0,32.00,32.00
10/05/2019,32.00,32.00,28.24,0.00 (0.00 %)," ",0,0,0,0,32.00,32.00,32.00,32.00
09/05/2019,32.00,32.00,28.24,0.00 (0.00 %)," ",0,0,0,0,32.00,32.0,32.00,32.00
08/05/2019,32.00,32.00,28.24,0.00 (0.00 %)," ",0,0,0,0,32.00,32.00,32.00,32.00
07/05/2019,32.00,32.00,28.24,0.00 (0.00 %)," ",0,0,0,0,32.00,32.0,32.00,32.00
06/05/2019,28.24,32.00,28.24,-2.50 (-7.25 %)," ",100,"3,200,000",0,0,34.50,32.00,32.00,32.00
03/05/2019,34.50,34.50,30.45,0.00 (0.00 %)," ",0,0,0,0,34.50,34.5,34.50,34.50
02/05/2019,34.50,34.50,30.45,0.00 (0.00 %)," ",3,"118,800",0,0,34.50,34.50,34.50,34.50
26/04/2019,34.50,34.50,30.45,0.00 (0.00 %)," ",0,0,0,0,34.50,34.5,34.50,34.50
25/04/2019,34.50,34.50,30.45,0.00 (0.00 %)," ",0,0,0,0,34.50,34.50,34.50,34.50
24/04/2019,37.00,37.00,30.45,0.00 (0.00 %)," ",5,"185,500",0,0,37.00,37.0,37.00,37.00
23/04/2019,30.45,37.00,30.45,0.00 (0.00 %)," ",101,"3,742,500",0,0,37.00,37.00,37.00,37.00
22/04/2019,37.00,37.00,30.45,0.00 (0.00 %)," ",0,0,0,0,37.00,37.0,37.00,37.00
19/04/2019,37.00,37.00,30.45,0.00 (0.00 %)," ",0,0,0,0,37.00,37.00,37.00,37.00
18/04/2019,37.00,37.00,30.45,0.00 (0.00 %)," ",0,0,0,0,37.00,37.0,37.00,37.00
17/04/2019,30.45,37.00,30.45,1.20 (3.35 %)," ",100,"3,700,000",0,0,35.80,37.00,37.00,37.00
16/04/2019,29.46,35.80,29.46,0.00 (0.00 %)," ",900,"32,220,000",0,0,35.80,35.8,35.80,35.80
12/04/2019,35.80,35.80,29.46,0.00 (0.00 %)," ",0,0,0,0,35.80,35.80,35.80,35.80
11/04/2019,29.46,35.80,29.46,0.00 (0.00 %)," ",800,"28,640,000",0,0,35.80,35.8,35.80,35.80
10/04/2019,35.80,35.80,29.46,0.00 (0.00 %)," ",0,0,0,0,35.80,35.80,35.80,35.80
09/04/2019,35.80,35.80,29.46,0.00 (0.00 %)," ",0,0,0,0,35.80,35.8,35.80,35.80
08/04/2019,35.80,35.80,29.46,0.00 (0.00 %)," ",0,0,0,0,35.80,35.80,35.80,35.80
05/04/2019,35.80,35.80,29.46,0.00 (0.00 %)," ",0,0,0,0,35.80,35.8,35.80,35.80
04/04/2019,35.80,35.80,29.46,0.00 (0.00 %)," ",0,0,0,0,35.80,35.80,35.80,35.80
03/04/2019,35.80,35.80,29.46,0.00 (0.00 %)," ",0,0,0,0,35.80,35.8,35.80,35.80
02/04/2019,35.80,35.80,29.46,0.00 (0.00 %)," ",0,0,0,0,35.80,35.80,35.80,35.80
01/04/2019,35.80,35.80,29.46,0.00 (0.00 %)," ",0,0,0,0,35.80,35.8,35.80,35.80
29/03/2019,35.80,35.80,29.46,0.00 (0.00 %)," ",0,0,0,0,35.80,35.80,35.80,35.80
28/03/2019,29.46,35.80,29.46,0.00 (0.00 %)," ",100,"3,580,000",0,0,35.80,35.8,35.80,35.80
27/03/2019,35.80,35.80,29.46,0.00 (0.00 %)," ",0,0,0,0,35.80,35.80,35.80,35.80
26/03/2019,35.80,35.80,29.46,0.00 (0.00 %)," ",0,0,0,0,35.80,35.8,35.80,35.80
25/03/2019,35.80,35.80,29.46,0.00 (0.00 %)," ",0,0,0,0,35.80,35.80,35.80,35.80
22/03/2019,35.80,35.80,29.46,0.00 (0.00 %)," ",0,0,0,0,35.80,35.8,35.80,35.80
21/03/2019,35.80,35.80,29.46,0.00 (0.00 %)," ",0,0,0,0,35.80,35.80,35.80,35.80
20/03/2019,29.46,35.80,29.46,0.10 (0.28 %)," ",100,"3,580,000",0,0,35.70,35.8,35.80,35.80
19/03/2019,35.70,35.70,29.38,0.00 (0.00 %)," ",0,0,0,0,35.70,35.70,35.70,35.70
18/03/2019,35.70,35.70,29.38,0.00 (0.00 %)," ",0,0,0,0,35.70,35.7,35.70,35.70
15/03/2019,35.70,35.70,29.38,0.00 (0.00 %)," ",0,0,0,0,35.70,35.70,35.70,35.70
14/03/2019,35.70,35.70,29.38,0.00 (0.00 %)," ",0,0,0,0,35.70,35.7,35.70,35.70
13/03/2019,29.38,35.70,29.38,-0.20 (-0.56 %)," ",100,"3,570,000",0,0,35.90,35.70,35.70,35.70
12/03/2019,35.90,35.90,29.54,0.00 (0.00 %)," ",0,0,0,0,35.90,35.9,35.90,35.90
11/03/2019,35.90,35.90,29.54,0.00 (0.00 %)," ",0,0,0,0,35.90,35.90,35.90,35.90
08/03/2019,35.90,35.90,29.54,0.00 (0.00 %)," ",0,0,0,0,35.90,35.9,35.90,35.90
07/03/2019,35.90,35.90,29.54,0.00 (0.00 %)," ",0,0,0,0,35.90,35.90,35.90,35.90
06/03/2019,35.90,35.90,29.54,0.00 (0.00 %)," ",0,0,0,0,35.90,35.9,35.90,35.90
05/03/2019,35.90,35.90,29.54,0.00 (0.00 %)," ",0,0,0,0,35.90,35.90,35.90,35.90
04/03/2019,35.90,35.90,29.54,0.00 (0.00 %)," ",0,0,0,0,35.90,35.9,35.90,35.90
01/03/2019,35.90,35.90,29.54,0.00 (0.00 %)," ",0,0,0,0,35.90,35.90,35.90,35.90
28/02/2019,35.90,35.90,29.54,0.00 (0.00 %)," ",0,0,0,0,35.90,35.9,35.90,35.90
27/02/2019,29.54,35.90,29.54,-0.20 (-0.55 %)," ",100,"3,590,000",0,0,36.10,35.90,35.90,35.90
26/02/2019,36.10,36.10,29.71,0.00 (0.00 %)," ",0,0,0,0,36.10,36.1,36.10,36.10
25/02/2019,36.10,36.10,29.71,0.00 (0.00 %)," ",0,0,0,0,36.10,36.10,36.10,36.10
22/02/2019,36.10,36.10,29.71,0.00 (0.00 %)," ",0,0,0,0,36.10,36.1,36.10,36.10
21/02/2019,36.10,36.10,29.71,0.00 (0.00 %)," ",0,0,0,0,36.10,36.10,36.10,36.10
20/02/2019,36.10,36.10,29.71,0.00 (0.00 %)," ",0,0,0,0,36.10,36.1,36.10,36.10
19/02/2019,36.10,36.10,29.71,0.00 (0.00 %)," ",0,0,0,0,36.10,36.10,36.10,36.10
18/02/2019,36.10,36.10,29.71,0.00 (0.00 %)," ",0,0,0,0,36.10,36.1,36.10,36.10
15/02/2019,36.10,36.10,29.71,0.00 (0.00 %)," ",0,0,0,0,36.10,36.10,36.10,36.10
14/02/2019,36.10,36.10,29.71,0.00 (0.00 %)," ",0,0,0,0,36.10,36.1,36.10,36.10
13/02/2019,36.10,36.10,29.71,0.00 (0.00 %)," ",0,0,0,0,36.10,36.10,36.10,36.10
12/02/2019,36.10,36.10,29.71,0.00 (0.00 %)," ",0,0,0,0,36.10,36.1,36.10,36.10
11/02/2019,36.10,36.10,29.71,0.00 (0.00 %)," ",0,0,0,0,36.10,36.10,36.10,36.10
01/02/2019,36.10,36.10,29.71,0.00 (0.00 %)," ",0,0,0,0,36.10,36.1,36.10,36.10
31/01/2019,36.10,36.10,29.71,0.00 (0.00 %)," ",0,0,0,0,36.10,36.10,36.10,36.10
30/01/2019,36.10,36.10,29.71,0.00 (0.00 %)," ",0,0,0,0,36.10,36.1,36.10,36.10
29/01/2019,36.10,36.10,29.71,0.00 (0.00 %)," ",0,0,0,0,36.10,36.10,36.10,36.10
28/01/2019,36.10,36.10,29.71,0.00 (0.00 %)," ",0,0,0,0,36.10,36.1,36.10,36.10
25/01/2019,36.10,36.10,29.71,0.00 (0.00 %)," ",0,0,0,0,36.10,36.10,36.10,36.10
24/01/2019,36.10,36.10,29.71,0.00 (0.00 %)," ",0,0,0,0,36.10,36.1,36.10,36.10
23/01/2019,36.10,36.10,29.71,0.00 (0.00 %)," ",0,0,0,0,36.10,36.10,36.10,36.10
22/01/2019,36.10,36.10,29.71,0.00 (0.00 %)," ",0,0,0,0,36.10,36.1,36.10,36.10
21/01/2019,36.10,36.10,29.71,0.00 (0.00 %)," ",0,0,0,0,36.10,36.10,36.10,36.10
18/01/2019,36.10,36.10,29.71,0.00 (0.00 %)," ",0,0,0,0,36.10,36.1,36.10,36.10
17/01/2019,36.10,36.10,29.71,0.00 (0.00 %)," ",0,0,0,0,36.10,36.10,36.10,36.10
16/01/2019,29.71,36.10,29.71,0.00 (0.00 %)," ",0,0,0,0,36.10,36.1,36.10,36.10
15/01/2019,29.71,36.10,29.71,0.00 (0.00 %)," ",0,0,0,0,36.10,36.10,36.10,36.10
14/01/2019,29.71,36.10,29.71,0.00 (0.00 %)," ",0,0,0,0,36.10,36.1,36.10,36.10
11/01/2019,29.71,36.10,29.71,0.00 (0.00 %)," ",0,0,0,0,36.10,36.10,36.10,36.10
10/01/2019,29.71,36.10,29.71,0.00 (0.00 %)," ",0,0,0,0,36.10,36.1,36.10,36.10
09/01/2019,29.71,36.10,29.71,0.00 (0.00 %)," ",0,0,0,0,36.10,36.10,36.10,36.10
08/01/2019,29.71,36.10,29.71,0.00 (0.00 %)," ",0,0,0,0,36.10,36.1,36.10,36.10
07/01/2019,29.71,36.10,29.71,0.00 (0.00 %)," ",0,0,0,0,36.10,36.10,36.10,36.10
04/01/2019,29.71,36.10,29.71,0.00 (0.00 %)," ",0,0,0,0,36.10,36.1,36.10,36.10
31/01/2019,36.10,36.10,29.71,0.00 (0.00 %)," ",0,0,0,0,36.10,36.10,36.10,36.10
30/01/2019,36.10,36.10,29.71,0.00 (0.00 %)," ",0,0,0,0,36.10,36.1,36.10,36.10
29/01/2019,36.10,36.10,29.71,0.00 (0.00 %)," ",0,0,0,0,36.10,36.10,36.10,36.10
28/01/2019,36.10,36.10,29.71,0.00 (0.00 %)," ",0,0,0,0,36.10,36.1,36.10,36.10
25/01/2019,36.10,36.10,29.71,0.00 (0.00 %)," ",0,0,0,0,36.10,36.10,36.10,36.10
24/01/2019,36.10,36.10,29.71,0.00 (0.00 %)," ",0,0,0,0,36.10,36.1,36.10,36.10
23/01/2019,36.10,36.10,29.71,0.00 (0.00 %)," ",0,0,0,0,36.10,36.10,36.10,36.10
22/01/2019,36.10,36.10,29.71,0.00 (0.00 %)," ",0,0,0,0,36.10,36.1,36.10,36.10
21/01/2019,36.10,36.10,29.71,0.00 (0.00 %)," ",0,0,0,0,36.10,36.10,36.10,36.10
18/01/2019,36.10,36.10,29.71,0.00 (0.00 %)," ",0,0,0,0,36.10,36.1,36.10,36.10
17/01/2019,36.10,36.10,29.71,0.00 (0.00 %)," ",0,0,0,0,36.10,36.10,36.10,36.10
16/01/2019,29.71,36.10,29.71,0.00 (0.00 %)," ",0,0,0,0,36.10,36.1,36.10,36.10
15/01/2019,29.71,36.10,29.71,0.00 (0.00 %)," ",0,0,0,0,36.10,36.10,36.10,36.10
14/01/2019,29.71,36.10,29.71,0.00 (0.00 %)," ",0,0,0,0,36.10,36.1,36.10,36.10
11/01/2019,29.71,36.10,29.71,0.00 (0.00 %)," ",0,0,0,0,36.10,36.10,36.10,36.10
10/01/2019,29.71,36.10,29.71,0.00 (0.00 %)," ",0,0,0,0,36.10,36.1,36.10,36.10
09/01/2019,29.71,36.10,29.71,0.00 (0.00 %)," ",0,0,0,0,36.10,36.10,36.10,36.10
08/01/2019,29.71,36.10,29.71,0.00 (0.00 %)," ",0,0,0,0,36.10,36.1,36.10,36.10
07/01/2019,29.71,36.10,29.71,0.00 (0.00 %)," ",0,0,0,0,36.10,36.10,36.10,36.10
04/01/2019,29.71,36.10,29.71,0.00 (0.00 %)," ",0,0,0,0,36.10,36.1,36.10,36.10
03/01/2019,29.71,36.10,29.71,0.00 (0.00 %)," ",0,0,0,0,36.10,36.10,36.10,36.10
02/01/2019,29.71,36.10,29.71,0.00 (0.00 %)," ",0,0,0,0,36.10,36.1,36.10,36.10
28/12/2018,29.71,36.10,29.71,0.00 (0.00 %)," ",0,0,0,0,36.10,36.10,36.10,36.10
27/12/2018,29.71,36.10,29.71,0.00 (0.00 %)," ",0,0,0,0,36.10,36.1,36.10,36.10
26/12/2018,29.71,36.10,29.71,0.00 (0.00 %)," ",0,0,0,0,36.10,36.10,36.10,36.10
25/12/2018,29.71,36.10,29.71,0.00 (0.00 %)," ",0,0,0,0,36.10,36.1,36.10,36.10
24/12/2018,29.71,36.10,29.71,0.00 (0.00 %)," ",0,0,0,0,36.10,36.10,36.10,36.10
21/12/2018,29.71,36.10,29.71,0.00 (0.00 %)," ",0,0,0,0,36.10,36.1,36.10,36.10
20/12/2018,29.71,36.10,29.71,0.00 (0.00 %)," ",0,0,0,0,36.10,36.10,36.10,36.10
19/12/2018,29.71,36.10,29.71,0.00 (0.00 %)," ",0,0,0,0,36.10,36.1,36.10,36.10
18/12/2018,29.71,36.10,29.71,0.00 (0.00 %)," ",0,0,0,0,36.10,36.10,36.10,36.10
17/12/2018,29.71,36.10,29.71,0.00 (0.00 %)," ",0,0,0,0,36.10,36.1,36.10,36.10
14/12/2018,29.71,36.10,29.71,0.00 (0.00 %)," ",0,0,0,0,36.10,36.10,36.10,36.10
13/12/2018,29.71,36.10,29.71,0.00 (0.00 %)," ",0,0,0,0,36.10,36.1,36.10,36.10
12/12/2018,29.71,36.10,29.71,0.00 (0.00 %)," ",0,0,0,0,36.10,36.10,36.10,36.10
11/12/2018,29.71,36.10,29.71,0.00 (0.00 %)," ",0,0,0,0,36.10,36.1,36.10,36.10
10/12/2018,29.71,36.10,29.71,0.00 (0.00 %)," ",0,0,0,0,36.10,36.10,36.10,36.10
07/12/2018,29.71,36.10,29.71,0.00 (0.00 %)," ",0,0,0,0,36.10,36.1,36.10,36.10
06/12/2018,29.71,36.10,29.71,0.00 (0.00 %)," ",0,0,0,0,36.10,36.10,36.10,36.10
05/12/2018,29.71,36.10,29.71,0.00 (0.00 %)," ",0,0,0,0,36.10,36.1,36.10,36.10
04/12/2018,29.71,36.10,29.71,0.00 (0.00 %)," ",0,0,0,0,36.10,36.10,36.10,36.10
03/12/2018,29.71,36.10,29.71,0.00 (0.00 %)," ",0,0,0,0,36.10,36.1,36.10,36.10
30/11/2018,29.71,36.10,29.71,0.00 (0.00 %)," ",0,0,0,0,36.10,36.10,36.10,36.10
29/11/2018,29.71,36.10,29.71,1.50 (4.34 %)," ",100,"3,610,000",0,0,34.60,36.1,36.10,36.10
28/11/2018,28.47,34.60,28.47,0.00 (0.00 %)," ",0,0,0,0,34.60,34.60,34.60,34.60
27/11/2018,28.47,34.60,28.47,0.00 (0.00 %)," ",0,0,0,0,34.60,34.6,34.60,34.60
26/11/2018,28.47,34.60,28.47,0.00 (0.00 %)," ",0,0,0,0,34.60,34.60,34.60,34.60
23/11/2018,28.47,34.60,28.47,0.00 (0.00 %)," ",0,0,0,0,34.60,34.6,34.60,34.60
22/11/2018,28.47,34.60,28.47,0.00 (0.00 %)," ",0,0,0,0,34.60,34.60,34.60,34.60
21/11/2018,28.47,34.60,28.47,0.00 (0.00 %)," ",0,0,0,0,34.60,34.6,34.60,34.60
20/11/2018,28.47,34.60,28.47,0.00 (0.00 %)," ",0,0,0,0,34.60,34.60,34.60,34.60
19/11/2018,28.47,34.60,28.47,0.00 (0.00 %)," ",0,0,0,0,34.60,34.6,34.60,34.60
16/11/2018,28.47,34.60,28.47,0.00 (0.00 %)," ",0,0,0,0,34.60,34.60,34.60,34.60
15/11/2018,28.47,34.60,28.47,0.00 (0.00 %)," ",0,0,0,0,34.60,34.6,34.60,34.60
14/11/2018,28.47,34.60,28.47,0.00 (0.00 %)," ",0,0,0,0,34.60,34.60,34.60,34.60
13/11/2018,28.47,34.60,28.47,0.00 (0.00 %)," ",0,0,0,0,34.60,34.6,34.60,34.60
12/11/2018,28.47,34.60,28.47,0.00 (0.00 %)," ",0,0,0,0,34.60,34.60,34.60,34.60
09/11/2018,28.47,34.60,28.47,0.00 (0.00 %)," ",0,0,0,0,34.60,34.6,34.60,34.60
08/11/2018,28.47,34.60,28.47,0.00 (0.00 %)," ",0,0,0,0,34.60,34.60,34.60,34.60
07/11/2018,28.47,34.60,28.47,0.00 (0.00 %)," ",0,0,0,0,34.60,34.6,34.60,34.60
06/11/2018,28.47,34.60,28.47,0.00 (0.00 %)," ",0,0,0,0,34.60,34.60,34.60,34.60
05/11/2018,28.47,34.60,28.47,0.00 (0.00 %)," ",0,0,0,0,34.60,34.6,34.60,34.60
02/11/2018,28.47,34.60,28.47,0.00 (0.00 %)," ",0,0,0,0,34.60,34.60,34.60,34.60
01/11/2018,28.47,34.60,28.47,0.00 (0.00 %)," ",0,0,0,0,34.60,34.6,34.60,34.60
31/10/2018,28.47,34.60,28.47,4.50 (14.95 %)," ",100,"3,460,000",0,0,30.10,34.60,34.60,34.60
30/10/2018,24.77,30.10,24.77,0.00 (0.00 %)," ",0,0,0,0,30.10,30.1,30.10,30.10
29/10/2018,24.77,30.10,24.77,-4.80 (-13.75 %)," ","2,000","60,200,000",0,0,34.90,30.10,30.10,30.10
26/10/2018,28.72,34.90,28.72,0.00 (0.00 %)," ",0,0,0,0,34.90,34.9,34.90,34.90
25/10/2018,28.72,34.90,28.72,2.90 (9.06 %)," ",100,"3,490,000",0,0,32.00,34.90,34.90,34.90
24/10/2018,26.33,32.00,26.33,0.00 (0.00 %)," ","9,000","288,000,000","20,000","620,000,000",32.00,32.0,32.00,32.00
23/10/2018,26.33,32.00,26.33,0.00 (0.00 %)," ","6,600","211,200,000",0,0,32.00,32.00,32.00,32.00
22/10/2018,26.33,32.00,26.33,-3.00 (-8.57 %)," ","5,000","160,000,000",0,0,35.00,32.0,32.00,32.00
19/10/2018,28.80,35.00,28.80,0.00 (0.00 %)," ",0,0,0,0,35.00,35.00,35.00,35.00
18/10/2018,28.80,35.00,28.80,3.00 (9.38 %)," ",100,"3,500,000",0,0,32.00,35.0,35.00,35.00
17/10/2018,26.33,32.00,26.33,0.00 (0.00 %)," ",0,0,0,0,32.00,32.00,32.00,32.00
16/10/2018,26.33,32.00,26.33,0.00 (0.00 %)," ",0,0,0,0,32.00,32.0,32.00,32.00
15/10/2018,26.33,32.00,26.33,0.00 (0.00 %)," ",0,0,0,0,32.00,32.00,32.00,32.00
12/10/2018,26.33,32.00,26.33,0.00 (0.00 %)," ",0,0,0,0,32.00,32.0,32.00,32.00
11/10/2018,26.33,32.00,26.33,-3.00 (-8.57 %)," ",100,"3,200,000",0,0,35.00,32.00,32.00,32.00
10/10/2018,28.80,35.00,28.80,0.00 (0.00 %)," ",0,0,0,0,35.00,35.0,35.00,35.00
09/10/2018,28.80,35.00,28.80,0.00 (0.00 %)," ",0,0,0,0,35.00,35.00,35.00,35.00
08/10/2018,28.80,35.00,28.80,0.00 (0.00 %)," ",0,0,0,0,35.00,35.0,35.00,35.00
05/10/2018,28.80,35.00,28.80,0.00 (0.00 %)," ",0,0,0,0,35.00,35.00,35.00,35.00
04/10/2018,28.80,35.00,28.80,3.00 (9.38 %)," ",100,"3,500,000",0,0,32.00,35.0,35.00,35.00
03/10/2018,26.36,34.90,28.72,-0.10 (-0.29 %)," ","10,100","323,490,000",0,0,35.00,32.00,34.90,32.00
02/10/2018,28.80,35.00,28.80,0.00 (0.00 %)," ",100,"3,500,000",0,0,35.00,35.0,35.00,35.00
01/10/2018,28.80,35.00,28.80,0.00 (0.00 %)," ",0,0,0,0,35.00,35.00,35.00,35.00
28/09/2018,28.80,35.00,28.80,-1.90 (-5.15 %)," ",500,"17,500,000",0,0,36.90,35.0,35.00,35.00
27/09/2018,30.37,36.90,30.37,0.00 (0.00 %)," ",0,0,0,0,36.90,36.90,36.90,36.90
26/09/2018,30.37,36.90,30.37,0.00 (0.00 %)," ",0,0,0,0,36.90,36.9,36.90,36.90
25/09/2018,30.37,36.90,30.37,0.00 (0.00 %)," ",0,0,0,0,36.90,36.90,36.90,36.90
24/09/2018,30.37,36.90,30.37,0.00 (0.00 %)," ",0,0,0,0,36.90,36.9,36.90,36.90
21/09/2018,30.37,36.90,30.37,0.00 (0.00 %)," ",0,0,0,0,36.90,36.90,36.90,36.90
20/09/2018,30.37,36.90,30.37,0.00 (0.00 %)," ",0,0,0,0,36.90,36.9,36.90,36.90
19/09/2018,30.37,36.90,30.37,1.00 (2.79 %)," ",100,"3,690,000",0,0,35.90,36.90,36.90,36.90
18/09/2018,29.54,35.90,29.54,0.00 (0.00 %)," ",0,0,0,0,35.90,35.9,35.90,35.90
17/09/2018,29.54,35.90,29.54,2.80 (8.46 %)," ",100,"3,590,000",0,0,33.10,35.90,35.90,35.90
14/09/2018,27.24,33.10,27.24,0.00 (0.00 %)," ",0,0,0,0,33.10,33.1,33.10,33.10
13/09/2018,27.24,33.10,27.24,0.00 (0.00 %)," ",0,0,0,0,33.10,33.10,33.10,33.10
12/09/2018,27.21,36.00,29.63,4.50 (14.29 %)," ",300,"9,920,000",0,0,31.50,31.6,36.00,31.60
11/09/2018,25.92,31.50,25.92,0.00 (0.00 %)," ",0,0,0,0,31.50,31.50,31.50,31.50
10/09/2018,25.92,31.50,25.92,-5.50 (-14.86 %)," ",100,"3,150,000",0,0,37.00,31.5,31.50,31.50
07/09/2018,30.45,37.00,30.45,0.00 (0.00 %)," ",0,0,0,0,37.00,37.00,37.00,37.00
06/09/2018,30.45,37.00,30.45,0.00 (0.00 %)," ",0,0,0,0,37.00,37.0,37.00,37.00
05/09/2018,30.45,37.00,30.45,0.00 (0.00 %)," ",0,0,0,0,37.00,37.00,37.00,37.00
04/09/2018,30.45,37.00,30.45,-0.50 (-1.33 %)," ",100,"3,700,000",0,0,37.50,37.0,37.00,37.00
31/08/2018,30.86,37.50,30.86,0.00 (0.00 %)," ",0,0,0,0,37.50,37.50,37.50,37.50
30/08/2018,30.86,37.50,30.86,0.00 (0.00 %)," ",0,0,0,0,37.50,37.5,37.50,37.50
29/08/2018,30.86,37.50,30.86,0.00 (0.00 %)," ",0,0,0,0,37.50,37.50,37.50,37.50
28/08/2018,30.86,37.50,30.86,0.00 (0.00 %)," ",0,0,0,0,37.50,37.5,37.50,37.50
27/08/2018,30.86,37.50,30.86,0.00 (0.00 %)," ",0,0,0,0,37.50,37.50,37.50,37.50
24/08/2018,30.86,37.50,30.86,0.00 (0.00 %)," ",0,0,0,0,37.50,37.5,37.50,37.50
23/08/2018,30.86,37.50,30.86,0.00 (0.00 %)," ",0,0,0,0,37.50,37.50,37.50,37.50
22/08/2018,30.86,37.50,30.86,0.00 (0.00 %)," ",0,0,0,0,37.50,37.5,37.50,37.50
21/08/2018,30.86,37.50,30.86,0.00 (0.00 %)," ",0,0,0,0,37.50,37.50,37.50,37.50
20/08/2018,30.86,37.50,30.86,0.00 (0.00 %)," ",0,0,0,0,37.50,37.5,37.50,37.50
17/08/2018,30.86,37.50,30.86,0.00 (0.00 %)," ",0,0,0,0,37.50,37.50,37.50,37.50
16/08/2018,30.86,37.50,30.86,0.00 (0.00 %)," ",0,0,0,0,37.50,37.5,37.50,37.50
15/08/2018,30.86,37.50,30.86,0.00 (0.00 %)," ",0,0,0,0,37.50,37.50,37.50,37.50
14/08/2018,30.86,37.50,30.86,0.00 (0.00 %)," ",0,0,0,0,37.50,37.5,37.50,37.50
13/08/2018,30.86,37.50,30.86,0.00 (0.00 %)," ",0,0,0,0,37.50,37.50,37.50,37.50
10/08/2018,30.86,37.50,30.86,0.00 (0.00 %)," ",0,0,0,0,37.50,37.5,37.50,37.50
09/08/2018,30.86,37.50,30.86,-0.20 (-0.53 %)," ","2,700","101,250,000",0,0,37.70,37.50,37.50,37.50
08/08/2018,31.02,37.70,31.02,0.00 (0.00 %)," ",0,0,0,0,37.70,37.7,37.70,37.70
07/08/2018,31.02,37.70,31.02,0.00 (0.00 %)," ",0,0,0,0,37.70,37.70,37.70,37.70
06/08/2018,31.02,37.70,31.02,0.00 (0.00 %)," ",0,0,0,0,37.70,37.7,37.70,37.70
03/08/2018,31.02,37.70,31.02,0.00 (0.00 %)," ",0,0,0,0,37.70,37.70,37.70,37.70
02/08/2018,31.02,37.70,31.02,0.00 (0.00 %)," ",0,0,0,0,37.70,37.7,37.70,37.70
01/08/2018,31.02,37.70,31.02,0.00 (0.00 %)," ",0,0,0,0,37.70,37.70,37.70,37.70
31/07/2018,31.02,37.70,31.02,0.00 (0.00 %)," ",0,0,0,0,37.70,37.7,37.70,37.70
30/07/2018,31.02,37.70,31.02,0.00 (0.00 %)," ",0,0,0,0,37.70,37.70,37.70,37.70
27/07/2018,31.02,37.70,31.02,0.00 (0.00 %)," ",0,0,0,0,37.70,37.7,37.70,37.70
26/07/2018,31.02,37.70,31.02,-0.20 (-0.53 %)," ","1,900","71,630,000",0,0,37.90,37.70,37.70,37.70
25/07/2018,31.19,37.90,31.19,0.00 (0.00 %)," ",0,0,0,0,37.90,37.9,37.90,37.90
24/07/2018,31.19,37.90,31.19,0.00 (0.00 %)," ",0,0,0,0,37.90,37.90,37.90,37.90
23/07/2018,31.19,37.90,31.19,0.00 (0.00 %)," ",0,0,0,0,37.90,37.9,37.90,37.90
20/07/2018,31.19,37.90,31.19,0.00 (0.00 %)," ",0,0,0,0,37.90,37.90,37.90,37.90
19/07/2018,31.19,37.90,31.19,0.00 (0.00 %)," ",0,0,"2,000","64,600,000",37.90,37.9,37.90,37.90
18/07/2018,31.19,37.90,31.19,0.00 (0.00 %)," ",0,0,0,0,37.90,37.90,37.90,37.90
17/07/2018,31.19,37.90,31.19,0.00 (0.00 %)," ",0,0,0,0,37.90,37.9,37.90,37.90
13/08/2018,30.86,37.50,30.86,0.00 (0.00 %)," ",0,0,0,0,37.50,37.50,37.50,37.50
10/08/2018,30.86,37.50,30.86,0.00 (0.00 %)," ",0,0,0,0,37.50,37.5,37.50,37.50
09/08/2018,30.86,37.50,30.86,-0.20 (-0.53 %)," ","2,700","101,250,000",0,0,37.70,37.50,37.50,37.50
08/08/2018,31.02,37.70,31.02,0.00 (0.00 %)," ",0,0,0,0,37.70,37.7,37.70,37.70
07/08/2018,31.02,37.70,31.02,0.00 (0.00 %)," ",0,0,0,0,37.70,37.70,37.70,37.70
06/08/2018,31.02,37.70,31.02,0.00 (0.00 %)," ",0,0,0,0,37.70,37.7,37.70,37.70
03/08/2018,31.02,37.70,31.02,0.00 (0.00 %)," ",0,0,0,0,37.70,37.70,37.70,37.70
02/08/2018,31.02,37.70,31.02,0.00 (0.00 %)," ",0,0,0,0,37.70,37.7,37.70,37.70
01/08/2018,31.02,37.70,31.02,0.00 (0.00 %)," ",0,0,0,0,37.70,37.70,37.70,37.70
31/07/2018,31.02,37.70,31.02,0.00 (0.00 %)," ",0,0,0,0,37.70,37.7,37.70,37.70
30/07/2018,31.02,37.70,31.02,0.00 (0.00 %)," ",0,0,0,0,37.70,37.70,37.70,37.70
27/07/2018,31.02,37.70,31.02,0.00 (0.00 %)," ",0,0,0,0,37.70,37.7,37.70,37.70
26/07/2018,31.02,37.70,31.02,-0.20 (-0.53 %)," ","1,900","71,630,000",0,0,37.90,37.70,37.70,37.70
25/07/2018,31.19,37.90,31.19,0.00 (0.00 %)," ",0,0,0,0,37.90,37.9,37.90,37.90
24/07/2018,31.19,37.90,31.19,0.00 (0.00 %)," ",0,0,0,0,37.90,37.90,37.90,37.90
23/07/2018,31.19,37.90,31.19,0.00 (0.00 %)," ",0,0,0,0,37.90,37.9,37.90,37.90
20/07/2018,31.19,37.90,31.19,0.00 (0.00 %)," ",0,0,0,0,37.90,37.90,37.90,37.90
19/07/2018,31.19,37.90,31.19,0.00 (0.00 %)," ",0,0,"2,000","64,600,000",37.90,37.9,37.90,37.90
18/07/2018,31.19,37.90,31.19,0.00 (0.00 %)," ",0,0,0,0,37.90,37.90,37.90,37.90
17/07/2018,31.19,37.90,31.19,0.00 (0.00 %)," ",0,0,0,0,37.90,37.9,37.90,37.90
16/07/2018,31.19,37.90,31.19,0.00 (0.00 %)," ",0,0,0,0,37.90,37.90,37.90,37.90
13/07/2018,31.19,37.90,31.19,0.00 (0.00 %)," ",0,0,0,0,37.90,37.9,37.90,37.90
12/07/2018,31.19,37.90,31.19,0.00 (0.00 %)," ",0,0,0,0,37.90,37.90,37.90,37.90
11/07/2018,31.19,37.90,31.19,0.00 (0.00 %)," ",0,0,0,0,37.90,37.9,37.90,37.90
10/07/2018,31.19,37.90,31.19,0.00 (0.00 %)," ",0,0,0,0,37.90,37.90,37.90,37.90
09/07/2018,31.19,37.90,31.19,0.00 (0.00 %)," ",0,0,0,0,37.90,37.9,37.90,37.90
06/07/2018,31.19,37.90,31.19,0.00 (0.00 %)," ",0,0,0,0,37.90,37.90,37.90,37.90
05/07/2018,31.19,37.90,31.19,0.00 (0.00 %)," ",0,0,0,0,37.90,37.9,37.90,37.90
04/07/2018,31.19,37.90,31.19,0.00 (0.00 %)," ",0,0,0,0,37.90,37.90,37.90,37.90
03/07/2018,31.19,37.90,31.19,0.00 (0.00 %)," ",0,0,0,0,37.90,37.9,37.90,37.90
02/07/2018,31.19,37.90,31.19,0.00 (0.00 %)," ",0,0,0,0,37.90,37.90,37.90,37.90
29/06/2018,31.19,37.90,31.19,0.00 (0.00 %)," ",0,0,0,0,37.90,37.9,37.90,37.90
28/06/2018,31.19,37.90,31.19,0.00 (0.00 %)," ",0,0,0,0,37.90,37.90,37.90,37.90
27/06/2018,31.19,37.90,31.19,0.00 (0.00 %)," ",0,0,0,0,37.90,37.9,37.90,37.90
26/06/2018,31.19,37.90,31.19,3.40 (9.86 %)," ",100,"3,790,000",0,0,34.50,37.90,37.90,37.90
25/06/2018,28.39,34.50,28.39,2.30 (7.14 %)," ",300,"10,350,000",0,0,32.20,34.5,34.50,34.50
22/06/2018,26.50,32.20,26.50,0.00 (0.00 %)," ",0,0,0,0,32.20,32.20,32.20,32.20
21/06/2018,26.50,32.20,26.50,0.00 (0.00 %)," ",0,0,0,0,32.20,32.2,32.20,32.20
20/06/2018,26.50,32.40,26.66,4.20 (14.89 %)," ",200,"6,440,000",0,0,28.20,32.00,32.40,32.00
19/06/2018,23.21,27.50,22.63,-4.60 (-14.33 %)," ","1,200","33,840,000",0,0,32.10,27.4,36.00,27.40
18/06/2018,26.42,32.10,26.42,0.00 (0.00 %)," ",0,0,0,0,32.10,32.10,32.10,32.10
15/06/2018,26.39,32.00,26.33,-0.40 (-1.23 %)," ","3,600","115,450,000",0,0,32.40,34.0,34.00,32.00
14/06/2018,26.68,32.00,26.33,-2.00 (-5.88 %)," ","9,600","311,200,000",0,0,34.00,33.00,33.00,32.00
13/06/2018,27.98,33.00,27.16,0.00 (0.00 %)," ","4,200","142,800,000",0,0,33.00,33.0,35.00,33.00
12/06/2018,27.16,33.00,27.16,-4.90 (-12.93 %)," ",500,"16,500,000",0,0,37.90,33.00,33.00,33.00
11/06/2018,31.19,37.90,31.19,0.00 (0.00 %)," ",0,0,0,0,37.90,37.9,37.90,37.90
08/06/2018,31.19,37.90,31.19,0.00 (0.00 %)," ",0,0,0,0,37.90,37.90,37.90,37.90
07/06/2018,31.19,37.90,31.19,0.00 (0.00 %)," ",0,0,0,0,37.90,37.9,37.90,37.90
06/06/2018,31.19,37.90,31.19,0.00 (0.00 %)," ",0,0,0,0,37.90,37.90,37.90,37.90
05/06/2018,31.19,37.90,31.19,0.00 (0.00 %)," ",0,0,0,0,37.90,37.9,37.90,37.90
04/06/2018,31.19,37.90,31.19,0.00 (0.00 %)," ",0,0,0,0,37.90,37.90,37.90,37.90
01/06/2018,31.19,37.90,31.19,0.00 (0.00 %)," ",0,0,0,0,37.90,37.9,37.90,37.90
31/05/2018,31.19,37.90,31.19,0.00 (0.00 %)," ",0,0,0,0,37.90,37.90,37.90,37.90
30/05/2018,31.19,37.90,31.19,0.00 (0.00 %)," ",0,0,0,0,37.90,37.9,37.90,37.90
29/05/2018,31.19,37.90,31.19,-1.00 (-2.57 %)," ","2,700","102,330,000",0,0,38.90,37.90,37.90,37.90
28/05/2018,32.01,38.90,32.01,0.00 (0.00 %)," ",0,0,0,0,38.90,38.9,38.90,38.90
25/05/2018,32.01,38.90,32.01,0.00 (0.00 %)," ",0,0,0,0,38.90,38.90,38.90,38.90
24/05/2018,32.01,38.90,32.01,0.00 (0.00 %)," ",0,0,0,0,38.90,38.9,38.90,38.90
23/05/2018,32.01,38.90,32.01,0.00 (0.00 %)," ",100,"3,890,000",0,0,38.90,38.90,38.90,38.90
22/05/2018,32.01,38.90,32.01,0.00 (0.00 %)," ",0,0,0,0,38.90,38.9,38.90,38.90
21/05/2018,32.01,38.90,32.01,0.00 (0.00 %)," ",4,"155,600",0,0,38.90,38.90,38.90,38.90
18/05/2018,32.01,38.90,32.01,0.00 (0.00 %)," ",0,0,0,0,38.90,38.9,38.90,38.90
17/05/2018,32.01,38.90,32.01,0.00 (0.00 %)," ",0,0,0,0,38.90,38.90,38.90,38.90
16/05/2018,31.98,38.80,31.93,1.70 (4.58 %)," ","6,100","237,050,000",0,0,37.10,38.9,38.90,38.80
15/05/2018,30.53,37.10,30.53,0.00 (0.00 %)," ",0,0,0,0,37.10,37.10,37.10,37.10
14/05/2018,30.53,37.10,30.53,0.00 (0.00 %)," ",0,0,0,0,37.10,37.1,37.10,37.10
11/05/2018,30.53,37.10,30.53,0.00 (0.00 %)," ",0,0,0,0,37.10,37.10,37.10,37.10
10/05/2018,30.53,37.10,30.53,0.00 (0.00 %)," ",0,0,0,0,37.10,37.1,37.10,37.10
09/05/2018,30.50,37.00,30.45,2.30 (6.63 %)," ","3,506","129,919,600",0,0,34.70,39.00,39.00,37.00
08/05/2018,28.56,37.20,28.56,0.00 (0.00 %)," ","2,001","74,442,000",0,0,37.20,37.2,37.20,37.20
07/05/2018,28.54,37.00,28.40,-4.30 (-10.41 %)," ","9,500","353,220,000",0,0,41.30,37.50,37.50,37.00
04/05/2018,31.70,41.30,31.70,-0.90 (-2.13 %)," ",180,"7,441,000",0,0,42.20,41.3,41.30,41.30
03/05/2018,32.39,42.20,32.39,0.00 (0.00 %)," ","7,634","322,335,000",0,0,42.20,42.30,42.30,42.10
02/05/2018,32.40,43.00,33.01,4.50 (11.69 %)," ","8,710","367,625,000",0,0,38.50,42.5,43.00,39.00
27/04/2018,29.56,38.50,29.55,3.10 (8.76 %)," ","18,510","712,740,000","5,075","162,400,000",35.40,40.70,40.70,37.00
26/04/2018,27.17,35.40,27.17,4.60 (14.94 %)," ",700,"24,780,000",0,0,30.80,35.4,35.40,35.40
24/04/2018,23.64,30.80,23.64,8.80 (40.00 %)," ","10,100","311,080,000",0,0,22.00,30.80,30.80,30.80
