04/05/2022,113.10,113.10,-2.90 (-2.50 %)," ","512,200","58,280,000,000",0,0,116.00,116.80,113.00
29/04/2022,116.00,116.00,-0.50 (-0.43 %)," ","1,098,700","128,081,000,000",0,0,117.00,118.60,115.10
28/04/2022,116.50,116.50,-2.50 (-2.10 %)," ","837,600","99,397,000,000","500,000","55,350,000,000",119.00,119.90,116.50
27/04/2022,119.00,119.00,3.00 (2.59 %)," ","1,241,700","142,362,000,000","4,106,400","470,509,300,000",116.00,121.80,111.00
26/04/2022,116.00,116.00,0.00 (0.00 %)," ","2,206,600","252,270,000,000","2,522,500","293,022,250,000",116.70,124.10,109.10
25/04/2022,116.00,116.00,-7.30 (-5.92 %)," ","1,076,900","128,870,000,000",0,0,124.60,124.60,115.80
22/04/2022,123.30,123.30,0.30 (0.24 %)," ","1,750,600","217,051,000,000","1,200,000","157,920,000,000",123.00,125.00,122.50
21/04/2022,123.00,123.00,-1.30 (-1.05 %)," ","1,507,800","185,721,000,000","115,900","13,965,950,000",122.00,125.00,122.00
20/04/2022,124.30,124.30,3.80 (3.15 %)," ","1,116,500","137,231,000,000",0,0,121.40,125.00,120.50
19/04/2022,120.50,120.50,-3.50 (-2.82 %)," ","943,100","115,333,000,000",0,0,124.90,125.50,119.50
18/04/2022,124.00,124.00,-1.00 (-0.80 %)," ","890,800","111,185,000,000",0,0,126.50,126.50,124.00
15/04/2022,125.00,125.00,-0.70 (-0.56 %)," ","1,015,000","127,432,000,000",0,0,126.20,126.60,124.10
14/04/2022,125.70,125.70,-1.20 (-0.95 %)," ","800,000","100,382,000,000",0,0,127.00,127.50,124.50
13/04/2022,126.90,126.90,1.50 (1.20 %)," ","989,500","126,663,000,000",0,0,126.00,129.50,126.00
12/04/2022,125.40,125.40,1.70 (1.37 %)," ","1,373,600","172,818,000,000",0,0,130.00,130.00,123.90
08/04/2022,123.75,148.50,-2.50 (-1.66 %)," ","1,169,600","175,159,000,000",0,0,151.50,151.50,148.50
07/04/2022,125.83,151.00,-2.80 (-1.82 %)," ","1,113,200","170,088,000,000","650,000","99,970,000,000",155.00,155.00,151.00
06/04/2022,128.16,153.80,2.20 (1.45 %)," ","1,374,300","208,744,000,000","826,600","125,212,560,000",151.90,155.00,150.10
05/04/2022,126.33,151.60,1.60 (1.07 %)," ","739,300","112,043,000,000",0,0,151.80,153.80,150.00
04/04/2022,125.00,150.00,3.50 (2.39 %)," ","1,685,400","256,301,000,000",0,0,149.00,155.00,148.50
01/04/2022,122.08,146.50,4.30 (3.02 %)," ","808,700","118,058,000,000",0,0,144.00,148.60,142.50
31/03/2022,118.50,142.20,-1.80 (-1.25 %)," ","589,200","84,017,000,000",0,0,143.90,144.30,141.90
30/03/2022,120.00,144.00,0.00 (0.00 %)," ","675,400","96,799,000,000",0,0,143.10,145.50,142.10
29/03/2022,120.00,144.00,-1.60 (-1.10 %)," ","595,200","86,627,000,000",0,0,146.00,147.40,143.50
28/03/2022,121.33,145.60,-0.80 (-0.55 %)," ","630,000","90,714,000,000",0,0,145.00,145.90,143.00
25/03/2022,122.00,146.40,-0.20 (-0.14 %)," ","545,600","79,671,000,000","92,000","13,524,000,000",147.00,147.80,144.70
24/03/2022,122.16,146.60,-0.40 (-0.27 %)," ","760,300","112,275,000,000",0,0,148.40,150.00,146.60
23/03/2022,122.50,147.00,-1.50 (-1.01 %)," ","1,396,000","208,642,000,000","550,000","82,197,500,000",146.80,153.80,145.10
22/03/2022,123.75,148.50,3.50 (2.41 %)," ","969,400","143,126,000,000","20,100","2,974,800,000",145.50,151.00,143.00
21/03/2022,120.83,145.00,8.30 (6.07 %)," ","890,400","127,135,000,000","455,200","61,952,720,000",138.90,145.20,138.80
18/03/2022,113.91,136.70,-1.30 (-0.94 %)," ","2,545,700","350,991,000,000",0,0,139.00,142.70,136.70
17/03/2022,115.00,138.00,-2.50 (-1.78 %)," ","766,800","107,322,000,000",0,0,141.00,142.30,138.00
16/03/2022,117.08,140.50,-0.60 (-0.43 %)," ","503,900","70,894,000,000","132,000","18,559,200,000",142.70,142.70,140.00
15/03/2022,117.58,141.10,5.00 (3.67 %)," ","1,020,500","140,721,000,000",0,0,135.50,141.10,135.50
14/03/2022,113.41,136.10,-6.40 (-4.49 %)," ","1,649,600","227,020,000,000","2,000,000","284,000,000,000",142.20,142.20,134.10
11/03/2022,118.75,142.50,-7.50 (-5.00 %)," ","1,565,500","227,663,000,000",0,0,149.00,151.50,142.50
10/03/2022,125.00,150.00,-5.50 (-3.54 %)," ","1,245,100","189,929,000,000",0,0,155.70,158.30,150.00
09/03/2022,129.58,155.50,-3.30 (-2.08 %)," ","875,100","137,563,000,000",0,0,158.50,159.90,154.50
08/03/2022,132.33,158.80,0.60 (0.38 %)," ","634,300","100,654,000,000","1,484,000","236,064,800,000",158.00,160.10,157.50
07/03/2022,131.83,158.20,-3.10 (-1.92 %)," ","942,300","150,318,000,000",0,0,159.70,162.40,158.00
04/03/2022,134.41,161.30,2.20 (1.38 %)," ","1,197,900","193,279,000,000",0,0,159.50,162.80,158.00
03/03/2022,132.58,159.10,2.10 (1.34 %)," ","752,900","120,127,000,000","1,206,700","189,451,900,000",158.70,162.00,156.70
02/03/2022,130.83,157.00,0.50 (0.32 %)," ","822,900","128,803,000,000","100,000","15,650,000,000",155.00,158.00,155.00
01/03/2022,130.41,156.50,0.50 (0.32 %)," ","360,000","56,229,000,000",0,0,157.00,157.50,155.50
28/02/2022,129.99,156.00,-2.00 (-1.27 %)," ","426,900","67,237,000,000",0,0,158.00,159.90,156.00
25/02/2022,131.66,158.00,-1.50 (-0.94 %)," ","572,500","91,449,000,000",0,0,161.00,161.00,158.00
24/02/2022,132.91,159.50,2.30 (1.46 %)," ","989,000","156,701,000,000",0,0,156.50,163.00,155.60
23/02/2022,130.99,157.20,-0.30 (-0.19 %)," ","459,600","72,446,000,000",0,0,157.40,159.50,156.50
22/02/2022,131.24,157.50,-2.80 (-1.75 %)," ","559,100","88,338,000,000",0,0,156.30,159.80,156.30
21/02/2022,133.58,160.30,-3.00 (-1.84 %)," ","957,200","154,524,000,000",0,0,163.40,163.40,160.10
18/02/2022,136.08,163.30,0.30 (0.18 %)," ","1,183,000","192,012,000,000","89,000","14,507,000,000",160.00,165.00,158.80
17/02/2022,135.83,163.00,4.90 (3.10 %)," ","1,673,100","267,880,000,000",0,0,158.00,163.00,157.70
16/02/2022,131.74,158.10,-2.40 (-1.50 %)," ","823,200","130,339,000,000","47,600","7,529,368,000",160.00,160.00,157.50
15/02/2022,133.74,160.50,8.90 (5.87 %)," ","1,575,800","245,914,000,000","1,200,000","172,356,000,000",151.80,160.50,150.00
14/02/2022,126.33,151.60,1.80 (1.20 %)," ","925,700","139,114,000,000","665,000","99,484,000,000",148.50,151.60,148.10
11/02/2022,124.83,149.80,0.20 (0.13 %)," ","487,500","73,096,000,000",0,0,150.00,151.50,148.10
10/02/2022,124.66,149.60,3.00 (2.05 %)," ","1,433,500","212,346,000,000",0,0,148.00,149.60,146.90
09/02/2022,122.16,146.60,1.10 (0.76 %)," ","585,500","86,185,000,000",0,0,146.50,148.50,145.00
08/02/2022,121.25,145.50,-2.40 (-1.62 %)," ","502,000","73,112,000,000",0,0,146.40,147.70,145.00
07/02/2022,123.25,147.90,4.90 (3.43 %)," ","611,900","89,838,000,000","200,000","29,518,000,000",145.00,148.50,143.00
28/01/2022,119.16,143.00,1.00 (0.70 %)," ","356,900","51,872,000,000","128,200","18,632,588,000",143.10,147.20,143.00
27/01/2022,118.33,142.00,-5.00 (-3.40 %)," ","727,700","104,053,000,000",0,0,146.50,146.50,142.00
26/01/2022,122.50,147.00,-6.00 (-3.92 %)," ","969,400","145,834,000,000","800,000","130,400,000,000",154.40,154.40,147.00
25/01/2022,127.49,153.00,10.00 (6.99 %)," ","1,050,100","155,252,000,000","1,050,000","150,150,000,000",144.00,153.00,141.10
24/01/2022,119.16,143.00,-8.00 (-5.30 %)," ","952,700","137,832,000,000",0,0,148.30,150.20,143.00
21/01/2022,125.83,151.00,1.80 (1.21 %)," ","869,400","130,921,000,000",0,0,152.40,152.40,149.20
20/01/2022,125.66,150.80,3.30 (2.24 %)," ","473,500","71,231,000,000","1,066,800","167,353,000,000",150.00,151.00,148.00
19/01/2022,126.08,151.30,9.20 (6.47 %)," ","787,300","116,867,000,000","32,965,170","4,746,984,480,000",141.20,151.50,141.20
18/01/2022,118.41,142.10,0.10 (0.07 %)," ","872,600","124,487,000,000",0,0,140.00,151.90,139.50
17/01/2022,118.33,142.00,-2.80 (-1.93 %)," ","829,900","118,084,000,000",0,0,145.00,145.80,136.90
14/01/2022,120.66,144.80,0.00 (0.00 %)," ","490,800","70,601,000,000","164,300","22,131,210,000",142.10,145.00,142.10
13/01/2022,120.66,144.80,-0.10 (-0.07 %)," ","974,500","140,608,000,000","181,100","26,018,637,000",145.00,146.80,141.60
12/01/2022,120.75,144.90,0.00 (0.00 %)," ","1,058,300","154,387,000,000",0,0,145.50,147.80,144.70
11/01/2022,120.75,144.90,-8.10 (-5.29 %)," ","1,345,000","199,346,000,000","164,300","26,895,910,000",153.00,154.00,144.90
10/01/2022,127.49,153.00,-1.00 (-0.65 %)," ","445,400","68,449,000,000","1,826,000","293,121,900,000",155.90,155.90,153.00
07/01/2022,128.33,154.00,0.20 (0.13 %)," ","1,307,500","203,838,000,000",0,0,155.90,159.50,154.00
06/01/2022,128.16,153.80,-7.20 (-4.47 %)," ","1,650,400","258,332,000,000","164,300","24,612,140,000",161.00,161.00,153.80
05/01/2022,134.16,161.00,-9.00 (-5.29 %)," ","1,261,000","208,751,000,000","500,000","90,950,000,000",171.00,171.00,161.00
04/01/2022,141.66,170.00,-1.00 (-0.58 %)," ","998,000","169,396,000,000",0,0,171.00,171.00,169.00
31/12/2021,142.49,171.00,-0.50 (-0.29 %)," ","6,544,000","1,121,030,000,000","2,164,300","397,149,050,000",169.80,171.60,168.70
30/12/2021,142.91,171.50,-0.50 (-0.29 %)," ","5,093,400","877,572,000,000",0,0,172.00,172.80,169.00
29/12/2021,143.33,172.00,0.50 (0.29 %)," ","6,219,000","1,079,634,000,000","506,600","80,802,700,000",171.50,174.10,169.50
28/12/2021,142.91,171.50,2.50 (1.48 %)," ","7,688,200","1,334,853,000,000","164,300","25,827,960,000",169.50,174.80,167.20
27/12/2021,140.83,169.00,-2.00 (-1.17 %)," ","7,115,800","1,237,815,000,000","558,000","95,418,000,000",170.90,175.00,168.10
24/12/2021,142.49,171.00,0.00 (0.00 %)," ","7,727,500","1,344,448,000,000","506,600","92,657,140,000",171.00,175.00,168.10
23/12/2021,142.49,171.00,1.00 (0.59 %)," ","9,870,200","1,709,567,000,000","164,300","29,886,170,000",169.90,175.00,166.60
22/12/2021,141.66,170.00,3.40 (2.04 %)," ","8,679,300","1,475,134,000,000","200,000","31,000,000,000",168.00,171.00,166.20
21/12/2021,138.83,166.60,4.60 (2.84 %)," ","7,522,000","1,246,362,000,000",0,0,162.00,166.70,160.00
20/12/2021,134.99,162.00,4.50 (2.86 %)," ","5,033,600","816,283,000,000","568,000","87,652,700,000",162.00,162.90,157.50
17/12/2021,131.24,157.50,-2.50 (-1.56 %)," ","2,984,600","476,226,000,000","60,000","8,928,000,000",159.70,161.60,157.20
16/12/2021,133.33,160.00,-1.00 (-0.62 %)," ","957,300","153,316,000,000","20,000","3,120,000,000",161.00,161.90,152.20
15/12/2021,134.16,161.00,4.25 (2.71 %)," ","1,227,700","195,219,000,000","1,054,300","161,053,110,000",156.00,161.00,156.00
14/12/2021,130.62,157.00,1.00 (0.64 %)," ","942,300","147,661,000,000","909,000","131,895,900,000",155.90,157.50,155.70
13/12/2021,129.79,156.00,2.30 (1.50 %)," ","1,458,500","227,731,000,000",0,0,154.10,157.40,153.80
10/12/2021,127.87,153.70,-0.30 (-0.19 %)," ","996,400","152,013,000,000",0,0,153.00,154.00,150.20
09/12/2021,128.12,154.00,2.90 (1.92 %)," ","784,400","119,666,000,000","137,500","20,276,220,000",150.00,154.00,150.00
08/12/2021,125.71,151.10,-0.80 (-0.53 %)," ","648,400","98,250,000,000","572,000","86,886,800,000",151.20,152.00,151.10
07/12/2021,126.38,151.90,0.90 (0.60 %)," ","569,700","86,463,000,000","1,409,000","217,803,500,000",150.50,152.50,150.50
06/12/2021,125.63,151.00,0.00 (0.00 %)," ","1,098,300","165,744,000,000",0,0,151.00,153.00,145.00
03/12/2021,125.63,151.00,-1.00 (-0.66 %)," ","1,148,800","175,866,000,000",0,0,152.00,155.50,151.00
02/12/2021,126.46,152.00,2.10 (1.40 %)," ","1,004,300","152,236,000,000","192,700","29,211,101,000",150.00,153.40,150.00
01/12/2021,124.71,149.90,0.70 (0.47 %)," ","1,261,100","189,252,000,000",0,0,149.00,152.00,149.00
30/11/2021,124.13,149.20,-3.30 (-2.16 %)," ","1,488,000","225,469,000,000","909,000","129,078,000,000",152.70,153.90,149.20
29/11/2021,126.87,152.50,-5.00 (-3.17 %)," ","1,470,900","225,912,000,000","355,000","52,935,000,000",155.00,156.00,152.10
26/11/2021,131.03,157.50,0.00 (0.00 %)," ","1,131,800","177,276,000,000",0,0,156.00,157.50,155.20
25/11/2021,131.03,157.50,0.50 (0.32 %)," ","1,050,400","165,120,000,000","500,000","81,000,000,000",157.00,159.00,155.10
24/11/2021,130.62,157.00,0.50 (0.32 %)," ","1,298,500","202,176,000,000","250,000","39,875,000,000",155.50,159.70,154.10
23/11/2021,130.20,156.50,6.60 (4.40 %)," ","1,864,400","286,902,000,000","747,000","111,975,300,000",148.60,156.80,148.60
22/11/2021,124.71,149.90,2.50 (1.70 %)," ","634,600","94,480,000,000",0,0,147.50,149.90,147.00
19/11/2021,122.63,147.40,-0.60 (-0.41 %)," ","1,301,600","193,133,000,000",0,0,149.00,149.90,147.40
18/11/2021,123.13,148.00,-2.50 (-1.66 %)," ","1,057,900","158,347,000,000",0,0,150.50,152.00,148.00
17/11/2021,125.21,150.50,-1.50 (-0.99 %)," ","362,200","54,638,000,000",0,0,151.00,152.00,150.10
16/11/2021,126.46,152.00,-2.00 (-1.30 %)," ","1,698,000","259,308,000,000",0,0,153.80,155.10,150.00
15/11/2021,128.12,154.00,4.40 (2.94 %)," ","1,822,500","274,920,000,000",0,0,150.00,154.00,148.20
12/11/2021,124.46,149.60,2.70 (1.84 %)," ","1,456,700","216,118,000,000",0,0,146.90,150.10,146.80
11/11/2021,122.22,146.90,-0.80 (-0.54 %)," ","1,740,900","257,570,000,000",0,0,148.80,151.00,146.00
10/11/2021,122.88,147.70,-0.10 (-0.07 %)," ","1,317,500","194,640,000,000",0,0,148.00,149.80,146.90
09/11/2021,122.96,147.80,-4.20 (-2.76 %)," ","1,478,500","221,256,000,000","500,000","81,300,000,000",152.90,152.90,147.70
08/11/2021,126.46,152.00,4.20 (2.84 %)," ","1,877,000","283,643,000,000","49,500","7,479,945,000",150.00,152.60,148.80
05/11/2021,122.96,147.80,-0.10 (-0.07 %)," ","1,235,600","183,249,000,000",0,0,148.00,149.90,147.20
04/11/2021,123.05,147.90,2.40 (1.65 %)," ","1,148,200","169,583,000,000",0,0,145.80,149.50,145.00
03/11/2021,121.05,145.50,0.00 (0.00 %)," ","1,352,400","197,510,000,000","128,100","19,034,670,000",145.50,148.00,144.00
02/11/2021,121.05,145.50,0.00 (0.00 %)," ","1,021,800","149,271,000,000",0,0,145.50,148.70,145.40
01/11/2021,121.05,145.50,-5.40 (-3.58 %)," ","1,668,800","246,057,000,000",0,0,150.00,150.10,145.10
29/10/2021,125.54,150.90,-0.80 (-0.53 %)," ","1,547,000","231,878,000,000",0,0,150.00,152.00,147.50
28/10/2021,126.21,151.70,4.90 (3.34 %)," ","1,754,500","261,212,000,000",0,0,146.80,152.50,144.00
27/10/2021,122.13,146.80,7.20 (5.16 %)," ","2,012,700","290,660,000,000",0,0,140.00,147.90,139.80
26/10/2021,116.14,139.60,-0.80 (-0.57 %)," ","850,200","118,934,000,000",0,0,141.50,141.50,138.80
25/10/2021,116.81,140.40,0.30 (0.21 %)," ","575,000","81,427,000,000",0,0,143.00,143.00,140.40
22/10/2021,116.56,140.10,-0.10 (-0.07 %)," ","466,100","65,617,000,000",0,0,140.60,141.50,140.10
21/10/2021,116.64,140.20,-2.90 (-2.03 %)," ","1,085,600","153,437,000,000",0,0,143.00,143.10,140.20
20/10/2021,119.05,143.10,2.10 (1.49 %)," ","987,100","140,502,000,000",0,0,141.60,143.40,140.00
19/10/2021,117.31,141.00,-2.00 (-1.40 %)," ","765,000","108,566,000,000",0,0,143.70,143.70,140.90
18/10/2021,118.97,143.00,2.00 (1.42 %)," ","634,000","90,357,000,000",0,0,141.10,144.10,141.00
15/10/2021,117.31,141.00,-1.10 (-0.77 %)," ","891,600","126,607,000,000",0,0,142.20,143.40,141.00
14/10/2021,118.22,142.10,-1.00 (-0.70 %)," ","1,426,200","203,155,000,000",0,0,143.10,144.00,141.60
13/10/2021,119.05,143.10,-2.40 (-1.65 %)," ","1,139,600","165,109,000,000",0,0,147.00,147.00,143.00
12/10/2021,121.05,145.50,-1.50 (-1.02 %)," ","675,700","99,070,000,000",0,0,147.50,148.50,145.00
11/10/2021,122.30,147.00,1.50 (1.03 %)," ","924,200","135,201,000,000","2,722,800","396,322,600,000",145.50,148.50,143.00
08/10/2021,121.05,145.50,3.80 (2.68 %)," ","1,009,100","145,389,000,000",0,0,142.00,146.00,141.90
07/10/2021,117.89,141.70,-0.50 (-0.35 %)," ","548,300","77,797,000,000",0,0,143.00,143.00,141.00
06/10/2021,118.31,142.20,1.00 (0.71 %)," ","540,300","76,478,000,000",0,0,142.50,142.50,140.90
05/10/2021,117.47,141.20,0.00 (0.00 %)," ","599,300","84,909,000,000",0,0,142.70,142.90,140.60
04/10/2021,117.47,141.20,1.20 (0.86 %)," ","495,400","70,059,000,000","720,000","100,800,000,000",141.90,143.00,140.10
01/10/2021,116.48,140.00,-2.60 (-1.82 %)," ","859,300","121,107,000,000","1,007,575","144,148,382,500",142.00,143.00,140.00
30/09/2021,118.64,142.60,1.60 (1.13 %)," ","754,600","108,232,000,000",0,0,141.10,144.40,141.00
29/09/2021,117.31,141.00,5.00 (3.68 %)," ","563,500","78,404,000,000",0,0,138.90,141.00,138.00
28/09/2021,113.15,136.00,1.00 (0.74 %)," ","1,284,000","177,723,000,000",0,0,134.90,140.70,134.10
27/09/2021,112.32,135.00,-7.40 (-5.20 %)," ","1,213,100","169,065,000,000",0,0,142.70,143.50,135.00
24/09/2021,118.47,142.40,-2.60 (-1.79 %)," ","1,161,000","166,187,000,000",0,0,145.00,145.50,141.80
23/09/2021,120.64,145.00,-2.00 (-1.36 %)," ","932,400","136,149,000,000",0,0,146.50,148.50,143.00
22/09/2021,122.30,147.00,3.50 (2.44 %)," ","859,600","126,009,000,000","180,100","26,480,531,000",145.00,149.00,143.50
21/09/2021,119.39,143.50,0.50 (0.35 %)," ","1,328,900","190,328,000,000",0,0,141.00,145.00,141.00
20/09/2021,118.97,143.00,-3.00 (-2.05 %)," ","1,053,000","153,652,000,000","1,110,500","162,196,600,000",146.10,148.50,143.00
17/09/2021,121.47,146.00,-3.80 (-2.54 %)," ","2,389,800","351,016,000,000",0,0,148.00,149.50,145.50
16/09/2021,124.63,149.80,4.90 (3.38 %)," ","2,286,500","339,685,000,000","35,000","5,243,000,000",147.00,150.00,145.20
15/09/2021,120.55,144.90,9.40 (6.94 %)," ","2,796,100","393,464,000,000","388,300","53,119,440,000",135.00,144.90,135.00
14/09/2021,112.73,135.50,4.90 (3.75 %)," ","2,566,900","345,350,000,000","1,279,300","169,916,962,000",131.80,135.70,130.80
13/09/2021,108.65,130.60,0.60 (0.46 %)," ","1,264,400","165,883,000,000","500,000","65,750,000,000",131.00,132.00,130.10
10/09/2021,108.16,130.00,-1.00 (-0.76 %)," ","711,300","93,566,000,000",0,0,131.50,132.40,130.00
09/09/2021,108.99,131.00,3.00 (2.34 %)," ","1,026,600","134,217,000,000","21,090","2,757,306,600",127.80,132.20,127.60
08/09/2021,106.49,128.00,-1.80 (-1.39 %)," ","1,395,400","179,697,000,000","786,000","102,085,040,000",129.00,130.00,128.00
07/09/2021,107.99,129.80,-1.30 (-0.99 %)," ","1,539,300","200,266,000,000",0,0,131.20,131.20,129.50
06/09/2021,109.07,131.10,-2.20 (-1.65 %)," ","1,518,900","201,320,000,000","60,090","7,814,683,600",134.00,134.00,131.10
01/09/2021,110.90,133.30,-1.70 (-1.26 %)," ","1,024,900","137,413,000,000","19,628,334","2,517,435,835,500",134.20,135.50,133.00
31/08/2021,112.32,135.00,2.40 (1.81 %)," ","3,127,300","420,977,000,000","155,700","21,019,500,000",132.60,136.00,132.00
30/08/2021,110.32,132.60,-3.30 (-2.43 %)," ","2,696,800","364,603,000,000","344,710","46,603,979,000",138.50,138.50,132.60
27/08/2021,113.06,135.90,1.90 (1.42 %)," ","1,927,000","260,618,000,000",0,0,132.10,136.40,132.10
26/08/2021,111.48,134.00,-1.00 (-0.74 %)," ","970,800","131,382,000,000","122,000","16,510,260,000",135.10,137.20,132.10
25/08/2021,112.32,135.00,6.50 (5.06 %)," ","1,163,100","152,996,000,000",0,0,129.80,136.50,129.10
24/08/2021,106.91,128.50,1.50 (1.18 %)," ","1,302,200","166,497,000,000","858,000","108,966,000,000",127.00,129.80,127.00
23/08/2021,105.66,127.00,-6.80 (-5.08 %)," ","1,719,900","223,513,000,000",0,0,133.00,133.50,127.00
20/08/2021,111.32,133.80,-2.50 (-1.83 %)," ","1,311,400","176,192,000,000",0,0,135.30,135.80,132.90
19/08/2021,113.40,136.30,1.80 (1.34 %)," ","842,400","114,318,000,000",0,0,136.00,136.30,134.50
18/08/2021,111.90,134.50,2.00 (1.51 %)," ","1,302,800","176,749,000,000","50,000","6,165,000,000",135.00,136.90,134.00
17/08/2021,110.24,132.50,-1.00 (-0.75 %)," ","793,600","105,787,000,000",0,0,134.80,134.90,132.50
16/08/2021,111.07,133.50,0.00 (0.00 %)," ","969,800","129,978,000,000",0,0,134.50,136.50,132.20
13/08/2021,111.07,133.50,-0.50 (-0.37 %)," ","1,394,600","184,888,000,000",0,0,132.50,134.00,131.80
12/08/2021,111.48,134.00,-2.60 (-1.90 %)," ","1,946,000","263,621,000,000",0,0,138.50,138.50,134.00
11/08/2021,113.65,136.60,-1.90 (-1.37 %)," ","993,500","138,159,000,000",0,0,139.00,141.00,136.60
10/08/2021,115.23,138.50,-2.50 (-1.77 %)," ","1,011,600","141,556,000,000",0,0,141.00,141.50,138.50
09/08/2021,117.31,141.00,6.50 (4.83 %)," ","1,525,400","209,929,000,000",0,0,134.00,141.00,134.00
06/08/2021,111.90,134.50,-0.50 (-0.37 %)," ","670,500","90,535,000,000","50,000","6,750,000,000",135.10,136.00,134.50
05/08/2021,112.32,135.00,-1.00 (-0.74 %)," ","1,348,900","182,268,000,000",0,0,135.10,136.90,134.30
04/08/2021,113.15,136.00,-1.80 (-1.31 %)," ","1,587,600","216,672,000,000",0,0,137.80,138.00,135.20
03/08/2021,114.65,137.80,1.60 (1.17 %)," ","1,355,500","185,050,000,000","300,000","40,920,000,000",136.00,138.00,135.00
02/08/2021,113.31,136.20,2.20 (1.64 %)," ","1,268,100","171,787,000,000",0,0,133.80,138.00,131.00
30/07/2021,111.48,134.00,6.30 (4.93 %)," ","2,654,400","352,942,000,000",0,0,128.00,136.60,127.20
29/07/2021,106.24,127.70,3.20 (2.57 %)," ","1,173,800","148,513,000,000",0,0,124.50,128.00,123.00
28/07/2021,103.58,124.50,-1.00 (-0.80 %)," ","839,900","104,820,000,000",0,0,125.00,125.40,124.00
27/07/2021,104.41,125.50,4.40 (3.63 %)," ","1,932,300","241,565,000,000","301,500","37,630,315,000",120.50,126.50,120.50
26/07/2021,100.75,121.10,2.10 (1.76 %)," ","1,257,100","149,391,000,000","100,000","11,070,000,000",119.90,121.50,117.70
23/07/2021,99.00,119.00,-3.90 (-3.17 %)," ","1,647,400","198,014,000,000",0,0,121.10,122.20,119.00
22/07/2021,102.25,122.90,0.90 (0.74 %)," ","1,098,700","134,024,000,000",0,0,122.00,123.00,120.00
21/07/2021,101.50,122.00,-1.00 (-0.81 %)," ","1,393,300","171,226,000,000","578,600","71,158,054,000",123.00,124.20,122.00
20/07/2021,102.33,123.00,3.60 (3.02 %)," ","1,779,800","214,758,000,000",0,0,119.50,123.00,117.60
19/07/2021,99.34,119.40,-1.10 (-0.91 %)," ","1,431,300","174,333,000,000",0,0,118.50,125.00,118.50
16/07/2021,100.25,120.50,5.50 (4.78 %)," ","1,976,800","235,605,000,000","107,300","12,788,014,000",115.50,121.00,114.80
15/07/2021,95.68,115.00,-1.20 (-1.03 %)," ","1,054,500","121,396,000,000",0,0,114.00,117.90,113.50
14/07/2021,96.67,116.20,1.20 (1.04 %)," ","1,433,200","164,937,000,000",0,0,115.00,116.90,111.20
13/07/2021,95.68,115.00,-4.90 (-4.09 %)," ","1,521,900","176,776,000,000","97,300","11,207,014,000",119.90,119.90,113.20
12/07/2021,99.75,119.90,3.00 (2.57 %)," ","2,102,000","244,465,000,000","2,504,400","293,014,660,000",118.00,119.90,109.50
09/07/2021,97.26,116.90,-2.90 (-2.42 %)," ","2,139,100","256,602,000,000",0,0,118.00,122.50,115.00
08/07/2021,99.67,119.80,3.80 (3.28 %)," ","2,502,500","294,873,000,000",0,0,115.00,120.00,114.00
07/07/2021,96.51,116.00,7.00 (6.42 %)," ","2,469,900","275,821,000,000",0,0,109.00,116.00,106.10
06/07/2021,90.68,109.00,-2.60 (-2.33 %)," ","2,094,500","230,811,000,000",0,0,110.00,112.00,108.00
05/07/2021,92.85,111.60,-2.30 (-2.02 %)," ","2,219,000","246,318,000,000","100,000","10,600,000,000",112.80,113.30,109.00
02/07/2021,94.76,113.90,0.40 (0.35 %)," ","1,294,400","147,264,000,000",0,0,114.00,114.40,113.20
01/07/2021,94.43,113.50,2.10 (1.89 %)," ","1,706,400","192,913,000,000",0,0,111.40,114.00,110.10
30/06/2021,91.89,111.40,2.90 (2.67 %)," ","2,251,800","250,202,000,000",0,0,109.00,112.50,109.00
29/06/2021,89.50,108.50,-0.40 (-0.37 %)," ","990,100","107,777,000,000",0,0,109.50,109.90,107.60
28/06/2021,89.83,108.90,2.50 (2.35 %)," ","1,490,000","161,410,000,000","100,000","10,847,000,000",107.00,109.90,106.70
25/06/2021,87.77,106.40,-0.10 (-0.09 %)," ","779,600","82,702,000,000",0,0,106.30,107.00,105.00
24/06/2021,87.85,106.50,-0.30 (-0.28 %)," ","766,600","81,475,000,000",0,0,106.50,107.90,105.60
23/06/2021,88.10,106.80,-1.70 (-1.57 %)," ","744,300","80,059,000,000","20,000","2,024,000,000",108.00,108.60,106.50
22/06/2021,89.50,108.50,-0.20 (-0.18 %)," ","1,229,800","134,099,000,000",0,0,109.10,110.00,107.40
21/06/2021,89.67,108.70,2.20 (2.07 %)," ","1,793,300","192,273,000,000","1,017,700","108,385,050,000",106.50,110.00,105.00
18/06/2021,87.85,106.50,3.50 (3.40 %)," ","1,510,800","158,542,000,000","20,000","2,100,000,000",105.40,107.00,103.00
17/06/2021,84.96,103.00,-1.20 (-1.15 %)," ","1,384,400","143,694,000,000",0,0,103.00,106.00,103.00
16/06/2021,85.95,104.20,-2.30 (-2.16 %)," ","1,031,500","109,185,000,000",0,0,106.00,107.00,104.00
15/06/2021,87.85,106.50,-0.40 (-0.37 %)," ","994,300","106,490,000,000",0,0,107.00,107.90,106.20
14/06/2021,88.18,106.90,0.90 (0.85 %)," ","1,488,600","159,161,000,000","20,000","1,972,000,000",107.00,108.00,105.00
11/06/2021,87.44,106.00,2.90 (2.81 %)," ","1,791,100","186,582,000,000",0,0,103.10,106.10,103.00
10/06/2021,85.05,103.10,-1.40 (-1.34 %)," ","876,600","90,824,000,000",0,0,104.00,104.90,103.00
09/06/2021,86.20,104.50,0.50 (0.48 %)," ","1,070,000","111,238,000,000","180,000","19,520,000,000",103.00,105.00,103.00
08/06/2021,85.79,104.00,-0.50 (-0.48 %)," ","1,589,500","167,641,000,000",0,0,104.60,106.70,104.00
07/06/2021,86.20,104.50,-2.80 (-2.61 %)," ","905,600","95,389,000,000",0,0,107.00,107.30,104.00
04/06/2021,88.51,107.30,2.30 (2.19 %)," ","1,560,500","162,298,000,000","325,000","36,497,500,000",104.50,107.30,103.00
03/06/2021,86.61,105.00,-0.70 (-0.66 %)," ","2,624,700","272,696,000,000",0,0,105.60,105.70,103.00
02/06/2021,87.19,105.70,-1.30 (-1.21 %)," ","1,867,800","199,562,000,000",0,0,108.20,108.50,105.50
01/06/2021,88.26,107.00,-3.10 (-2.82 %)," ","2,426,200","258,328,000,000",0,0,110.00,110.00,104.70
31/05/2021,90.82,110.10,-2.40 (-2.13 %)," ","1,011,700","111,587,000,000",0,0,112.00,112.20,109.50
28/05/2021,92.80,112.50,2.50 (2.27 %)," ","2,045,800","224,680,000,000",0,0,110.00,112.50,108.60
27/05/2021,90.74,110.00,-3.60 (-3.17 %)," ","1,642,200","183,857,000,000","250,000","30,250,000,000",113.60,113.80,105.70
26/05/2021,93.71,113.60,0.00 (0.00 %)," ","1,459,300","164,754,000,000",0,0,114.00,114.00,112.00
25/05/2021,93.71,113.60,1.60 (1.43 %)," ","1,734,000","196,447,000,000","951,000","106,416,900,000",111.50,115.50,111.00
24/05/2021,92.39,112.00,0.10 (0.09 %)," ","2,152,900","240,893,000,000","250,000","26,250,000,000",111.90,113.60,111.00
21/05/2021,92.31,111.90,-1.70 (-1.50 %)," ","2,584,400","290,477,000,000",0,0,112.50,113.80,111.60
20/05/2021,93.71,113.60,5.60 (5.19 %)," ","2,826,500","313,005,000,000",0,0,109.00,114.00,107.90
19/05/2021,89.09,108.00,2.90 (2.76 %)," ","2,094,300","225,193,000,000",0,0,106.00,109.00,105.10
18/05/2021,86.70,105.10,0.90 (0.86 %)," ","2,952,600","316,983,000,000","150,000","16,027,500,000",106.00,110.00,104.80
17/05/2021,85.95,104.20,-3.90 (-3.61 %)," ","2,365,200","252,291,000,000",0,0,109.00,109.50,104.20
14/05/2021,89.17,108.10,5.10 (4.95 %)," ","3,609,800","389,932,000,000","200,000","21,780,000,000",103.80,110.00,103.80
13/05/2021,84.96,103.00,-1.00 (-0.96 %)," ","2,424,100","251,441,000,000","23,000","2,263,200,000",103.70,104.80,102.80
12/05/2021,85.79,104.00,2.50 (2.46 %)," ","2,454,800","253,780,000,000",0,0,101.50,105.00,101.50
11/05/2021,83.73,101.50,-0.10 (-0.10 %)," ","3,396,000","354,911,000,000",0,0,104.00,105.80,101.50
10/05/2021,83.81,101.60,6.60 (6.95 %)," ","3,909,900","387,647,000,000","30,000","2,652,000,000",97.40,101.60,96.50
07/05/2021,78.37,95.00,-0.60 (-0.63 %)," ","2,566,600","244,585,000,000","30,000","2,880,000,000",95.10,96.60,94.30
06/05/2021,78.86,95.60,-0.40 (-0.42 %)," ","1,529,000","147,513,000,000",0,0,96.00,97.60,95.60
05/05/2021,79.19,96.00,0.10 (0.10 %)," ","1,788,700","173,057,000,000","180,000","17,597,350,000",95.90,98.90,95.80
04/05/2021,79.11,95.90,-2.10 (-2.14 %)," ","2,322,900","223,948,000,000",0,0,98.00,98.00,95.10
29/04/2021,80.84,98.00,-1.00 (-1.01 %)," ","1,803,600","177,231,000,000",0,0,99.20,99.40,97.00
28/04/2021,81.66,99.00,1.00 (1.02 %)," ","1,830,800","180,509,000,000","29,000","2,900,000,000",98.00,99.80,97.50
27/04/2021,80.84,98.00,3.00 (3.16 %)," ","2,383,000","229,594,000,000",0,0,95.00,98.60,93.60
26/04/2021,78.37,95.00,-5.00 (-5.00 %)," ","3,744,400","367,425,000,000","1,460,000","146,000,000,000",101.50,101.70,95.00
23/04/2021,82.49,100.00,1.80 (1.83 %)," ","5,010,500","489,827,000,000",0,0,98.20,101.50,96.00
22/04/2021,81.00,98.20,-7.30 (-6.92 %)," ","3,474,400","356,661,000,000","200,000","21,100,000,000",104.00,107.40,98.20
20/04/2021,87.03,105.50,-1.60 (-1.49 %)," ","4,290,600","464,158,000,000",0,0,107.10,111.50,104.10
19/04/2021,88.35,107.10,7.00 (6.99 %)," ","6,460,900","674,845,000,000","200,000","20,890,000,000",101.50,107.10,99.40
16/04/2021,82.57,100.10,0.10 (0.10 %)," ","3,077,700","305,320,000,000","20,050","2,001,792,000",99.80,101.50,95.20
15/04/2021,82.49,100.00,-0.70 (-0.70 %)," ","2,903,400","300,147,000,000",0,0,103.50,105.00,100.00
14/04/2021,83.07,100.70,6.50 (6.90 %)," ","6,637,200","652,198,000,000",0,0,94.60,100.70,93.70
13/04/2021,77.71,94.20,2.30 (2.50 %)," ","4,864,100","459,463,000,000","7,066,900","650,205,915,000",92.60,96.00,92.00
12/04/2021,75.81,91.90,-0.20 (-0.22 %)," ","1,536,200","141,103,000,000","1,155,000","106,338,750,000",92.10,92.50,91.40
09/04/2021,75.97,92.10,-0.90 (-0.97 %)," ","1,062,300","98,062,000,000",0,0,92.80,92.80,91.60
08/04/2021,76.72,93.00,-0.80 (-0.85 %)," ","1,205,800","112,353,000,000","58,500","5,557,500,000",94.50,94.50,92.40
07/04/2021,77.38,93.80,1.90 (2.07 %)," ","1,957,200","181,283,000,000","1,358,600","125,707,792,000",91.90,94.30,90.80
06/04/2021,75.81,91.90,-1.10 (-1.18 %)," ","1,808,000","166,760,000,000","237,500","21,904,625,000",93.00,93.20,91.30
05/04/2021,76.72,93.00,0.30 (0.32 %)," ","2,571,700","242,089,000,000","227,300","21,013,192,000",95.00,95.10,92.80
02/04/2021,76.47,92.70,0.40 (0.43 %)," ","2,155,300","199,803,000,000","1,148,800","106,383,960,000",93.00,93.30,92.30
01/04/2021,76.14,92.30,-0.20 (-0.22 %)," ","2,037,400","188,856,000,000",0,0,92.90,93.00,92.10
31/03/2021,76.30,92.50,4.00 (4.52 %)," ","3,145,400","288,156,000,000","315,000","27,877,500,000",88.50,93.00,88.50
30/03/2021,73.00,88.50,2.40 (2.79 %)," ","1,443,600","126,480,000,000","2,095,600","180,431,160,000",85.60,89.50,85.40
29/03/2021,71.02,86.10,0.20 (0.23 %)," ","918,800","78,786,000,000","920,000","79,120,000,000",85.50,86.50,85.00
26/03/2021,70.86,85.90,-0.10 (-0.12 %)," ","912,800","77,398,000,000","465,000","39,990,000,000",85.50,86.00,83.70
25/03/2021,70.94,86.00,0.90 (1.06 %)," ","1,076,400","91,539,000,000","3,889,200","330,970,920,000",85.50,86.00,84.00
24/03/2021,70.20,85.10,-1.40 (-1.62 %)," ","869,100","74,260,000,000","127,200","11,032,768,000",85.20,86.50,85.00
23/03/2021,71.35,86.50,-1.60 (-1.82 %)," ","1,022,900","88,926,000,000","2,682,000","237,893,400,000",88.10,88.20,86.00
22/03/2021,72.67,88.10,-0.60 (-0.68 %)," ","723,300","63,818,000,000","1,484,500","131,675,150,000",88.70,88.80,87.50
19/03/2021,73.17,88.70,-1.00 (-1.11 %)," ","1,148,800","101,490,000,000","107,100","9,499,770,000",89.00,89.40,86.50
18/03/2021,73.99,89.70,1.70 (1.93 %)," ","1,222,500","108,706,000,000","20,000","1,880,000,000",87.90,89.90,87.70
17/03/2021,72.59,88.00,0.40 (0.46 %)," ","576,400","50,513,000,000",0,0,87.60,88.10,87.00
16/03/2021,72.59,88.00,-0.50 (-0.56 %)," ","535,200","47,063,000,000","430,000","38,055,000,000",88.80,88.80,87.20
15/03/2021,73.00,88.50,1.20 (1.37 %)," ","1,188,500","104,920,000,000",0,0,88.00,89.20,87.30
12/03/2021,72.01,87.30,0.00 (0.00 %)," ","872,100","76,352,000,000","100,000","8,120,000,000",88.00,88.10,87.20
11/03/2021,72.01,87.30,0.30 (0.34 %)," ","878,000","76,924,000,000",0,0,87.80,88.40,86.90
10/03/2021,71.77,87.00,0.30 (0.35 %)," ","817,400","70,419,000,000",0,0,86.70,87.00,85.30
09/03/2021,71.52,86.70,-0.70 (-0.80 %)," ","1,166,700","100,137,000,000","88,000","7,691,200,000",87.70,87.70,81.30
08/03/2021,72.10,87.40,-1.80 (-2.02 %)," ","1,612,700","142,217,000,000",0,0,90.40,90.40,87.00
05/03/2021,73.58,89.20,0.80 (0.90 %)," ","1,141,200","100,953,000,000","1,131,000","101,983,848,000",88.00,90.00,87.50
04/03/2021,72.92,88.40,-2.10 (-2.32 %)," ","1,647,600","146,490,000,000","70,200","6,795,360,000",91.00,91.00,87.50
03/03/2021,74.65,90.50,-0.40 (-0.44 %)," ","803,200","72,588,000,000",0,0,90.90,91.00,90.00
02/03/2021,74.98,90.90,-0.40 (-0.44 %)," ","1,027,600","93,571,000,000","689,600","62,299,610,000",92.80,92.80,90.00
01/03/2021,75.31,91.30,1.00 (1.11 %)," ","859,200","78,223,000,000",0,0,90.40,91.90,90.30
26/02/2021,74.49,90.30,0.70 (0.78 %)," ","1,485,300","132,086,000,000","390,900","34,833,149,000",88.60,90.40,88.50
25/02/2021,73.91,89.60,-1.40 (-1.54 %)," ","1,571,600","142,139,000,000",0,0,91.80,91.80,89.40
24/02/2021,75.07,91.00,-1.70 (-1.83 %)," ","1,478,100","135,730,000,000",0,0,94.00,94.00,90.50
23/02/2021,76.47,92.70,-1.90 (-2.01 %)," ","1,592,900","148,454,000,000","1,071,000","103,887,000,000",94.50,94.50,92.50
22/02/2021,78.04,94.60,-0.30 (-0.32 %)," ","1,186,200","112,125,000,000",0,0,94.90,95.10,93.80
19/02/2021,78.28,94.90,-0.20 (-0.21 %)," ","1,419,300","134,628,000,000",0,0,93.60,95.50,93.60
18/02/2021,78.45,95.10,3.10 (3.37 %)," ","2,207,200","207,354,000,000","2,591,600","238,427,200,000",92.00,96.00,91.00
17/02/2021,75.89,92.00,3.30 (3.72 %)," ","1,142,900","103,725,000,000","1,130,000","100,231,000,000",89.80,92.00,88.80
09/02/2021,73.17,88.70,3.10 (3.62 %)," ","1,448,200","126,759,000,000","335,600","29,371,712,000",86.00,89.60,85.10
08/02/2021,70.61,85.60,-4.00 (-4.46 %)," ","2,260,800","195,354,000,000","100,000","8,625,000,000",85.60,89.90,84.00
05/02/2021,73.91,89.60,0.10 (0.11 %)," ","1,209,500","108,398,000,000","77,400","6,927,300,000",89.50,90.00,89.10
04/02/2021,73.83,89.50,0.60 (0.67 %)," ","1,415,200","126,010,000,000","226,000","20,123,040,000",88.00,90.50,87.50
03/02/2021,73.33,88.90,4.90 (5.83 %)," ","1,539,300","133,974,000,000","4,937,300","442,639,802,000",85.50,89.00,85.50
02/02/2021,69.29,84.00,2.00 (2.44 %)," ","1,927,500","159,175,000,000","392,800","32,795,628,000",82.00,85.00,80.00
01/02/2021,67.64,82.00,-3.50 (-4.09 %)," ","1,792,200","153,378,000,000","22,200","1,820,400,000",85.90,88.30,81.00
29/01/2021,70.53,85.50,0.20 (0.23 %)," ","2,838,500","242,997,000,000",0,0,80.50,91.00,80.50
28/01/2021,70.36,85.30,-6.40 (-6.98 %)," ","3,816,800","327,992,000,000","486,000","41,491,060,000",85.30,89.40,85.30
27/01/2021,75.64,91.70,-3.80 (-3.98 %)," ","2,243,700","207,234,000,000",0,0,94.50,94.80,90.20
26/01/2021,78.78,95.50,-1.50 (-1.55 %)," ","2,475,200","237,290,000,000",0,0,98.20,98.20,91.30
25/01/2021,80.01,97.00,3.70 (3.97 %)," ","3,869,900","372,622,000,000",0,0,95.00,98.00,94.00
22/01/2021,76.96,93.30,1.80 (1.97 %)," ","3,060,300","283,831,000,000",0,0,92.00,95.20,91.00
21/01/2021,75.48,91.50,0.60 (0.66 %)," ","2,180,900","198,394,000,000","2,379,600","216,311,264,000",91.50,92.10,89.40
20/01/2021,74.98,90.90,0.00 (0.00 %)," ","2,314,800","207,957,000,000","80,000","7,776,000,000",91.50,91.80,86.00
19/01/2021,74.98,90.90,-4.20 (-4.42 %)," ","2,416,600","220,846,000,000","782,050","74,372,955,000",95.80,95.80,88.50
18/01/2021,78.45,95.10,2.10 (2.26 %)," ","3,740,700","359,834,000,000",0,0,95.00,98.10,94.90
15/01/2021,76.72,93.00,0.70 (0.76 %)," ","2,144,900","199,332,000,000","19,658,333","1,690,056,804,700",93.00,93.40,92.50
14/01/2021,76.14,92.30,-1.00 (-1.07 %)," ","1,447,400","133,761,000,000",0,0,93.20,93.30,91.70
13/01/2021,76.96,93.30,-0.70 (-0.74 %)," ","2,553,600","238,837,000,000","7,710,410","711,766,940,000",94.20,94.30,92.70
12/01/2021,77.54,94.00,-0.10 (-0.11 %)," ","1,830,900","171,933,000,000",0,0,94.10,94.30,93.10
11/01/2021,77.62,94.10,1.00 (1.07 %)," ","2,553,900","240,866,000,000",0,0,93.20,95.50,93.20
08/01/2021,76.80,93.10,1.10 (1.20 %)," ","2,639,600","246,006,000,000",0,0,93.00,94.40,92.00
07/01/2021,75.89,92.00,3.70 (4.19 %)," ","3,028,500","274,614,000,000","281,900","24,944,858,000",88.30,92.50,88.30
06/01/2021,72.84,88.30,-1.00 (-1.12 %)," ","2,344,400","209,600,000,000",0,0,89.30,91.00,88.00
05/01/2021,73.66,89.30,0.40 (0.45 %)," ","1,274,800","113,231,000,000","100,000","8,270,000,000",89.00,90.00,88.10
04/01/2021,73.33,88.90,0.00 (0.00 %)," ","1,915,700","173,529,000,000",0,0,91.00,91.00,88.90
31/12/2020,73.33,88.90,5.40 (6.47 %)," ","3,806,160","330,431,000,000","250,000","21,371,500,000",83.00,89.10,83.00
30/12/2020,68.88,83.50,0.30 (0.36 %)," ","959,720","80,403,000,000",0,0,83.50,84.20,82.60
29/12/2020,68.63,83.20,0.80 (0.97 %)," ","1,440,210","120,123,000,000","100,000","8,330,000,000",84.00,84.00,83.00
28/12/2020,67.97,82.40,-0.10 (-0.12 %)," ","553,150","45,665,000,000","3,645,400","300,745,500,000",83.00,83.20,82.10
25/12/2020,68.05,82.50,-0.20 (-0.24 %)," ","598,590","49,567,000,000","3,802,600","314,475,020,000",83.00,83.10,82.40
24/12/2020,68.22,82.70,-0.10 (-0.12 %)," ","638,900","52,663,000,000",0,0,82.80,83.00,81.80
23/12/2020,68.30,82.80,0.00 (0.00 %)," ","910,150","76,041,000,000",0,0,82.70,84.30,82.60
22/12/2020,68.30,82.80,-1.00 (-1.19 %)," ","805,250","66,860,000,000","71,310","5,904,468,000",83.80,84.00,82.50
21/12/2020,69.13,83.80,-0.30 (-0.36 %)," ","827,020","69,398,000,000",0,0,85.00,85.00,83.40
18/12/2020,69.37,84.10,0.10 (0.12 %)," ","1,417,470","119,112,000,000","183,950","15,460,997,500",83.70,84.30,83.70
17/12/2020,69.29,84.00,-0.50 (-0.59 %)," ","1,179,730","98,543,000,000",0,0,83.50,84.30,82.80
16/12/2020,68.88,84.50,0.00 (0.00 %)," ","648,540","54,735,000,000",0,0,84.00,84.60,83.90
15/12/2020,68.88,84.50,0.00 (0.00 %)," ","935,010","78,816,000,000","185,200","15,604,952,000",84.50,84.80,83.90
14/12/2020,68.88,84.50,0.00 (0.00 %)," ","1,079,350","91,102,000,000","1,772,000","149,734,000,000",84.70,85.10,83.90
11/12/2020,68.88,84.50,0.60 (0.72 %)," ","791,100","66,454,000,000","1,098,400","92,155,760,000",83.90,84.60,83.20
10/12/2020,68.39,83.90,-1.50 (-1.76 %)," ","1,432,910","121,136,000,000",0,0,85.40,85.40,83.60
09/12/2020,69.61,85.40,-0.10 (-0.12 %)," ","840,910","71,692,000,000",0,0,85.50,85.70,85.00
08/12/2020,69.70,85.50,-0.50 (-0.58 %)," ","855,880","73,416,000,000",0,0,86.10,86.40,85.30
07/12/2020,70.10,86.00,0.00 (0.00 %)," ","825,210","71,080,000,000",0,0,86.00,87.10,85.50
04/12/2020,70.10,86.00,2.60 (3.12 %)," ","1,978,040","169,147,000,000",0,0,84.00,87.50,83.50
03/12/2020,67.98,83.40,0.20 (0.24 %)," ","542,070","45,155,000,000",0,0,83.30,84.00,82.50
02/12/2020,67.82,83.20,0.20 (0.24 %)," ","741,130","61,725,000,000",0,0,83.00,84.00,82.00
01/12/2020,67.66,83.00,1.00 (1.22 %)," ","1,051,590","86,226,000,000",0,0,80.50,83.00,80.50
30/11/2020,66.84,82.00,-1.70 (-2.03 %)," ","964,680","79,166,000,000",0,0,82.10,83.50,81.70
27/11/2020,68.23,83.70,0.00 (0.00 %)," ","420,570","35,050,000,000","600,000","50,220,000,000",83.70,83.70,82.80
26/11/2020,68.23,83.70,1.40 (1.70 %)," ","510,660","42,110,000,000","1,020,000","86,700,000,000",81.70,83.90,81.60
25/11/2020,67.09,82.30,0.30 (0.37 %)," ","686,650","56,627,000,000","1,120,000","92,380,000,000",82.00,83.00,82.00
24/11/2020,66.84,82.00,-1.10 (-1.32 %)," ","679,550","55,750,000,000",0,0,83.10,83.10,80.00
23/11/2020,67.74,83.10,1.10 (1.34 %)," ","871,370","72,013,000,000",0,0,82.00,83.40,82.00
20/11/2020,66.84,82.00,0.00 (0.00 %)," ","1,166,780","95,515,000,000",0,0,81.70,83.90,81.10
19/11/2020,66.84,82.00,-0.90 (-1.09 %)," ","1,205,410","98,698,000,000",0,0,83.00,83.40,81.00
18/11/2020,67.58,82.90,-2.10 (-2.47 %)," ","985,490","82,128,000,000",0,0,85.10,85.10,82.70
17/11/2020,69.29,85.00,1.10 (1.31 %)," ","813,710","68,676,000,000",0,0,84.00,85.90,83.80
16/11/2020,68.39,83.90,-6.20 (-6.88 %)," ","2,454,980","211,039,000,000","1,550,000","139,655,000,000",89.50,90.10,83.90
13/11/2020,73.45,90.10,-3.00 (-3.22 %)," ","1,094,470","99,152,000,000",0,0,92.70,92.70,89.90
12/11/2020,75.89,93.10,-2.30 (-2.41 %)," ","484,080","45,550,000,000",0,0,95.50,95.50,93.10
11/11/2020,77.77,95.40,0.00 (0.00 %)," ","2,025,450","191,678,000,000",0,0,93.70,95.40,92.00
10/11/2020,77.77,95.40,-0.20 (-0.21 %)," ","3,489,650","333,035,000,000",0,0,96.00,98.00,94.90
09/11/2020,77.93,95.60,5.70 (6.34 %)," ","2,470,010","228,661,000,000",0,0,90.00,95.60,89.80
06/11/2020,73.28,89.90,2.00 (2.28 %)," ","1,218,300","108,378,000,000","360,000","30,240,000,000",87.80,89.90,87.00
05/11/2020,71.65,87.90,3.70 (4.39 %)," ","1,794,890","155,585,000,000",0,0,84.50,87.90,83.80
04/11/2020,68.64,84.20,0.20 (0.24 %)," ","2,008,660","169,269,000,000","2,250,000","189,000,000,000",84.00,84.70,83.10
03/11/2020,68.47,84.00,-0.50 (-0.59 %)," ","3,178,300","266,593,000,000","360,000","30,240,000,000",84.00,84.30,83.20
02/11/2020,68.88,84.50,0.50 (0.60 %)," ","3,845,900","323,435,000,000",0,0,84.00,84.50,82.30
30/10/2020,68.47,84.00,0.00 (0.00 %)," ","4,060,060","334,436,000,000",0,0,82.20,84.00,79.50
29/10/2020,68.47,84.00,-2.00 (-2.33 %)," ","6,707,870","558,464,000,000",0,0,83.00,85.00,80.00
28/10/2020,70.10,86.00,-1.90 (-2.16 %)," ","4,631,980","401,751,000,000","30,000","2,601,000,000",87.80,87.80,84.20
27/10/2020,71.65,87.90,0.00 (0.00 %)," ","4,042,910","353,486,000,000",0,0,88.00,89.00,85.00
26/10/2020,71.65,87.90,1.90 (2.21 %)," ","4,666,520","407,034,000,000",0,0,84.70,87.90,84.70
23/10/2020,70.10,86.00,1.00 (1.18 %)," ","3,419,860","293,591,000,000","113,020","9,674,836,800",85.10,86.10,84.50
22/10/2020,69.29,85.00,1.30 (1.55 %)," ","5,130,670","433,601,000,000",0,0,82.80,85.00,82.50
21/10/2020,68.23,83.70,0.00 (0.00 %)," ","1,756,450","148,033,000,000","2,190,000","183,303,000,000",83.00,84.90,82.00
20/10/2020,68.23,83.70,1.70 (2.07 %)," ","4,875,310","404,462,000,000","140,000","11,628,400,000",81.80,83.70,80.00
19/10/2020,66.84,82.00,2.00 (2.50 %)," ","3,072,960","245,764,000,000",0,0,76.20,82.00,76.20
16/10/2020,65.21,80.00,-1.10 (-1.36 %)," ","6,539,150","517,787,000,000",0,0,81.00,81.00,75.50
15/10/2020,66.11,81.10,1.10 (1.37 %)," ","5,698,130","463,082,000,000","1,402,000","104,449,000,000",80.00,82.90,78.30
14/10/2020,65.21,80.00,5.20 (6.95 %)," ","5,066,890","387,370,000,000","25,000","1,750,000,000",74.70,80.00,73.10
13/10/2020,60.97,74.80,4.60 (6.55 %)," ","4,664,240","334,884,000,000",0,0,70.00,75.10,68.00
12/10/2020,57.22,70.20,2.10 (3.08 %)," ","5,818,700","399,257,000,000","1,422,000","102,284,000,000",68.00,70.20,66.50
09/10/2020,55.51,68.10,4.20 (6.57 %)," ","5,339,660","350,304,000,000","95,000","5,760,000,000",63.50,68.20,62.20
08/10/2020,52.09,63.90,2.00 (3.23 %)," ","4,846,470","303,144,000,000",0,0,61.50,63.90,60.60
07/10/2020,50.46,61.90,3.90 (6.72 %)," ","6,435,850","387,991,000,000","80,000","4,702,000,000",58.00,62.00,57.90
06/10/2020,47.28,58.00,2.00 (3.57 %)," ","4,400,570","252,665,000,000","669,000","38,536,020,000",56.40,58.30,56.30
05/10/2020,45.65,56.00,1.90 (3.51 %)," ","3,268,020","181,862,000,000","71,800","4,150,040,000",54.60,56.20,54.10
02/10/2020,44.10,54.10,-0.80 (-1.46 %)," ","1,483,120","80,849,000,000",0,0,54.90,55.00,53.80
01/10/2020,44.75,54.90,0.30 (0.55 %)," ","964,220","52,852,000,000","96,200","5,272,722,000",54.70,55.00,54.60
30/09/2020,44.51,54.60,1.00 (1.87 %)," ","843,740","45,539,000,000","5,320,900","285,200,240,000",53.60,54.60,53.60
29/09/2020,43.69,53.60,-1.10 (-2.01 %)," ","1,283,100","69,633,000,000","66,000","3,696,000,000",54.90,54.90,53.60
28/09/2020,44.59,54.70,0.00 (0.00 %)," ","623,360","34,104,000,000","640,000","35,008,000,000",54.70,55.10,54.50
25/09/2020,44.59,54.70,-0.30 (-0.55 %)," ","708,340","38,847,000,000","2,380,000","130,900,000,000",55.00,55.30,54.50
24/09/2020,44.83,55.00,-0.40 (-0.72 %)," ","881,030","48,680,000,000","166,000","9,440,000,000",55.10,55.70,55.00
23/09/2020,45.16,55.40,1.10 (2.03 %)," ","1,284,870","70,763,000,000","600,000","33,096,000,000",54.60,55.40,54.40
22/09/2020,44.26,54.30,-0.20 (-0.37 %)," ","760,350","41,322,000,000",0,0,54.50,54.60,54.10
21/09/2020,44.43,54.50,0.30 (0.55 %)," ","879,920","47,984,000,000","4,963,000","268,994,600,000",54.40,54.80,54.40
18/09/2020,44.18,54.20,0.20 (0.37 %)," ","1,122,350","60,873,000,000",0,0,54.00,54.60,54.00
17/09/2020,44.02,54.00,-0.90 (-1.64 %)," ","1,241,490","67,583,000,000","81,110","4,414,817,300",54.90,54.90,54.00
16/09/2020,44.75,54.90,-0.50 (-0.90 %)," ","908,870","49,947,000,000","652,500","35,887,500,000",55.40,55.40,54.60
15/09/2020,45.16,55.40,-0.20 (-0.36 %)," ","794,620","43,955,000,000",0,0,55.60,55.80,55.10
14/09/2020,45.32,55.60,0.60 (1.09 %)," ","944,590","52,398,000,000",0,0,55.00,55.80,55.00
11/09/2020,44.83,55.00,0.20 (0.36 %)," ","539,780","29,521,000,000",0,0,54.60,55.00,54.30
10/09/2020,44.67,54.80,-0.20 (-0.36 %)," ","735,560","40,480,000,000","1,631,970","89,758,350,000",55.40,55.50,54.70
09/09/2020,44.83,55.00,0.20 (0.36 %)," ","1,082,410","59,187,000,000",0,0,54.10,55.40,54.10
08/09/2020,44.67,54.80,0.20 (0.37 %)," ","1,460,040","79,833,000,000",0,0,54.70,55.00,54.40
07/09/2020,44.51,54.60,-1.70 (-3.02 %)," ","2,265,500","126,644,000,000","300,000","16,683,000,000",56.60,57.10,54.60
04/09/2020,45.89,56.30,0.90 (1.62 %)," ","2,640,190","146,231,000,000","30,000","1,656,000,000",54.40,56.50,54.40
03/09/2020,45.16,55.40,0.80 (1.47 %)," ","1,754,030","96,806,000,000","129,795","7,163,386,050",55.40,55.50,54.70
01/09/2020,44.51,54.60,-0.40 (-0.73 %)," ","1,624,840","88,662,000,000","75,000","4,395,000,000",55.00,55.00,54.30
31/08/2020,44.83,55.00,0.50 (0.92 %)," ","1,294,650","71,154,000,000",0,0,55.00,55.50,54.40
28/08/2020,44.43,54.50,0.90 (1.68 %)," ","2,380,000","130,371,000,000",0,0,53.90,55.50,53.70
27/08/2020,43.69,53.60,0.10 (0.19 %)," ","816,320","43,685,000,000","235,000","12,630,000,000",53.50,53.70,53.40
26/08/2020,43.61,53.50,-0.10 (-0.19 %)," ","883,720","47,385,000,000","275,000","14,740,000,000",53.60,53.90,53.30
25/08/2020,43.69,53.60,0.00 (0.00 %)," ","1,698,780","91,692,000,000","60,000","3,263,000,000",54.00,54.40,53.60
24/08/2020,43.69,53.60,1.00 (1.90 %)," ","1,713,810","91,879,000,000","20,000","1,110,000,000",52.80,54.00,52.80
21/08/2020,42.88,52.60,0.60 (1.15 %)," ","968,870","50,941,000,000",0,0,52.00,52.90,52.00
20/08/2020,42.39,52.00,-0.70 (-1.33 %)," ","1,419,940","74,062,000,000","170,410","8,895,402,000",52.70,52.80,52.00
19/08/2020,42.96,52.70,0.30 (0.57 %)," ","867,050","45,510,000,000","49,780","2,612,454,400",52.40,52.90,52.10
18/08/2020,42.71,52.40,-0.60 (-1.13 %)," ","771,290","40,561,000,000","88,300","4,641,931,000",53.00,53.00,52.30
17/08/2020,43.20,53.00,-0.40 (-0.75 %)," ","1,099,660","58,150,000,000","420,000","22,308,000,000",53.00,53.50,52.30
14/08/2020,43.53,53.40,-1.00 (-1.84 %)," ","1,796,510","96,783,000,000","55,000","3,135,000,000",54.40,54.50,53.00
13/08/2020,44.34,54.40,0.20 (0.37 %)," ","953,060","51,727,000,000",0,0,54.20,54.60,54.00
12/08/2020,44.18,54.20,-0.40 (-0.73 %)," ","981,320","53,259,000,000","20,000","1,112,000,000",54.30,54.80,53.90
11/08/2020,44.51,54.60,0.10 (0.18 %)," ","658,760","35,903,000,000",0,0,54.80,54.80,54.10
10/08/2020,44.43,54.50,0.40 (0.74 %)," ","953,690","52,086,000,000",0,0,54.20,54.90,54.20
07/08/2020,44.10,54.10,0.20 (0.37 %)," ","959,230","51,982,000,000",0,0,54.00,54.80,53.80
06/08/2020,43.94,53.90,-1.10 (-2.00 %)," ","1,178,020","64,019,000,000",0,0,54.50,54.90,53.70
05/08/2020,44.83,55.00,1.00 (1.85 %)," ","1,810,780","97,839,000,000",0,0,53.50,55.00,53.20
04/08/2020,44.02,54.00,1.40 (2.66 %)," ","1,681,090","90,303,000,000","260,000","13,964,600,000",53.20,54.30,53.20
03/08/2020,42.88,52.60,2.10 (4.16 %)," ","1,395,440","72,532,000,000",0,0,50.50,52.70,50.50
31/07/2020,41.17,50.50,0.70 (1.41 %)," ","2,195,060","111,309,000,000",0,0,49.10,51.40,49.10
30/07/2020,40.60,49.80,0.45 (0.91 %)," ","821,650","41,015,000,000",0,0,49.90,50.10,49.50
29/07/2020,40.23,49.35,-1.15 (-2.28 %)," ","1,352,670","66,744,000,000",0,0,49.50,50.00,49.00
28/07/2020,41.17,50.50,1.00 (2.02 %)," ","1,318,770","66,305,000,000","476,350","24,131,891,000",50.00,51.00,49.50
27/07/2020,40.35,49.50,-2.50 (-4.81 %)," ","2,819,250","140,076,000,000","167,000","8,300,960,000",48.90,51.50,48.90
24/07/2020,42.39,52.00,-1.90 (-3.53 %)," ","2,045,780","107,169,000,000",0,0,53.70,53.90,50.80
23/07/2020,43.94,53.90,-0.30 (-0.55 %)," ","762,030","41,156,000,000",0,0,54.20,54.60,53.60
22/07/2020,44.18,54.20,-0.50 (-0.91 %)," ","833,760","45,630,000,000","292,000","16,060,000,000",54.70,55.20,54.20
21/07/2020,44.59,54.70,-0.30 (-0.55 %)," ","1,670,960","91,410,000,000",0,0,55.00,55.60,54.30
20/07/2020,44.83,55.00,-1.20 (-2.14 %)," ","944,440","52,569,000,000","20,000","1,150,000,000",55.00,56.00,55.00
17/07/2020,45.81,56.20,-0.80 (-1.40 %)," ","759,610","42,763,000,000","96,500","5,425,230,000",56.70,56.80,56.00
16/07/2020,46.46,57.00,1.30 (2.33 %)," ","978,700","54,931,000,000","100,000","5,612,000,000",56.00,57.00,55.50
15/07/2020,45.40,55.70,-0.30 (-0.54 %)," ","1,250,200","70,155,000,000","20,000","1,156,000,000",56.50,56.70,55.70
14/07/2020,45.65,56.00,-0.60 (-1.06 %)," ","929,240","52,158,000,000",0,0,56.40,56.60,55.70
13/07/2020,46.14,56.60,-0.30 (-0.53 %)," ","557,920","31,745,000,000","147,150","8,359,762,500",57.00,57.50,56.50
10/07/2020,46.38,56.90,-0.50 (-0.87 %)," ","564,900","32,253,000,000","370,000","21,135,500,000",57.40,57.60,56.00
09/07/2020,46.79,57.40,0.40 (0.70 %)," ","1,097,650","62,853,000,000",0,0,57.10,57.70,56.90
08/07/2020,46.46,57.00,0.00 (0.00 %)," ","467,170","26,709,000,000",0,0,57.00,57.50,57.00
07/07/2020,46.46,57.00,-0.60 (-1.04 %)," ","959,250","55,407,000,000","20,000","1,160,000,000",57.90,58.40,57.00
06/07/2020,46.95,57.60,0.40 (0.70 %)," ","855,780","49,362,000,000",0,0,57.20,58.00,57.10
03/07/2020,46.63,57.20,0.00 (0.00 %)," ","699,930","39,947,000,000",0,0,57.20,57.90,56.70
02/07/2020,46.63,57.20,1.70 (3.06 %)," ","1,094,380","61,902,000,000",0,0,56.00,57.60,55.50
01/07/2020,45.24,55.50,1.40 (2.59 %)," ","965,870","53,129,000,000","20,000","1,156,000,000",54.40,56.10,54.00
30/06/2020,44.10,54.10,-1.00 (-1.81 %)," ","1,378,930","75,526,000,000",0,0,55.90,56.10,54.00
29/06/2020,44.92,55.10,-1.30 (-2.30 %)," ","1,720,440","94,457,000,000",0,0,56.40,56.40,53.90
26/06/2020,45.98,56.40,-0.30 (-0.53 %)," ","574,970","32,734,000,000","40,000","2,388,000,000",56.70,57.90,56.40
25/06/2020,46.22,56.70,-0.50 (-0.87 %)," ","1,540,010","87,069,000,000","3,056,500","174,831,800,000",56.60,57.00,56.20
24/06/2020,46.63,57.20,-1.20 (-2.05 %)," ","935,890","54,230,000,000",0,0,58.40,58.80,56.50
23/06/2020,47.61,58.40,0.10 (0.17 %)," ","1,453,290","85,315,000,000","9,540,000","556,170,000,000",58.00,59.50,58.00
22/06/2020,47.52,58.30,1.30 (2.28 %)," ","1,621,780","94,266,000,000","359,480","20,892,567,200",57.50,58.50,57.50
19/06/2020,46.46,57.00,0.00 (0.00 %)," ","2,419,830","138,166,000,000",0,0,57.60,57.70,57.00
18/06/2020,46.46,57.00,-0.50 (-0.87 %)," ","928,290","52,757,000,000","982,700","55,910,630,000",57.00,57.40,55.90
17/06/2020,46.87,57.50,-0.10 (-0.17 %)," ","1,155,980","66,474,000,000",0,0,58.00,58.20,56.90
16/06/2020,46.95,57.60,1.20 (2.13 %)," ","1,492,420","85,294,000,000",0,0,57.40,57.80,56.50
15/06/2020,45.98,56.40,-2.10 (-3.59 %)," ","2,603,230","147,481,000,000","1,504,300","88,001,550,000",58.50,58.90,55.30
12/06/2020,47.69,58.50,0.00 (0.00 %)," ","3,042,060","176,352,000,000",0,0,57.00,58.70,57.00
11/06/2020,47.69,58.50,-4.40 (-7.00 %)," ","2,635,700","163,088,000,000","3,065,500","192,819,950,000",63.30,64.10,58.50
10/06/2020,51.27,62.90,-0.10 (-0.16 %)," ","1,210,600","75,969,000,000",0,0,62.90,63.00,62.50
09/06/2020,51.36,63.00,-0.40 (-0.63 %)," ","1,614,250","102,455,000,000",0,0,63.50,64.20,62.70
08/06/2020,51.68,63.40,0.40 (0.63 %)," ","1,758,860","111,563,000,000",0,0,63.40,64.40,62.80
05/06/2020,51.36,63.00,-0.50 (-0.79 %)," ","1,826,680","114,731,000,000","20,000","1,267,000,000",63.00,63.30,62.50
04/06/2020,51.76,63.50,-0.50 (-0.78 %)," ","1,528,010","97,523,000,000","134,830","8,648,895,500",64.60,64.60,63.30
03/06/2020,52.17,64.00,0.10 (0.16 %)," ","749,700","48,001,000,000","106,140","6,795,082,800",64.50,64.50,63.60
02/06/2020,52.09,63.90,0.80 (1.27 %)," ","4,190,080","270,435,000,000","20,000","1,270,000,000",63.60,65.80,63.40
01/06/2020,51.44,63.10,0.40 (0.64 %)," ","1,076,880","68,004,000,000",0,0,62.70,63.70,62.70
29/05/2020,51.11,62.70,-0.10 (-0.16 %)," ","698,100","43,643,000,000","100,000","6,248,000,000",62.80,62.90,62.20
28/05/2020,51.19,62.80,0.30 (0.48 %)," ","797,480","50,080,000,000",0,0,63.40,63.40,62.40
27/05/2020,50.95,62.50,0.00 (0.00 %)," ","2,189,080","139,364,000,000",0,0,63.20,64.60,62.50
26/05/2020,50.95,62.50,0.70 (1.13 %)," ","1,053,240","65,696,000,000","120,000","7,494,000,000",62.00,62.80,61.90
25/05/2020,50.38,61.80,-0.20 (-0.32 %)," ","1,354,620","84,074,000,000",0,0,62.20,62.70,61.50
22/05/2020,50.54,62.00,-1.80 (-2.82 %)," ","1,310,850","82,283,000,000",0,0,63.50,63.70,62.00
21/05/2020,52.01,63.80,0.00 (0.00 %)," ","1,513,470","96,139,000,000",0,0,63.80,64.00,62.80
20/05/2020,52.01,63.80,0.80 (1.27 %)," ","998,400","63,483,000,000","65,000","4,124,250,000",62.50,63.90,62.50
19/05/2020,51.36,63.00,0.50 (0.80 %)," ","1,923,440","121,900,000,000","123,000","7,794,510,000",63.30,64.40,62.50
18/05/2020,50.95,62.50,0.40 (0.64 %)," ","840,070","52,212,000,000",0,0,62.10,62.80,61.40
15/05/2020,50.62,62.10,-1.80 (-2.82 %)," ","1,305,890","83,306,000,000",0,0,64.50,64.90,62.10
14/05/2020,52.09,63.90,2.00 (3.23 %)," ","2,573,510","163,575,000,000","38,916,667","2,335,000,020,000",61.50,65.20,61.00
13/05/2020,50.46,61.90,-0.10 (-0.16 %)," ","1,598,740","98,161,000,000","20,000","1,266,000,000",61.30,62.50,60.50
12/05/2020,50.54,62.00,-1.10 (-1.74 %)," ","1,028,270","64,217,000,000","119,000","7,431,550,000",63.00,63.20,61.80
11/05/2020,51.44,63.10,2.10 (3.44 %)," ","1,838,950","113,690,000,000",0,0,63.10,63.10,60.60
08/05/2020,49.72,61.00,2.20 (3.74 %)," ","3,319,850","202,230,000,000",0,0,59.00,62.40,58.90
07/05/2020,47.93,58.80,0.80 (1.38 %)," ","780,600","45,697,000,000",0,0,58.80,59.00,58.00
06/05/2020,47.28,58.00,1.60 (2.84 %)," ","1,019,980","57,965,000,000","473,200","27,194,804,000",57.00,58.00,55.70
05/05/2020,45.98,56.40,-0.90 (-1.57 %)," ","1,098,980","62,335,000,000",0,0,57.20,57.50,56.40
04/05/2020,46.71,57.30,-1.50 (-2.55 %)," ","1,148,810","66,352,000,000",0,0,57.20,58.70,57.10
29/04/2020,47.93,58.80,-0.90 (-1.51 %)," ","830,530","49,186,000,000","323,460","19,279,616,800",58.80,59.90,58.80
28/04/2020,48.67,59.70,1.20 (2.05 %)," ","1,095,230","65,056,000,000","730,000","43,389,500,000",58.50,60.30,58.00
27/04/2020,47.69,58.50,-1.00 (-1.68 %)," ","1,122,520","66,907,000,000","121,380","7,210,730,000",60.00,60.50,58.50
24/04/2020,48.50,59.50,1.30 (2.23 %)," ","1,218,690","70,904,000,000",0,0,57.80,59.50,57.20
23/04/2020,47.44,58.20,0.00 (0.00 %)," ","842,920","49,404,000,000",0,0,59.50,59.80,58.20
22/04/2020,47.44,58.20,1.60 (2.83 %)," ","1,062,970","61,018,000,000",0,0,55.50,58.60,55.50
21/04/2020,46.14,56.60,-2.80 (-4.71 %)," ","1,855,040","106,336,000,000","34,620","1,973,340,000",58.10,58.80,56.10
20/04/2020,48.42,59.40,-1.20 (-1.98 %)," ","1,843,690","110,238,000,000",0,0,60.60,61.00,59.40
17/04/2020,49.40,60.60,-0.20 (-0.33 %)," ","1,417,150","86,331,000,000","5,881,708","333,492,843,600",61.00,61.40,60.50
16/04/2020,49.56,60.80,-0.10 (-0.16 %)," ","981,480","59,212,000,000","5,600,000","318,080,000,000",59.60,61.20,59.60
15/04/2020,49.64,60.90,-0.10 (-0.16 %)," ","1,106,350","67,837,000,000","1,361,500","83,051,500,000",61.00,62.30,60.70
14/04/2020,49.72,61.00,2.90 (4.99 %)," ","1,449,880","85,044,000,000",0,0,58.00,61.00,57.20
13/04/2020,47.36,58.10,-2.10 (-3.49 %)," ","2,106,950","125,925,000,000",0,0,60.20,61.40,58.10
10/04/2020,49.07,60.20,0.80 (1.35 %)," ","1,914,340","116,100,000,000",0,0,59.00,62.50,58.30
09/04/2020,48.42,59.40,0.50 (0.85 %)," ","2,047,890","121,053,000,000",0,0,59.00,59.70,58.10
08/04/2020,48.01,58.90,1.40 (2.43 %)," ","1,338,040","76,298,000,000",0,0,56.10,58.90,55.50
07/04/2020,46.87,57.50,1.60 (2.86 %)," ","2,099,700","119,353,000,000",0,0,56.80,58.40,55.10
06/04/2020,45.57,55.90,3.60 (6.88 %)," ","2,556,830","140,436,000,000",0,0,53.30,55.90,53.10
03/04/2020,42.63,52.30,3.10 (6.30 %)," ","1,841,480","94,509,000,000",0,0,49.60,52.30,49.50
01/04/2020,40.11,49.20,0.20 (0.41 %)," ","1,725,880","85,346,000,000","2,073,000","101,600,800,000",48.80,50.00,48.80
31/03/2020,39.94,49.00,-0.10 (-0.20 %)," ","3,667,100","179,389,000,000",0,0,49.10,49.90,48.20
30/03/2020,40.02,49.10,-0.20 (-0.41 %)," ","1,378,940","67,563,000,000","94,100","4,612,782,000",48.50,49.10,48.40
27/03/2020,40.19,49.30,0.30 (0.61 %)," ","2,587,920","129,581,000,000","2,238,000","109,662,000,000",48.70,51.00,48.50
26/03/2020,39.94,49.00,-0.10 (-0.20 %)," ","2,763,490","135,338,000,000",0,0,49.00,49.20,48.55
25/03/2020,40.02,49.10,0.00 (0.00 %)," ","2,857,290","140,087,000,000","10,235,000","502,538,500,000",49.00,49.70,48.50
24/03/2020,40.02,49.10,-0.10 (-0.20 %)," ","3,558,350","173,935,000,000","3,060,000","150,552,000,000",48.50,49.10,48.30
23/03/2020,40.11,49.20,0.00 (0.00 %)," ","5,025,020","242,218,000,000",0,0,48.10,49.20,46.40
20/03/2020,40.11,49.20,0.00 (0.00 %)," ","4,120,820","200,618,000,000",0,0,49.00,49.20,47.80
19/03/2020,40.11,49.20,-0.20 (-0.40 %)," ","3,350,310","163,386,000,000","100,000","4,842,000,000",48.50,49.20,48.05
18/03/2020,40.27,49.40,-0.10 (-0.20 %)," ","2,170,340","106,875,000,000","3,445,000","171,027,500,000",49.50,49.70,48.80
17/03/2020,40.35,49.50,0.00 (0.00 %)," ","3,877,150","190,447,000,000",0,0,49.50,49.50,47.70
16/03/2020,40.35,49.50,-0.35 (-0.70 %)," ","3,216,820","157,400,000,000","25,000","1,325,000,000",49.00,49.80,47.50
13/03/2020,40.64,49.85,-0.10 (-0.20 %)," ","3,783,330","181,458,000,000","14,398,300","712,924,185,000",46.50,49.95,46.50
12/03/2020,40.72,49.95,0.00 (0.00 %)," ","4,072,710","192,955,000,000","200,000","9,474,000,000",47.20,49.95,46.50
11/03/2020,40.72,49.95,-2.45 (-4.68 %)," ","2,637,580","134,144,000,000","5,715,700","299,502,680,000",53.30,53.30,49.20
10/03/2020,42.71,52.40,0.40 (0.77 %)," ","2,386,840","126,401,000,000","463,480","24,160,960,000",52.90,53.80,52.00
09/03/2020,42.39,52.00,-2.40 (-4.41 %)," ","4,205,130","226,345,000,000","2,188,000","118,741,200,000",53.00,56.80,51.00
06/03/2020,44.34,54.40,3.50 (6.88 %)," ","2,794,380","145,992,000,000",0,0,50.80,54.40,50.10
05/03/2020,41.49,50.90,1.90 (3.88 %)," ","1,780,900","90,313,000,000","80,000","3,648,000,000",49.45,52.00,49.15
04/03/2020,39.94,49.00,0.00 (0.00 %)," ","909,830","44,616,000,000","516,450","25,306,050,000",48.90,49.35,48.65
03/03/2020,39.94,49.00,0.00 (0.00 %)," ","1,225,730","60,331,000,000",0,0,49.20,49.80,48.50
02/03/2020,39.94,49.00,0.00 (0.00 %)," ","1,588,150","76,724,000,000","80,000","3,648,000,000",48.35,49.00,47.85
28/02/2020,39.94,49.00,-0.70 (-1.41 %)," ","2,255,610","109,472,000,000",0,0,49.70,49.70,47.70
27/02/2020,40.51,49.70,-0.05 (-0.10 %)," ","1,642,080","80,825,000,000",0,0,49.20,49.80,48.80
26/02/2020,40.55,49.75,-0.85 (-1.68 %)," ","1,252,450","62,226,000,000",0,0,49.80,50.30,49.00
25/02/2020,41.25,50.60,-0.50 (-0.98 %)," ","896,710","45,351,000,000",0,0,50.50,51.30,49.80
24/02/2020,41.65,51.10,-1.90 (-3.58 %)," ","1,429,040","73,777,000,000",0,0,51.60,52.50,51.00
21/02/2020,43.20,53.00,1.90 (3.72 %)," ","2,061,050","109,598,000,000","100,000","5,306,000,000",51.50,54.00,51.50
20/02/2020,41.65,51.10,0.70 (1.39 %)," ","1,365,480","69,458,000,000",0,0,50.90,51.40,50.40
19/02/2020,41.08,50.40,0.70 (1.41 %)," ","1,818,680","92,713,000,000",0,0,49.60,51.70,49.60
18/02/2020,40.51,49.70,0.00 (0.00 %)," ","591,220","29,287,000,000","40,000","1,981,600,000",49.20,49.70,49.20
17/02/2020,40.51,49.70,-0.10 (-0.20 %)," ","1,492,320","73,744,000,000",0,0,49.80,49.80,48.95
14/02/2020,40.60,49.80,-0.40 (-0.80 %)," ","1,120,310","55,737,000,000",0,0,50.20,50.20,49.45
13/02/2020,40.92,50.20,-0.30 (-0.59 %)," ","547,970","27,604,000,000",0,0,50.70,50.90,50.10
12/02/2020,41.17,50.50,0.60 (1.20 %)," ","804,720","40,602,000,000",0,0,50.00,50.70,50.00
11/02/2020,40.68,49.90,0.00 (0.00 %)," ","2,081,860","105,153,000,000","50,000","2,340,000,000",49.20,51.70,49.20
10/02/2020,40.68,49.90,0.00 (0.00 %)," ","600,280","29,746,000,000","20,000","1,066,000,000",49.90,49.90,48.80
07/02/2020,40.68,49.90,0.00 (0.00 %)," ","932,290","46,109,000,000","300,000","14,945,000,000",49.80,49.90,48.80
06/02/2020,40.68,49.90,-0.10 (-0.20 %)," ","2,389,970","116,879,000,000","380,000","19,085,000,000",49.95,49.95,47.50
05/02/2020,40.76,50.00,0.00 (0.00 %)," ","750,710","37,347,000,000","835,480","41,773,975,200",50.50,50.50,49.20
04/02/2020,40.76,50.00,0.00 (0.00 %)," ","744,900","37,345,000,000","1,135,000","58,651,250,000",50.10,51.00,49.50
03/02/2020,40.76,50.00,-0.10 (-0.20 %)," ","1,290,570","61,380,000,000","1,164,420","57,938,280,600",50.00,50.00,46.60
31/01/2020,40.84,50.10,0.00 (0.00 %)," ","791,350","40,134,000,000",0,0,50.00,51.70,50.00
30/01/2020,40.84,50.10,-3.30 (-6.18 %)," ","1,591,110","80,801,000,000","590,000","32,555,000,000",53.00,53.00,50.00
22/01/2020,43.53,53.40,-1.10 (-2.02 %)," ","540,210","29,061,000,000","20,000","1,166,000,000",54.20,54.60,53.30
21/01/2020,44.43,54.50,0.20 (0.37 %)," ","369,330","20,060,000,000",0,0,54.30,54.90,54.10
20/01/2020,44.26,54.30,-0.70 (-1.27 %)," ","541,490","29,389,000,000","535,000","31,192,000,000",55.00,55.10,53.00
17/01/2020,44.83,55.00,-1.20 (-2.14 %)," ","496,940","27,688,000,000","170,000","9,450,000,000",56.10,56.40,55.00
16/01/2020,45.81,56.20,-0.30 (-0.53 %)," ","290,210","16,360,000,000","1,528,000","86,488,000,000",56.50,56.90,56.20
15/01/2020,46.06,56.50,-0.10 (-0.18 %)," ","373,290","21,018,000,000","1,618,000","94,978,800,000",57.00,57.00,56.00
14/01/2020,46.14,56.60,-0.40 (-0.70 %)," ","349,410","19,900,000,000",0,0,57.00,57.30,56.60
13/01/2020,46.46,57.00,0.50 (0.88 %)," ","413,810","23,505,000,000","25,000","1,325,000,000",56.60,57.10,56.40
10/01/2020,46.06,56.50,-0.50 (-0.88 %)," ","524,930","29,986,000,000","1,000,000","60,000,000,000",57.00,57.70,56.50
09/01/2020,46.46,57.00,1.00 (1.79 %)," ","505,680","28,809,000,000","22,000","1,309,000,000",56.60,57.20,56.50
08/01/2020,45.65,56.00,-0.80 (-1.41 %)," ","737,690","41,312,000,000","120,000","6,816,000,000",56.20,56.50,55.60
07/01/2020,46.30,56.80,0.20 (0.35 %)," ","319,680","18,211,000,000","500,000","30,000,000,000",56.80,57.30,56.70
06/01/2020,46.14,56.60,-0.90 (-1.57 %)," ","582,020","33,199,000,000",0,0,57.50,57.50,56.60
03/01/2020,46.87,57.50,0.50 (0.88 %)," ","777,690","44,623,000,000",0,0,57.20,57.70,56.80
02/01/2020,46.46,57.00,0.50 (0.88 %)," ","518,870","29,512,000,000",0,0,56.90,57.40,56.30
31/12/2019,46.06,56.50,-0.60 (-1.05 %)," ","695,750","39,378,000,000","32,310","1,844,901,000",57.10,57.30,55.90
30/12/2019,46.55,57.10,0.20 (0.35 %)," ","887,370","51,050,000,000",0,0,57.00,58.00,56.80
27/12/2019,46.38,56.90,-0.10 (-0.18 %)," ","629,490","35,659,000,000",0,0,56.50,57.40,56.00
26/12/2019,46.46,57.00,1.30 (2.33 %)," ","1,900,250","107,945,000,000",0,0,55.00,58.10,54.90
25/12/2019,45.40,55.70,1.20 (2.20 %)," ","1,310,750","73,039,000,000","250,000","14,200,000,000",54.80,56.20,54.50
24/12/2019,44.43,54.50,2.90 (5.62 %)," ","1,401,890","73,634,000,000",0,0,51.70,54.70,50.20
23/12/2019,42.06,51.60,-3.40 (-6.18 %)," ","2,225,100","117,221,000,000","26,000","1,528,800,000",55.60,55.90,51.60
20/12/2019,44.83,55.00,-0.60 (-1.08 %)," ","1,799,670","99,177,000,000","3,145,800","175,256,480,000",55.60,55.70,54.60
19/12/2019,45.32,55.60,-0.80 (-1.42 %)," ","831,960","46,424,000,000","78,070","4,340,692,000",56.00,56.40,55.50
18/12/2019,45.98,56.40,0.30 (0.53 %)," ","1,110,730","62,255,000,000","266,740","14,960,386,000",56.00,57.00,55.00
17/12/2019,45.73,56.10,-0.60 (-1.06 %)," ","1,132,900","63,726,000,000","391,780","22,008,258,000",56.80,56.90,55.70
16/12/2019,46.22,56.70,-1.30 (-2.24 %)," ","1,297,380","74,123,000,000","16,067,110","931,749,887,000",57.30,57.80,56.70
13/12/2019,47.28,58.00,-0.50 (-0.85 %)," ","1,736,100","101,398,000,000","1,505,500","88,071,750,000",59.00,59.40,57.00
12/12/2019,47.69,58.50,2.80 (5.03 %)," ","1,874,500","108,255,000,000",0,0,56.00,58.80,56.00
11/12/2019,45.40,55.70,-0.90 (-1.59 %)," ","2,330,190","129,785,000,000","758,480","42,929,968,000",56.20,57.50,54.40
10/12/2019,46.14,56.60,-3.90 (-6.45 %)," ","2,722,140","156,910,000,000","475,500","27,507,250,000",60.50,60.90,56.60
09/12/2019,49.32,60.50,-2.00 (-3.20 %)," ","1,422,780","86,825,000,000",0,0,62.30,62.40,60.30
06/12/2019,50.95,62.50,0.50 (0.81 %)," ","1,617,700","101,383,000,000",0,0,61.50,63.70,61.30
05/12/2019,50.54,62.00,-0.50 (-0.80 %)," ","1,458,980","89,465,000,000",0,0,62.50,62.50,60.50
04/12/2019,50.95,62.50,-1.70 (-2.65 %)," ","5,523,420","338,564,000,000",0,0,64.10,64.20,59.90
03/12/2019,52.33,64.20,-4.80 (-6.96 %)," ","2,271,640","150,169,000,000","1,130,000","81,800,000,000",68.70,69.10,64.20
02/12/2019,56.25,69.00,-1.00 (-1.43 %)," ","273,550","18,999,000,000","509,050","35,310,436,500",70.50,70.50,69.00
29/11/2019,57.06,70.00,0.50 (0.72 %)," ","302,310","21,139,000,000",0,0,69.50,70.40,68.90
28/11/2019,56.65,69.50,-1.50 (-2.11 %)," ","608,710","42,414,000,000",0,0,70.60,71.00,68.60
27/11/2019,57.88,71.00,-0.50 (-0.70 %)," ","213,600","15,243,000,000","404,610","28,856,535,700",71.50,72.00,70.90
26/11/2019,58.28,71.50,0.00 (0.00 %)," ","561,680","40,311,000,000","22,060","1,583,025,600",71.80,72.60,71.50
25/11/2019,58.28,71.50,1.00 (1.42 %)," ","311,430","22,171,000,000",0,0,70.60,71.60,70.50
22/11/2019,57.47,70.50,-1.00 (-1.40 %)," ","797,010","56,769,000,000",0,0,72.60,72.90,69.90
21/11/2019,58.28,71.50,-2.10 (-2.85 %)," ","843,260","60,797,000,000",0,0,73.00,73.80,71.50
20/11/2019,60.00,73.60,-0.40 (-0.54 %)," ","283,120","20,949,000,000",0,0,74.00,74.50,73.60
19/11/2019,60.32,74.00,-0.40 (-0.54 %)," ","542,900","40,276,000,000",0,0,74.50,74.90,73.90
18/11/2019,60.65,74.40,-0.10 (-0.13 %)," ","222,090","16,552,000,000",0,0,75.00,75.00,74.40
15/11/2019,60.73,74.50,-0.70 (-0.93 %)," ","275,160","20,596,000,000",0,0,75.20,75.20,74.50
14/11/2019,61.30,75.20,0.90 (1.21 %)," ","477,280","35,771,000,000",0,0,74.40,75.30,74.40
13/11/2019,60.57,74.30,-0.70 (-0.93 %)," ","645,910","48,174,000,000","1,823,230","135,721,454,000",75.20,75.20,74.30
12/11/2019,61.14,75.00,0.50 (0.67 %)," ","399,080","29,880,000,000","46,000","3,443,100,000",74.60,75.20,74.50
11/11/2019,60.73,74.50,-2.30 (-2.99 %)," ","1,140,280","85,871,000,000",0,0,76.70,76.70,74.50
08/11/2019,62.60,76.80,0.30 (0.39 %)," ","586,260","45,163,000,000","318,310","24,492,557,000",77.20,77.40,76.60
07/11/2019,62.36,76.50,0.50 (0.66 %)," ","431,590","32,905,000,000","788,350","60,103,804,000",76.00,76.50,75.70
06/11/2019,61.95,76.00,0.00 (0.00 %)," ","537,760","40,971,000,000",0,0,75.90,76.70,75.90
05/11/2019,61.95,76.00,-0.30 (-0.39 %)," ","764,730","58,127,000,000","221,440","16,831,654,400",76.30,76.40,75.60
04/11/2019,62.20,76.30,0.60 (0.79 %)," ","890,560","68,089,000,000","37,430","2,833,451,000",76.20,77.10,76.20
01/11/2019,61.71,75.70,1.50 (2.02 %)," ","1,597,000","120,426,000,000",0,0,74.50,76.00,74.50
31/10/2019,60.49,74.20,0.20 (0.27 %)," ","908,640","67,796,000,000",0,0,75.00,75.30,73.80
30/10/2019,60.32,74.00,0.00 (0.00 %)," ","638,330","47,278,000,000",0,0,74.60,74.80,73.80
29/10/2019,60.32,74.00,-0.50 (-0.67 %)," ","483,230","35,922,000,000",0,0,74.50,74.90,74.00
28/10/2019,60.73,74.50,-0.10 (-0.13 %)," ","502,510","37,553,000,000",0,0,74.70,75.00,74.50
25/10/2019,60.81,74.60,-1.00 (-1.32 %)," ","479,400","35,891,000,000",0,0,75.60,75.60,74.50
24/10/2019,61.63,75.60,-0.20 (-0.26 %)," ","272,770","20,606,000,000",0,0,76.00,76.00,75.20
23/10/2019,61.79,75.80,1.40 (1.88 %)," ","387,600","29,213,000,000","200,000","15,060,000,000",74.50,76.00,74.50
22/10/2019,60.65,74.40,-0.60 (-0.80 %)," ","431,650","32,190,000,000",0,0,75.00,75.40,74.10
21/10/2019,61.14,75.00,-1.00 (-1.32 %)," ","769,240","57,764,000,000",0,0,76.00,76.00,74.70
18/10/2019,61.95,76.00,-1.00 (-1.30 %)," ","448,610","34,324,000,000","320,950","24,672,474,500",77.00,77.50,76.00
17/10/2019,62.77,77.00,-0.80 (-1.03 %)," ","818,380","63,350,000,000","20,000","1,548,000,000",77.80,78.00,77.00
16/10/2019,63.42,77.80,-0.40 (-0.51 %)," ","323,340","25,301,000,000","76,000","6,021,440,000",78.50,78.50,77.80
15/10/2019,63.75,78.20,1.60 (2.09 %)," ","411,850","31,974,000,000",0,0,76.60,78.70,76.60
14/10/2019,62.44,76.60,-0.40 (-0.52 %)," ","199,640","15,338,000,000","1,274,000","98,098,000,000",77.20,77.40,76.60
11/10/2019,62.77,77.00,0.00 (0.00 %)," ","560,570","43,160,000,000",0,0,77.30,77.40,76.80
10/10/2019,62.77,77.00,0.00 (0.00 %)," ","417,560","32,148,000,000","20,000","1,640,000,000",77.00,77.50,76.70
09/10/2019,62.77,77.00,0.10 (0.13 %)," ","223,030","17,159,000,000","445,000","36,490,000,000",76.90,77.20,76.60
08/10/2019,62.69,76.90,0.40 (0.52 %)," ","258,070","19,873,000,000",0,0,76.80,77.50,76.60
07/10/2019,62.36,76.50,-0.90 (-1.16 %)," ","357,580","27,524,000,000",0,0,77.40,77.70,76.50
04/10/2019,63.09,77.40,-0.60 (-0.77 %)," ","165,650","12,879,000,000","44,200","3,436,108,000",78.00,78.50,77.10
03/10/2019,63.58,78.00,1.00 (1.30 %)," ","390,570","30,115,000,000","188,540","14,725,280,000",77.00,78.00,76.40
02/10/2019,62.77,77.00,-1.80 (-2.28 %)," ","700,310","54,463,000,000","53,510","4,161,472,700",79.00,79.00,77.00
01/10/2019,64.23,78.80,0.30 (0.38 %)," ","246,870","19,407,000,000","128,000","10,112,000,000",79.00,79.10,78.10
30/09/2019,63.99,78.50,-0.90 (-1.13 %)," ","562,880","44,418,000,000",0,0,79.40,79.50,78.50
27/09/2019,64.72,79.40,0.90 (1.15 %)," ","570,790","45,210,000,000",0,0,79.00,79.90,78.70
26/09/2019,63.99,78.50,-0.50 (-0.63 %)," ","220,020","17,295,000,000","128,000","10,112,000,000",78.80,79.00,78.30
25/09/2019,64.40,79.00,0.00 (0.00 %)," ","257,150","20,285,000,000",0,0,79.00,79.20,78.60
24/09/2019,64.40,79.00,-1.00 (-1.25 %)," ","561,260","44,265,000,000","47,500","3,809,500,000",79.90,79.90,78.40
23/09/2019,65.21,80.00,-0.20 (-0.25 %)," ","485,650","38,922,000,000","1,013,500","81,282,700,000",80.20,80.90,79.90
20/09/2019,65.38,80.20,0.00 (0.00 %)," ","816,210","65,374,000,000",0,0,80.10,80.20,79.10
19/09/2019,65.38,80.20,-0.70 (-0.87 %)," ","548,790","44,046,000,000",0,0,80.90,81.00,79.80
18/09/2019,65.95,80.90,1.40 (1.76 %)," ","906,280","72,583,000,000","1,034,000","82,203,000,000",76.20,80.90,79.00
17/09/2019,64.81,79.50,1.70 (2.19 %)," ","604,250","47,561,000,000",0,0,76.20,79.60,77.80
16/09/2019,63.42,77.80,1.30 (1.70 %)," ","333,720","25,933,000,000","3,784,500","290,138,250,000",76.20,78.00,76.50
13/09/2019,62.36,76.50,-0.30 (-0.39 %)," ","432,610","32,995,000,000","1,196,884","91,788,170,000",76.20,76.70,75.90
12/09/2019,62.60,76.80,-1.20 (-1.54 %)," ","291,870","22,527,000,000","36,340","2,707,330,000",78.00,78.00,76.80
11/09/2019,63.58,78.00,1.90 (2.50 %)," ","569,250","44,018,000,000","5,376,000","409,113,600,000",76.20,78.20,76.10
10/09/2019,62.03,76.10,2.10 (2.84 %)," ","420,710","31,661,000,000","4,248,020","314,417,908,000",74.00,76.40,74.00
09/09/2019,60.32,74.00,0.00 (0.00 %)," ","267,130","19,865,000,000","703,340","52,065,330,000",74.50,74.80,73.70
06/09/2019,60.32,74.00,-0.50 (-0.67 %)," ","242,520","18,048,000,000",0,0,74.50,75.00,74.00
05/09/2019,60.73,74.50,-0.50 (-0.67 %)," ","305,580","22,823,000,000","50,000","3,736,000,000",75.00,75.20,73.80
04/09/2019,61.14,75.00,1.00 (1.35 %)," ","255,700","19,115,000,000","269,060","20,139,835,000",75.40,75.50,74.00
03/09/2019,60.32,74.00,-1.40 (-1.86 %)," ","290,930","21,757,000,000","86,670","6,481,182,600",75.40,75.40,74.00
30/08/2019,61.46,75.40,0.40 (0.53 %)," ","181,410","13,630,000,000",0,0,75.00,75.80,74.90
29/08/2019,61.14,75.00,0.20 (0.27 %)," ","194,630","14,597,000,000",0,0,74.80,75.50,74.80
28/08/2019,60.97,74.80,-0.20 (-0.27 %)," ","267,990","20,111,000,000",0,0,75.00,75.80,74.60
27/08/2019,61.14,75.00,-1.00 (-1.32 %)," ","363,230","27,485,000,000","59,000","4,425,000,000",76.00,76.50,75.00
26/08/2019,61.95,76.00,-1.00 (-1.30 %)," ","408,280","30,953,000,000","160,000","12,104,000,000",76.00,76.50,75.20
23/08/2019,62.77,77.00,-1.00 (-1.28 %)," ","134,130","10,403,000,000","67,190","5,210,584,500",78.30,78.30,77.00
22/08/2019,63.58,78.00,1.00 (1.30 %)," ","398,850","30,891,000,000",0,0,77.00,78.00,76.50
21/08/2019,62.77,77.00,0.80 (1.05 %)," ","398,000","30,554,000,000",0,0,75.60,77.30,75.60
20/08/2019,62.12,76.20,-0.90 (-1.17 %)," ","258,670","19,751,000,000","498,000","38,022,300,000",77.00,77.00,76.00
19/08/2019,62.85,77.10,0.10 (0.13 %)," ","291,070","22,446,000,000",0,0,77.00,77.50,76.80
16/08/2019,62.77,77.00,0.90 (1.18 %)," ","405,510","31,162,000,000","59,940","4,605,789,600",75.20,77.50,75.20
15/08/2019,62.03,76.10,0.50 (0.66 %)," ","487,060","36,787,000,000",0,0,75.10,76.10,74.60
14/08/2019,61.63,75.60,0.00 (0.00 %)," ","432,980","32,877,000,000","107,650","8,173,864,500",76.50,76.50,75.60
13/08/2019,61.63,75.60,-0.40 (-0.53 %)," ","352,420","26,555,000,000","470,000","35,485,000,000",76.00,76.00,74.90
12/08/2019,61.95,76.00,-0.10 (-0.13 %)," ","258,890","19,678,000,000","369,100","28,051,600,000",76.00,76.50,75.50
09/08/2019,62.03,76.10,1.30 (1.74 %)," ","459,400","34,899,000,000",0,0,74.90,76.40,74.90
08/08/2019,60.97,74.80,0.00 (0.00 %)," ","800,350","59,027,000,000","100,000","7,413,000,000",73.60,74.80,72.80
07/08/2019,60.97,74.80,-0.20 (-0.27 %)," ","890,330","66,586,000,000","1,432,459","111,828,385,200",76.50,76.40,73.60
06/08/2019,61.14,75.00,-1.80 (-2.34 %)," ","1,021,670","76,851,000,000",0,0,76.50,76.60,74.70
05/08/2019,62.60,76.80,-2.20 (-2.78 %)," ","794,840","61,587,000,000",0,0,78.20,79.00,76.80
02/08/2019,64.40,79.00,-1.10 (-1.37 %)," ","328,940","26,128,000,000","240,992","19,235,209,200",79.00,80.00,79.00
01/08/2019,65.29,80.10,0.10 (0.12 %)," ","367,740","29,499,000,000",0,0,80.00,80.70,79.90
31/07/2019,65.21,80.00,0.10 (0.13 %)," ","691,960","54,836,000,000","112,210","8,870,200,500",79.00,80.00,78.60
30/07/2019,65.13,79.90,-1.10 (-1.36 %)," ","345,050","27,702,000,000",0,0,81.00,81.10,79.90
29/07/2019,66.03,81.00,0.10 (0.12 %)," ","354,020","28,516,000,000","64,130","5,159,893,500",80.70,81.00,80.10
26/07/2019,65.95,80.90,0.10 (0.12 %)," ","342,240","27,467,000,000","22,120","1,774,908,800",80.80,80.90,79.90
25/07/2019,65.87,80.80,0.10 (0.12 %)," ","322,150","25,996,000,000",0,0,80.30,81.30,79.90
24/07/2019,65.78,80.70,1.10 (1.38 %)," ","523,110","42,000,000,000",0,0,79.90,80.90,79.60
23/07/2019,64.89,79.60,0.40 (0.51 %)," ","756,340","59,794,000,000","100,000","7,920,000,000",78.20,79.70,78.00
22/07/2019,64.56,79.20,1.50 (1.93 %)," ","473,610","37,340,000,000",0,0,77.70,79.90,77.70
19/07/2019,63.34,77.70,1.90 (2.51 %)," ","512,090","39,389,000,000",0,0,76.00,77.80,75.80
18/07/2019,61.79,75.80,-4.00 (-5.01 %)," ","1,683,640","129,108,000,000",0,0,78.90,80.00,75.00
17/07/2019,65.05,79.80,-0.60 (-0.75 %)," ","543,700","43,479,000,000",0,0,80.70,80.70,79.50
16/07/2019,65.54,80.40,0.50 (0.63 %)," ","275,440","22,167,000,000","801,700","64,355,190,000",80.00,80.90,80.00
15/07/2019,65.13,79.90,-1.60 (-1.96 %)," ","679,300","54,480,000,000",0,0,82.50,81.50,79.40
12/07/2019,66.44,81.50,-1.00 (-1.21 %)," ","447,220","36,712,000,000","65,000","5,322,850,000",82.50,83.80,81.50
11/07/2019,67.25,82.50,-1.70 (-2.02 %)," ","585,230","48,614,000,000",0,0,84.20,84.50,82.50
10/07/2019,68.64,84.20,0.00 (0.00 %)," ","271,130","22,800,000,000",0,0,84.20,84.60,83.80
09/07/2019,68.64,84.20,-0.30 (-0.36 %)," ","195,010","16,411,000,000","942,720","79,315,388,000",84.00,84.50,83.90
08/07/2019,68.88,84.50,-0.50 (-0.59 %)," ","395,430","33,160,000,000",0,0,84.10,84.70,83.50
05/07/2019,69.29,85.00,-0.20 (-0.23 %)," ","96,600","8,191,000,000","280,500","23,819,035,000",84.90,85.20,84.20
04/07/2019,69.45,85.20,0.70 (0.83 %)," ","305,720","25,963,000,000",0,0,84.60,85.20,84.30
03/07/2019,68.88,84.50,-0.10 (-0.12 %)," ","391,950","32,916,000,000",0,0,84.60,84.90,83.20
02/07/2019,68.96,84.60,-1.00 (-1.17 %)," ","143,850","12,208,000,000","480,000","40,668,800,000",84.60,85.60,84.60
01/07/2019,69.78,85.60,2.60 (3.13 %)," ","329,720","27,864,000,000",0,0,85.60,85.60,83.90
28/06/2019,67.66,83.00,1.00 (1.22 %)," ","513,210","42,154,000,000","1,235,580","104,195,210,000",83.00,83.00,81.50
27/06/2019,66.84,82.00,-3.50 (-4.09 %)," ","598,870","49,997,000,000","39,840","3,325,843,200",82.00,85.60,82.00
26/06/2019,69.70,85.50,1.50 (1.79 %)," ","273,640","23,266,000,000","214,000","18,032,100,000",85.50,85.50,83.80
25/06/2019,68.47,84.00,-0.10 (-0.12 %)," ","246,500","20,803,000,000","875,390","73,680,026,100",84.00,84.70,84.00
24/06/2019,68.56,84.10,0.10 (0.12 %)," ","292,000","24,509,000,000","140,000","11,580,000,000",84.00,85.50,78.20
21/06/2019,68.47,84.00,1.50 (1.82 %)," ","739,810","61,915,000,000","635,020","52,942,294,200",82.50,84.00,82.40
20/06/2019,67.25,82.50,-0.30 (-0.36 %)," ","313,420","26,036,000,000",0,0,82.50,84.50,82.30
19/06/2019,67.50,82.80,0.80 (0.98 %)," ","267,320","22,043,000,000","560,920","46,184,463,200",82.80,83.40,82.00
18/06/2019,66.84,82.00,-1.50 (-1.80 %)," ","471,770","39,012,000,000","341,330","28,313,327,700",83.40,83.70,81.60
17/06/2019,68.07,83.50,-0.70 (-0.83 %)," ","334,140","27,885,000,000","3,409,700","286,512,074,000",83.30,84.80,83.00
14/06/2019,68.64,84.20,-0.30 (-0.36 %)," ","248,270","20,933,000,000","75,000","6,337,500,000",85.00,85.00,83.60
13/06/2019,68.88,84.50,-0.50 (-0.59 %)," ","111,480","9,436,000,000","475,000","40,470,000,000",85.00,86.20,84.30
12/06/2019,69.29,85.00,-1.00 (-1.16 %)," ","209,690","17,934,000,000","10,514,000","904,204,000,000",86.50,86.50,85.00
11/06/2019,70.10,86.00,-0.70 (-0.81 %)," ","226,860","19,588,000,000","100,000","8,634,000,000",86.70,86.80,86.00
10/06/2019,70.67,86.70,0.70 (0.81 %)," ","435,320","37,613,000,000",0,0,87.00,87.00,85.60
07/06/2019,70.10,86.00,0.80 (0.94 %)," ","293,020","25,173,000,000",0,0,85.50,86.90,85.00
06/06/2019,69.45,85.20,0.20 (0.24 %)," ","254,610","21,628,000,000","225,000","19,113,000,000",84.60,85.50,84.60
05/06/2019,69.29,85.00,0.00 (0.00 %)," ","214,360","18,330,000,000",0,0,85.90,85.90,85.00
04/06/2019,69.29,85.00,0.00 (0.00 %)," ","326,580","27,570,000,000","85,000","7,175,700,000",85.00,85.60,83.50
03/06/2019,69.29,85.00,-0.80 (-0.93 %)," ","381,730","32,619,000,000","92,310","7,929,429,000",85.80,86.40,85.00
31/05/2019,69.94,85.80,0.30 (0.35 %)," ","463,440","39,936,000,000",0,0,85.60,86.80,85.60
30/05/2019,69.70,85.50,-1.80 (-2.06 %)," ","309,190","26,865,000,000",0,0,87.30,87.80,85.50
29/05/2019,71.16,87.30,0.30 (0.34 %)," ","313,820","27,293,000,000","101,270","8,810,490,000",86.60,87.70,86.50
28/05/2019,70.92,87.00,-1.40 (-1.58 %)," ","642,340","55,881,000,000","471,360","40,981,434,000",88.00,88.50,86.50
27/05/2019,72.06,88.40,1.20 (1.38 %)," ","353,840","31,222,000,000","1,092,240","95,579,355,200",87.10,88.80,87.10
24/05/2019,71.08,87.20,-2.80 (-3.11 %)," ","687,440","61,066,000,000","207,850","18,406,724,500",90.00,90.50,87.20
23/05/2019,73.36,90.00,0.00 (0.00 %)," ","254,800","22,946,000,000","593,960","53,476,400,000",89.80,90.80,89.00
22/05/2019,73.36,90.00,-1.30 (-1.42 %)," ","436,560","39,536,000,000","1,000,360","90,596,401,600",90.00,91.60,89.80
21/05/2019,74.42,91.30,3.30 (3.75 %)," ","976,350","88,579,000,000","225,810","20,491,831,800",88.00,91.60,88.00
20/05/2019,71.73,88.00,1.50 (1.73 %)," ","396,980","34,669,000,000","50,000","4,366,500,000",86.60,88.20,86.50
17/05/2019,70.51,86.50,-0.50 (-0.57 %)," ","419,260","36,290,000,000","173,310","14,999,980,500",86.20,87.80,86.20
16/05/2019,70.92,87.00,-0.80 (-0.91 %)," ","359,320","31,442,000,000","172,000","15,080,000,000",87.80,88.30,87.00
15/05/2019,71.57,87.80,1.30 (1.50 %)," ","202,520","17,708,000,000","380,000","33,277,600,000",86.50,88.50,86.50
14/05/2019,70.51,86.50,-0.20 (-0.23 %)," ","327,800","28,306,000,000","100,000","8,635,000,000",84.10,87.80,84.10
13/05/2019,70.67,86.70,-0.80 (-0.91 %)," ","291,940","25,473,000,000","110,000","9,636,000,000",87.50,87.90,86.70
10/05/2019,71.33,87.50,-0.20 (-0.23 %)," ","189,070","16,620,000,000","616,990","54,154,679,000",87.10,88.30,87.10
09/05/2019,71.49,87.70,-0.10 (-0.11 %)," ","221,500","19,453,000,000","485,100","42,085,200,000",87.80,88.20,87.50
08/05/2019,71.57,87.80,-0.10 (-0.11 %)," ","509,850","44,728,000,000","900,000","78,825,000,000",87.00,88.50,87.00
07/05/2019,71.65,87.90,0.90 (1.03 %)," ","337,420","29,630,000,000","1,370,910","120,388,007,100",87.00,88.70,87.00
06/05/2019,70.92,87.00,-1.60 (-1.81 %)," ","90,180","7,879,000,000","111,000","9,698,070,000",88.40,88.40,86.50
03/05/2019,72.22,88.60,0.10 (0.11 %)," ","868,120","77,487,000,000",0,0,88.70,90.40,87.30
02/05/2019,72.14,88.50,1.60 (1.84 %)," ","678,660","59,331,000,000",0,0,87.00,88.50,86.50
26/04/2019,70.84,86.90,-0.50 (-0.57 %)," ","284,150","24,682,000,000",0,0,87.00,87.40,86.40
25/04/2019,71.25,87.40,-0.60 (-0.68 %)," ","271,410","23,805,000,000","95,000","8,331,500,000",88.00,88.00,87.10
24/04/2019,71.73,88.00,0.10 (0.11 %)," ","573,510","50,361,000,000",0,0,86.60,88.10,86.60
23/04/2019,71.65,87.90,0.00 (0.00 %)," ","338,520","29,737,000,000",0,0,87.10,88.00,87.10
22/04/2019,71.65,87.90,0.30 (0.34 %)," ","292,240","25,648,000,000",0,0,87.60,88.00,87.50
19/04/2019,71.41,87.60,1.60 (1.86 %)," ","57,480","5,032,000,000",0,0,86.00,88.00,86.00
18/04/2019,70.10,86.00,-2.00 (-2.27 %)," ","407,720","35,536,000,000",0,0,86.10,87.90,86.00
17/04/2019,71.73,88.00,0.20 (0.23 %)," ","730,310","64,236,000,000","468,400","41,195,780,000",87.80,88.10,87.00
16/04/2019,71.57,87.80,0.00 (0.00 %)," ","290,800","25,532,000,000","120,000","10,536,000,000",86.00,88.10,85.40
12/04/2019,71.57,87.80,0.10 (0.11 %)," ","95,630","8,400,000,000",0,0,87.80,88.10,87.00
11/04/2019,71.49,87.70,1.00 (1.15 %)," ","188,220","16,432,000,000",0,0,86.70,88.00,86.70
10/04/2019,70.67,86.70,-0.80 (-0.91 %)," ","292,050","25,159,000,000",0,0,85.20,87.00,85.20
09/04/2019,71.33,87.50,-0.80 (-0.91 %)," ","280,380","24,643,000,000",0,0,88.70,88.70,87.00
08/04/2019,71.98,88.30,0.00 (0.00 %)," ","582,440","50,720,000,000","158,710","13,820,466,800",88.00,88.50,85.80
05/04/2019,71.98,88.30,0.50 (0.57 %)," ","231,110","20,412,000,000","65,000","5,742,100,000",87.80,88.80,87.80
04/04/2019,71.57,87.80,0.10 (0.11 %)," ","336,280","29,555,000,000",0,0,87.10,88.10,87.10
03/04/2019,71.49,87.70,-0.40 (-0.45 %)," ","303,680","26,700,000,000",0,0,88.10,88.10,87.00
02/04/2019,71.82,88.10,0.10 (0.11 %)," ","393,200","34,599,000,000","974,000","85,707,260,000",88.30,88.60,86.30
01/04/2019,71.73,88.00,3.70 (4.39 %)," ","515,710","44,845,000,000","370,000","32,171,500,000",85.60,88.00,85.20
29/03/2019,68.72,84.30,-0.70 (-0.82 %)," ","756,010","64,878,000,000","460,000","39,472,600,000",85.00,86.90,84.30
28/03/2019,69.29,85.00,0.00 (0.00 %)," ","395,730","33,529,000,000","496,940","42,100,327,400",85.00,85.00,84.20
27/03/2019,69.29,85.00,1.90 (2.29 %)," ","455,910","38,638,000,000","627,020","53,136,074,800",83.10,85.20,83.10
26/03/2019,67.74,83.10,0.90 (1.09 %)," ","488,320","40,385,000,000","353,720","29,252,644,000",82.20,84.00,82.20
25/03/2019,67.01,82.20,-2.30 (-2.72 %)," ","488,150","40,360,000,000","279,850","23,137,998,000",83.00,83.70,82.10
22/03/2019,68.88,84.50,-0.50 (-0.59 %)," ","759,190","64,447,000,000",0,0,84.90,85.30,84.50
21/03/2019,69.29,85.00,0.00 (0.00 %)," ","665,060","56,452,000,000","45,000","3,820,500,000",85.10,85.40,84.30
20/03/2019,69.29,85.00,-2.00 (-2.30 %)," ","591,560","50,263,000,000","6,445,800","559,614,310,000",85.20,86.20,84.00
19/03/2019,70.92,87.00,0.20 (0.23 %)," ","442,460","38,465,000,000","6,503,706","574,257,651,800",87.30,87.30,86.00
18/03/2019,70.76,86.80,0.30 (0.35 %)," ","766,250","65,911,000,000","3,780,800","327,038,792,000",86.50,87.60,84.80
15/03/2019,70.51,86.50,-2.10 (-2.37 %)," ","1,372,560","118,612,000,000","7,007,860","614,375,960,000",88.60,89.00,85.30
14/03/2019,72.22,88.60,-0.40 (-0.45 %)," ","201,760","17,933,000,000","270,440","24,069,160,000",89.00,89.30,88.60
13/03/2019,72.55,89.00,0.50 (0.56 %)," ","1,014,640","90,261,000,000",0,0,88.50,89.50,88.50
12/03/2019,72.14,88.50,-1.10 (-1.23 %)," ","653,990","58,097,000,000","404,720","35,536,184,600",89.60,90.00,88.10
11/03/2019,73.04,89.60,-0.20 (-0.22 %)," ","602,350","53,688,000,000","250,000","22,282,500,000",88.10,89.70,88.10
08/03/2019,73.20,89.80,-0.20 (-0.22 %)," ","469,730","41,994,000,000","330,370","29,455,078,000",89.10,90.00,88.50
07/03/2019,73.36,90.00,0.00 (0.00 %)," ","947,510","85,422,000,000","572,320","51,548,862,400",90.70,91.00,89.80
06/03/2019,73.36,90.00,0.60 (0.67 %)," ","695,520","62,519,000,000","530,000","47,541,000,000",90.00,90.20,89.30
05/03/2019,72.88,89.40,-0.10 (-0.11 %)," ","772,090","69,452,000,000","263,970","23,744,101,500",89.50,90.90,89.30
04/03/2019,72.96,89.50,0.50 (0.56 %)," ","1,284,390","115,220,000,000","452,600","40,752,220,000",89.10,91.40,89.00
01/03/2019,72.55,89.00,0.10 (0.11 %)," ","683,440","60,747,000,000","901,160","80,109,284,900",89.00,89.20,88.20
28/02/2019,72.47,88.90,-1.00 (-1.11 %)," ","835,220","74,317,000,000","134,560","11,980,213,200",89.90,89.90,88.50
27/02/2019,73.28,89.90,-0.10 (-0.11 %)," ","788,910","71,127,000,000","392,000","35,352,770,000",90.10,90.90,89.80
26/02/2019,73.36,90.00,-1.20 (-1.32 %)," ","902,730","80,927,000,000","30,000","2,683,800,000",91.00,91.20,88.40
25/02/2019,74.34,91.20,2.80 (3.17 %)," ","1,139,980","104,491,000,000",0,0,92.00,92.00,90.50
22/02/2019,72.06,88.40,-1.30 (-1.45 %)," ","1,234,210","111,104,000,000","400,000","36,016,000,000",89.90,91.00,88.40
21/02/2019,73.12,89.70,3.70 (4.30 %)," ","2,224,960","196,061,000,000","483,170","42,543,663,200",86.30,89.90,86.30
20/02/2019,70.10,86.00,-0.50 (-0.58 %)," ","1,131,460","97,388,000,000","730,000","62,815,000,000",86.00,86.40,85.80
19/02/2019,70.51,86.50,1.10 (1.29 %)," ","1,121,720","96,473,000,000","553,000","47,579,630,000",85.10,86.60,85.10
18/02/2019,69.61,85.40,0.70 (0.83 %)," ","659,240","56,121,000,000","900,000","81,540,000,000",85.00,85.50,84.90
15/02/2019,69.04,84.70,-1.30 (-1.51 %)," ","779,850","66,292,000,000","250,000","21,250,000,000",85.80,85.80,84.60
14/02/2019,70.10,86.00,0.10 (0.12 %)," ","1,451,830","123,833,000,000","14,161,283","1,189,885,812,000",85.90,86.40,84.00
13/02/2019,70.02,85.90,3.60 (4.37 %)," ","1,361,490","114,637,000,000","1,958,400","163,191,248,000",82.30,85.90,82.30
12/02/2019,67.09,82.30,2.10 (2.62 %)," ","1,032,810","84,720,000,000","300,000","24,598,000,000",81.50,83.00,80.80
11/02/2019,65.38,80.20,1.80 (2.30 %)," ","1,094,450","88,537,000,000","170,020","13,805,046,000",79.90,82.20,79.80
01/02/2019,63.91,78.40,0.70 (0.90 %)," ","679,540","53,179,000,000","218,000","17,014,200,000",78.00,78.60,77.50
31/01/2019,63.34,77.70,-1.40 (-1.77 %)," ","721,900","56,629,000,000","120,000","9,432,700,000",79.40,79.60,77.70
30/01/2019,64.48,79.10,-0.40 (-0.50 %)," ","591,400","46,936,000,000","107,560","8,535,961,600",79.10,79.60,79.10
29/01/2019,64.81,79.50,0.40 (0.51 %)," ","604,480","48,057,000,000","2,047,591","162,077,518,100",80.00,80.00,79.20
28/01/2019,64.48,79.10,0.80 (1.02 %)," ","749,070","59,132,000,000","60,000","4,746,000,000",78.30,79.30,78.30
25/01/2019,63.83,78.30,0.30 (0.38 %)," ","677,540","52,944,000,000","350,000","27,349,000,000",78.00,78.60,77.80
24/01/2019,63.58,78.00,0.00 (0.00 %)," ","435,690","34,020,000,000","2,227,030","168,516,340,000",78.70,78.90,77.50
23/01/2019,63.58,78.00,-2.10 (-2.62 %)," ","707,690","55,928,000,000","220,290","17,388,620,000",80.10,80.10,78.00
22/01/2019,65.29,80.10,-0.70 (-0.87 %)," ","115,780","9,331,000,000","376,750","30,362,282,500",80.80,80.90,80.10
21/01/2019,65.87,80.80,-0.20 (-0.25 %)," ","266,000","21,544,000,000","560,000","45,312,200,000",81.00,81.30,80.60
18/01/2019,66.03,81.00,0.80 (1.00 %)," ","359,080","29,086,000,000","15,468,240","1,165,328,066,000",80.20,81.40,80.20
17/01/2019,65.38,80.20,-1.20 (-1.47 %)," ","320,060","25,989,000,000",0,0,81.30,82.10,80.20
16/01/2019,66.35,81.40,-0.50 (-0.61 %)," ","483,100","39,605,000,000","193,000","15,817,840,000",81.40,82.60,81.40
15/01/2019,66.76,81.90,1.40 (1.74 %)," ","403,800","32,854,000,000","23,000","1,980,300,000",80.60,82.00,80.40
14/01/2019,65.62,80.50,-0.20 (-0.25 %)," ","268,810","21,707,000,000","168,890","13,744,845,300",80.70,81.30,80.30
11/01/2019,65.78,80.70,0.50 (0.62 %)," ","452,300","36,490,000,000","50,000","4,033,500,000",80.30,81.20,80.00
10/01/2019,65.38,80.20,1.20 (1.52 %)," ","450,900","36,220,000,000","62,000","4,935,200,000",79.00,81.10,79.00
09/01/2019,64.40,79.00,0.00 (0.00 %)," ","339,530","26,903,000,000","25,720","2,036,252,400",79.00,79.80,78.90
08/01/2019,64.40,79.00,0.80 (1.02 %)," ","279,810","22,032,000,000","177,130","13,952,444,900",78.20,79.10,78.10
07/01/2019,63.75,78.20,2.00 (2.62 %)," ","336,380","26,223,000,000","217,130","17,164,583,500",78.10,78.50,77.20
04/01/2019,62.12,76.20,-1.80 (-2.31 %)," ","463,070","35,389,000,000","178,860","13,681,081,200",77.00,77.50,75.50
03/01/2019,63.58,78.00,-0.60 (-0.76 %)," ","565,640","44,161,000,000",0,0,78.90,78.90,77.60
02/01/2019,64.07,78.60,1.10 (1.42 %)," ","433,670","34,045,000,000","66,000","5,280,000,000",78.60,78.90,78.20
28/12/2018,63.18,77.50,-1.50 (-1.90 %)," ","546,000","42,942,000,000","82,000","6,440,280,000",79.40,80.00,77.50
27/12/2018,64.40,79.00,0.00 (0.00 %)," ","425,950","33,948,000,000","100,000","7,900,000,000",80.00,80.50,79.00
26/12/2018,64.40,79.00,-1.00 (-1.25 %)," ","577,200","46,078,000,000","296,000","23,976,000,000",80.00,80.20,79.00
25/12/2018,65.21,80.00,1.00 (1.27 %)," ","562,070","44,313,000,000",0,0,78.90,80.40,77.90
24/12/2018,64.40,79.00,0.40 (0.51 %)," ","379,150","30,361,000,000","934,000","74,122,800,000",80.00,80.90,79.00
21/12/2018,64.07,78.60,-2.40 (-2.96 %)," ","2,407,240","190,174,000,000",0,0,80.80,81.90,78.60
20/12/2018,66.03,81.00,-0.50 (-0.61 %)," ","337,360","27,430,000,000",0,0,81.00,82.00,81.00
19/12/2018,66.44,81.50,0.30 (0.37 %)," ","325,700","26,543,000,000","76,620","6,245,296,200",81.10,82.30,81.00
18/12/2018,66.19,81.20,-0.80 (-0.98 %)," ","595,370","48,284,000,000","108,170","8,776,532,100",80.30,81.40,80.30
17/12/2018,66.84,82.00,-3.50 (-4.09 %)," ","605,910","50,469,000,000",0,0,84.20,85.40,82.00
14/12/2018,69.70,85.50,-1.60 (-1.84 %)," ","367,370","31,706,000,000",0,0,87.40,87.40,85.50
13/12/2018,71.00,87.10,0.10 (0.11 %)," ","630,690","55,267,000,000","283,380","24,870,957,600",88.00,88.20,86.80
12/12/2018,70.92,87.00,1.10 (1.28 %)," ","377,650","32,586,000,000","44,470","3,822,196,500",85.90,87.00,85.20
11/12/2018,70.02,85.90,0.30 (0.35 %)," ","646,530","55,397,000,000",0,0,85.20,86.10,85.20
10/12/2018,69.78,85.60,1.00 (1.18 %)," ","485,360","41,413,000,000","78,910","6,736,546,700",84.50,86.00,84.10
07/12/2018,68.96,84.60,0.80 (0.95 %)," ","811,580","68,821,000,000","1,209,000","95,821,110,000",84.00,85.40,84.00
06/12/2018,68.31,83.80,-0.30 (-0.36 %)," ","629,700","53,032,000,000",0,0,84.00,85.30,83.50
05/12/2018,68.56,84.10,0.00 (0.00 %)," ","642,600","53,712,000,000","483,000","40,513,700,000",83.50,84.10,82.50
04/12/2018,68.56,84.10,1.90 (2.31 %)," ","1,138,470","95,096,000,000","451,000","37,339,530,000",82.50,84.50,82.40
03/12/2018,67.01,82.20,2.20 (2.75 %)," ","739,700","60,668,000,000","250,000","20,000,000,000",81.50,82.40,81.30
30/11/2018,65.21,80.00,-1.00 (-1.23 %)," ","644,810","51,629,000,000","1,024,460","87,958,267,600",81.00,81.40,79.50
29/11/2018,66.03,81.00,-0.30 (-0.37 %)," ","359,660","29,416,000,000","92,110","7,532,755,800",82.50,82.50,81.00
28/11/2018,66.27,81.30,-0.70 (-0.85 %)," ","323,700","26,334,000,000","5,177,730","417,938,835,500",81.60,82.00,81.00
27/11/2018,66.84,82.00,-0.10 (-0.12 %)," ","420,980","34,688,000,000",0,0,82.10,83.00,81.90
26/11/2018,66.92,82.10,0.50 (0.61 %)," ","349,670","28,666,000,000","12,380,000","999,066,000,000",81.60,82.30,81.20
23/11/2018,66.52,81.60,-0.40 (-0.49 %)," ","450,020","36,901,000,000",0,0,82.00,82.30,81.50
22/11/2018,66.84,82.00,0.80 (0.99 %)," ","551,990","45,191,000,000","247,560","20,302,225,200",81.20,82.50,81.00
21/11/2018,66.19,81.20,-0.60 (-0.73 %)," ","282,090","22,836,000,000",0,0,80.00,81.50,80.00
20/11/2018,66.68,81.80,0.00 (0.00 %)," ","334,090","27,315,000,000","589,410","48,202,224,700",81.20,82.40,81.20
19/11/2018,66.68,81.80,2.20 (2.76 %)," ","260,240","21,049,000,000","72,000","5,829,120,000",79.60,82.00,79.60
16/11/2018,64.89,79.60,0.20 (0.25 %)," ","399,900","31,938,000,000","172,140","13,747,100,400",80.90,80.90,79.00
15/11/2018,64.72,79.40,0.40 (0.51 %)," ","383,880","30,386,000,000",0,0,79.80,79.90,78.40
14/11/2018,64.40,79.00,0.00 (0.00 %)," ","331,450","26,308,000,000",0,0,79.10,80.60,77.00
13/11/2018,64.40,79.00,-4.60 (-5.50 %)," ","576,150","46,311,000,000",0,0,82.00,82.10,79.00
12/11/2018,68.15,83.60,-0.70 (-0.83 %)," ","241,050","20,008,000,000",0,0,83.10,84.20,82.40
09/11/2018,68.72,84.30,-0.20 (-0.24 %)," ","577,220","48,381,000,000","20,000","1,690,000,000",84.00,84.50,82.70
08/11/2018,68.88,84.50,-0.20 (-0.24 %)," ","145,850","12,379,000,000",0,0,85.00,86.00,84.00
07/11/2018,69.04,84.70,0.70 (0.83 %)," ","892,740","75,673,000,000",0,0,84.50,85.40,83.70
06/11/2018,68.47,84.00,-1.20 (-1.41 %)," ","995,460","85,477,000,000","28,050","2,408,373,000",86.20,87.00,84.00
05/11/2018,69.45,85.20,0.70 (0.83 %)," ","536,740","45,187,000,000","470,100","36,949,860,000",82.70,85.20,82.70
02/11/2018,68.88,84.50,2.50 (3.05 %)," ","993,240","83,329,000,000",0,0,82.70,84.50,82.00
01/11/2018,66.84,82.00,-1.00 (-1.20 %)," ","831,090","68,401,000,000","27,411,764","2,275,176,412,000",82.50,83.60,81.20
31/10/2018,67.66,83.00,5.00 (6.41 %)," ","1,008,000","81,736,000,000","1,185,449","97,598,409,000",79.00,83.00,78.50
30/10/2018,63.58,78.00,1.50 (1.96 %)," ","819,270","63,830,000,000","398,000","29,850,000,000",75.30,78.70,75.20
29/10/2018,62.36,76.50,0.00 (0.00 %)," ","728,550","55,579,000,000",0,0,75.00,76.60,74.70
26/10/2018,62.36,76.50,-1.00 (-1.29 %)," ","785,650","60,179,000,000",0,0,77.00,77.40,76.30
25/10/2018,63.18,77.50,2.50 (3.33 %)," ","2,117,680","157,805,000,000","398,000","29,850,000,000",71.00,77.50,71.00
24/10/2018,61.14,75.00,-2.50 (-3.23 %)," ","1,772,610","133,681,000,000","400,730","32,899,933,000",76.10,77.40,74.20
23/10/2018,63.18,77.50,-1.70 (-2.15 %)," ","1,943,490","151,419,000,000","370,000","28,824,000,000",79.00,79.00,75.10
22/10/2018,64.56,79.20,-1.80 (-2.22 %)," ","551,610","44,550,000,000","287,300","23,193,729,000",81.00,81.40,79.20
19/10/2018,66.03,81.00,0.80 (1.00 %)," ","1,119,580","89,634,000,000","1,638,000","131,348,280,000",79.10,81.00,78.50
18/10/2018,65.38,80.20,-0.80 (-0.99 %)," ","644,320","51,951,000,000","40,000","3,208,000,000",81.00,81.30,79.80
17/10/2018,66.03,81.00,2.40 (3.05 %)," ","993,370","80,037,000,000","117,300","9,477,840,000",81.00,81.80,79.50
16/10/2018,64.07,78.60,0.10 (0.13 %)," ","851,250","66,798,000,000","20,000","1,560,000,000",78.40,79.20,77.50
15/10/2018,63.99,78.50,-2.80 (-3.44 %)," ","1,242,460","98,947,000,000","389,480","30,851,418,800",81.00,81.00,78.00
12/10/2018,66.27,81.30,2.70 (3.44 %)," ","1,444,630","114,624,000,000","105,000","8,474,900,000",75.40,81.30,75.40
11/10/2018,64.07,78.60,-5.90 (-6.98 %)," ","2,375,010","187,685,000,000","40,000","3,144,000,000",78.60,81.90,78.60
10/10/2018,68.88,84.50,-3.50 (-3.98 %)," ","1,323,520","113,629,000,000",0,0,88.00,88.00,84.50
09/10/2018,71.73,88.00,-1.80 (-2.00 %)," ","669,990","59,748,000,000","323,560","28,973,442,400",89.80,90.00,88.00
08/10/2018,73.20,89.80,-1.20 (-1.32 %)," ","1,958,530","175,466,000,000","5,375,000","479,450,000,000",90.40,91.00,87.60
05/10/2018,74.18,91.00,-2.90 (-3.09 %)," ","1,591,190","146,393,000,000","59,731,905","5,328,167,926,000",93.80,93.80,90.90
04/10/2018,76.54,93.90,0.70 (0.75 %)," ","1,441,430","134,740,000,000",0,0,93.30,93.90,92.80
03/10/2018,75.97,93.20,-0.80 (-0.85 %)," ","604,560","56,294,000,000",0,0,93.50,93.70,92.50
02/10/2018,76.63,94.00,0.10 (0.11 %)," ","2,307,220","214,773,000,000","109,899,932","10,989,993,200,000",93.90,94.10,90.60
01/10/2018,76.54,93.90,1.10 (1.19 %)," ","1,291,940","119,945,000,000","108,000","10,036,440,000",92.80,93.90,91.60
28/09/2018,75.65,92.80,0.30 (0.32 %)," ","686,950","63,478,000,000",0,0,93.40,93.40,91.50
27/09/2018,75.40,92.50,-1.00 (-1.07 %)," ","442,950","41,075,000,000","337,480","31,294,520,400",93.50,94.00,92.00
26/09/2018,76.22,93.50,-0.90 (-0.95 %)," ","659,600","61,796,000,000",0,0,93.50,94.20,93.30
25/09/2018,76.95,94.40,-0.10 (-0.11 %)," ","289,760","27,363,000,000","971,250","91,947,227,500",94.40,95.90,93.90
22/10/2018,64.56,79.20,-1.80 (-2.22 %)," ","551,610","44,550,000,000","287,300","23,193,729,000",81.00,81.40,79.20
19/10/2018,66.03,81.00,0.80 (1.00 %)," ","1,119,580","89,634,000,000","1,638,000","131,348,280,000",79.10,81.00,78.50
18/10/2018,65.38,80.20,-0.80 (-0.99 %)," ","644,320","51,951,000,000","40,000","3,208,000,000",81.00,81.30,79.80
17/10/2018,66.03,81.00,2.40 (3.05 %)," ","993,370","80,037,000,000","117,300","9,477,840,000",81.00,81.80,79.50
16/10/2018,64.07,78.60,0.10 (0.13 %)," ","851,250","66,798,000,000","20,000","1,560,000,000",78.40,79.20,77.50
15/10/2018,63.99,78.50,-2.80 (-3.44 %)," ","1,242,460","98,947,000,000","389,480","30,851,418,800",81.00,81.00,78.00
12/10/2018,66.27,81.30,2.70 (3.44 %)," ","1,444,630","114,624,000,000","105,000","8,474,900,000",75.40,81.30,75.40
11/10/2018,64.07,78.60,-5.90 (-6.98 %)," ","2,375,010","187,685,000,000","40,000","3,144,000,000",78.60,81.90,78.60
10/10/2018,68.88,84.50,-3.50 (-3.98 %)," ","1,323,520","113,629,000,000",0,0,88.00,88.00,84.50
09/10/2018,71.73,88.00,-1.80 (-2.00 %)," ","669,990","59,748,000,000","323,560","28,973,442,400",89.80,90.00,88.00
08/10/2018,73.20,89.80,-1.20 (-1.32 %)," ","1,958,530","175,466,000,000","5,375,000","479,450,000,000",90.40,91.00,87.60
05/10/2018,74.18,91.00,-2.90 (-3.09 %)," ","1,591,190","146,393,000,000","59,731,905","5,328,167,926,000",93.80,93.80,90.90
04/10/2018,76.54,93.90,0.70 (0.75 %)," ","1,441,430","134,740,000,000",0,0,93.30,93.90,92.80
03/10/2018,75.97,93.20,-0.80 (-0.85 %)," ","604,560","56,294,000,000",0,0,93.50,93.70,92.50
02/10/2018,76.63,94.00,0.10 (0.11 %)," ","2,307,220","214,773,000,000","109,899,932","10,989,993,200,000",93.90,94.10,90.60
01/10/2018,76.54,93.90,1.10 (1.19 %)," ","1,291,940","119,945,000,000","108,000","10,036,440,000",92.80,93.90,91.60
28/09/2018,75.65,92.80,0.30 (0.32 %)," ","686,950","63,478,000,000",0,0,93.40,93.40,91.50
27/09/2018,75.40,92.50,-1.00 (-1.07 %)," ","442,950","41,075,000,000","337,480","31,294,520,400",93.50,94.00,92.00
26/09/2018,76.22,93.50,-0.90 (-0.95 %)," ","659,600","61,796,000,000",0,0,93.50,94.20,93.30
25/09/2018,76.95,94.40,-0.10 (-0.11 %)," ","289,760","27,363,000,000","971,250","91,947,227,500",94.40,95.90,93.90
22/10/2018,64.56,79.20,-1.80 (-2.22 %)," ","551,610","44,550,000,000","287,300","23,193,729,000",81.00,81.40,79.20
19/10/2018,66.03,81.00,0.80 (1.00 %)," ","1,119,580","89,634,000,000","1,638,000","131,348,280,000",79.10,81.00,78.50
18/10/2018,65.38,80.20,-0.80 (-0.99 %)," ","644,320","51,951,000,000","40,000","3,208,000,000",81.00,81.30,79.80
17/10/2018,66.03,81.00,2.40 (3.05 %)," ","993,370","80,037,000,000","117,300","9,477,840,000",81.00,81.80,79.50
16/10/2018,64.07,78.60,0.10 (0.13 %)," ","851,250","66,798,000,000","20,000","1,560,000,000",78.40,79.20,77.50
15/10/2018,63.99,78.50,-2.80 (-3.44 %)," ","1,242,460","98,947,000,000","389,480","30,851,418,800",81.00,81.00,78.00
12/10/2018,66.27,81.30,2.70 (3.44 %)," ","1,444,630","114,624,000,000","105,000","8,474,900,000",75.40,81.30,75.40
11/10/2018,64.07,78.60,-5.90 (-6.98 %)," ","2,375,010","187,685,000,000","40,000","3,144,000,000",78.60,81.90,78.60
10/10/2018,68.88,84.50,-3.50 (-3.98 %)," ","1,323,520","113,629,000,000",0,0,88.00,88.00,84.50
09/10/2018,71.73,88.00,-1.80 (-2.00 %)," ","669,990","59,748,000,000","323,560","28,973,442,400",89.80,90.00,88.00
08/10/2018,73.20,89.80,-1.20 (-1.32 %)," ","1,958,530","175,466,000,000","5,375,000","479,450,000,000",90.40,91.00,87.60
05/10/2018,74.18,91.00,-2.90 (-3.09 %)," ","1,591,190","146,393,000,000","59,731,905","5,328,167,926,000",93.80,93.80,90.90
04/10/2018,76.54,93.90,0.70 (0.75 %)," ","1,441,430","134,740,000,000",0,0,93.30,93.90,92.80
03/10/2018,75.97,93.20,-0.80 (-0.85 %)," ","604,560","56,294,000,000",0,0,93.50,93.70,92.50
02/10/2018,76.63,94.00,0.10 (0.11 %)," ","2,307,220","214,773,000,000","109,899,932","10,989,993,200,000",93.90,94.10,90.60
01/10/2018,76.54,93.90,1.10 (1.19 %)," ","1,291,940","119,945,000,000","108,000","10,036,440,000",92.80,93.90,91.60
28/09/2018,75.65,92.80,0.30 (0.32 %)," ","686,950","63,478,000,000",0,0,93.40,93.40,91.50
27/09/2018,75.40,92.50,-1.00 (-1.07 %)," ","442,950","41,075,000,000","337,480","31,294,520,400",93.50,94.00,92.00
26/09/2018,76.22,93.50,-0.90 (-0.95 %)," ","659,600","61,796,000,000",0,0,93.50,94.20,93.30
25/09/2018,76.95,94.40,-0.10 (-0.11 %)," ","289,760","27,363,000,000","971,250","91,947,227,500",94.40,95.90,93.90
