04/05/2022,4.00,4.00,4.00,0.00 (0.00 %)," ",0,0,0,0,4.00,4.00,4.00,4.00
29/04/2022,4.00,4.00,4.00,0.00 (0.00 %)," ",0,0,0,0,4.00,4.0,4.00,4.00
28/04/2022,4.00,4.00,4.00,0.00 (0.00 %)," ",0,0,0,0,4.00,4.00,4.00,4.00
27/04/2022,4.00,4.00,4.00,0.00 (0.00 %)," ",0,0,0,0,4.00,4.0,4.00,4.00
26/04/2022,4.00,4.00,4.00,0.00 (0.00 %)," ",0,0,0,0,4.00,4.00,4.00,4.00
25/04/2022,4.00,4.00,4.00,0.00 (0.00 %)," ",0,0,0,0,4.00,4.0,4.00,4.00
22/04/2022,4.00,4.00,4.00,0.00 (0.00 %)," ",0,0,0,0,4.00,4.00,4.00,4.00
21/04/2022,4.00,4.00,4.00,0.00 (0.00 %)," ",0,0,0,0,4.00,4.0,4.00,4.00
20/04/2022,4.00,4.00,4.00,0.00 (0.00 %)," ",0,0,0,0,4.00,4.00,4.00,4.00
19/04/2022,4.00,4.00,4.00,0.00 (0.00 %)," ",0,0,0,0,4.00,4.0,4.00,4.00
18/04/2022,4.00,4.00,4.00,0.00 (0.00 %)," ",0,0,0,0,4.00,4.00,4.00,4.00
14/04/2022,4.00,4.00,4.00,0.00 (0.00 %)," ",0,0,0,0,4.00,4.0,4.00,4.00
13/04/2022,4.00,4.00,4.00,0.00 (0.00 %)," ",0,0,0,0,4.00,4.00,4.00,4.00
12/04/2022,4.00,4.00,4.00,0.00 (0.00 %)," ",0,0,0,0,4.00,4.0,4.00,4.00
08/04/2022,4.00,4.00,4.00,0.00 (0.00 %)," ",0,0,0,0,4.00,4.00,4.00,4.00
07/04/2022,4.00,4.00,4.00,0.00 (0.00 %)," ",0,0,0,0,4.00,4.0,4.00,4.00
06/04/2022,4.00,4.00,4.00,0.00 (0.00 %)," ",0,0,0,0,4.00,4.00,4.00,4.00
05/04/2022,4.00,4.00,4.00,0.00 (0.00 %)," ",0,0,0,0,4.00,4.0,4.00,4.00
04/04/2022,4.00,4.00,4.00,0.00 (0.00 %)," ",0,0,0,0,4.00,4.00,4.00,4.00
01/04/2022,4.00,4.00,4.00,0.00 (0.00 %)," ",0,0,0,0,4.00,4.0,4.00,4.00
31/03/2022,4.00,4.00,4.00,0.00 (0.00 %)," ",0,0,0,0,4.00,4.00,4.00,4.00
30/03/2022,4.00,4.00,4.00,0.00 (0.00 %)," ",0,0,0,0,4.00,4.0,4.00,4.00
29/03/2022,4.00,4.00,4.00,0.00 (0.00 %)," ",0,0,0,0,4.00,4.00,4.00,4.00
28/03/2022,4.00,4.00,4.00,0.00 (0.00 %)," ",0,0,0,0,4.00,4.0,4.00,4.00
25/03/2022,4.00,4.00,4.00,0.00 (0.00 %)," ",0,0,0,0,4.00,4.00,4.00,4.00
24/03/2022,4.00,4.00,4.00,0.00 (0.00 %)," ",0,0,0,0,4.00,4.0,4.00,4.00
23/03/2022,4.00,4.00,4.00,0.00 (0.00 %)," ",0,0,0,0,4.00,4.00,4.00,4.00
22/03/2022,4.00,4.00,4.00,0.00 (0.00 %)," ",0,0,0,0,4.00,4.0,4.00,4.00
21/03/2022,4.00,4.00,4.00,0.00 (0.00 %)," ",0,0,0,0,4.00,4.00,4.00,4.00
18/03/2022,4.00,4.00,4.00,0.00 (0.00 %)," ",0,0,0,0,4.00,4.0,4.00,4.00
17/03/2022,4.00,4.00,4.00,0.00 (0.00 %)," ",0,0,0,0,4.00,4.00,4.00,4.00
16/03/2022,4.00,4.00,4.00,0.00 (0.00 %)," ",0,0,0,0,4.00,4.0,4.00,4.00
15/03/2022,4.00,4.00,4.00,0.00 (0.00 %)," ",0,0,0,0,4.00,4.00,4.00,4.00
14/03/2022,4.00,4.00,4.00,0.00 (0.00 %)," ",0,0,0,0,4.00,4.0,4.00,4.00
11/03/2022,4.00,4.00,4.00,0.00 (0.00 %)," ",0,0,0,0,4.00,4.00,4.00,4.00
10/03/2022,4.00,4.00,4.00,0.00 (0.00 %)," ",0,0,0,0,4.00,4.0,4.00,4.00
09/03/2022,4.00,4.00,4.00,0.00 (0.00 %)," ",0,0,0,0,4.00,4.00,4.00,4.00
08/03/2022,4.00,4.00,4.00,0.00 (0.00 %)," ",0,0,0,0,4.00,4.0,4.00,4.00
07/03/2022,4.00,4.00,4.00,0.00 (0.00 %)," ",0,0,0,0,4.00,4.00,4.00,4.00
04/03/2022,4.00,4.00,4.00,0.00 (0.00 %)," ",0,0,0,0,4.00,4.0,4.00,4.00
03/03/2022,4.00,4.00,4.00,0.00 (0.00 %)," ",0,0,0,0,4.00,4.00,4.00,4.00
02/03/2022,4.00,4.00,4.00,0.00 (0.00 %)," ",0,0,0,0,4.00,4.0,4.00,4.00
01/03/2022,4.00,4.00,4.00,0.00 (0.00 %)," ",0,0,0,0,4.00,4.00,4.00,4.00
28/02/2022,4.00,4.00,4.00,0.00 (0.00 %)," ",0,0,0,0,4.00,4.0,4.00,4.00
25/02/2022,4.00,4.00,4.00,0.00 (0.00 %)," ",0,0,0,0,4.00,4.00,4.00,4.00
24/02/2022,4.00,4.00,4.00,0.00 (0.00 %)," ",0,0,0,0,4.00,4.0,4.00,4.00
23/02/2022,4.00,4.00,4.00,0.00 (0.00 %)," ",0,0,0,0,4.00,4.00,4.00,4.00
22/02/2022,4.00,4.00,4.00,0.00 (0.00 %)," ",0,0,0,0,4.00,4.0,4.00,4.00
21/02/2022,4.00,4.00,4.00,0.00 (0.00 %)," ",0,0,0,0,4.00,4.00,4.00,4.00
18/02/2022,4.00,4.00,4.00,0.00 (0.00 %)," ",0,0,0,0,4.00,4.0,4.00,4.00
17/02/2022,4.00,4.00,4.00,0.00 (0.00 %)," ",0,0,0,0,4.00,4.00,4.00,4.00
16/02/2022,4.00,4.00,4.00,0.00 (0.00 %)," ",0,0,0,0,4.00,4.0,4.00,4.00
15/02/2022,4.00,4.00,4.00,0.00 (0.00 %)," ",0,0,0,0,4.00,4.00,4.00,4.00
14/02/2022,4.00,4.00,4.00,0.00 (0.00 %)," ",0,0,0,0,4.00,4.0,4.00,4.00
11/02/2022,4.00,4.00,4.00,0.00 (0.00 %)," ",0,0,0,0,4.00,4.00,4.00,4.00
10/02/2022,4.00,4.00,4.00,0.00 (0.00 %)," ",0,0,0,0,4.00,4.0,4.00,4.00
09/02/2022,4.00,4.00,4.00,0.00 (0.00 %)," ",0,0,0,0,4.00,4.00,4.00,4.00
08/02/2022,4.00,4.00,4.00,0.00 (0.00 %)," ",0,0,0,0,4.00,4.0,4.00,4.00
07/02/2022,4.00,4.00,4.00,0.00 (0.00 %)," ",0,0,0,0,4.00,4.00,4.00,4.00
28/01/2022,4.00,4.00,4.00,0.00 (0.00 %)," ",0,0,0,0,4.00,4.0,4.00,4.00
27/01/2022,4.00,4.00,4.00,0.00 (0.00 %)," ",0,0,0,0,4.00,4.00,4.00,4.00
26/01/2022,4.00,4.00,4.00,0.00 (0.00 %)," ",0,0,0,0,4.00,4.0,4.00,4.00
25/01/2022,4.00,4.00,4.00,0.00 (0.00 %)," ",0,0,0,0,4.00,4.00,4.00,4.00
24/01/2022,4.00,4.00,4.00,0.00 (0.00 %)," ",0,0,0,0,4.00,4.0,4.00,4.00
21/01/2022,4.00,4.00,4.00,0.00 (0.00 %)," ",0,0,0,0,4.00,4.00,4.00,4.00
20/01/2022,4.00,4.00,4.00,0.00 (0.00 %)," ",0,0,0,0,4.00,4.0,4.00,4.00
19/01/2022,4.00,4.00,4.00,0.00 (0.00 %)," ",0,0,0,0,4.00,4.00,4.00,4.00
18/01/2022,4.00,4.00,4.00,0.00 (0.00 %)," ",0,0,0,0,4.00,4.0,4.00,4.00
17/01/2022,4.00,4.00,4.00,0.00 (0.00 %)," ",0,0,0,0,4.00,4.00,4.00,4.00
14/01/2022,4.00,4.00,4.00,0.00 (0.00 %)," ",0,0,0,0,4.00,4.0,4.00,4.00
13/01/2022,4.00,4.00,4.00,0.00 (0.00 %)," ",0,0,0,0,4.00,4.00,4.00,4.00
12/01/2022,4.00,4.00,4.00,0.00 (0.00 %)," ",0,0,0,0,4.00,4.0,4.00,4.00
11/01/2022,4.00,4.00,4.00,0.00 (0.00 %)," ",0,0,0,0,4.00,4.00,4.00,4.00
10/01/2022,4.00,4.00,4.00,0.00 (0.00 %)," ",0,0,0,0,4.00,4.0,4.00,4.00
07/01/2022,4.00,4.00,4.00,0.00 (0.00 %)," ",0,0,0,0,4.00,4.00,4.00,4.00
06/01/2022,4.00,4.00,4.00,0.00 (0.00 %)," ",0,0,0,0,4.00,4.0,4.00,4.00
05/01/2022,4.00,4.00,4.00,0.00 (0.00 %)," ",0,0,0,0,4.00,4.00,4.00,4.00
04/01/2022,4.00,4.00,4.00,0.00 (0.00 %)," ",0,0,0,0,4.00,4.0,4.00,4.00
31/12/2021,4.00,4.00,4.00,0.00 (0.00 %)," ",0,0,0,0,4.00,4.00,4.00,4.00
30/12/2021,4.00,4.00,4.00,0.00 (0.00 %)," ",0,0,0,0,4.00,4.0,4.00,4.00
29/12/2021,4.00,4.00,4.00,0.00 (0.00 %)," ",0,0,0,0,4.00,4.00,4.00,4.00
28/12/2021,4.00,4.00,4.00,0.00 (0.00 %)," ",0,0,0,0,4.00,4.0,4.00,4.00
27/12/2021,4.00,4.00,4.00,0.00 (0.00 %)," ",0,0,0,0,4.00,4.00,4.00,4.00
24/12/2021,4.00,4.00,4.00,0.00 (0.00 %)," ",0,0,0,0,4.00,4.0,4.00,4.00
23/12/2021,4.00,4.00,4.00,0.00 (0.00 %)," ",0,0,0,0,4.00,4.00,4.00,4.00
21/12/2021,4.00,4.00,4.00,0.00 (0.00 %)," ",0,0,0,0,4.00,4.0,4.00,4.00
20/12/2021,4.00,4.00,4.00,0.00 (0.00 %)," ",0,0,0,0,4.00,4.00,4.00,4.00
17/12/2021,4.00,4.00,4.00,0.00 (0.00 %)," ",0,0,0,0,4.00,4.0,4.00,4.00
16/12/2021,4.00,4.00,4.00,0.00 (0.00 %)," ",0,0,0,0,4.00,4.00,4.00,4.00
15/12/2021,4.00,4.00,4.00,0.00 (0.00 %)," ",0,0,0,0,4.00,4.0,4.00,4.00
14/12/2021,4.00,4.00,4.00,0.00 (0.00 %)," ",0,0,0,0,4.00,4.00,4.00,4.00
13/12/2021,4.00,4.00,4.00,0.00 (0.00 %)," ",0,0,0,0,4.00,4.0,4.00,4.00
10/12/2021,4.00,4.00,4.00,0.00 (0.00 %)," ",0,0,0,0,4.00,4.00,4.00,4.00
09/12/2021,4.00,4.00,4.00,0.00 (0.00 %)," ",0,0,0,0,4.00,4.0,4.00,4.00
08/12/2021,4.00,4.00,4.00,0.00 (0.00 %)," ",0,0,0,0,4.00,4.00,4.00,4.00
07/12/2021,4.00,4.00,4.00,0.00 (0.00 %)," ",0,0,0,0,4.00,4.0,4.00,4.00
06/12/2021,4.00,4.00,4.00,0.00 (0.00 %)," ",0,0,0,0,4.00,4.00,4.00,4.00
03/12/2021,4.00,4.00,4.00,0.00 (0.00 %)," ",0,0,0,0,4.00,4.0,4.00,4.00
02/12/2021,4.00,4.00,4.00,0.00 (0.00 %)," ",0,0,0,0,4.00,4.00,4.00,4.00
01/12/2021,4.00,4.00,4.00,0.00 (0.00 %)," ",0,0,0,0,4.00,4.0,4.00,4.00
30/11/2021,4.00,4.00,4.00,0.00 (0.00 %)," ",0,0,0,0,4.00,4.00,4.00,4.00
29/11/2021,4.00,4.00,4.00,0.00 (0.00 %)," ",0,0,0,0,4.00,4.0,4.00,4.00
26/11/2021,4.00,4.00,4.00,0.00 (0.00 %)," ",0,0,0,0,4.00,4.00,4.00,4.00
25/11/2021,4.00,4.00,4.00,0.00 (0.00 %)," ",0,0,0,0,4.00,4.0,4.00,4.00
24/11/2021,4.00,4.00,4.00,0.00 (0.00 %)," ",0,0,0,0,4.00,4.00,4.00,4.00
23/11/2021,4.00,4.00,4.00,0.00 (0.00 %)," ",0,0,0,0,4.00,4.0,4.00,4.00
22/11/2021,4.00,4.00,4.00,0.00 (0.00 %)," ",0,0,0,0,4.00,4.00,4.00,4.00
19/11/2021,4.00,4.00,4.00,0.00 (0.00 %)," ",0,0,0,0,4.00,4.0,4.00,4.00
18/11/2021,4.00,4.00,4.00,0.00 (0.00 %)," ",0,0,0,0,4.00,4.00,4.00,4.00
17/11/2021,4.00,4.00,4.00,0.00 (0.00 %)," ",0,0,0,0,4.00,4.0,4.00,4.00
16/11/2021,4.00,4.00,4.00,0.00 (0.00 %)," ",0,0,0,0,4.00,4.00,4.00,4.00
15/11/2021,4.00,4.00,4.00,0.00 (0.00 %)," ",0,0,0,0,4.00,4.0,4.00,4.00
12/11/2021,4.00,4.00,4.00,0.00 (0.00 %)," ",0,0,0,0,4.00,4.00,4.00,4.00
11/11/2021,4.00,4.00,4.00,0.00 (0.00 %)," ",0,0,0,0,4.00,4.0,4.00,4.00
10/11/2021,4.00,4.00,4.00,0.00 (0.00 %)," ",0,0,0,0,4.00,4.00,4.00,4.00
09/11/2021,4.00,4.00,4.00,0.00 (0.00 %)," ",0,0,0,0,4.00,4.0,4.00,4.00
08/11/2021,4.00,4.00,4.00,0.00 (0.00 %)," ",0,0,0,0,4.00,4.00,4.00,4.00
05/11/2021,4.00,4.00,4.00,0.00 (0.00 %)," ",0,0,0,0,4.00,4.0,4.00,4.00
04/11/2021,4.00,4.00,4.00,0.00 (0.00 %)," ",0,0,0,0,4.00,4.00,4.00,4.00
03/11/2021,4.00,4.00,4.00,0.00 (0.00 %)," ",0,0,0,0,4.00,4.0,4.00,4.00
02/11/2021,4.00,4.00,4.00,0.00 (0.00 %)," ",0,0,0,0,4.00,4.00,4.00,4.00
01/11/2021,4.00,4.00,4.00,0.00 (0.00 %)," ",0,0,0,0,4.00,4.0,4.00,4.00
29/10/2021,4.00,4.00,4.00,0.00 (0.00 %)," ",0,0,0,0,4.00,4.00,4.00,4.00
28/10/2021,4.00,4.00,4.00,0.00 (0.00 %)," ",0,0,0,0,4.00,4.0,4.00,4.00
27/10/2021,4.00,4.00,4.00,0.00 (0.00 %)," ",0,0,0,0,4.00,4.00,4.00,4.00
26/10/2021,4.00,4.00,4.00,0.00 (0.00 %)," ",0,0,0,0,4.00,4.0,4.00,4.00
25/10/2021,4.00,4.00,4.00,0.00 (0.00 %)," ",0,0,0,0,4.00,4.00,4.00,4.00
22/10/2021,4.00,4.00,4.00,0.00 (0.00 %)," ",0,0,0,0,4.00,4.0,4.00,4.00
21/10/2021,4.00,4.00,4.00,0.00 (0.00 %)," ",0,0,0,0,4.00,4.00,4.00,4.00
20/10/2021,4.00,4.00,4.00,0.00 (0.00 %)," ",0,0,0,0,4.00,4.0,4.00,4.00
19/10/2021,4.00,4.00,4.00,0.00 (0.00 %)," ",0,0,0,0,4.00,4.00,4.00,4.00
18/10/2021,4.00,4.00,4.00,0.00 (0.00 %)," ",0,0,0,0,4.00,4.0,4.00,4.00
15/10/2021,4.00,4.00,4.00,0.00 (0.00 %)," ",0,0,0,0,4.00,4.00,4.00,4.00
14/10/2021,4.00,4.00,4.00,0.00 (0.00 %)," ",0,0,0,0,4.00,4.0,4.00,4.00
13/10/2021,4.00,4.00,4.00,0.00 (0.00 %)," ",0,0,0,0,4.00,4.00,4.00,4.00
12/10/2021,4.00,4.00,4.00,0.00 (0.00 %)," ",0,0,0,0,4.00,4.0,4.00,4.00
11/10/2021,4.00,4.00,4.00,0.00 (0.00 %)," ",0,0,0,0,4.00,4.00,4.00,4.00
08/10/2021,4.00,4.00,4.00,0.00 (0.00 %)," ",0,0,0,0,4.00,4.0,4.00,4.00
07/10/2021,4.00,4.00,4.00,0.00 (0.00 %)," ",0,0,0,0,4.00,4.00,4.00,4.00
06/10/2021,4.00,4.00,4.00,0.00 (0.00 %)," ",0,0,0,0,4.00,4.0,4.00,4.00
05/10/2021,4.00,4.00,4.00,0.00 (0.00 %)," ",0,0,0,0,4.00,4.00,4.00,4.00
04/10/2021,4.00,4.00,4.00,0.00 (0.00 %)," ",0,0,0,0,4.00,4.0,4.00,4.00
01/10/2021,4.00,4.00,4.00,0.00 (0.00 %)," ",0,0,0,0,4.00,4.00,4.00,4.00
30/09/2021,4.00,4.00,4.00,0.00 (0.00 %)," ",0,0,0,0,4.00,4.0,4.00,4.00
29/09/2021,4.00,4.00,4.00,0.00 (0.00 %)," ",0,0,0,0,4.00,4.00,4.00,4.00
28/09/2021,4.00,4.00,4.00,0.00 (0.00 %)," ",0,0,0,0,4.00,4.0,4.00,4.00
27/09/2021,4.00,4.00,4.00,0.00 (0.00 %)," ",0,0,0,0,4.00,4.00,4.00,4.00
24/09/2021,4.00,4.00,4.00,0.00 (0.00 %)," ",0,0,0,0,4.00,4.0,4.00,4.00
23/09/2021,4.00,4.00,4.00,0.00 (0.00 %)," ",0,0,0,0,4.00,4.00,4.00,4.00
22/09/2021,4.00,4.00,4.00,0.00 (0.00 %)," ",0,0,0,0,4.00,4.0,4.00,4.00
21/09/2021,4.00,4.00,4.00,0.00 (0.00 %)," ",0,0,0,0,4.00,4.00,4.00,4.00
20/09/2021,4.00,4.00,4.00,0.00 (0.00 %)," ",0,0,0,0,4.00,4.0,4.00,4.00
17/09/2021,4.00,4.00,4.00,0.00 (0.00 %)," ",0,0,0,0,4.00,4.00,4.00,4.00
16/09/2021,4.00,4.00,4.00,0.00 (0.00 %)," ",0,0,0,0,4.00,4.0,4.00,4.00
15/09/2021,4.00,4.00,4.00,0.00 (0.00 %)," ",0,0,0,0,4.00,4.00,4.00,4.00
14/09/2021,4.00,4.00,4.00,0.00 (0.00 %)," ",0,0,0,0,4.00,4.0,4.00,4.00
13/09/2021,4.00,4.00,4.00,0.00 (0.00 %)," ",0,0,0,0,4.00,4.00,4.00,4.00
10/09/2021,4.00,4.00,4.00,0.00 (0.00 %)," ",0,0,0,0,4.00,4.0,4.00,4.00
09/09/2021,4.00,4.00,4.00,0.00 (0.00 %)," ",0,0,0,0,4.00,4.00,4.00,4.00
08/09/2021,4.00,4.00,4.00,0.00 (0.00 %)," ",0,0,0,0,4.00,4.0,4.00,4.00
07/09/2021,4.00,4.00,4.00,0.00 (0.00 %)," ",0,0,0,0,4.00,4.00,4.00,4.00
06/09/2021,4.00,4.00,4.00,0.00 (0.00 %)," ",0,0,0,0,4.00,4.0,4.00,4.00
01/09/2021,4.00,4.00,4.00,0.00 (0.00 %)," ",0,0,0,0,4.00,4.00,4.00,4.00
31/08/2021,4.00,4.00,4.00,0.00 (0.00 %)," ",0,0,0,0,4.00,4.0,4.00,4.00
30/08/2021,4.00,4.00,4.00,0.00 (0.00 %)," ",0,0,0,0,4.00,4.00,4.00,4.00
27/08/2021,4.00,4.00,4.00,0.00 (0.00 %)," ",0,0,0,0,4.00,4.0,4.00,4.00
26/08/2021,4.00,4.00,4.00,0.00 (0.00 %)," ",0,0,0,0,4.00,4.00,4.00,4.00
25/08/2021,4.00,4.00,4.00,0.00 (0.00 %)," ",0,0,0,0,4.00,4.0,4.00,4.00
24/08/2021,4.00,4.00,4.00,0.00 (0.00 %)," ",0,0,0,0,4.00,4.00,4.00,4.00
23/08/2021,4.00,4.00,4.00,0.00 (0.00 %)," ",0,0,0,0,4.00,4.0,4.00,4.00
20/08/2021,4.00,4.00,4.00,0.00 (0.00 %)," ",0,0,0,0,4.00,4.00,4.00,4.00
19/08/2021,4.00,4.00,4.00,0.00 (0.00 %)," ",0,0,0,0,4.00,4.0,4.00,4.00
18/08/2021,4.00,4.00,4.00,0.00 (0.00 %)," ",0,0,0,0,4.00,4.00,4.00,4.00
17/08/2021,4.00,4.00,4.00,0.00 (0.00 %)," ",0,0,0,0,4.00,4.0,4.00,4.00
16/08/2021,4.00,4.00,4.00,0.00 (0.00 %)," ",0,0,0,0,4.00,4.00,4.00,4.00
13/08/2021,4.00,4.00,4.00,0.00 (0.00 %)," ",0,0,0,0,4.00,4.0,4.00,4.00
12/08/2021,4.00,4.00,4.00,0.00 (0.00 %)," ",0,0,0,0,4.00,4.00,4.00,4.00
11/08/2021,4.00,4.00,4.00,0.00 (0.00 %)," ",0,0,0,0,4.00,4.0,4.00,4.00
10/08/2021,4.00,4.00,4.00,0.00 (0.00 %)," ",0,0,0,0,4.00,4.00,4.00,4.00
09/08/2021,4.00,4.00,4.00,0.00 (0.00 %)," ",0,0,0,0,4.00,4.0,4.00,4.00
06/08/2021,4.00,4.00,4.00,0.00 (0.00 %)," ",0,0,0,0,4.00,4.00,4.00,4.00
05/08/2021,4.00,4.00,4.00,0.00 (0.00 %)," ",0,0,0,0,4.00,4.0,4.00,4.00
04/08/2021,4.00,4.00,4.00,0.00 (0.00 %)," ",0,0,0,0,4.00,4.00,4.00,4.00
03/08/2021,4.00,4.00,4.00,0.00 (0.00 %)," ",0,0,0,0,4.00,4.0,4.00,4.00
02/08/2021,4.00,4.00,4.00,0.00 (0.00 %)," ",0,0,0,0,4.00,4.00,4.00,4.00
30/07/2021,4.00,4.00,4.00,0.00 (0.00 %)," ",0,0,0,0,4.00,4.0,4.00,4.00
29/07/2021,4.00,4.00,4.00,0.00 (0.00 %)," ",0,0,0,0,4.00,4.00,4.00,4.00
28/07/2021,4.00,4.00,4.00,0.00 (0.00 %)," ",0,0,0,0,4.00,4.0,4.00,4.00
27/07/2021,4.00,4.00,4.00,0.00 (0.00 %)," ",0,0,0,0,4.00,4.00,4.00,4.00
26/07/2021,4.00,4.00,4.00,0.00 (0.00 %)," ",0,0,0,0,4.00,4.0,4.00,4.00
23/07/2021,4.00,4.00,4.00,0.00 (0.00 %)," ",0,0,0,0,4.00,4.00,4.00,4.00
22/07/2021,4.00,4.00,4.00,0.00 (0.00 %)," ",0,0,0,0,4.00,4.0,4.00,4.00
21/07/2021,4.00,4.00,4.00,0.00 (0.00 %)," ",0,0,0,0,4.00,4.00,4.00,4.00
20/07/2021,4.00,4.00,4.00,0.00 (0.00 %)," ",0,0,0,0,4.00,4.0,4.00,4.00
19/07/2021,4.00,4.00,4.00,0.00 (0.00 %)," ",0,0,0,0,4.00,4.00,4.00,4.00
16/07/2021,4.00,4.00,4.00,0.00 (0.00 %)," ",0,0,0,0,4.00,4.0,4.00,4.00
15/07/2021,12.30,12.30,12.30,0.00 (0.00 %)," ",0,0,0,0,12.30,12.30,12.30,12.30
14/07/2021,12.30,12.30,12.30,0.00 (0.00 %)," ",0,0,0,0,12.30,12.3,12.30,12.30
13/07/2021,12.30,12.30,12.30,0.00 (0.00 %)," ",0,0,0,0,12.30,12.30,12.30,12.30
12/07/2021,12.30,12.30,12.30,0.00 (0.00 %)," ",0,0,0,0,12.30,12.3,12.30,12.30
09/07/2021,12.30,12.30,12.30,0.00 (0.00 %)," ",0,0,0,0,12.30,12.30,12.30,12.30
08/07/2021,12.30,12.30,12.30,0.00 (0.00 %)," ",0,0,0,0,12.30,12.3,12.30,12.30
07/07/2021,12.30,12.30,12.30,0.00 (0.00 %)," ",0,0,0,0,12.30,12.30,12.30,12.30
06/07/2021,12.30,12.30,12.30,0.00 (0.00 %)," ",0,0,0,0,12.30,12.3,12.30,12.30
05/07/2021,12.30,12.30,12.30,0.00 (0.00 %)," ",0,0,0,0,12.30,12.30,12.30,12.30
02/07/2021,12.30,12.30,12.30,0.00 (0.00 %)," ",0,0,0,0,12.30,12.3,12.30,12.30
01/07/2021,12.30,12.30,12.30,0.00 (0.00 %)," ",0,0,0,0,12.30,12.30,12.30,12.30
30/06/2021,12.30,12.30,12.30,0.00 (0.00 %)," ",0,0,0,0,12.30,12.3,12.30,12.30
29/06/2021,12.30,12.30,12.30,0.00 (0.00 %)," ",0,0,0,0,12.30,12.30,12.30,12.30
28/06/2021,12.30,12.30,12.30,0.00 (0.00 %)," ",0,0,0,0,12.30,12.3,12.30,12.30
25/06/2021,12.30,12.30,12.30,0.00 (0.00 %)," ",0,0,0,0,12.30,12.30,12.30,12.30
24/06/2021,12.30,12.30,12.30,0.00 (0.00 %)," ",0,0,0,0,12.30,12.3,12.30,12.30
23/06/2021,12.30,12.30,12.30,0.00 (0.00 %)," ",0,0,0,0,12.30,12.30,12.30,12.30
22/06/2021,12.30,12.30,12.30,0.00 (0.00 %)," ",0,0,0,0,12.30,12.3,12.30,12.30
18/06/2021,12.30,12.30,12.30,0.00 (0.00 %)," ",0,0,0,0,12.30,12.30,12.30,12.30
17/06/2021,12.30,12.30,12.30,0.00 (0.00 %)," ",0,0,0,0,12.30,12.3,12.30,12.30
16/06/2021,12.30,12.30,12.30,0.00 (0.00 %)," ",0,0,0,0,12.30,12.30,12.30,12.30
15/06/2021,12.30,12.30,12.30,0.00 (0.00 %)," ",0,0,0,0,12.30,12.3,12.30,12.30
14/06/2021,12.30,12.30,12.30,0.00 (0.00 %)," ",0,0,0,0,12.30,12.30,12.30,12.30
11/06/2021,12.30,12.30,12.30,0.00 (0.00 %)," ",0,0,0,0,12.30,12.3,12.30,12.30
10/06/2021,12.30,12.30,12.30,0.00 (0.00 %)," ",0,0,0,0,12.30,12.30,12.30,12.30
09/06/2021,12.30,12.30,12.30,0.00 (0.00 %)," ",0,0,0,0,12.30,12.3,12.30,12.30
08/06/2021,12.30,12.30,12.30,0.00 (0.00 %)," ",0,0,0,0,12.30,12.30,12.30,12.30
07/06/2021,12.30,12.30,12.30,0.00 (0.00 %)," ",0,0,0,0,12.30,12.3,12.30,12.30
04/06/2021,12.30,12.30,12.30,0.00 (0.00 %)," ",0,0,0,0,12.30,12.30,12.30,12.30
03/06/2021,12.30,12.30,12.30,0.00 (0.00 %)," ",0,0,0,0,12.30,12.3,12.30,12.30
02/06/2021,12.30,12.30,12.30,0.00 (0.00 %)," ",0,0,0,0,12.30,12.30,12.30,12.30
01/06/2021,12.30,12.30,12.30,0.00 (0.00 %)," ",0,0,0,0,12.30,12.3,12.30,12.30
31/05/2021,12.30,12.30,12.30,0.00 (0.00 %)," ",0,0,0,0,12.30,12.30,12.30,12.30
28/05/2021,12.30,12.30,12.30,0.00 (0.00 %)," ",0,0,0,0,12.30,12.3,12.30,12.30
27/05/2021,12.30,12.30,12.30,0.00 (0.00 %)," ",0,0,0,0,12.30,12.30,12.30,12.30
26/05/2021,12.30,12.30,12.30,0.00 (0.00 %)," ",0,0,0,0,12.30,12.3,12.30,12.30
25/05/2021,12.30,12.30,12.30,0.00 (0.00 %)," ",0,0,0,0,12.30,12.30,12.30,12.30
24/05/2021,12.30,12.30,12.30,0.00 (0.00 %)," ",0,0,0,0,12.30,12.3,12.30,12.30
21/05/2021,12.30,12.30,12.30,0.00 (0.00 %)," ",0,0,0,0,12.30,12.30,12.30,12.30
20/05/2021,12.30,12.30,12.30,0.00 (0.00 %)," ",0,0,0,0,12.30,12.3,12.30,12.30
19/05/2021,12.30,12.30,12.30,0.00 (0.00 %)," ",0,0,0,0,12.30,12.30,12.30,12.30
18/05/2021,12.30,12.30,12.30,0.00 (0.00 %)," ",0,0,0,0,12.30,12.3,12.30,12.30
17/05/2021,12.30,12.30,12.30,0.00 (0.00 %)," ",0,0,0,0,12.30,12.30,12.30,12.30
14/05/2021,12.30,12.30,12.30,0.00 (0.00 %)," ",0,0,0,0,12.30,12.3,12.30,12.30
13/05/2021,12.30,12.30,12.30,0.00 (0.00 %)," ",0,0,0,0,12.30,12.30,12.30,12.30
12/05/2021,12.30,12.30,12.30,0.00 (0.00 %)," ",0,0,0,0,12.30,12.3,12.30,12.30
11/05/2021,12.30,12.30,12.30,0.00 (0.00 %)," ",0,0,0,0,12.30,12.30,12.30,12.30
10/05/2021,12.30,12.30,12.30,0.00 (0.00 %)," ",0,0,0,0,12.30,12.3,12.30,12.30
07/05/2021,12.30,12.30,12.30,0.00 (0.00 %)," ",0,0,0,0,12.30,12.30,12.30,12.30
06/05/2021,12.30,12.30,12.30,0.00 (0.00 %)," ",0,0,0,0,12.30,12.3,12.30,12.30
05/05/2021,12.30,12.30,12.30,0.00 (0.00 %)," ",0,0,0,0,12.30,12.30,12.30,12.30
04/05/2021,12.30,12.30,12.30,0.00 (0.00 %)," ",0,0,0,0,12.30,12.3,12.30,12.30
29/04/2021,12.30,12.30,12.30,0.00 (0.00 %)," ",0,0,0,0,12.30,12.30,12.30,12.30
28/04/2021,12.30,12.30,12.30,0.00 (0.00 %)," ",0,0,0,0,12.30,12.3,12.30,12.30
27/04/2021,12.30,12.30,12.30,0.00 (0.00 %)," ",0,0,0,0,12.30,12.30,12.30,12.30
26/04/2021,12.30,12.30,12.30,0.00 (0.00 %)," ",0,0,0,0,12.30,12.3,12.30,12.30
23/04/2021,12.30,12.30,12.30,0.00 (0.00 %)," ",0,0,0,0,12.30,12.30,12.30,12.30
22/04/2021,12.30,12.30,12.30,0.00 (0.00 %)," ",0,0,0,0,12.30,12.3,12.30,12.30
20/04/2021,12.30,12.30,12.30,0.00 (0.00 %)," ",0,0,0,0,12.30,12.30,12.30,12.30
19/04/2021,12.30,12.30,12.30,0.00 (0.00 %)," ",0,0,0,0,12.30,12.3,12.30,12.30
16/04/2021,12.30,12.30,12.30,0.00 (0.00 %)," ",0,0,0,0,12.30,12.30,12.30,12.30
15/04/2021,12.30,12.30,12.30,0.00 (0.00 %)," ",0,0,0,0,12.30,12.3,12.30,12.30
14/04/2021,12.30,12.30,12.30,0.00 (0.00 %)," ",0,0,0,0,12.30,12.30,12.30,12.30
13/04/2021,12.30,12.30,12.30,0.00 (0.00 %)," ",0,0,0,0,12.30,12.3,12.30,12.30
12/04/2021,12.30,12.30,12.30,0.00 (0.00 %)," ",0,0,0,0,12.30,12.30,12.30,12.30
09/04/2021,12.30,12.30,12.30,0.00 (0.00 %)," ",0,0,0,0,12.30,12.3,12.30,12.30
08/04/2021,12.30,12.30,12.30,0.00 (0.00 %)," ",0,0,0,0,12.30,12.30,12.30,12.30
07/04/2021,12.30,12.30,12.30,0.00 (0.00 %)," ",0,0,0,0,12.30,12.3,12.30,12.30
06/04/2021,12.30,12.30,12.30,0.00 (0.00 %)," ",0,0,0,0,12.30,12.30,12.30,12.30
05/04/2021,12.30,12.30,12.30,0.00 (0.00 %)," ",0,0,0,0,12.30,12.3,12.30,12.30
02/04/2021,12.30,12.30,12.30,0.00 (0.00 %)," ",0,0,0,0,12.30,12.30,12.30,12.30
01/04/2021,12.30,12.30,12.30,0.00 (0.00 %)," ",0,0,0,0,12.30,12.3,12.30,12.30
31/03/2021,12.30,12.30,12.30,0.00 (0.00 %)," ",0,0,0,0,12.30,12.30,12.30,12.30
30/03/2021,12.30,12.30,12.30,0.00 (0.00 %)," ",0,0,0,0,12.30,12.3,12.30,12.30
29/03/2021,12.30,12.30,12.30,0.00 (0.00 %)," ",0,0,0,0,12.30,12.30,12.30,12.30
26/03/2021,12.30,12.30,12.30,0.00 (0.00 %)," ",0,0,0,0,12.30,12.3,12.30,12.30
25/03/2021,12.30,12.30,12.30,0.00 (0.00 %)," ",0,0,0,0,12.30,12.30,12.30,12.30
24/03/2021,12.30,12.30,12.30,0.00 (0.00 %)," ",0,0,0,0,12.30,12.3,12.30,12.30
23/03/2021,12.30,12.30,12.30,0.00 (0.00 %)," ",0,0,0,0,12.30,12.30,12.30,12.30
22/03/2021,12.30,12.30,12.30,0.00 (0.00 %)," ",0,0,0,0,12.30,12.3,12.30,12.30
19/03/2021,12.30,12.30,12.30,0.00 (0.00 %)," ",0,0,0,0,12.30,12.30,12.30,12.30
18/03/2021,12.30,12.30,12.30,0.00 (0.00 %)," ",0,0,0,0,12.30,12.3,12.30,12.30
17/03/2021,12.30,12.30,12.30,0.00 (0.00 %)," ",0,0,0,0,12.30,12.30,12.30,12.30
16/03/2021,12.30,12.30,12.30,0.00 (0.00 %)," ",0,0,0,0,12.30,12.3,12.30,12.30
15/03/2021,12.30,12.30,12.30,0.00 (0.00 %)," ",0,0,0,0,12.30,12.30,12.30,12.30
12/03/2021,12.30,12.30,12.30,0.00 (0.00 %)," ",0,0,0,0,12.30,12.3,12.30,12.30
11/03/2021,12.30,12.30,12.30,0.00 (0.00 %)," ",0,0,0,0,12.30,12.30,12.30,12.30
10/03/2021,12.30,12.30,12.30,0.00 (0.00 %)," ",0,0,0,0,12.30,12.3,12.30,12.30
09/03/2021,12.30,12.30,12.30,0.00 (0.00 %)," ",0,0,0,0,12.30,12.30,12.30,12.30
05/03/2021,12.30,12.30,12.30,0.00 (0.00 %)," ",0,0,0,0,12.30,12.3,12.30,12.30
04/03/2021,12.30,12.30,12.30,0.00 (0.00 %)," ",0,0,0,0,12.30,12.30,12.30,12.30
03/03/2021,12.30,12.30,12.30,0.00 (0.00 %)," ",0,0,0,0,12.30,12.3,12.30,12.30
02/03/2021,12.30,12.30,12.30,0.00 (0.00 %)," ",0,0,0,0,12.30,12.30,12.30,12.30
01/03/2021,12.30,12.30,12.30,0.00 (0.00 %)," ",0,0,0,0,12.30,12.3,12.30,12.30
26/02/2021,12.30,12.30,12.30,0.00 (0.00 %)," ",0,0,0,0,12.30,12.30,12.30,12.30
25/02/2021,12.30,12.30,12.30,0.00 (0.00 %)," ",0,0,0,0,12.30,12.3,12.30,12.30
24/02/2021,12.30,12.30,12.30,0.00 (0.00 %)," ",0,0,0,0,12.30,12.30,12.30,12.30
23/02/2021,12.30,12.30,12.30,0.00 (0.00 %)," ",0,0,0,0,12.30,12.3,12.30,12.30
22/02/2021,12.30,12.30,12.30,0.00 (0.00 %)," ",0,0,0,0,12.30,12.30,12.30,12.30
19/02/2021,12.30,12.30,12.30,0.00 (0.00 %)," ",0,0,0,0,12.30,12.3,12.30,12.30
18/02/2021,12.30,12.30,12.30,0.00 (0.00 %)," ",0,0,0,0,12.30,12.30,12.30,12.30
17/02/2021,12.30,12.30,12.30,0.00 (0.00 %)," ",0,0,0,0,12.30,12.3,12.30,12.30
09/02/2021,12.30,12.30,12.30,0.00 (0.00 %)," ",0,0,0,0,12.30,12.30,12.30,12.30
05/02/2021,12.30,12.30,12.30,0.00 (0.00 %)," ",0,0,0,0,12.30,12.3,12.30,12.30
04/02/2021,12.30,12.30,12.30,0.00 (0.00 %)," ",0,0,0,0,12.30,12.30,12.30,12.30
03/02/2021,12.30,12.30,12.30,0.00 (0.00 %)," ",0,0,0,0,12.30,12.3,12.30,12.30
02/02/2021,12.30,12.30,12.30,0.00 (0.00 %)," ",0,0,0,0,12.30,12.30,12.30,12.30
01/02/2021,12.30,12.30,12.30,0.00 (0.00 %)," ",0,0,0,0,12.30,12.3,12.30,12.30
29/01/2021,12.30,12.30,12.30,0.00 (0.00 %)," ",0,0,0,0,12.30,12.30,12.30,12.30
28/01/2021,12.30,12.30,12.30,0.00 (0.00 %)," ",0,0,0,0,12.30,12.3,12.30,12.30
27/01/2021,12.30,12.30,12.30,0.10 (0.82 %)," ",100,"1,230,000",0,0,12.20,12.30,12.30,12.30
26/01/2021,12.20,12.20,12.20,0.00 (0.00 %)," ",0,0,0,0,12.20,12.2,12.20,12.20
25/01/2021,12.20,12.20,12.20,0.00 (0.00 %)," ",0,0,0,0,12.20,12.20,12.20,12.20
22/01/2021,12.20,12.20,12.20,0.00 (0.00 %)," ",0,0,0,0,12.20,12.2,12.20,12.20
21/01/2021,12.20,12.20,12.20,0.00 (0.00 %)," ",0,0,0,0,12.20,12.20,12.20,12.20
20/01/2021,12.20,12.20,12.20,0.00 (0.00 %)," ",0,0,0,0,12.20,12.2,12.20,12.20
19/01/2021,12.20,12.20,12.20,0.00 (0.00 %)," ",0,0,0,0,12.20,12.20,12.20,12.20
18/01/2021,12.20,12.20,12.20,0.00 (0.00 %)," ",0,0,0,0,12.20,12.2,12.20,12.20
15/01/2021,12.20,12.20,12.20,0.00 (0.00 %)," ",0,0,0,0,12.20,12.20,12.20,12.20
14/01/2021,12.20,12.20,12.20,0.00 (0.00 %)," ",0,0,0,0,12.20,12.2,12.20,12.20
13/01/2021,12.20,12.20,12.20,0.00 (0.00 %)," ",0,0,0,0,12.20,12.20,12.20,12.20
12/01/2021,12.20,12.20,12.20,0.00 (0.00 %)," ",0,0,0,0,12.20,12.2,12.20,12.20
11/01/2021,12.20,12.20,12.20,0.00 (0.00 %)," ",0,0,0,0,12.20,12.20,12.20,12.20
08/01/2021,12.20,12.20,12.20,0.00 (0.00 %)," ",0,0,0,0,12.20,12.2,12.20,12.20
07/01/2021,12.20,12.20,12.20,0.00 (0.00 %)," ",0,0,0,0,12.20,12.20,12.20,12.20
06/01/2021,12.20,12.20,12.20,0.00 (0.00 %)," ",0,0,0,0,12.20,12.2,12.20,12.20
05/01/2021,12.20,12.20,12.20,0.00 (0.00 %)," ",0,0,0,0,12.20,12.20,12.20,12.20
04/01/2021,12.20,12.20,12.20,0.00 (0.00 %)," ",0,0,0,0,12.20,12.2,12.20,12.20
31/12/2020,12.20,12.20,12.20,0.00 (0.00 %)," ",0,0,0,0,12.20,12.20,12.20,12.20
30/12/2020,12.20,12.20,12.20,0.00 (0.00 %)," ",0,0,0,0,12.20,12.2,12.20,12.20
29/12/2020,12.20,12.20,12.20,0.00 (0.00 %)," ",0,0,0,0,12.20,12.20,12.20,12.20
28/12/2020,12.20,12.20,12.20,0.00 (0.00 %)," ",0,0,0,0,12.20,12.2,12.20,12.20
25/12/2020,12.20,12.20,12.20,0.00 (0.00 %)," ",0,0,0,0,12.20,12.20,12.20,12.20
24/12/2020,12.20,12.20,12.20,0.00 (0.00 %)," ",0,0,0,0,12.20,12.2,12.20,12.20
23/12/2020,12.20,12.20,12.20,0.00 (0.00 %)," ",0,0,0,0,12.20,12.20,12.20,12.20
22/12/2020,12.20,12.20,12.20,0.00 (0.00 %)," ",0,0,0,0,12.20,12.2,12.20,12.20
21/12/2020,12.20,12.20,12.20,0.00 (0.00 %)," ",0,0,0,0,12.20,12.20,12.20,12.20
18/12/2020,12.20,12.20,12.20,0.00 (0.00 %)," ",0,0,0,0,12.20,12.2,12.20,12.20
17/12/2020,12.20,12.20,12.20,0.00 (0.00 %)," ",0,0,0,0,12.20,12.20,12.20,12.20
16/12/2020,12.20,12.20,12.20,0.00 (0.00 %)," ",0,0,0,0,12.20,12.2,12.20,12.20
15/12/2020,12.20,12.20,12.20,0.00 (0.00 %)," ",0,0,0,0,12.20,12.20,12.20,12.20
14/12/2020,12.20,12.20,12.20,0.00 (0.00 %)," ",0,0,0,0,12.20,12.2,12.20,12.20
11/12/2020,12.20,12.20,12.20,0.00 (0.00 %)," ",0,0,0,0,12.20,12.20,12.20,12.20
10/12/2020,12.20,12.20,12.20,0.00 (0.00 %)," ",0,0,0,0,12.20,12.2,12.20,12.20
09/12/2020,16.20,16.20,12.20,0.00 (0.00 %)," ",0,0,0,0,16.20,16.20,16.20,16.20
08/12/2020,16.20,16.20,12.20,0.00 (0.00 %)," ",0,0,0,0,16.20,16.2,16.20,16.20
07/12/2020,16.20,16.20,12.20,0.00 (0.00 %)," ",0,0,0,0,16.20,16.20,16.20,16.20
04/12/2020,16.20,16.20,12.20,0.00 (0.00 %)," ",0,0,0,0,16.20,16.2,16.20,16.20
03/12/2020,16.20,16.20,12.20,0.00 (0.00 %)," ",0,0,0,0,16.20,16.20,16.20,16.20
02/12/2020,16.20,16.20,12.20,0.00 (0.00 %)," ",0,0,"12,000","223,200,000",16.20,16.2,16.20,16.20
01/12/2020,16.20,16.20,12.20,0.00 (0.00 %)," ",0,0,0,0,16.20,16.20,16.20,16.20
30/11/2020,16.20,16.20,12.20,0.00 (0.00 %)," ",0,0,0,0,16.20,16.2,16.20,16.20
26/11/2020,16.20,16.20,12.20,0.00 (0.00 %)," ",0,0,0,0,16.20,16.20,16.20,16.20
25/11/2020,16.20,16.20,12.20,0.00 (0.00 %)," ",0,0,0,0,16.20,16.2,16.20,16.20
24/11/2020,16.20,16.20,12.20,0.00 (0.00 %)," ",0,0,0,0,16.20,16.20,16.20,16.20
20/11/2020,16.20,16.20,12.20,0.00 (0.00 %)," ",0,0,0,0,16.20,16.2,16.20,16.20
19/11/2020,16.20,16.20,12.20,0.00 (0.00 %)," ",0,0,0,0,16.20,16.20,16.20,16.20
18/11/2020,16.20,16.20,12.20,0.00 (0.00 %)," ",0,0,"18,800","282,000,000",16.20,16.2,16.20,16.20
17/11/2020,12.20,16.20,12.20,4.60 (39.66 %)," ",100,"1,620,000",0,0,11.60,16.20,16.20,16.20
16/11/2020,11.60,11.60,8.74,0.00 (0.00 %)," ",0,0,0,0,11.60,11.6,11.60,11.60
13/11/2020,11.60,11.60,8.74,0.00 (0.00 %)," ",0,0,0,0,11.60,11.60,11.60,11.60
12/11/2020,11.60,11.60,8.74,0.00 (0.00 %)," ",0,0,0,0,11.60,11.6,11.60,11.60
11/11/2020,11.60,11.60,8.74,0.00 (0.00 %)," ",0,0,0,0,11.60,11.60,11.60,11.60
10/11/2020,11.60,11.60,8.74,0.00 (0.00 %)," ",0,0,0,0,11.60,11.6,11.60,11.60
09/11/2020,11.60,11.60,8.74,0.00 (0.00 %)," ",0,0,0,0,11.60,11.60,11.60,11.60
06/11/2020,11.60,11.60,8.74,0.00 (0.00 %)," ",0,0,0,0,11.60,11.6,11.60,11.60
05/11/2020,11.60,11.60,8.74,0.00 (0.00 %)," ",0,0,0,0,11.60,11.60,11.60,11.60
04/11/2020,11.60,11.60,8.74,0.00 (0.00 %)," ",0,0,0,0,11.60,11.6,11.60,11.60
03/11/2020,11.60,11.60,8.74,0.00 (0.00 %)," ",0,0,0,0,11.60,11.60,11.60,11.60
02/11/2020,11.60,11.60,8.74,0.00 (0.00 %)," ",0,0,0,0,11.60,11.6,11.60,11.60
30/10/2020,11.60,11.60,8.74,0.00 (0.00 %)," ",0,0,0,0,11.60,11.60,11.60,11.60
29/10/2020,11.60,11.60,8.74,0.00 (0.00 %)," ",0,0,0,0,11.60,11.6,11.60,11.60
28/10/2020,11.60,11.60,8.74,0.00 (0.00 %)," ",0,0,0,0,11.60,11.60,11.60,11.60
27/10/2020,11.60,11.60,8.74,0.00 (0.00 %)," ",0,0,0,0,11.60,11.6,11.60,11.60
26/10/2020,11.60,11.60,8.74,0.00 (0.00 %)," ",0,0,0,0,11.60,11.60,11.60,11.60
23/10/2020,11.60,11.60,8.74,0.00 (0.00 %)," ",0,0,0,0,11.60,11.6,11.60,11.60
22/10/2020,11.60,11.60,8.74,0.00 (0.00 %)," ",0,0,0,0,11.60,11.60,11.60,11.60
21/10/2020,11.60,11.60,8.74,0.00 (0.00 %)," ",0,0,0,0,11.60,11.6,11.60,11.60
20/10/2020,11.60,11.60,8.74,0.00 (0.00 %)," ",0,0,0,0,11.60,11.60,11.60,11.60
19/10/2020,11.60,11.60,8.74,0.00 (0.00 %)," ",0,0,0,0,11.60,11.6,11.60,11.60
16/10/2020,11.60,11.60,8.74,0.00 (0.00 %)," ",0,0,0,0,11.60,11.60,11.60,11.60
15/10/2020,11.60,11.60,8.74,0.00 (0.00 %)," ",0,0,0,0,11.60,11.6,11.60,11.60
14/10/2020,11.60,11.60,8.74,0.00 (0.00 %)," ",0,0,0,0,11.60,11.60,11.60,11.60
13/10/2020,11.60,11.60,8.74,0.00 (0.00 %)," ",0,0,0,0,11.60,11.6,11.60,11.60
12/10/2020,11.60,11.60,8.74,0.00 (0.00 %)," ",0,0,0,0,11.60,11.60,11.60,11.60
09/10/2020,11.60,11.60,8.74,0.00 (0.00 %)," ",0,0,0,0,11.60,11.6,11.60,11.60
08/10/2020,11.60,11.60,8.74,0.00 (0.00 %)," ",0,0,0,0,11.60,11.60,11.60,11.60
07/10/2020,11.60,11.60,8.74,0.00 (0.00 %)," ",0,0,0,0,11.60,11.6,11.60,11.60
06/10/2020,11.60,11.60,8.74,0.00 (0.00 %)," ",0,0,0,0,11.60,11.60,11.60,11.60
05/10/2020,11.60,11.60,8.74,0.00 (0.00 %)," ",0,0,0,0,11.60,11.6,11.60,11.60
02/10/2020,11.60,11.60,8.74,0.00 (0.00 %)," ",0,0,0,0,11.60,11.60,11.60,11.60
01/10/2020,11.60,11.60,8.74,0.00 (0.00 %)," ",0,0,0,0,11.60,11.6,11.60,11.60
30/09/2020,11.60,11.60,8.74,0.00 (0.00 %)," ",0,0,0,0,11.60,11.60,11.60,11.60
29/09/2020,11.60,11.60,8.74,0.00 (0.00 %)," ",0,0,0,0,11.60,11.6,11.60,11.60
28/09/2020,11.60,11.60,8.74,0.00 (0.00 %)," ",0,0,0,0,11.60,11.60,11.60,11.60
25/09/2020,11.60,11.60,8.74,0.00 (0.00 %)," ",0,0,0,0,11.60,11.6,11.60,11.60
24/09/2020,11.60,11.60,8.74,0.00 (0.00 %)," ",0,0,0,0,11.60,11.60,11.60,11.60
23/09/2020,11.60,11.60,8.74,0.00 (0.00 %)," ",0,0,0,0,11.60,11.6,11.60,11.60
22/09/2020,11.60,11.60,8.74,0.00 (0.00 %)," ",0,0,0,0,11.60,11.60,11.60,11.60
21/09/2020,11.60,11.60,8.74,0.00 (0.00 %)," ",0,0,0,0,11.60,11.6,11.60,11.60
18/09/2020,11.60,11.60,8.74,0.00 (0.00 %)," ",0,0,0,0,11.60,11.60,11.60,11.60
17/09/2020,11.60,11.60,8.74,0.00 (0.00 %)," ",0,0,0,0,11.60,11.6,11.60,11.60
16/09/2020,11.60,11.60,8.74,0.00 (0.00 %)," ",0,0,0,0,11.60,11.60,11.60,11.60
15/09/2020,11.60,11.60,8.74,0.00 (0.00 %)," ",0,0,0,0,11.60,11.6,11.60,11.60
14/09/2020,11.60,11.60,8.74,0.00 (0.00 %)," ",0,0,0,0,11.60,11.60,11.60,11.60
11/09/2020,11.60,11.60,8.74,0.00 (0.00 %)," ",0,0,0,0,11.60,11.6,11.60,11.60
10/09/2020,11.60,11.60,8.74,0.00 (0.00 %)," ",0,0,0,0,11.60,11.60,11.60,11.60
09/09/2020,11.60,11.60,8.74,0.00 (0.00 %)," ",0,0,0,0,11.60,11.6,11.60,11.60
08/09/2020,11.60,11.60,8.74,0.00 (0.00 %)," ",0,0,0,0,11.60,11.60,11.60,11.60
07/09/2020,11.60,11.60,8.74,0.00 (0.00 %)," ",0,0,0,0,11.60,11.6,11.60,11.60
04/09/2020,11.60,11.60,8.74,0.00 (0.00 %)," ",0,0,0,0,11.60,11.60,11.60,11.60
03/09/2020,11.60,11.60,8.74,0.00 (0.00 %)," ",0,0,0,0,11.60,11.6,11.60,11.60
01/09/2020,11.60,11.60,8.74,0.00 (0.00 %)," ",0,0,0,0,11.60,11.60,11.60,11.60
31/08/2020,11.60,11.60,8.74,0.00 (0.00 %)," ",0,0,0,0,11.60,11.6,11.60,11.60
28/08/2020,11.60,11.60,8.74,0.00 (0.00 %)," ",0,0,0,0,11.60,11.60,11.60,11.60
27/08/2020,11.60,11.60,8.74,0.00 (0.00 %)," ",0,0,0,0,11.60,11.6,11.60,11.60
26/08/2020,11.60,11.60,8.74,0.00 (0.00 %)," ",0,0,0,0,11.60,11.60,11.60,11.60
25/08/2020,11.60,11.60,8.74,0.00 (0.00 %)," ",0,0,0,0,11.60,11.6,11.60,11.60
24/08/2020,11.60,11.60,8.74,0.00 (0.00 %)," ",0,0,0,0,11.60,11.60,11.60,11.60
21/08/2020,11.60,11.60,8.74,0.00 (0.00 %)," ",0,0,0,0,11.60,11.6,11.60,11.60
20/08/2020,11.60,11.60,8.74,0.00 (0.00 %)," ",0,0,0,0,11.60,11.60,11.60,11.60
19/08/2020,11.60,11.60,8.74,0.00 (0.00 %)," ",0,0,0,0,11.60,11.6,11.60,11.60
18/08/2020,11.60,11.60,8.74,0.00 (0.00 %)," ",0,0,0,0,11.60,11.60,11.60,11.60
17/08/2020,11.60,11.60,8.74,0.00 (0.00 %)," ",0,0,0,0,11.60,11.6,11.60,11.60
14/08/2020,11.60,11.60,8.74,0.00 (0.00 %)," ",0,0,0,0,11.60,11.60,11.60,11.60
13/08/2020,11.60,11.60,8.74,0.00 (0.00 %)," ",0,0,0,0,11.60,11.6,11.60,11.60
12/08/2020,11.60,11.60,8.74,0.00 (0.00 %)," ",0,0,0,0,11.60,11.60,11.60,11.60
11/08/2020,11.60,11.60,8.74,0.00 (0.00 %)," ",0,0,0,0,11.60,11.6,11.60,11.60
10/08/2020,11.60,11.60,8.74,0.00 (0.00 %)," ",0,0,0,0,11.60,11.60,11.60,11.60
07/08/2020,11.60,11.60,8.74,0.00 (0.00 %)," ",0,0,0,0,11.60,11.6,11.60,11.60
06/08/2020,11.60,11.60,8.74,0.00 (0.00 %)," ",0,0,0,0,11.60,11.60,11.60,11.60
05/08/2020,11.60,11.60,8.74,0.00 (0.00 %)," ",0,0,0,0,11.60,11.6,11.60,11.60
04/08/2020,11.60,11.60,8.74,0.00 (0.00 %)," ",0,0,0,0,11.60,11.60,11.60,11.60
03/08/2020,11.60,11.60,8.74,0.00 (0.00 %)," ",0,0,0,0,11.60,11.6,11.60,11.60
31/07/2020,11.60,11.60,8.74,0.00 (0.00 %)," ",0,0,0,0,11.60,11.60,11.60,11.60
30/07/2020,11.60,11.60,8.74,0.00 (0.00 %)," ",0,0,0,0,11.60,11.6,11.60,11.60
29/07/2020,11.60,11.60,8.74,0.00 (0.00 %)," ",0,0,0,0,11.60,11.60,11.60,11.60
28/07/2020,11.60,11.60,8.74,0.00 (0.00 %)," ",0,0,0,0,11.60,11.6,11.60,11.60
27/07/2020,11.60,11.60,8.74,0.00 (0.00 %)," ",0,0,0,0,11.60,11.60,11.60,11.60
24/07/2020,11.60,11.60,8.74,0.00 (0.00 %)," ",0,0,0,0,11.60,11.6,11.60,11.60
23/07/2020,11.60,11.60,8.74,0.00 (0.00 %)," ",0,0,0,0,11.60,11.60,11.60,11.60
22/07/2020,11.60,11.60,8.74,0.00 (0.00 %)," ",0,0,0,0,11.60,11.6,11.60,11.60
21/07/2020,11.60,11.60,8.74,0.00 (0.00 %)," ",0,0,0,0,11.60,11.60,11.60,11.60
20/07/2020,11.60,11.60,8.74,0.00 (0.00 %)," ",0,0,0,0,11.60,11.6,11.60,11.60
17/07/2020,11.60,11.60,8.74,0.00 (0.00 %)," ",0,0,0,0,11.60,11.60,11.60,11.60
16/07/2020,11.60,11.60,8.74,0.00 (0.00 %)," ",0,0,0,0,11.60,11.6,11.60,11.60
15/07/2020,11.60,11.60,8.74,0.00 (0.00 %)," ",0,0,0,0,11.60,11.60,11.60,11.60
14/07/2020,13.30,13.30,8.73,0.00 (0.00 %)," ",0,0,0,0,13.30,13.3,13.30,13.30
13/07/2020,13.30,13.30,8.73,0.00 (0.00 %)," ",0,0,0,0,13.30,13.30,13.30,13.30
10/07/2020,13.30,13.30,8.73,0.00 (0.00 %)," ",0,0,0,0,13.30,13.3,13.30,13.30
09/07/2020,13.30,13.30,8.73,0.00 (0.00 %)," ",0,0,0,0,13.30,13.30,13.30,13.30
08/07/2020,13.30,13.30,8.73,0.00 (0.00 %)," ",0,0,0,0,13.30,13.3,13.30,13.30
07/07/2020,13.30,13.30,8.73,0.00 (0.00 %)," ",0,0,0,0,13.30,13.30,13.30,13.30
06/07/2020,13.30,13.30,8.73,0.00 (0.00 %)," ",0,0,0,0,13.30,13.3,13.30,13.30
03/07/2020,13.30,13.30,8.73,0.00 (0.00 %)," ",0,0,0,0,13.30,13.30,13.30,13.30
02/07/2020,13.30,13.30,8.73,0.00 (0.00 %)," ",0,0,0,0,13.30,13.3,13.30,13.30
01/07/2020,13.30,13.30,8.73,0.00 (0.00 %)," ",0,0,0,0,13.30,13.30,13.30,13.30
30/06/2020,13.30,13.30,8.73,0.00 (0.00 %)," ",0,0,0,0,13.30,13.3,13.30,13.30
29/06/2020,13.30,13.30,8.73,0.00 (0.00 %)," ",0,0,0,0,13.30,13.30,13.30,13.30
26/06/2020,8.73,13.30,8.73,0.00 (0.00 %)," ",0,0,0,0,13.30,13.3,13.30,13.30
25/06/2020,13.30,13.30,8.73,0.00 (0.00 %)," ",0,0,0,0,13.30,13.30,13.30,13.30
24/06/2020,13.30,13.30,8.73,0.00 (0.00 %)," ",0,0,0,0,13.30,13.3,13.30,13.30
23/06/2020,13.30,13.30,8.73,0.00 (0.00 %)," ",0,0,0,0,13.30,13.30,13.30,13.30
22/06/2020,13.30,13.30,8.73,0.00 (0.00 %)," ",0,0,0,0,13.30,13.3,13.30,13.30
19/06/2020,13.30,13.30,8.73,0.00 (0.00 %)," ",0,0,0,0,13.30,13.30,13.30,13.30
18/06/2020,13.30,13.30,8.73,0.00 (0.00 %)," ",0,0,0,0,13.30,13.3,13.30,13.30
17/06/2020,13.30,13.30,8.73,0.00 (0.00 %)," ",0,0,0,0,13.30,13.30,13.30,13.30
16/06/2020,13.30,13.30,8.73,0.00 (0.00 %)," ",0,0,0,0,13.30,13.3,13.30,13.30
15/06/2020,13.30,13.30,8.73,0.00 (0.00 %)," ",0,0,0,0,13.30,13.30,13.30,13.30
12/06/2020,13.30,13.30,8.73,0.00 (0.00 %)," ",0,0,0,0,13.30,13.3,13.30,13.30
11/06/2020,13.30,13.30,8.73,0.00 (0.00 %)," ",0,0,0,0,13.30,13.30,13.30,13.30
10/06/2020,13.30,13.30,8.73,0.00 (0.00 %)," ",0,0,0,0,13.30,13.3,13.30,13.30
09/06/2020,13.30,13.30,8.73,0.00 (0.00 %)," ",0,0,0,0,13.30,13.30,13.30,13.30
08/06/2020,13.30,13.30,8.73,0.00 (0.00 %)," ",0,0,0,0,13.30,13.3,13.30,13.30
05/06/2020,13.30,13.30,8.73,0.00 (0.00 %)," ",0,0,0,0,13.30,13.30,13.30,13.30
04/06/2020,13.30,13.30,8.73,0.00 (0.00 %)," ",0,0,0,0,13.30,13.3,13.30,13.30
03/06/2020,13.30,13.30,8.73,0.00 (0.00 %)," ",0,0,0,0,13.30,13.30,13.30,13.30
02/06/2020,13.30,13.30,8.73,0.00 (0.00 %)," ",0,0,0,0,13.30,13.3,13.30,13.30
01/06/2020,13.30,13.30,8.73,0.00 (0.00 %)," ",0,0,0,0,13.30,13.30,13.30,13.30
29/05/2020,13.30,13.30,8.73,0.00 (0.00 %)," ",0,0,0,0,13.30,13.3,13.30,13.30
28/05/2020,13.30,13.30,8.73,0.00 (0.00 %)," ",0,0,0,0,13.30,13.30,13.30,13.30
27/05/2020,13.30,13.30,8.73,0.00 (0.00 %)," ",0,0,0,0,13.30,13.3,13.30,13.30
26/05/2020,13.30,13.30,8.73,0.00 (0.00 %)," ",0,0,0,0,13.30,13.30,13.30,13.30
25/05/2020,13.30,13.30,8.73,0.00 (0.00 %)," ",0,0,0,0,13.30,13.3,13.30,13.30
22/05/2020,13.30,13.30,8.73,0.00 (0.00 %)," ",0,0,0,0,13.30,13.30,13.30,13.30
21/05/2020,13.30,13.30,8.73,0.00 (0.00 %)," ",0,0,0,0,13.30,13.3,13.30,13.30
20/05/2020,13.30,13.30,8.73,0.00 (0.00 %)," ",0,0,0,0,13.30,13.30,13.30,13.30
19/05/2020,13.30,13.30,8.73,0.00 (0.00 %)," ",0,0,0,0,13.30,13.3,13.30,13.30
18/05/2020,13.30,13.30,8.73,0.00 (0.00 %)," ",0,0,0,0,13.30,13.30,13.30,13.30
15/05/2020,13.30,13.30,8.73,0.00 (0.00 %)," ",0,0,0,0,13.30,13.3,13.30,13.30
14/05/2020,13.30,13.30,8.73,0.00 (0.00 %)," ",0,0,0,0,13.30,13.30,13.30,13.30
13/05/2020,13.30,13.30,8.73,0.00 (0.00 %)," ",0,0,0,0,13.30,13.3,13.30,13.30
12/05/2020,13.30,13.30,8.73,0.00 (0.00 %)," ",0,0,0,0,13.30,13.30,13.30,13.30
11/05/2020,13.30,13.30,8.73,0.00 (0.00 %)," ",0,0,0,0,13.30,13.3,13.30,13.30
08/05/2020,13.30,13.30,8.73,0.00 (0.00 %)," ",0,0,0,0,13.30,13.30,13.30,13.30
07/05/2020,13.30,13.30,8.73,0.00 (0.00 %)," ",0,0,0,0,13.30,13.3,13.30,13.30
06/05/2020,13.30,13.30,8.73,0.00 (0.00 %)," ",0,0,0,0,13.30,13.30,13.30,13.30
05/05/2020,13.30,13.30,8.73,0.00 (0.00 %)," ",0,0,0,0,13.30,13.3,13.30,13.30
04/05/2020,13.30,13.30,8.73,0.00 (0.00 %)," ",0,0,0,0,13.30,13.30,13.30,13.30
29/04/2020,13.30,13.30,8.73,0.00 (0.00 %)," ",0,0,0,0,13.30,13.3,13.30,13.30
28/04/2020,13.30,13.30,8.73,0.00 (0.00 %)," ",0,0,0,0,13.30,13.30,13.30,13.30
27/04/2020,13.30,13.30,8.73,0.00 (0.00 %)," ",0,0,0,0,13.30,13.3,13.30,13.30
24/04/2020,13.30,13.30,8.73,0.00 (0.00 %)," ",0,0,0,0,13.30,13.30,13.30,13.30
23/04/2020,13.30,13.30,8.73,0.00 (0.00 %)," ",0,0,0,0,13.30,13.3,13.30,13.30
22/05/2020,13.30,13.30,8.73,0.00 (0.00 %)," ",0,0,0,0,13.30,13.30,13.30,13.30
21/05/2020,13.30,13.30,8.73,0.00 (0.00 %)," ",0,0,0,0,13.30,13.3,13.30,13.30
20/05/2020,13.30,13.30,8.73,0.00 (0.00 %)," ",0,0,0,0,13.30,13.30,13.30,13.30
19/05/2020,13.30,13.30,8.73,0.00 (0.00 %)," ",0,0,0,0,13.30,13.3,13.30,13.30
18/05/2020,13.30,13.30,8.73,0.00 (0.00 %)," ",0,0,0,0,13.30,13.30,13.30,13.30
15/05/2020,13.30,13.30,8.73,0.00 (0.00 %)," ",0,0,0,0,13.30,13.3,13.30,13.30
14/05/2020,13.30,13.30,8.73,0.00 (0.00 %)," ",0,0,0,0,13.30,13.30,13.30,13.30
13/05/2020,13.30,13.30,8.73,0.00 (0.00 %)," ",0,0,0,0,13.30,13.3,13.30,13.30
12/05/2020,13.30,13.30,8.73,0.00 (0.00 %)," ",0,0,0,0,13.30,13.30,13.30,13.30
11/05/2020,13.30,13.30,8.73,0.00 (0.00 %)," ",0,0,0,0,13.30,13.3,13.30,13.30
08/05/2020,13.30,13.30,8.73,0.00 (0.00 %)," ",0,0,0,0,13.30,13.30,13.30,13.30
07/05/2020,13.30,13.30,8.73,0.00 (0.00 %)," ",0,0,0,0,13.30,13.3,13.30,13.30
06/05/2020,13.30,13.30,8.73,0.00 (0.00 %)," ",0,0,0,0,13.30,13.30,13.30,13.30
05/05/2020,13.30,13.30,8.73,0.00 (0.00 %)," ",0,0,0,0,13.30,13.3,13.30,13.30
04/05/2020,13.30,13.30,8.73,0.00 (0.00 %)," ",0,0,0,0,13.30,13.30,13.30,13.30
29/04/2020,13.30,13.30,8.73,0.00 (0.00 %)," ",0,0,0,0,13.30,13.3,13.30,13.30
28/04/2020,13.30,13.30,8.73,0.00 (0.00 %)," ",0,0,0,0,13.30,13.30,13.30,13.30
27/04/2020,13.30,13.30,8.73,0.00 (0.00 %)," ",0,0,0,0,13.30,13.3,13.30,13.30
24/04/2020,13.30,13.30,8.73,0.00 (0.00 %)," ",0,0,0,0,13.30,13.30,13.30,13.30
23/04/2020,13.30,13.30,8.73,0.00 (0.00 %)," ",0,0,0,0,13.30,13.3,13.30,13.30
22/04/2020,13.30,13.30,8.73,0.00 (0.00 %)," ",0,0,0,0,13.30,13.30,13.30,13.30
21/04/2020,13.30,13.30,8.73,0.00 (0.00 %)," ",0,0,0,0,13.30,13.3,13.30,13.30
20/04/2020,13.30,13.30,8.73,0.00 (0.00 %)," ",0,0,0,0,13.30,13.30,13.30,13.30
17/04/2020,13.30,13.30,8.73,0.00 (0.00 %)," ",0,0,0,0,13.30,13.3,13.30,13.30
16/04/2020,13.30,13.30,8.73,0.00 (0.00 %)," ",0,0,0,0,13.30,13.30,13.30,13.30
15/04/2020,13.30,13.30,8.73,0.00 (0.00 %)," ",0,0,0,0,13.30,13.3,13.30,13.30
14/04/2020,13.30,13.30,8.73,0.00 (0.00 %)," ",0,0,0,0,13.30,13.30,13.30,13.30
13/04/2020,13.30,13.30,8.73,0.00 (0.00 %)," ",0,0,0,0,13.30,13.3,13.30,13.30
10/04/2020,13.30,13.30,8.73,0.00 (0.00 %)," ",0,0,0,0,13.30,13.30,13.30,13.30
09/04/2020,13.30,13.30,8.73,0.00 (0.00 %)," ",0,0,0,0,13.30,13.3,13.30,13.30
08/04/2020,13.30,13.30,8.73,0.00 (0.00 %)," ",0,0,0,0,13.30,13.30,13.30,13.30
07/04/2020,13.30,13.30,8.73,0.00 (0.00 %)," ",0,0,0,0,13.30,13.3,13.30,13.30
06/04/2020,13.30,13.30,8.73,0.00 (0.00 %)," ",0,0,0,0,13.30,13.30,13.30,13.30
03/04/2020,13.30,13.30,8.73,0.00 (0.00 %)," ",0,0,0,0,13.30,13.3,13.30,13.30
01/04/2020,13.30,13.30,8.73,0.00 (0.00 %)," ",0,0,0,0,13.30,13.30,13.30,13.30
31/03/2020,13.30,13.30,8.73,0.00 (0.00 %)," ",0,0,0,0,13.30,13.3,13.30,13.30
30/03/2020,13.30,13.30,8.73,0.00 (0.00 %)," ",0,0,0,0,13.30,13.30,13.30,13.30
27/03/2020,13.30,13.30,8.73,0.00 (0.00 %)," ",0,0,0,0,13.30,13.3,13.30,13.30
26/03/2020,13.30,13.30,8.73,0.00 (0.00 %)," ",0,0,0,0,13.30,13.30,13.30,13.30
25/03/2020,13.30,13.30,8.73,0.00 (0.00 %)," ",0,0,0,0,13.30,13.3,13.30,13.30
24/03/2020,13.30,13.30,8.73,0.00 (0.00 %)," ",0,0,0,0,13.30,13.30,13.30,13.30
23/03/2020,13.30,13.30,8.73,0.00 (0.00 %)," ",0,0,0,0,13.30,13.3,13.30,13.30
20/03/2020,13.30,13.30,8.73,0.00 (0.00 %)," ",0,0,0,0,13.30,13.30,13.30,13.30
19/03/2020,13.30,13.30,8.73,0.00 (0.00 %)," ",0,0,0,0,13.30,13.3,13.30,13.30
18/03/2020,13.30,13.30,8.73,0.00 (0.00 %)," ",0,0,0,0,13.30,13.30,13.30,13.30
17/03/2020,13.30,13.30,8.73,0.00 (0.00 %)," ",0,0,0,0,13.30,13.3,13.30,13.30
16/03/2020,13.30,13.30,8.73,0.00 (0.00 %)," ",0,0,0,0,13.30,13.30,13.30,13.30
13/03/2020,13.30,13.30,8.73,0.00 (0.00 %)," ",0,0,0,0,13.30,13.3,13.30,13.30
12/03/2020,8.73,13.30,8.73,0.00 (0.00 %)," ",0,0,0,0,13.30,13.30,13.30,13.30
11/03/2020,8.73,13.30,8.73,0.00 (0.00 %)," ",0,0,0,0,13.30,13.3,13.30,13.30
10/03/2020,13.30,13.30,8.73,0.00 (0.00 %)," ",0,0,0,0,13.30,13.30,13.30,13.30
09/03/2020,13.30,13.30,8.73,0.00 (0.00 %)," ",0,0,0,0,13.30,13.3,13.30,13.30
06/03/2020,13.30,13.30,8.73,0.00 (0.00 %)," ",0,0,0,0,13.30,13.30,13.30,13.30
05/03/2020,13.30,13.30,8.73,0.00 (0.00 %)," ",0,0,0,0,13.30,13.3,13.30,13.30
04/03/2020,13.30,13.30,8.73,0.00 (0.00 %)," ",0,0,0,0,13.30,13.30,13.30,13.30
03/03/2020,13.30,13.30,8.73,0.00 (0.00 %)," ",0,0,0,0,13.30,13.3,13.30,13.30
02/03/2020,13.30,13.30,8.73,0.00 (0.00 %)," ",0,0,0,0,13.30,13.30,13.30,13.30
28/02/2020,13.30,13.30,8.73,0.00 (0.00 %)," ",0,0,0,0,13.30,13.3,13.30,13.30
27/02/2020,13.30,13.30,8.73,0.00 (0.00 %)," ",0,0,0,0,13.30,13.30,13.30,13.30
26/02/2020,13.30,13.30,8.73,0.00 (0.00 %)," ",0,0,0,0,13.30,13.3,13.30,13.30
25/02/2020,13.30,13.30,8.73,0.00 (0.00 %)," ",0,0,0,0,13.30,13.30,13.30,13.30
24/02/2020,13.30,13.30,8.73,0.00 (0.00 %)," ",0,0,0,0,13.30,13.3,13.30,13.30
21/02/2020,13.30,13.30,8.73,0.00 (0.00 %)," ",0,0,0,0,13.30,13.30,13.30,13.30
20/02/2020,13.30,13.30,8.73,0.00 (0.00 %)," ",0,0,0,0,13.30,13.3,13.30,13.30
19/02/2020,13.30,13.30,8.73,0.00 (0.00 %)," ",0,0,0,0,13.30,13.30,13.30,13.30
18/02/2020,13.30,13.30,8.73,0.00 (0.00 %)," ",0,0,0,0,13.30,13.3,13.30,13.30
17/02/2020,13.30,13.30,8.73,0.00 (0.00 %)," ",0,0,0,0,13.30,13.30,13.30,13.30
14/02/2020,13.30,13.30,8.73,0.00 (0.00 %)," ",0,0,0,0,13.30,13.3,13.30,13.30
13/02/2020,13.30,13.30,8.73,0.00 (0.00 %)," ",0,0,0,0,13.30,13.30,13.30,13.30
12/02/2020,13.30,13.30,8.73,0.00 (0.00 %)," ",0,0,0,0,13.30,13.3,13.30,13.30
11/02/2020,13.30,13.30,8.73,0.00 (0.00 %)," ",0,0,0,0,13.30,13.30,13.30,13.30
10/02/2020,13.30,13.30,8.73,0.00 (0.00 %)," ",0,0,0,0,13.30,13.3,13.30,13.30
07/02/2020,13.30,13.30,8.73,0.00 (0.00 %)," ",0,0,0,0,13.30,13.30,13.30,13.30
06/02/2020,13.30,13.30,8.73,0.00 (0.00 %)," ",0,0,0,0,13.30,13.3,13.30,13.30
05/02/2020,13.30,13.30,8.73,0.00 (0.00 %)," ",0,0,0,0,13.30,13.30,13.30,13.30
04/02/2020,13.30,13.30,8.73,0.00 (0.00 %)," ",0,0,0,0,13.30,13.3,13.30,13.30
03/02/2020,13.30,13.30,8.73,0.00 (0.00 %)," ",0,0,0,0,13.30,13.30,13.30,13.30
31/01/2020,13.30,13.30,8.73,0.00 (0.00 %)," ",0,0,0,0,13.30,13.3,13.30,13.30
30/01/2020,13.30,13.30,8.73,0.00 (0.00 %)," ",0,0,0,0,13.30,13.30,13.30,13.30
22/01/2020,13.30,13.30,8.73,0.00 (0.00 %)," ",0,0,0,0,13.30,13.3,13.30,13.30
21/01/2020,8.73,13.30,8.73,0.00 (0.00 %)," ",0,0,0,0,13.30,13.30,13.30,13.30
20/01/2020,8.73,13.30,8.73,0.00 (0.00 %)," ",0,0,0,0,13.30,13.3,13.30,13.30
17/01/2020,8.73,13.30,8.73,0.00 (0.00 %)," ",0,0,0,0,13.30,13.30,13.30,13.30
16/01/2020,8.73,13.30,8.73,0.00 (0.00 %)," ",0,0,0,0,13.30,13.3,13.30,13.30
15/01/2020,13.30,13.30,8.73,0.00 (0.00 %)," ",0,0,0,0,13.30,13.30,13.30,13.30
14/01/2020,13.30,13.30,8.73,0.00 (0.00 %)," ",0,0,0,0,13.30,13.3,13.30,13.30
13/01/2020,13.30,13.30,8.73,0.00 (0.00 %)," ",0,0,0,0,13.30,13.30,13.30,13.30
10/01/2020,13.30,13.30,8.73,0.00 (0.00 %)," ",0,0,0,0,13.30,13.3,13.30,13.30
09/01/2020,13.30,13.30,8.73,0.00 (0.00 %)," ",0,0,0,0,13.30,13.30,13.30,13.30
08/01/2020,13.30,13.30,8.73,0.00 (0.00 %)," ",0,0,0,0,13.30,13.3,13.30,13.30
07/01/2020,13.30,13.30,8.73,0.00 (0.00 %)," ",0,0,0,0,13.30,13.30,13.30,13.30
06/01/2020,13.30,13.30,8.73,0.00 (0.00 %)," ",0,0,0,0,13.30,13.3,13.30,13.30
03/01/2020,13.30,13.30,8.73,0.00 (0.00 %)," ",0,0,0,0,13.30,13.30,13.30,13.30
02/01/2020,13.30,13.30,8.73,0.00 (0.00 %)," ",0,0,0,0,13.30,13.3,13.30,13.30
31/12/2019,13.30,13.30,8.73,0.00 (0.00 %)," ",0,0,0,0,13.30,13.30,13.30,13.30
30/12/2019,13.30,13.30,8.73,0.00 (0.00 %)," ",0,0,0,0,13.30,13.3,13.30,13.30
27/12/2019,13.30,13.30,8.73,0.00 (0.00 %)," ",0,0,0,0,13.30,13.30,13.30,13.30
26/12/2019,13.30,13.30,8.73,0.00 (0.00 %)," ",0,0,0,0,13.30,13.3,13.30,13.30
25/12/2019,13.30,13.30,8.73,0.00 (0.00 %)," ",0,0,0,0,13.30,13.30,13.30,13.30
24/12/2019,13.30,13.30,8.73,0.00 (0.00 %)," ",0,0,0,0,13.30,13.3,13.30,13.30
23/12/2019,13.30,13.30,8.73,0.00 (0.00 %)," ",0,0,0,0,13.30,13.30,13.30,13.30
20/12/2019,13.30,13.30,8.73,0.00 (0.00 %)," ",0,0,0,0,13.30,13.3,13.30,13.30
19/12/2019,13.30,13.30,8.73,0.00 (0.00 %)," ",0,0,0,0,13.30,13.30,13.30,13.30
18/12/2019,13.30,13.30,8.73,0.00 (0.00 %)," ",0,0,0,0,13.30,13.3,13.30,13.30
17/12/2019,13.30,13.30,8.73,0.00 (0.00 %)," ",0,0,0,0,13.30,13.30,13.30,13.30
16/12/2019,13.30,13.30,8.73,0.00 (0.00 %)," ",0,0,0,0,13.30,13.3,13.30,13.30
13/12/2019,13.30,13.30,8.73,0.00 (0.00 %)," ",0,0,0,0,13.30,13.30,13.30,13.30
12/12/2019,13.30,13.30,8.73,0.00 (0.00 %)," ",0,0,0,0,13.30,13.3,13.30,13.30
11/12/2019,13.30,13.30,8.73,0.00 (0.00 %)," ",0,0,0,0,13.30,13.30,13.30,13.30
10/12/2019,13.30,13.30,8.73,0.00 (0.00 %)," ",0,0,0,0,13.30,13.3,13.30,13.30
09/12/2019,13.30,13.30,8.73,0.00 (0.00 %)," ",0,0,0,0,13.30,13.30,13.30,13.30
06/12/2019,13.30,13.30,8.73,0.00 (0.00 %)," ",0,0,0,0,13.30,13.3,13.30,13.30
05/12/2019,13.30,13.30,8.73,0.00 (0.00 %)," ",0,0,0,0,13.30,13.30,13.30,13.30
04/12/2019,13.30,13.30,8.73,0.00 (0.00 %)," ",0,0,0,0,13.30,13.3,13.30,13.30
03/12/2019,13.30,13.30,8.73,0.00 (0.00 %)," ",0,0,0,0,13.30,13.30,13.30,13.30
02/12/2019,13.30,13.30,8.73,0.00 (0.00 %)," ",0,0,0,0,13.30,13.3,13.30,13.30
29/11/2019,13.30,13.30,8.73,0.00 (0.00 %)," ",0,0,0,0,13.30,13.30,13.30,13.30
28/11/2019,13.30,13.30,8.73,0.00 (0.00 %)," ",0,0,0,0,13.30,13.3,13.30,13.30
27/11/2019,13.30,13.30,8.73,0.00 (0.00 %)," ",0,0,0,0,13.30,13.30,13.30,13.30
26/11/2019,13.30,13.30,8.73,0.00 (0.00 %)," ",0,0,0,0,13.30,13.3,13.30,13.30
25/11/2019,13.30,13.30,8.73,0.00 (0.00 %)," ",0,0,0,0,13.30,13.30,13.30,13.30
22/11/2019,13.30,13.30,8.73,0.00 (0.00 %)," ",0,0,0,0,13.30,13.3,13.30,13.30
21/11/2019,13.30,13.30,8.73,0.00 (0.00 %)," ",0,0,0,0,13.30,13.30,13.30,13.30
20/11/2019,13.30,13.30,8.73,0.00 (0.00 %)," ",0,0,0,0,13.30,13.3,13.30,13.30
19/11/2019,13.30,13.30,8.73,0.00 (0.00 %)," ",0,0,0,0,13.30,13.30,13.30,13.30
18/11/2019,13.30,13.30,8.73,0.00 (0.00 %)," ",0,0,0,0,13.30,13.3,13.30,13.30
15/11/2019,13.30,13.30,8.73,0.00 (0.00 %)," ",0,0,0,0,13.30,13.30,13.30,13.30
14/11/2019,13.30,13.30,8.73,0.00 (0.00 %)," ",0,0,0,0,13.30,13.3,13.30,13.30
13/11/2019,13.30,13.30,8.73,0.00 (0.00 %)," ",0,0,0,0,13.30,13.30,13.30,13.30
12/11/2019,13.30,13.30,8.73,0.00 (0.00 %)," ",0,0,0,0,13.30,13.3,13.30,13.30
11/11/2019,13.30,13.30,8.73,0.00 (0.00 %)," ",0,0,0,0,13.30,13.30,13.30,13.30
08/11/2019,13.30,13.30,8.73,0.00 (0.00 %)," ",0,0,0,0,13.30,13.3,13.30,13.30
07/11/2019,13.30,13.30,8.73,0.00 (0.00 %)," ",0,0,0,0,13.30,13.30,13.30,13.30
06/11/2019,13.30,13.30,8.73,0.00 (0.00 %)," ",0,0,0,0,13.30,13.3,13.30,13.30
05/11/2019,13.30,13.30,8.73,0.00 (0.00 %)," ",0,0,0,0,13.30,13.30,13.30,13.30
04/11/2019,13.30,13.30,8.73,0.00 (0.00 %)," ",0,0,0,0,13.30,13.3,13.30,13.30
01/11/2019,13.30,13.30,8.73,0.00 (0.00 %)," ",0,0,0,0,13.30,13.30,13.30,13.30
31/10/2019,13.30,13.30,8.73,0.00 (0.00 %)," ",0,0,0,0,13.30,13.3,13.30,13.30
30/10/2019,13.30,13.30,8.73,0.00 (0.00 %)," ",0,0,0,0,13.30,13.30,13.30,13.30
29/10/2019,13.30,13.30,8.73,0.00 (0.00 %)," ",0,0,0,0,13.30,13.3,13.30,13.30
28/10/2019,13.30,13.30,8.73,0.00 (0.00 %)," ",0,0,0,0,13.30,13.30,13.30,13.30
25/10/2019,13.30,13.30,8.73,0.00 (0.00 %)," ",0,0,0,0,13.30,13.3,13.30,13.30
24/10/2019,13.30,13.30,8.73,0.00 (0.00 %)," ",0,0,0,0,13.30,13.30,13.30,13.30
23/10/2019,13.30,13.30,8.73,0.00 (0.00 %)," ",0,0,0,0,13.30,13.3,13.30,13.30
22/10/2019,13.30,13.30,8.73,0.00 (0.00 %)," ",0,0,0,0,13.30,13.30,13.30,13.30
21/10/2019,13.30,13.30,8.73,0.00 (0.00 %)," ",0,0,0,0,13.30,13.3,13.30,13.30
18/10/2019,13.30,13.30,8.73,0.00 (0.00 %)," ",0,0,0,0,13.30,13.30,13.30,13.30
17/10/2019,13.30,13.30,8.73,0.00 (0.00 %)," ",0,0,0,0,13.30,13.3,13.30,13.30
16/10/2019,13.30,13.30,8.73,0.00 (0.00 %)," ",0,0,0,0,13.30,13.30,13.30,13.30
15/10/2019,13.30,13.30,8.73,0.00 (0.00 %)," ",0,0,0,0,13.30,13.3,13.30,13.30
14/10/2019,13.30,13.30,8.73,0.00 (0.00 %)," ",0,0,0,0,13.30,13.30,13.30,13.30
11/10/2019,13.30,13.30,8.73,0.00 (0.00 %)," ",0,0,0,0,13.30,13.3,13.30,13.30
10/10/2019,13.30,13.30,8.73,0.00 (0.00 %)," ",0,0,0,0,13.30,13.30,13.30,13.30
09/10/2019,13.30,13.30,8.73,0.00 (0.00 %)," ",0,0,0,0,13.30,13.3,13.30,13.30
08/10/2019,13.30,13.30,8.73,0.00 (0.00 %)," ",0,0,0,0,13.30,13.30,13.30,13.30
07/10/2019,13.30,13.30,8.73,0.00 (0.00 %)," ",0,0,0,0,13.30,13.3,13.30,13.30
04/10/2019,13.30,13.30,8.73,0.00 (0.00 %)," ",0,0,0,0,13.30,13.30,13.30,13.30
03/10/2019,13.30,13.30,8.73,0.00 (0.00 %)," ",0,0,0,0,13.30,13.3,13.30,13.30
02/10/2019,13.30,13.30,8.73,0.00 (0.00 %)," ",0,0,0,0,13.30,13.30,13.30,13.30
01/10/2019,13.30,13.30,8.73,0.00 (0.00 %)," ",0,0,0,0,13.30,13.3,13.30,13.30
30/09/2019,13.30,13.30,8.73,0.00 (0.00 %)," ",0,0,0,0,13.30,13.30,13.30,13.30
27/09/2019,13.30,13.30,8.73,0.00 (0.00 %)," ",0,0,0,0,13.30,13.3,13.30,13.30
26/09/2019,13.30,13.30,8.73,0.00 (0.00 %)," ",0,0,0,0,13.30,13.30,13.30,13.30
25/09/2019,13.30,13.30,8.73,0.00 (0.00 %)," ",0,0,0,0,13.30,13.3,13.30,13.30
24/09/2019,13.30,13.30,8.73,0.00 (0.00 %)," ",0,0,0,0,13.30,13.30,13.30,13.30
23/09/2019,13.30,13.30,8.73,0.00 (0.00 %)," ",0,0,0,0,13.30,13.3,13.30,13.30
20/09/2019,13.30,13.30,8.73,0.00 (0.00 %)," ",0,0,0,0,13.30,13.30,13.30,13.30
19/09/2019,13.30,13.30,8.73,0.00 (0.00 %)," ",0,0,0,0,13.30,13.3,13.30,13.30
18/09/2019,13.30,13.30,8.73,0.00 (0.00 %)," ",0,0,0,0,13.30,13.30,13.30,13.30
17/09/2019,13.30,13.30,8.73,0.00 (0.00 %)," ",0,0,0,0,13.30,13.3,13.30,13.30
16/09/2019,13.30,13.30,8.73,0.00 (0.00 %)," ",0,0,0,0,13.30,13.30,13.30,13.30
13/09/2019,13.30,13.30,8.73,0.00 (0.00 %)," ",0,0,0,0,13.30,13.3,13.30,13.30
12/09/2019,13.30,13.30,8.73,0.00 (0.00 %)," ",0,0,0,0,13.30,13.30,13.30,13.30
11/09/2019,13.30,13.30,8.73,0.00 (0.00 %)," ",0,0,0,0,13.30,13.3,13.30,13.30
10/09/2019,13.30,13.30,8.73,0.00 (0.00 %)," ",0,0,0,0,13.30,13.30,13.30,13.30
09/09/2019,13.30,13.30,8.73,0.00 (0.00 %)," ",0,0,0,0,13.30,13.3,13.30,13.30
06/09/2019,13.30,13.30,8.73,0.00 (0.00 %)," ",0,0,0,0,13.30,13.30,13.30,13.30
05/09/2019,13.30,13.30,8.73,0.00 (0.00 %)," ",0,0,0,0,13.30,13.3,13.30,13.30
04/09/2019,13.30,13.30,8.73,0.00 (0.00 %)," ",0,0,0,0,13.30,13.30,13.30,13.30
03/09/2019,13.30,13.30,8.73,0.00 (0.00 %)," ",0,0,0,0,13.30,13.3,13.30,13.30
30/08/2019,13.30,13.30,8.73,0.00 (0.00 %)," ",0,0,0,0,13.30,13.30,13.30,13.30
29/08/2019,13.30,13.30,8.73,0.00 (0.00 %)," ",0,0,0,0,13.30,13.3,13.30,13.30
28/08/2019,13.30,13.30,8.73,0.00 (0.00 %)," ",0,0,0,0,13.30,13.30,13.30,13.30
27/08/2019,13.30,13.30,8.73,0.00 (0.00 %)," ",0,0,0,0,13.30,13.3,13.30,13.30
26/08/2019,13.30,13.30,8.73,0.00 (0.00 %)," ",0,0,0,0,13.30,13.30,13.30,13.30
23/08/2019,13.30,13.30,8.73,0.00 (0.00 %)," ",0,0,0,0,13.30,13.3,13.30,13.30
22/08/2019,13.30,13.30,8.73,0.00 (0.00 %)," ",0,0,0,0,13.30,13.30,13.30,13.30
21/08/2019,13.30,13.30,8.73,0.00 (0.00 %)," ",0,0,0,0,13.30,13.3,13.30,13.30
20/08/2019,13.30,13.30,8.73,0.00 (0.00 %)," ",0,0,0,0,13.30,13.30,13.30,13.30
19/08/2019,13.30,13.30,8.73,0.00 (0.00 %)," ",0,0,0,0,13.30,13.3,13.30,13.30
16/08/2019,13.30,13.30,8.73,0.00 (0.00 %)," ",0,0,0,0,13.30,13.30,13.30,13.30
15/08/2019,13.30,13.30,8.73,0.00 (0.00 %)," ",0,0,0,0,13.30,13.3,13.30,13.30
14/08/2019,13.30,13.30,8.73,0.00 (0.00 %)," ",0,0,0,0,13.30,13.30,13.30,13.30
13/08/2019,13.30,13.30,8.73,0.00 (0.00 %)," ",0,0,0,0,13.30,13.3,13.30,13.30
12/08/2019,13.30,13.30,8.73,0.00 (0.00 %)," ",0,0,0,0,13.30,13.30,13.30,13.30
09/08/2019,13.30,13.30,8.73,0.00 (0.00 %)," ",0,0,0,0,13.30,13.3,13.30,13.30
08/08/2019,13.30,13.30,8.73,0.00 (0.00 %)," ",0,0,0,0,13.30,13.30,13.30,13.30
07/08/2019,13.30,13.30,8.73,0.00 (0.00 %)," ",0,0,0,0,13.30,13.3,13.30,13.30
06/08/2019,13.30,13.30,8.73,0.00 (0.00 %)," ",0,0,0,0,13.30,13.30,13.30,13.30
05/08/2019,13.30,13.30,8.73,0.00 (0.00 %)," ",0,0,0,0,13.30,13.3,13.30,13.30
02/08/2019,13.30,13.30,8.73,0.00 (0.00 %)," ",0,0,0,0,13.30,13.30,13.30,13.30
01/08/2019,13.30,13.30,8.73,0.00 (0.00 %)," ",0,0,0,0,13.30,13.3,13.30,13.30
31/07/2019,13.30,13.30,8.73,0.00 (0.00 %)," ",0,0,0,0,13.30,13.30,13.30,13.30
30/07/2019,13.30,13.30,8.73,0.00 (0.00 %)," ",0,0,0,0,13.30,13.3,13.30,13.30
29/07/2019,13.30,13.30,8.73,0.00 (0.00 %)," ",0,0,0,0,13.30,13.30,13.30,13.30
26/07/2019,13.30,13.30,8.73,0.00 (0.00 %)," ",0,0,0,0,13.30,13.3,13.30,13.30
25/07/2019,13.30,13.30,8.73,0.00 (0.00 %)," ",0,0,0,0,13.30,13.30,13.30,13.30
24/07/2019,13.30,13.30,8.73,0.00 (0.00 %)," ",0,0,0,0,13.30,13.3,13.30,13.30
23/07/2019,13.30,13.30,8.73,0.00 (0.00 %)," ",0,0,0,0,13.30,13.30,13.30,13.30
22/07/2019,13.30,13.30,8.73,0.00 (0.00 %)," ",0,0,0,0,13.30,13.3,13.30,13.30
19/07/2019,13.30,13.30,8.73,0.00 (0.00 %)," ",0,0,0,0,13.30,13.30,13.30,13.30
18/07/2019,13.30,13.30,8.73,0.00 (0.00 %)," ",0,0,0,0,13.30,13.3,13.30,13.30
17/07/2019,13.30,13.30,8.73,0.00 (0.00 %)," ",0,0,0,0,13.30,13.30,13.30,13.30
16/07/2019,13.30,13.30,8.73,0.00 (0.00 %)," ",0,0,0,0,13.30,13.3,13.30,13.30
15/07/2019,13.30,13.30,8.73,0.00 (0.00 %)," ",0,0,0,0,13.30,13.30,13.30,13.30
12/07/2019,13.30,13.30,8.73,0.00 (0.00 %)," ",0,0,0,0,13.30,13.3,13.30,13.30
11/07/2019,13.30,13.30,8.73,0.00 (0.00 %)," ",0,0,0,0,13.30,13.30,13.30,13.30
10/07/2019,13.30,13.30,8.73,0.00 (0.00 %)," ",0,0,0,0,13.30,13.3,13.30,13.30
09/07/2019,13.30,13.30,8.73,0.00 (0.00 %)," ",0,0,0,0,13.30,13.30,13.30,13.30
08/07/2019,13.30,13.30,8.73,0.00 (0.00 %)," ",0,0,0,0,13.30,13.3,13.30,13.30
05/07/2019,13.30,13.30,8.73,0.00 (0.00 %)," ",0,0,0,0,13.30,13.30,13.30,13.30
04/07/2019,13.30,13.30,8.73,0.00 (0.00 %)," ",0,0,0,0,13.30,13.3,13.30,13.30
03/07/2019,13.30,13.30,8.73,0.00 (0.00 %)," ",0,0,0,0,13.30,13.30,13.30,13.30
02/07/2019,13.30,13.30,8.73,0.00 (0.00 %)," ",0,0,0,0,13.30,13.3,13.30,13.30
01/07/2019,13.30,13.30,8.73,0.00 (0.00 %)," ",0,0,0,0,13.30,13.30,13.30,13.30
28/06/2019,13.30,13.30,8.73,0.00 (0.00 %)," ",0,0,0,0,13.30,13.3,13.30,13.30
27/06/2019,13.30,13.30,8.73,0.00 (0.00 %)," ",0,0,0,0,13.30,13.30,13.30,13.30
26/06/2019,13.30,13.30,8.73,0.00 (0.00 %)," ",0,0,0,0,13.30,13.3,13.30,13.30
25/06/2019,13.30,13.30,8.73,0.00 (0.00 %)," ",0,0,0,0,13.30,13.30,13.30,13.30
24/06/2019,13.30,13.30,8.73,0.00 (0.00 %)," ",0,0,0,0,13.30,13.3,13.30,13.30
21/06/2019,13.30,13.30,8.73,0.00 (0.00 %)," ",0,0,0,0,13.30,13.30,13.30,13.30
20/06/2019,13.30,13.30,8.73,0.00 (0.00 %)," ",0,0,0,0,13.30,13.3,13.30,13.30
19/06/2019,13.30,13.30,8.73,0.00 (0.00 %)," ",0,0,0,0,13.30,13.30,13.30,13.30
18/06/2019,13.30,13.30,8.73,0.00 (0.00 %)," ",0,0,0,0,13.30,13.3,13.30,13.30
17/06/2019,13.30,13.30,8.73,0.00 (0.00 %)," ",0,0,0,0,13.30,13.30,13.30,13.30
14/06/2019,13.30,13.30,8.73,0.00 (0.00 %)," ",0,0,0,0,13.30,13.3,13.30,13.30
13/06/2019,13.30,13.30,8.73,0.00 (0.00 %)," ",0,0,0,0,13.30,13.30,13.30,13.30
12/06/2019,13.30,13.30,8.73,0.00 (0.00 %)," ",0,0,0,0,13.30,13.3,13.30,13.30
11/06/2019,13.30,13.30,8.73,0.00 (0.00 %)," ",0,0,0,0,13.30,13.30,13.30,13.30
10/06/2019,13.30,13.30,8.73,0.00 (0.00 %)," ",0,0,0,0,13.30,13.3,13.30,13.30
07/06/2019,13.30,13.30,8.73,0.00 (0.00 %)," ",0,0,0,0,13.30,13.30,13.30,13.30
06/06/2019,13.30,13.30,8.73,0.00 (0.00 %)," ",0,0,0,0,13.30,13.3,13.30,13.30
05/06/2019,13.30,13.30,8.73,0.00 (0.00 %)," ",0,0,0,0,13.30,13.30,13.30,13.30
04/06/2019,13.30,13.30,8.73,0.00 (0.00 %)," ",0,0,0,0,13.30,13.3,13.30,13.30
03/06/2019,13.30,13.30,8.73,0.00 (0.00 %)," ",0,0,0,0,13.30,13.30,13.30,13.30
31/05/2019,13.30,13.30,8.73,0.00 (0.00 %)," ",0,0,0,0,13.30,13.3,13.30,13.30
30/05/2019,13.30,13.30,8.73,0.00 (0.00 %)," ",0,0,0,0,13.30,13.30,13.30,13.30
29/05/2019,16.80,16.80,8.73,0.00 (0.00 %)," ",0,0,0,0,16.80,16.8,16.80,16.80
28/05/2019,16.80,16.80,8.73,0.00 (0.00 %)," ",0,0,0,0,16.80,16.80,16.80,16.80
27/05/2019,16.80,16.80,8.73,0.00 (0.00 %)," ",0,0,0,0,16.80,16.8,16.80,16.80
24/05/2019,16.80,16.80,8.73,0.00 (0.00 %)," ",0,0,0,0,16.80,16.80,16.80,16.80
23/05/2019,16.80,16.80,8.73,0.00 (0.00 %)," ",0,0,0,0,16.80,16.8,16.80,16.80
22/05/2019,16.80,16.80,8.73,0.00 (0.00 %)," ",0,0,0,0,16.80,16.80,16.80,16.80
21/05/2019,16.80,16.80,8.73,0.00 (0.00 %)," ",0,0,0,0,16.80,16.8,16.80,16.80
20/05/2019,16.80,16.80,8.73,0.00 (0.00 %)," ",0,0,0,0,16.80,16.80,16.80,16.80
17/05/2019,16.80,16.80,8.73,0.00 (0.00 %)," ",0,0,0,0,16.80,16.8,16.80,16.80
16/05/2019,16.80,16.80,8.73,0.00 (0.00 %)," ",0,0,0,0,16.80,16.80,16.80,16.80
15/05/2019,16.80,16.80,8.73,0.00 (0.00 %)," ",0,0,0,0,16.80,16.8,16.80,16.80
14/05/2019,16.80,16.80,8.73,0.00 (0.00 %)," ",0,0,0,0,16.80,16.80,16.80,16.80
13/05/2019,16.80,16.80,8.73,0.00 (0.00 %)," ",0,0,0,0,16.80,16.8,16.80,16.80
10/05/2019,16.80,16.80,8.73,0.00 (0.00 %)," ",0,0,0,0,16.80,16.80,16.80,16.80
09/05/2019,16.80,16.80,8.73,0.00 (0.00 %)," ",0,0,0,0,16.80,16.8,16.80,16.80
08/05/2019,16.80,16.80,8.73,0.00 (0.00 %)," ",0,0,0,0,16.80,16.80,16.80,16.80
07/05/2019,16.80,16.80,8.73,0.00 (0.00 %)," ",0,0,0,0,16.80,16.8,16.80,16.80
06/05/2019,16.80,16.80,8.73,0.00 (0.00 %)," ",0,0,0,0,16.80,16.80,16.80,16.80
03/05/2019,16.80,16.80,8.73,0.00 (0.00 %)," ",0,0,0,0,16.80,16.8,16.80,16.80
02/05/2019,16.80,16.80,8.73,0.00 (0.00 %)," ",0,0,0,0,16.80,16.80,16.80,16.80
26/04/2019,16.80,16.80,8.73,0.00 (0.00 %)," ",0,0,0,0,16.80,16.8,16.80,16.80
25/04/2019,16.80,16.80,8.73,0.00 (0.00 %)," ",0,0,0,0,16.80,16.80,16.80,16.80
24/04/2019,16.80,16.80,8.73,0.00 (0.00 %)," ",0,0,0,0,16.80,16.8,16.80,16.80
23/04/2019,16.80,16.80,8.73,0.00 (0.00 %)," ",0,0,0,0,16.80,16.80,16.80,16.80
22/04/2019,16.80,16.80,8.73,0.00 (0.00 %)," ",0,0,0,0,16.80,16.8,16.80,16.80
19/04/2019,16.80,16.80,8.73,0.00 (0.00 %)," ",0,0,0,0,16.80,16.80,16.80,16.80
18/04/2019,16.80,16.80,8.73,0.00 (0.00 %)," ",0,0,0,0,16.80,16.8,16.80,16.80
17/04/2019,16.80,16.80,8.73,0.00 (0.00 %)," ",0,0,0,0,16.80,16.80,16.80,16.80
16/04/2019,16.80,16.80,8.73,0.00 (0.00 %)," ",0,0,0,0,16.80,16.8,16.80,16.80
12/04/2019,16.80,16.80,8.73,0.00 (0.00 %)," ",0,0,0,0,16.80,16.80,16.80,16.80
11/04/2019,16.80,16.80,8.73,0.00 (0.00 %)," ",0,0,0,0,16.80,16.8,16.80,16.80
10/04/2019,16.80,16.80,8.73,0.00 (0.00 %)," ",0,0,0,0,16.80,16.80,16.80,16.80
09/04/2019,16.80,16.80,8.73,0.00 (0.00 %)," ",0,0,0,0,16.80,16.8,16.80,16.80
08/04/2019,16.80,16.80,8.73,0.00 (0.00 %)," ",0,0,0,0,16.80,16.80,16.80,16.80
05/04/2019,16.80,16.80,8.73,0.00 (0.00 %)," ",0,0,0,0,16.80,16.8,16.80,16.80
04/04/2019,16.80,16.80,8.73,0.00 (0.00 %)," ",0,0,0,0,16.80,16.80,16.80,16.80
03/04/2019,16.80,16.80,8.73,0.00 (0.00 %)," ",0,0,0,0,16.80,16.8,16.80,16.80
02/04/2019,16.80,16.80,8.73,0.00 (0.00 %)," ",0,0,0,0,16.80,16.80,16.80,16.80
01/04/2019,16.80,16.80,8.73,0.00 (0.00 %)," ",0,0,0,0,16.80,16.8,16.80,16.80
29/03/2019,16.80,16.80,8.73,0.00 (0.00 %)," ",0,0,0,0,16.80,16.80,16.80,16.80
28/03/2019,16.80,16.80,8.73,0.00 (0.00 %)," ",0,0,0,0,16.80,16.8,16.80,16.80
27/03/2019,16.80,16.80,8.73,0.00 (0.00 %)," ",0,0,0,0,16.80,16.80,16.80,16.80
26/03/2019,16.80,16.80,8.73,0.00 (0.00 %)," ",0,0,0,0,16.80,16.8,16.80,16.80
25/03/2019,16.80,16.80,8.73,0.00 (0.00 %)," ",0,0,0,0,16.80,16.80,16.80,16.80
22/03/2019,16.80,16.80,8.73,0.00 (0.00 %)," ",0,0,0,0,16.80,16.8,16.80,16.80
21/03/2019,16.80,16.80,8.73,0.00 (0.00 %)," ",0,0,0,0,16.80,16.80,16.80,16.80
20/03/2019,16.80,16.80,8.73,0.00 (0.00 %)," ",0,0,0,0,16.80,16.8,16.80,16.80
19/03/2019,16.80,16.80,8.73,0.00 (0.00 %)," ",0,0,0,0,16.80,16.80,16.80,16.80
18/03/2019,16.80,16.80,8.73,0.00 (0.00 %)," ",0,0,0,0,16.80,16.8,16.80,16.80
15/03/2019,16.80,16.80,8.73,0.00 (0.00 %)," ",0,0,0,0,16.80,16.80,16.80,16.80
14/03/2019,16.80,16.80,8.73,0.00 (0.00 %)," ",0,0,0,0,16.80,16.8,16.80,16.80
13/03/2019,16.80,16.80,8.73,0.00 (0.00 %)," ",0,0,0,0,16.80,16.80,16.80,16.80
12/03/2019,16.80,16.80,8.73,0.00 (0.00 %)," ",0,0,0,0,16.80,16.8,16.80,16.80
11/03/2019,16.80,16.80,8.73,0.00 (0.00 %)," ",0,0,0,0,16.80,16.80,16.80,16.80
08/03/2019,16.80,16.80,8.73,0.00 (0.00 %)," ",0,0,0,0,16.80,16.8,16.80,16.80
07/03/2019,16.80,16.80,8.73,0.00 (0.00 %)," ",0,0,0,0,16.80,16.80,16.80,16.80
06/03/2019,16.80,16.80,8.73,0.00 (0.00 %)," ",0,0,0,0,16.80,16.8,16.80,16.80
05/03/2019,16.80,16.80,8.73,0.00 (0.00 %)," ",0,0,0,0,16.80,16.80,16.80,16.80
04/03/2019,16.80,16.80,8.73,0.00 (0.00 %)," ",0,0,0,0,16.80,16.8,16.80,16.80
01/03/2019,16.80,16.80,8.73,0.00 (0.00 %)," ",0,0,0,0,16.80,16.80,16.80,16.80
28/02/2019,16.80,16.80,8.73,0.00 (0.00 %)," ",0,0,0,0,16.80,16.8,16.80,16.80
27/02/2019,16.80,16.80,8.73,0.00 (0.00 %)," ",0,0,0,0,16.80,16.80,16.80,16.80
26/02/2019,16.80,16.80,8.73,0.00 (0.00 %)," ",0,0,0,0,16.80,16.8,16.80,16.80
25/02/2019,16.80,16.80,8.73,0.00 (0.00 %)," ",0,0,0,0,16.80,16.80,16.80,16.80
22/02/2019,16.80,16.80,8.73,0.00 (0.00 %)," ",0,0,0,0,16.80,16.8,16.80,16.80
21/02/2019,16.80,16.80,8.73,0.00 (0.00 %)," ",0,0,0,0,16.80,16.80,16.80,16.80
20/02/2019,16.80,16.80,8.73,0.00 (0.00 %)," ",0,0,0,0,16.80,16.8,16.80,16.80
19/02/2019,16.80,16.80,8.73,0.00 (0.00 %)," ",0,0,0,0,16.80,16.80,16.80,16.80
18/02/2019,16.80,16.80,8.73,0.00 (0.00 %)," ",0,0,0,0,16.80,16.8,16.80,16.80
15/02/2019,16.80,16.80,8.73,0.00 (0.00 %)," ",0,0,0,0,16.80,16.80,16.80,16.80
14/02/2019,16.80,16.80,8.73,0.00 (0.00 %)," ",0,0,0,0,16.80,16.8,16.80,16.80
13/02/2019,16.80,16.80,8.73,0.00 (0.00 %)," ",0,0,0,0,16.80,16.80,16.80,16.80
12/02/2019,16.80,16.80,8.73,0.00 (0.00 %)," ",0,0,0,0,16.80,16.8,16.80,16.80
11/02/2019,16.80,16.80,8.73,0.00 (0.00 %)," ",0,0,0,0,16.80,16.80,16.80,16.80
01/02/2019,16.80,16.80,8.73,0.00 (0.00 %)," ",0,0,0,0,16.80,16.8,16.80,16.80
31/01/2019,16.80,16.80,8.73,0.00 (0.00 %)," ",0,0,0,0,16.80,16.80,16.80,16.80
30/01/2019,16.80,16.80,8.73,0.00 (0.00 %)," ",0,0,0,0,16.80,16.8,16.80,16.80
29/01/2019,16.80,16.80,8.73,0.00 (0.00 %)," ",0,0,0,0,16.80,16.80,16.80,16.80
28/01/2019,16.80,16.80,8.73,0.00 (0.00 %)," ",0,0,0,0,16.80,16.8,16.80,16.80
25/01/2019,16.80,16.80,8.73,0.00 (0.00 %)," ",0,0,0,0,16.80,16.80,16.80,16.80
24/01/2019,16.80,16.80,8.73,0.00 (0.00 %)," ",0,0,0,0,16.80,16.8,16.80,16.80
23/01/2019,16.80,16.80,8.73,0.00 (0.00 %)," ",0,0,0,0,16.80,16.80,16.80,16.80
22/01/2019,16.80,16.80,8.73,0.00 (0.00 %)," ",0,0,0,0,16.80,16.8,16.80,16.80
21/01/2019,16.80,16.80,8.73,0.00 (0.00 %)," ",0,0,0,0,16.80,16.80,16.80,16.80
18/01/2019,16.80,16.80,8.73,0.00 (0.00 %)," ",0,0,0,0,16.80,16.8,16.80,16.80
17/01/2019,16.80,16.80,8.73,0.00 (0.00 %)," ",0,0,0,0,16.80,16.80,16.80,16.80
16/01/2019,8.73,16.80,8.73,0.00 (0.00 %)," ",0,0,0,0,16.80,16.8,16.80,16.80
15/01/2019,8.73,16.80,8.73,0.00 (0.00 %)," ",0,0,0,0,16.80,16.80,16.80,16.80
14/01/2019,8.73,16.80,8.73,0.00 (0.00 %)," ",0,0,0,0,16.80,16.8,16.80,16.80
11/01/2019,8.73,16.80,8.73,0.00 (0.00 %)," ",0,0,0,0,16.80,16.80,16.80,16.80
10/01/2019,8.73,16.80,8.73,0.00 (0.00 %)," ",0,0,0,0,16.80,16.8,16.80,16.80
09/01/2019,8.73,16.80,8.73,0.00 (0.00 %)," ",0,0,0,0,16.80,16.80,16.80,16.80
08/01/2019,8.73,16.80,8.73,0.00 (0.00 %)," ",0,0,0,0,16.80,16.8,16.80,16.80
07/01/2019,8.73,16.80,8.73,0.00 (0.00 %)," ",0,0,0,0,16.80,16.80,16.80,16.80
04/01/2019,8.73,16.80,8.73,0.00 (0.00 %)," ",0,0,0,0,16.80,16.8,16.80,16.80
03/01/2019,8.73,16.80,8.73,0.00 (0.00 %)," ",0,0,0,0,16.80,16.80,16.80,16.80
02/01/2019,8.73,16.80,8.73,0.00 (0.00 %)," ",0,0,0,0,16.80,16.8,16.80,16.80
28/12/2018,8.73,16.80,8.73,0.00 (0.00 %)," ",0,0,0,0,16.80,16.80,16.80,16.80
27/12/2018,8.73,16.80,8.73,0.00 (0.00 %)," ",0,0,0,0,16.80,16.8,16.80,16.80
26/12/2018,8.73,16.80,8.73,0.00 (0.00 %)," ",0,0,0,0,16.80,16.80,16.80,16.80
25/12/2018,8.73,16.80,8.73,0.00 (0.00 %)," ",0,0,0,0,16.80,16.8,16.80,16.80
24/12/2018,8.73,16.80,8.73,0.00 (0.00 %)," ",0,0,0,0,16.80,16.80,16.80,16.80
21/12/2018,8.73,16.80,8.73,0.00 (0.00 %)," ",0,0,0,0,16.80,16.8,16.80,16.80
20/12/2018,8.73,16.80,8.73,0.00 (0.00 %)," ",0,0,0,0,16.80,16.80,16.80,16.80
19/12/2018,8.73,16.80,8.73,0.00 (0.00 %)," ",0,0,0,0,16.80,16.8,16.80,16.80
18/12/2018,8.73,16.80,8.73,0.00 (0.00 %)," ",0,0,0,0,16.80,16.80,16.80,16.80
17/12/2018,8.73,16.80,8.73,0.00 (0.00 %)," ",0,0,0,0,16.80,16.8,16.80,16.80
14/12/2018,8.73,16.80,8.73,0.00 (0.00 %)," ",0,0,0,0,16.80,16.80,16.80,16.80
13/12/2018,8.73,16.80,8.73,0.00 (0.00 %)," ",0,0,0,0,16.80,16.8,16.80,16.80
12/12/2018,8.73,16.80,8.73,0.00 (0.00 %)," ",0,0,0,0,16.80,16.80,16.80,16.80
11/12/2018,8.73,16.80,8.73,0.00 (0.00 %)," ",0,0,0,0,16.80,16.8,16.80,16.80
10/12/2018,8.73,16.80,8.73,0.00 (0.00 %)," ",0,0,0,0,16.80,16.80,16.80,16.80
07/12/2018,8.73,16.80,8.73,0.00 (0.00 %)," ",0,0,0,0,16.80,16.8,16.80,16.80
06/12/2018,8.73,16.80,8.73,0.00 (0.00 %)," ",0,0,0,0,16.80,16.80,16.80,16.80
05/12/2018,8.73,16.80,8.73,0.00 (0.00 %)," ",0,0,0,0,16.80,16.8,16.80,16.80
04/12/2018,8.73,16.80,8.73,0.00 (0.00 %)," ",0,0,0,0,16.80,16.80,16.80,16.80
03/12/2018,8.73,16.80,8.73,0.00 (0.00 %)," ",0,0,0,0,16.80,16.8,16.80,16.80
30/11/2018,8.73,16.80,8.73,0.00 (0.00 %)," ",0,0,0,0,16.80,16.80,16.80,16.80
29/11/2018,8.73,16.80,8.73,0.00 (0.00 %)," ",0,0,0,0,16.80,16.8,16.80,16.80
28/11/2018,8.73,16.80,8.73,0.00 (0.00 %)," ",0,0,0,0,16.80,16.80,16.80,16.80
27/11/2018,8.73,16.80,8.73,0.00 (0.00 %)," ",0,0,0,0,16.80,16.8,16.80,16.80
26/11/2018,8.73,16.80,8.73,0.00 (0.00 %)," ",0,0,0,0,16.80,16.80,16.80,16.80
23/11/2018,8.73,16.80,8.73,0.00 (0.00 %)," ",0,0,0,0,16.80,16.8,16.80,16.80
22/11/2018,8.73,16.80,8.73,0.00 (0.00 %)," ",0,0,0,0,16.80,16.80,16.80,16.80
21/11/2018,8.73,16.80,8.73,0.00 (0.00 %)," ",0,0,0,0,16.80,16.8,16.80,16.80
20/11/2018,8.73,16.80,8.73,0.00 (0.00 %)," ",0,0,0,0,16.80,16.80,16.80,16.80
19/11/2018,8.73,16.80,8.73,0.00 (0.00 %)," ",0,0,0,0,16.80,16.8,16.80,16.80
16/11/2018,8.73,16.80,8.73,0.00 (0.00 %)," ",0,0,0,0,16.80,16.80,16.80,16.80
15/11/2018,8.73,16.80,8.73,0.00 (0.00 %)," ",0,0,0,0,16.80,16.8,16.80,16.80
14/11/2018,8.73,16.80,8.73,0.00 (0.00 %)," ",0,0,0,0,16.80,16.80,16.80,16.80
13/11/2018,8.73,16.80,8.73,0.00 (0.00 %)," ",0,0,0,0,16.80,16.8,16.80,16.80
12/11/2018,8.73,16.80,8.73,0.00 (0.00 %)," ",0,0,0,0,16.80,16.80,16.80,16.80
09/11/2018,8.73,16.80,8.73,0.00 (0.00 %)," ",0,0,0,0,16.80,16.8,16.80,16.80
08/11/2018,8.73,26.80,8.73,0.00 (0.00 %)," ",0,0,0,0,26.80,26.80,26.80,26.80
07/11/2018,8.73,26.80,8.73,0.00 (0.00 %)," ",0,0,0,0,26.80,26.8,26.80,26.80
06/11/2018,8.73,26.80,8.73,0.00 (0.00 %)," ",0,0,0,0,26.80,26.80,26.80,26.80
05/11/2018,8.73,26.80,8.73,0.00 (0.00 %)," ",0,0,0,0,26.80,26.8,26.80,26.80
02/11/2018,8.73,26.80,8.73,0.00 (0.00 %)," ",0,0,0,0,26.80,26.80,26.80,26.80
01/11/2018,8.73,26.80,8.73,0.00 (0.00 %)," ",0,0,0,0,26.80,26.8,26.80,26.80
31/10/2018,8.73,26.80,8.73,0.00 (0.00 %)," ",0,0,0,0,26.80,26.80,26.80,26.80
30/10/2018,8.73,26.80,8.73,0.00 (0.00 %)," ",0,0,0,0,26.80,26.8,26.80,26.80
