06/05/2022,2.90,2.90,2.90,-0.50 (-14.71 %)," ","25,100","77,870,000",0,0,3.40,3.30,3.30,2.90
05/05/2022,3.40,3.40,3.40,0.00 (0.00 %)," ",0,0,0,0,3.40,3.4,3.40,3.40
04/05/2022,3.40,3.40,3.40,0.00 (0.00 %)," ",0,0,0,0,3.40,3.40,3.40,3.40
29/04/2022,3.60,3.60,3.60,0.40 (12.50 %)," ","18,308","62,508,000",0,0,3.20,3.4,3.60,3.20
28/04/2022,3.20,3.20,3.20,0.00 (0.00 %)," ",0,0,0,0,3.20,3.20,3.20,3.20
27/04/2022,3.20,3.20,3.20,0.00 (0.00 %)," ",0,0,0,0,3.20,3.2,3.20,3.20
26/04/2022,3.20,3.20,3.20,0.00 (0.00 %)," ",0,0,0,0,3.20,3.20,3.20,3.20
25/04/2022,3.20,3.20,3.20,0.00 (0.00 %)," ",0,0,0,0,3.20,3.2,3.20,3.20
22/04/2022,3.50,3.50,3.50,0.00 (0.00 %)," ","42,930","135,832,000",0,0,3.50,3.50,3.50,3.00
21/04/2022,3.50,3.50,3.50,0.00 (0.00 %)," ",0,0,0,0,3.50,3.5,3.50,3.50
20/04/2022,3.50,3.50,3.50,0.00 (0.00 %)," ",0,0,0,0,3.50,3.50,3.50,3.50
19/04/2022,3.50,3.50,3.50,0.00 (0.00 %)," ",0,0,0,0,3.50,3.5,3.50,3.50
18/04/2022,3.50,3.50,3.50,0.00 (0.00 %)," ",0,0,0,0,3.50,3.50,3.50,3.50
14/04/2022,3.50,3.50,3.50,0.00 (0.00 %)," ",0,0,0,0,3.50,3.5,3.50,3.50
13/04/2022,3.50,3.50,3.50,0.00 (0.00 %)," ",0,0,0,0,3.50,3.50,3.50,3.50
12/04/2022,3.50,3.50,3.50,0.00 (0.00 %)," ",0,0,0,0,3.50,3.5,3.50,3.50
08/04/2022,3.60,3.60,3.60,0.10 (2.86 %)," ","53,172","188,083,300",0,0,3.50,3.50,3.60,3.50
07/04/2022,3.50,3.50,3.50,0.00 (0.00 %)," ",0,0,0,0,3.50,3.5,3.50,3.50
06/04/2022,3.50,3.50,3.50,0.00 (0.00 %)," ",0,0,0,0,3.50,3.50,3.50,3.50
05/04/2022,3.50,3.50,3.50,0.00 (0.00 %)," ",0,0,0,0,3.50,3.5,3.50,3.50
04/04/2022,3.50,3.50,3.50,0.00 (0.00 %)," ",0,0,0,0,3.50,3.50,3.50,3.50
01/04/2022,3.70,3.70,3.70,0.00 (0.00 %)," ","109,860","385,690,300",0,0,3.70,3.5,3.70,3.20
31/03/2022,3.70,3.70,3.70,0.00 (0.00 %)," ",0,0,0,0,3.70,3.70,3.70,3.70
30/03/2022,3.70,3.70,3.70,0.00 (0.00 %)," ",0,0,0,0,3.70,3.7,3.70,3.70
29/03/2022,3.70,3.70,3.70,0.00 (0.00 %)," ",0,0,0,0,3.70,3.70,3.70,3.70
28/03/2022,3.70,3.70,3.70,0.00 (0.00 %)," ",0,0,0,0,3.70,3.7,3.70,3.70
25/03/2022,3.70,3.70,3.70,0.10 (2.78 %)," ","76,847","281,427,200",0,0,3.60,3.60,3.70,3.60
24/03/2022,3.60,3.60,3.60,0.00 (0.00 %)," ",0,0,0,0,3.60,3.6,3.60,3.60
23/03/2022,3.60,3.60,3.60,0.00 (0.00 %)," ",0,0,0,0,3.60,3.60,3.60,3.60
22/03/2022,3.60,3.60,3.60,0.00 (0.00 %)," ",0,0,0,0,3.60,3.6,3.60,3.60
21/03/2022,3.60,3.60,3.60,0.00 (0.00 %)," ",0,0,0,0,3.60,3.60,3.60,3.60
18/03/2022,3.70,3.70,3.70,0.10 (2.78 %)," ","56,260","202,800,000",0,0,3.60,3.6,3.70,3.50
17/03/2022,3.60,3.60,3.60,0.00 (0.00 %)," ",0,0,0,0,3.60,3.60,3.60,3.60
16/03/2022,3.60,3.60,3.60,0.00 (0.00 %)," ",0,0,0,0,3.60,3.6,3.60,3.60
15/03/2022,3.60,3.60,3.60,0.00 (0.00 %)," ",0,0,0,0,3.60,3.60,3.60,3.60
14/03/2022,3.60,3.60,3.60,0.00 (0.00 %)," ",0,0,0,0,3.60,3.6,3.60,3.60
11/03/2022,3.60,3.60,3.60,-0.20 (-5.26 %)," ","65,427","235,019,900",0,0,3.80,3.80,3.80,3.50
10/03/2022,3.80,3.80,3.80,0.00 (0.00 %)," ",0,0,0,0,3.80,3.8,3.80,3.80
09/03/2022,3.80,3.80,3.80,0.00 (0.00 %)," ",0,0,0,0,3.80,3.80,3.80,3.80
08/03/2022,3.80,3.80,3.80,0.00 (0.00 %)," ",0,0,0,0,3.80,3.8,3.80,3.80
07/03/2022,3.80,3.80,3.80,0.00 (0.00 %)," ",0,0,0,0,3.80,3.80,3.80,3.80
04/03/2022,4.00,4.00,4.00,0.10 (2.56 %)," ","53,438","202,472,500",0,0,3.90,3.9,4.10,3.60
03/03/2022,3.90,3.90,3.90,0.00 (0.00 %)," ",0,0,0,0,3.90,3.90,3.90,3.90
02/03/2022,3.90,3.90,3.90,0.00 (0.00 %)," ",0,0,0,0,3.90,3.9,3.90,3.90
01/03/2022,3.90,3.90,3.90,0.00 (0.00 %)," ",0,0,0,0,3.90,3.90,3.90,3.90
28/02/2022,3.90,3.90,3.90,0.00 (0.00 %)," ",0,0,0,0,3.90,3.9,3.90,3.90
25/02/2022,4.00,4.00,4.00,0.40 (11.11 %)," ","86,783","340,661,400",0,0,3.60,3.70,4.00,3.70
24/02/2022,3.60,3.60,3.60,0.00 (0.00 %)," ",0,0,0,0,3.60,3.6,3.60,3.60
23/02/2022,3.60,3.60,3.60,0.00 (0.00 %)," ",0,0,0,0,3.60,3.60,3.60,3.60
22/02/2022,3.60,3.60,3.60,0.00 (0.00 %)," ",0,0,0,0,3.60,3.6,3.60,3.60
21/02/2022,3.60,3.60,3.60,0.00 (0.00 %)," ",0,0,0,0,3.60,3.60,3.60,3.60
18/02/2022,3.70,3.70,3.70,0.00 (0.00 %)," ","15,969","57,041,500",0,0,3.70,3.7,3.70,3.40
17/02/2022,3.70,3.70,3.70,0.00 (0.00 %)," ",0,0,0,0,3.70,3.70,3.70,3.70
16/02/2022,3.70,3.70,3.70,0.00 (0.00 %)," ",0,0,0,0,3.70,3.7,3.70,3.70
15/02/2022,3.70,3.70,3.70,0.00 (0.00 %)," ",0,0,0,0,3.70,3.70,3.70,3.70
14/02/2022,3.70,3.70,3.70,0.00 (0.00 %)," ",0,0,0,0,3.70,3.7,3.70,3.70
11/02/2022,3.70,3.70,3.70,0.10 (2.78 %)," ","21,038","77,938,800",0,0,3.60,3.60,3.80,3.50
10/02/2022,3.60,3.60,3.60,0.00 (0.00 %)," ",0,0,0,0,3.60,3.6,3.60,3.60
09/02/2022,3.60,3.60,3.60,0.00 (0.00 %)," ",0,0,0,0,3.60,3.60,3.60,3.60
08/02/2022,3.60,3.60,3.60,0.00 (0.00 %)," ",0,0,0,0,3.60,3.6,3.60,3.60
07/02/2022,3.60,3.60,3.60,0.00 (0.00 %)," ",0,0,0,0,3.60,3.60,3.60,3.60
28/01/2022,3.70,3.70,3.70,-0.20 (-5.13 %)," ","29,400","105,650,000",0,0,3.90,3.8,3.90,3.40
27/01/2022,3.90,3.90,3.90,0.00 (0.00 %)," ",0,0,0,0,3.90,3.90,3.90,3.90
26/01/2022,3.90,3.90,3.90,0.00 (0.00 %)," ",0,0,0,0,3.90,3.9,3.90,3.90
25/01/2022,3.90,3.90,3.90,0.00 (0.00 %)," ",0,0,0,0,3.90,3.90,3.90,3.90
24/01/2022,3.90,3.90,3.90,0.00 (0.00 %)," ",0,0,0,0,3.90,3.9,3.90,3.90
21/01/2022,4.00,4.00,4.00,0.10 (2.56 %)," ","17,638","68,232,000",0,0,3.90,3.70,4.10,3.70
20/01/2022,3.90,3.90,3.90,0.00 (0.00 %)," ",0,0,0,0,3.90,3.9,3.90,3.90
19/01/2022,3.90,3.90,3.90,0.00 (0.00 %)," ",0,0,0,0,3.90,3.90,3.90,3.90
18/01/2022,3.90,3.90,3.90,0.00 (0.00 %)," ",0,0,0,0,3.90,3.9,3.90,3.90
17/01/2022,3.90,3.90,3.90,0.00 (0.00 %)," ",0,0,0,0,3.90,3.90,3.90,3.90
14/01/2022,4.20,4.20,4.20,0.00 (0.00 %)," ","29,247","115,218,600",0,0,4.20,3.7,4.20,3.70
13/01/2022,4.20,4.20,4.20,0.00 (0.00 %)," ",0,0,0,0,4.20,4.20,4.20,4.20
12/01/2022,4.20,4.20,4.20,0.00 (0.00 %)," ",0,0,0,0,4.20,4.2,4.20,4.20
11/01/2022,4.20,4.20,4.20,0.00 (0.00 %)," ",0,0,0,0,4.20,4.20,4.20,4.20
10/01/2022,4.20,4.20,4.20,0.00 (0.00 %)," ",0,0,0,0,4.20,4.2,4.20,4.20
07/01/2022,4.50,4.50,4.50,-0.10 (-2.17 %)," ","120,876","512,493,300",0,0,4.60,4.70,4.70,4.00
06/01/2022,4.60,4.60,4.60,0.00 (0.00 %)," ",0,0,0,0,4.60,4.6,4.60,4.60
05/01/2022,4.60,4.60,4.60,0.00 (0.00 %)," ",0,0,0,0,4.60,4.60,4.60,4.60
04/01/2022,4.60,4.60,4.60,0.00 (0.00 %)," ",0,0,0,0,4.60,4.6,4.60,4.60
31/12/2021,4.70,4.70,4.70,0.20 (4.44 %)," ","17,033","78,428,400",933,"3,638,700",4.50,4.00,4.90,3.90
30/12/2021,4.50,4.50,4.50,0.00 (0.00 %)," ",0,0,0,0,4.50,4.5,4.50,4.50
29/12/2021,4.50,4.50,4.50,0.00 (0.00 %)," ",0,0,0,0,4.50,4.50,4.50,4.50
28/12/2021,4.50,4.50,4.50,0.00 (0.00 %)," ",0,0,0,0,4.50,4.5,4.50,4.50
27/12/2021,4.50,4.50,4.50,0.00 (0.00 %)," ",0,0,0,0,4.50,4.50,4.50,4.50
24/12/2021,4.90,4.90,4.90,-0.20 (-3.92 %)," ","65,414","292,657,700",0,0,5.10,4.4,5.00,4.40
23/12/2021,5.10,5.10,5.10,0.00 (0.00 %)," ",0,0,0,0,5.10,5.10,5.10,5.10
21/12/2021,5.10,5.10,5.10,0.00 (0.00 %)," ",0,0,0,0,5.10,5.1,5.10,5.10
20/12/2021,5.10,5.10,5.10,0.00 (0.00 %)," ",0,0,0,0,5.10,5.10,5.10,5.10
17/12/2021,5.00,5.00,5.00,-0.80 (-13.79 %)," ","70,908","358,265,900",0,0,5.80,5.5,5.50,5.00
16/12/2021,5.80,5.80,5.80,0.00 (0.00 %)," ",0,0,0,0,5.80,5.80,5.80,5.80
15/12/2021,5.80,5.80,5.80,0.00 (0.00 %)," ",0,0,0,0,5.80,5.8,5.80,5.80
14/12/2021,5.80,5.80,5.80,0.00 (0.00 %)," ",0,0,0,0,5.80,5.80,5.80,5.80
13/12/2021,5.80,5.80,5.80,0.00 (0.00 %)," ",0,0,0,0,5.80,5.8,5.80,5.80
10/12/2021,5.60,5.60,5.60,0.40 (7.69 %)," ","62,200","357,885,100","1,560","7,020,000",5.20,5.90,5.90,4.50
09/12/2021,5.20,5.20,5.20,0.00 (0.00 %)," ",0,0,0,0,5.20,5.2,5.20,5.20
08/12/2021,5.20,5.20,5.20,0.00 (0.00 %)," ",0,0,0,0,5.20,5.20,5.20,5.20
07/12/2021,5.20,5.20,5.20,0.00 (0.00 %)," ",0,0,0,0,5.20,5.2,5.20,5.20
06/12/2021,5.20,5.20,5.20,0.00 (0.00 %)," ",0,0,0,0,5.20,5.20,5.20,5.20
03/12/2021,5.20,5.20,5.20,0.60 (13.04 %)," ","35,048","182,179,600",0,0,4.60,5.2,5.20,5.20
02/12/2021,4.60,4.60,4.60,0.00 (0.00 %)," ",0,0,0,0,4.60,4.60,4.60,4.60
01/12/2021,4.60,4.60,4.60,0.00 (0.00 %)," ",0,0,0,0,4.60,4.6,4.60,4.60
30/11/2021,4.60,4.60,4.60,0.00 (0.00 %)," ",0,0,0,0,4.60,4.60,4.60,4.60
29/11/2021,4.60,4.60,4.60,0.00 (0.00 %)," ",0,0,0,0,4.60,4.6,4.60,4.60
26/11/2021,4.60,4.60,4.60,0.60 (15.00 %)," ","21,052","96,730,900",0,0,4.00,4.60,4.60,4.60
25/11/2021,4.00,4.00,4.00,0.00 (0.00 %)," ",0,0,0,0,4.00,4.0,4.00,4.00
24/11/2021,4.00,4.00,4.00,0.00 (0.00 %)," ",0,0,0,0,4.00,4.00,4.00,4.00
23/11/2021,4.00,4.00,4.00,0.00 (0.00 %)," ",0,0,0,0,4.00,4.0,4.00,4.00
22/11/2021,4.00,4.00,4.00,0.00 (0.00 %)," ",0,0,0,0,4.00,4.00,4.00,4.00
19/11/2021,4.00,4.00,4.00,0.50 (14.29 %)," ","35,939","143,729,000",780,"2,340,000",3.50,4.0,4.00,3.00
18/11/2021,3.50,3.50,3.50,0.00 (0.00 %)," ",0,0,0,0,3.50,3.50,3.50,3.50
17/11/2021,3.50,3.50,3.50,0.00 (0.00 %)," ",0,0,0,0,3.50,3.5,3.50,3.50
16/11/2021,3.50,3.50,3.50,0.00 (0.00 %)," ",0,0,0,0,3.50,3.50,3.50,3.50
15/11/2021,3.50,3.50,3.50,0.00 (0.00 %)," ",0,0,0,0,3.50,3.5,3.50,3.50
12/11/2021,3.60,3.60,3.60,0.40 (12.50 %)," ","15,850","55,895,300",0,0,3.20,3.00,3.60,2.90
11/11/2021,3.20,3.20,3.20,0.00 (0.00 %)," ",0,0,0,0,3.20,3.2,3.20,3.20
10/11/2021,3.20,3.20,3.20,0.00 (0.00 %)," ",0,0,0,0,3.20,3.20,3.20,3.20
09/11/2021,3.20,3.20,3.20,0.00 (0.00 %)," ",0,0,0,0,3.20,3.2,3.20,3.20
08/11/2021,3.20,3.20,3.20,0.00 (0.00 %)," ",0,0,0,0,3.20,3.20,3.20,3.20
05/11/2021,3.30,3.30,3.30,-0.10 (-2.94 %)," ","46,907","149,448,700",0,0,3.40,3.9,3.90,3.10
04/11/2021,3.40,3.40,3.40,0.00 (0.00 %)," ",0,0,0,0,3.40,3.40,3.40,3.40
03/11/2021,3.40,3.40,3.40,0.00 (0.00 %)," ",0,0,0,0,3.40,3.4,3.40,3.40
02/11/2021,3.40,3.40,3.40,0.00 (0.00 %)," ",0,0,0,0,3.40,3.40,3.40,3.40
01/11/2021,3.40,3.40,3.40,0.00 (0.00 %)," ",0,0,0,0,3.40,3.4,3.40,3.40
29/10/2021,3.40,3.40,3.40,0.40 (13.33 %)," ","11,633","39,469,100",0,0,3.00,3.10,3.40,3.10
28/10/2021,3.00,3.00,3.00,0.00 (0.00 %)," ",0,0,0,0,3.00,3.0,3.00,3.00
27/10/2021,3.00,3.00,3.00,0.00 (0.00 %)," ",0,0,0,0,3.00,3.00,3.00,3.00
26/10/2021,3.00,3.00,3.00,0.00 (0.00 %)," ",0,0,0,0,3.00,3.0,3.00,3.00
25/10/2021,3.00,3.00,3.00,0.00 (0.00 %)," ",0,0,0,0,3.00,3.00,3.00,3.00
22/10/2021,3.20,3.20,3.20,0.40 (14.29 %)," ","14,487","43,385,500",0,0,2.80,2.6,3.20,2.60
21/10/2021,2.80,2.80,2.80,0.00 (0.00 %)," ",0,0,0,0,2.80,2.80,2.80,2.80
20/10/2021,2.80,2.80,2.80,0.00 (0.00 %)," ",0,0,0,0,2.80,2.8,2.80,2.80
19/10/2021,2.80,2.80,2.80,0.00 (0.00 %)," ",0,0,0,0,2.80,2.80,2.80,2.80
18/10/2021,2.80,2.80,2.80,0.00 (0.00 %)," ",0,0,0,0,2.80,2.8,2.80,2.80
15/10/2021,2.90,2.90,2.90,0.30 (11.54 %)," ","33,280","93,068,000","20,000","46,000,000",2.60,2.70,2.90,2.30
14/10/2021,2.60,2.60,2.60,0.00 (0.00 %)," ",0,0,0,0,2.60,2.6,2.60,2.60
13/10/2021,2.60,2.60,2.60,0.00 (0.00 %)," ",0,0,0,0,2.60,2.60,2.60,2.60
12/10/2021,2.60,2.60,2.60,0.00 (0.00 %)," ",0,0,0,0,2.60,2.6,2.60,2.60
11/10/2021,2.60,2.60,2.60,0.00 (0.00 %)," ",0,0,0,0,2.60,2.60,2.60,2.60
08/10/2021,2.70,2.70,2.70,0.10 (3.85 %)," ","9,011","23,587,500",780,"1,794,000",2.60,2.5,2.90,2.30
07/10/2021,2.60,2.60,2.60,0.00 (0.00 %)," ",0,0,0,0,2.60,2.60,2.60,2.60
06/10/2021,2.60,2.60,2.60,0.00 (0.00 %)," ",0,0,0,0,2.60,2.6,2.60,2.60
05/10/2021,2.60,2.60,2.60,0.00 (0.00 %)," ",0,0,0,0,2.60,2.60,2.60,2.60
04/10/2021,2.60,2.60,2.60,0.00 (0.00 %)," ",0,0,0,0,2.60,2.6,2.60,2.60
01/10/2021,2.60,2.60,2.60,0.10 (4.00 %)," ","3,063","7,841,200",0,0,2.50,2.40,2.60,2.40
30/09/2021,2.50,2.50,2.50,0.00 (0.00 %)," ",0,0,0,0,2.50,2.5,2.50,2.50
29/09/2021,2.50,2.50,2.50,0.00 (0.00 %)," ",0,0,0,0,2.50,2.50,2.50,2.50
28/09/2021,2.50,2.50,2.50,0.00 (0.00 %)," ",0,0,0,0,2.50,2.5,2.50,2.50
27/09/2021,2.50,2.50,2.50,0.00 (0.00 %)," ",0,0,0,0,2.50,2.50,2.50,2.50
24/09/2021,2.60,2.60,2.60,0.30 (13.04 %)," ","12,100","30,492,000",0,0,2.30,2.5,2.60,2.50
23/09/2021,2.30,2.30,2.30,0.00 (0.00 %)," ",0,0,0,0,2.30,2.30,2.30,2.30
22/09/2021,2.30,2.30,2.30,0.00 (0.00 %)," ",0,0,0,0,2.30,2.3,2.30,2.30
21/09/2021,2.30,2.30,2.30,0.00 (0.00 %)," ",0,0,0,0,2.30,2.30,2.30,2.30
20/09/2021,2.30,2.30,2.30,0.00 (0.00 %)," ",0,0,0,0,2.30,2.3,2.30,2.30
17/09/2021,2.80,2.80,2.80,0.20 (7.69 %)," ","10,095","23,509,500",0,0,2.60,2.40,2.80,2.30
16/09/2021,2.60,2.60,2.60,0.00 (0.00 %)," ",0,0,0,0,2.60,2.6,2.60,2.60
15/09/2021,2.60,2.60,2.60,0.00 (0.00 %)," ",0,0,0,0,2.60,2.60,2.60,2.60
14/09/2021,2.60,2.60,2.60,0.00 (0.00 %)," ",0,0,0,0,2.60,2.6,2.60,2.60
13/09/2021,2.60,2.60,2.60,0.00 (0.00 %)," ",0,0,0,0,2.60,2.60,2.60,2.60
10/09/2021,2.60,2.60,2.60,0.10 (4.00 %)," ","7,904","20,159,600",0,0,2.50,2.5,2.60,2.50
07/10/2021,2.60,2.60,2.60,0.00 (0.00 %)," ",0,0,0,0,2.60,2.60,2.60,2.60
06/10/2021,2.60,2.60,2.60,0.00 (0.00 %)," ",0,0,0,0,2.60,2.6,2.60,2.60
05/10/2021,2.60,2.60,2.60,0.00 (0.00 %)," ",0,0,0,0,2.60,2.60,2.60,2.60
04/10/2021,2.60,2.60,2.60,0.00 (0.00 %)," ",0,0,0,0,2.60,2.6,2.60,2.60
01/10/2021,2.60,2.60,2.60,0.10 (4.00 %)," ","3,063","7,841,200",0,0,2.50,2.40,2.60,2.40
30/09/2021,2.50,2.50,2.50,0.00 (0.00 %)," ",0,0,0,0,2.50,2.5,2.50,2.50
29/09/2021,2.50,2.50,2.50,0.00 (0.00 %)," ",0,0,0,0,2.50,2.50,2.50,2.50
28/09/2021,2.50,2.50,2.50,0.00 (0.00 %)," ",0,0,0,0,2.50,2.5,2.50,2.50
27/09/2021,2.50,2.50,2.50,0.00 (0.00 %)," ",0,0,0,0,2.50,2.50,2.50,2.50
24/09/2021,2.60,2.60,2.60,0.30 (13.04 %)," ","12,100","30,492,000",0,0,2.30,2.5,2.60,2.50
23/09/2021,2.30,2.30,2.30,0.00 (0.00 %)," ",0,0,0,0,2.30,2.30,2.30,2.30
22/09/2021,2.30,2.30,2.30,0.00 (0.00 %)," ",0,0,0,0,2.30,2.3,2.30,2.30
21/09/2021,2.30,2.30,2.30,0.00 (0.00 %)," ",0,0,0,0,2.30,2.30,2.30,2.30
20/09/2021,2.30,2.30,2.30,0.00 (0.00 %)," ",0,0,0,0,2.30,2.3,2.30,2.30
17/09/2021,2.80,2.80,2.80,0.20 (7.69 %)," ","10,095","23,509,500",0,0,2.60,2.40,2.80,2.30
16/09/2021,2.60,2.60,2.60,0.00 (0.00 %)," ",0,0,0,0,2.60,2.6,2.60,2.60
15/09/2021,2.60,2.60,2.60,0.00 (0.00 %)," ",0,0,0,0,2.60,2.60,2.60,2.60
14/09/2021,2.60,2.60,2.60,0.00 (0.00 %)," ",0,0,0,0,2.60,2.6,2.60,2.60
13/09/2021,2.60,2.60,2.60,0.00 (0.00 %)," ",0,0,0,0,2.60,2.60,2.60,2.60
10/09/2021,2.60,2.60,2.60,0.10 (4.00 %)," ","7,904","20,159,600",0,0,2.50,2.5,2.60,2.50
09/09/2021,2.50,2.50,2.50,0.00 (0.00 %)," ",0,0,0,0,2.50,2.50,2.50,2.50
08/09/2021,2.50,2.50,2.50,0.00 (0.00 %)," ",0,0,0,0,2.50,2.5,2.50,2.50
07/09/2021,2.50,2.50,2.50,0.00 (0.00 %)," ",0,0,0,0,2.50,2.50,2.50,2.50
06/09/2021,2.50,2.50,2.50,0.00 (0.00 %)," ",0,0,0,0,2.50,2.5,2.50,2.50
01/09/2021,2.50,2.50,2.50,0.00 (0.00 %)," ",0,0,0,0,2.50,2.50,2.50,2.50
31/08/2021,2.50,2.50,2.50,0.00 (0.00 %)," ",0,0,0,0,2.50,2.5,2.50,2.50
30/08/2021,2.50,2.50,2.50,0.00 (0.00 %)," ",0,0,0,0,2.50,2.50,2.50,2.50
27/08/2021,2.60,2.60,2.60,0.00 (0.00 %)," ",304,"770,400",0,0,2.60,2.5,2.60,2.50
26/08/2021,2.60,2.60,2.60,0.00 (0.00 %)," ",0,0,0,0,2.60,2.60,2.60,2.60
25/08/2021,2.60,2.60,2.60,0.00 (0.00 %)," ",0,0,0,0,2.60,2.6,2.60,2.60
24/08/2021,2.60,2.60,2.60,0.00 (0.00 %)," ",0,0,0,0,2.60,2.60,2.60,2.60
23/08/2021,2.60,2.60,2.60,0.00 (0.00 %)," ",0,0,0,0,2.60,2.6,2.60,2.60
20/08/2021,2.50,2.50,2.50,-0.10 (-3.85 %)," ","9,750","24,880,000",0,0,2.60,2.40,2.60,2.40
19/08/2021,2.60,2.60,2.60,0.00 (0.00 %)," ",0,0,0,0,2.60,2.6,2.60,2.60
18/08/2021,2.60,2.60,2.60,0.00 (0.00 %)," ",0,0,0,0,2.60,2.60,2.60,2.60
17/08/2021,2.60,2.60,2.60,0.00 (0.00 %)," ",0,0,0,0,2.60,2.6,2.60,2.60
16/08/2021,2.60,2.60,2.60,0.00 (0.00 %)," ",0,0,0,0,2.60,2.60,2.60,2.60
13/08/2021,2.60,2.60,2.60,0.00 (0.00 %)," ","12,647","32,957,500",0,0,2.60,2.6,2.70,2.60
12/08/2021,2.60,2.60,2.60,0.00 (0.00 %)," ",0,0,0,0,2.60,2.60,2.60,2.60
11/08/2021,2.60,2.60,2.60,0.00 (0.00 %)," ",0,0,0,0,2.60,2.6,2.60,2.60
10/08/2021,2.60,2.60,2.60,0.00 (0.00 %)," ",0,0,0,0,2.60,2.60,2.60,2.60
09/08/2021,2.60,2.60,2.60,0.00 (0.00 %)," ",0,0,0,0,2.60,2.6,2.60,2.60
06/08/2021,2.60,2.60,2.60,0.10 (4.00 %)," ","69,613","180,977,200",0,0,2.50,2.60,2.60,2.60
05/08/2021,2.50,2.50,2.50,0.00 (0.00 %)," ",0,0,0,0,2.50,2.5,2.50,2.50
04/08/2021,2.50,2.50,2.50,0.00 (0.00 %)," ",0,0,0,0,2.50,2.50,2.50,2.50
03/08/2021,2.50,2.50,2.50,0.00 (0.00 %)," ",0,0,0,0,2.50,2.5,2.50,2.50
02/08/2021,2.50,2.50,2.50,0.00 (0.00 %)," ",0,0,0,0,2.50,2.50,2.50,2.50
30/07/2021,2.60,2.60,2.60,0.10 (4.00 %)," ","20,916","52,393,800",0,0,2.50,2.5,2.60,2.50
29/07/2021,2.50,2.50,2.50,0.00 (0.00 %)," ",0,0,0,0,2.50,2.50,2.50,2.50
28/07/2021,2.50,2.50,2.50,0.00 (0.00 %)," ",0,0,0,0,2.50,2.5,2.50,2.50
27/07/2021,2.50,2.50,2.50,0.00 (0.00 %)," ",0,0,0,0,2.50,2.50,2.50,2.50
26/07/2021,2.50,2.50,2.50,0.00 (0.00 %)," ",0,0,0,0,2.50,2.5,2.50,2.50
23/07/2021,2.50,2.50,2.50,0.00 (0.00 %)," ",822,"2,052,800",0,0,2.50,2.50,2.50,2.50
22/07/2021,2.50,2.50,2.50,0.00 (0.00 %)," ",0,0,0,0,2.50,2.5,2.50,2.50
21/07/2021,2.50,2.50,2.50,0.00 (0.00 %)," ",0,0,0,0,2.50,2.50,2.50,2.50
20/07/2021,2.50,2.50,2.50,0.00 (0.00 %)," ",0,0,0,0,2.50,2.5,2.50,2.50
19/07/2021,2.50,2.50,2.50,0.00 (0.00 %)," ",0,0,0,0,2.50,2.50,2.50,2.50
16/07/2021,2.40,2.40,2.40,0.00 (0.00 %)," ","10,760","26,714,000",0,0,2.40,2.4,2.50,2.40
15/07/2021,2.40,2.40,2.40,0.00 (0.00 %)," ",0,0,0,0,2.40,2.40,2.40,2.40
14/07/2021,2.40,2.40,2.40,0.00 (0.00 %)," ",0,0,0,0,2.40,2.4,2.40,2.40
13/07/2021,2.40,2.40,2.40,0.00 (0.00 %)," ",0,0,0,0,2.40,2.40,2.40,2.40
12/07/2021,2.40,2.40,2.40,0.00 (0.00 %)," ",0,0,0,0,2.40,2.4,2.40,2.40
09/07/2021,2.50,2.50,2.50,0.10 (4.17 %)," ","18,900","46,132,000",0,0,2.40,2.40,2.50,2.30
08/07/2021,2.40,2.40,2.40,0.00 (0.00 %)," ",0,0,0,0,2.40,2.4,2.40,2.40
07/07/2021,2.40,2.40,2.40,0.00 (0.00 %)," ",0,0,0,0,2.40,2.40,2.40,2.40
06/07/2021,2.40,2.40,2.40,0.00 (0.00 %)," ",0,0,0,0,2.40,2.4,2.40,2.40
05/07/2021,2.40,2.40,2.40,0.00 (0.00 %)," ",0,0,0,0,2.40,2.40,2.40,2.40
02/07/2021,2.40,2.40,2.40,0.00 (0.00 %)," ","26,213","63,683,200",0,0,2.40,2.4,2.50,2.40
01/07/2021,2.40,2.40,2.40,0.00 (0.00 %)," ",0,0,0,0,2.40,2.40,2.40,2.40
30/06/2021,2.40,2.40,2.40,0.00 (0.00 %)," ",0,0,0,0,2.40,2.4,2.40,2.40
29/06/2021,2.40,2.40,2.40,0.00 (0.00 %)," ",0,0,0,0,2.40,2.40,2.40,2.40
28/06/2021,2.40,2.40,2.40,0.00 (0.00 %)," ",0,0,0,0,2.40,2.4,2.40,2.40
25/06/2021,2.50,2.50,2.50,0.10 (4.17 %)," ","13,267","31,944,100",0,0,2.40,2.40,2.50,2.40
24/06/2021,2.40,2.40,2.40,0.00 (0.00 %)," ",0,0,0,0,2.40,2.4,2.40,2.40
23/06/2021,2.40,2.40,2.40,0.00 (0.00 %)," ",0,0,0,0,2.40,2.40,2.40,2.40
22/06/2021,2.40,2.40,2.40,0.00 (0.00 %)," ",0,0,0,0,2.40,2.4,2.40,2.40
18/06/2021,2.40,2.40,2.40,0.00 (0.00 %)," ","11,549","27,751,600",0,0,2.40,2.40,2.50,2.40
17/06/2021,2.40,2.40,2.40,0.00 (0.00 %)," ",0,0,0,0,2.40,2.4,2.40,2.40
16/06/2021,2.40,2.40,2.40,0.00 (0.00 %)," ",0,0,0,0,2.40,2.40,2.40,2.40
15/06/2021,2.40,2.40,2.40,0.00 (0.00 %)," ",0,0,0,0,2.40,2.4,2.40,2.40
14/06/2021,2.40,2.40,2.40,0.00 (0.00 %)," ",0,0,0,0,2.40,2.40,2.40,2.40
11/06/2021,2.40,2.40,2.40,0.10 (4.35 %)," ","28,080","67,306,000",0,0,2.30,2.3,2.40,2.30
10/06/2021,2.30,2.30,2.30,0.00 (0.00 %)," ",0,0,0,0,2.30,2.30,2.30,2.30
09/06/2021,2.30,2.30,2.30,0.00 (0.00 %)," ",0,0,0,0,2.30,2.3,2.30,2.30
08/06/2021,2.30,2.30,2.30,0.00 (0.00 %)," ",0,0,0,0,2.30,2.30,2.30,2.30
07/06/2021,2.30,2.30,2.30,0.00 (0.00 %)," ",0,0,0,0,2.30,2.3,2.30,2.30
04/06/2021,2.40,2.40,2.40,0.00 (0.00 %)," ","12,080","28,328,000",0,0,2.40,2.40,2.40,2.10
03/06/2021,2.40,2.40,2.40,0.00 (0.00 %)," ",0,0,0,0,2.40,2.4,2.40,2.40
02/06/2021,2.40,2.40,2.40,0.00 (0.00 %)," ",0,0,0,0,2.40,2.40,2.40,2.40
01/06/2021,2.40,2.40,2.40,0.00 (0.00 %)," ",0,0,0,0,2.40,2.4,2.40,2.40
31/05/2021,2.40,2.40,2.40,0.00 (0.00 %)," ",0,0,0,0,2.40,2.40,2.40,2.40
28/05/2021,2.40,2.40,2.40,0.00 (0.00 %)," ","6,714","16,113,600",0,0,2.40,2.4,2.40,2.40
27/05/2021,2.40,2.40,2.40,0.00 (0.00 %)," ",0,0,0,0,2.40,2.40,2.40,2.40
26/05/2021,2.40,2.40,2.40,0.00 (0.00 %)," ",0,0,0,0,2.40,2.4,2.40,2.40
25/05/2021,2.40,2.40,2.40,0.00 (0.00 %)," ",0,0,0,0,2.40,2.40,2.40,2.40
24/05/2021,2.40,2.40,2.40,0.00 (0.00 %)," ",0,0,0,0,2.40,2.4,2.40,2.40
21/05/2021,2.50,2.50,2.50,0.10 (4.17 %)," ","8,800","21,270,000",0,0,2.40,2.40,2.50,2.40
20/05/2021,2.40,2.40,2.40,0.00 (0.00 %)," ",0,0,0,0,2.40,2.4,2.40,2.40
19/05/2021,2.40,2.40,2.40,0.00 (0.00 %)," ",0,0,0,0,2.40,2.40,2.40,2.40
18/05/2021,2.40,2.40,2.40,0.00 (0.00 %)," ",0,0,0,0,2.40,2.4,2.40,2.40
17/05/2021,2.40,2.40,2.40,0.00 (0.00 %)," ",0,0,0,0,2.40,2.40,2.40,2.40
14/05/2021,2.40,2.40,2.40,0.00 (0.00 %)," ","5,030","12,072,000",0,0,2.40,2.4,2.40,2.40
13/05/2021,2.40,2.40,2.40,0.00 (0.00 %)," ",0,0,0,0,2.40,2.40,2.40,2.40
12/05/2021,2.40,2.40,2.40,0.00 (0.00 %)," ",0,0,0,0,2.40,2.4,2.40,2.40
11/05/2021,2.40,2.40,2.40,0.00 (0.00 %)," ",0,0,0,0,2.40,2.40,2.40,2.40
10/05/2021,2.40,2.40,2.40,0.00 (0.00 %)," ",0,0,0,0,2.40,2.4,2.40,2.40
07/05/2021,2.40,2.40,2.40,0.00 (0.00 %)," ","8,147","19,540,100",0,0,2.40,2.40,2.40,2.40
06/05/2021,2.40,2.40,2.40,0.00 (0.00 %)," ",0,0,0,0,2.40,2.4,2.40,2.40
05/05/2021,2.40,2.40,2.40,0.00 (0.00 %)," ",0,0,0,0,2.40,2.40,2.40,2.40
04/05/2021,2.40,2.40,2.40,0.00 (0.00 %)," ",0,0,0,0,2.40,2.4,2.40,2.40
29/04/2021,2.40,2.40,2.40,0.00 (0.00 %)," ",0,0,0,0,2.40,2.40,2.40,2.40
28/04/2021,2.40,2.40,2.40,0.00 (0.00 %)," ",0,0,0,0,2.40,2.4,2.40,2.40
27/04/2021,2.40,2.40,2.40,0.00 (0.00 %)," ",0,0,0,0,2.40,2.40,2.40,2.40
26/04/2021,2.40,2.40,2.40,0.00 (0.00 %)," ",0,0,0,0,2.40,2.4,2.40,2.40
23/04/2021,2.40,2.40,2.40,0.00 (0.00 %)," ","4,020","9,626,000",0,0,2.40,2.40,2.40,2.40
22/04/2021,2.40,2.40,2.40,0.00 (0.00 %)," ",0,0,0,0,2.40,2.4,2.40,2.40
20/04/2021,2.40,2.40,2.40,0.00 (0.00 %)," ",0,0,0,0,2.40,2.40,2.40,2.40
19/04/2021,2.40,2.40,2.40,0.00 (0.00 %)," ",0,0,0,0,2.40,2.4,2.40,2.40
16/04/2021,2.40,2.40,2.40,0.00 (0.00 %)," ","17,800","42,754,000",0,0,2.40,2.40,2.50,2.40
14/04/2021,2.40,2.40,2.40,0.00 (0.00 %)," ",0,0,0,0,2.40,2.4,2.40,2.40
13/04/2021,2.40,2.40,2.40,0.00 (0.00 %)," ",0,0,0,0,2.40,2.40,2.40,2.40
12/04/2021,2.40,2.40,2.40,0.00 (0.00 %)," ",0,0,0,0,2.40,2.4,2.40,2.40
08/04/2021,2.40,2.40,2.40,0.00 (0.00 %)," ",0,0,0,0,2.40,2.40,2.40,2.40
07/04/2021,2.40,2.40,2.40,0.00 (0.00 %)," ",0,0,0,0,2.40,2.4,2.40,2.40
06/04/2021,2.40,2.40,2.40,0.00 (0.00 %)," ",0,0,0,0,2.40,2.40,2.40,2.40
05/04/2021,2.40,2.40,2.40,0.00 (0.00 %)," ",0,0,0,0,2.40,2.4,2.40,2.40
02/04/2021,2.30,2.30,2.30,-0.20 (-8.00 %)," ","4,837","11,575,100",0,0,2.50,2.70,2.70,2.30
01/04/2021,2.50,2.50,2.50,0.00 (0.00 %)," ",0,0,0,0,2.50,2.5,2.50,2.50
31/03/2021,2.50,2.50,2.50,0.00 (0.00 %)," ",0,0,0,0,2.50,2.50,2.50,2.50
30/03/2021,2.50,2.50,2.50,0.00 (0.00 %)," ",0,0,0,0,2.50,2.5,2.50,2.50
29/03/2021,2.50,2.50,2.50,0.00 (0.00 %)," ",0,0,0,0,2.50,2.50,2.50,2.50
26/03/2021,2.70,2.70,2.70,0.00 (0.00 %)," ",0,0,0,0,2.70,2.7,2.70,2.70
25/03/2021,2.70,2.70,2.70,0.00 (0.00 %)," ",0,0,0,0,2.70,2.70,2.70,2.70
24/03/2021,2.70,2.70,2.70,0.00 (0.00 %)," ",0,0,0,0,2.70,2.7,2.70,2.70
23/03/2021,2.70,2.70,2.70,0.00 (0.00 %)," ",0,0,0,0,2.70,2.70,2.70,2.70
22/03/2021,2.70,2.70,2.70,0.00 (0.00 %)," ",0,0,0,0,2.70,2.7,2.70,2.70
19/03/2021,2.50,2.50,2.50,0.10 (4.17 %)," ","9,440","25,386,000",0,0,2.40,2.60,2.70,2.50
18/03/2021,2.40,2.40,2.40,0.00 (0.00 %)," ",0,0,0,0,2.40,2.4,2.40,2.40
17/03/2021,2.40,2.40,2.40,0.00 (0.00 %)," ",0,0,0,0,2.40,2.40,2.40,2.40
16/03/2021,2.40,2.40,2.40,0.00 (0.00 %)," ",0,0,0,0,2.40,2.4,2.40,2.40
15/03/2021,2.40,2.40,2.40,0.00 (0.00 %)," ",0,0,0,0,2.40,2.40,2.40,2.40
12/03/2021,2.70,2.70,2.70,0.30 (12.50 %)," ","9,500","22,930,000",0,0,2.40,2.4,2.70,2.40
11/03/2021,2.40,2.40,2.40,0.00 (0.00 %)," ",0,0,0,0,2.40,2.40,2.40,2.40
10/03/2021,2.40,2.40,2.40,0.00 (0.00 %)," ",0,0,0,0,2.40,2.4,2.40,2.40
09/03/2021,2.40,2.40,2.40,0.00 (0.00 %)," ",0,0,0,0,2.40,2.40,2.40,2.40
08/03/2021,2.40,2.40,2.40,0.00 (0.00 %)," ",0,0,0,0,2.40,2.4,2.40,2.40
05/03/2021,2.40,2.40,2.40,0.00 (0.00 %)," ","23,880","57,288,000",0,0,2.40,2.40,2.40,2.40
04/03/2021,2.40,2.40,2.40,0.00 (0.00 %)," ",0,0,0,0,2.40,2.4,2.40,2.40
03/03/2021,2.40,2.40,2.40,0.00 (0.00 %)," ",0,0,0,0,2.40,2.40,2.40,2.40
02/03/2021,2.40,2.40,2.40,0.00 (0.00 %)," ",0,0,0,0,2.40,2.4,2.40,2.40
01/03/2021,2.40,2.40,2.40,0.00 (0.00 %)," ",0,0,0,0,2.40,2.40,2.40,2.40
26/02/2021,2.40,2.40,2.40,0.00 (0.00 %)," ","6,047","14,498,700",0,0,2.40,2.4,2.40,2.40
25/02/2021,2.40,2.40,2.40,0.00 (0.00 %)," ",0,0,0,0,2.40,2.40,2.40,2.40
24/02/2021,2.40,2.40,2.40,0.00 (0.00 %)," ",0,0,0,0,2.40,2.4,2.40,2.40
23/02/2021,2.40,2.40,2.40,0.00 (0.00 %)," ",0,0,0,0,2.40,2.40,2.40,2.40
22/02/2021,2.40,2.40,2.40,0.00 (0.00 %)," ",0,0,0,0,2.40,2.4,2.40,2.40
19/02/2021,2.40,2.40,2.40,0.00 (0.00 %)," ","18,487","44,311,400",0,0,2.40,2.40,2.40,2.40
18/02/2021,2.40,2.40,2.40,0.00 (0.00 %)," ",0,0,0,0,2.40,2.4,2.40,2.40
17/02/2021,2.40,2.40,2.40,0.00 (0.00 %)," ",0,0,0,0,2.40,2.40,2.40,2.40
09/02/2021,2.40,2.40,2.40,0.00 (0.00 %)," ",0,0,0,0,2.40,2.4,2.40,2.40
05/02/2021,2.40,2.40,2.40,0.00 (0.00 %)," ","8,330","19,862,000",0,0,2.40,2.40,2.40,2.30
04/02/2021,2.40,2.40,2.40,0.00 (0.00 %)," ",0,0,0,0,2.40,2.4,2.40,2.40
03/02/2021,2.40,2.40,2.40,0.00 (0.00 %)," ",0,0,0,0,2.40,2.40,2.40,2.40
02/02/2021,2.40,2.40,2.40,0.00 (0.00 %)," ",0,0,0,0,2.40,2.4,2.40,2.40
01/02/2021,2.40,2.40,2.40,0.00 (0.00 %)," ",0,0,0,0,2.40,2.40,2.40,2.40
29/01/2021,2.40,2.40,2.40,0.00 (0.00 %)," ","12,280","29,438,000",0,0,2.40,2.3,2.50,2.30
28/01/2021,2.40,2.40,2.40,0.00 (0.00 %)," ",0,0,0,0,2.40,2.40,2.40,2.40
27/01/2021,2.40,2.40,2.40,0.00 (0.00 %)," ",0,0,0,0,2.40,2.4,2.40,2.40
26/01/2021,2.40,2.40,2.40,0.00 (0.00 %)," ",0,0,0,0,2.40,2.40,2.40,2.40
25/01/2021,2.40,2.40,2.40,0.00 (0.00 %)," ",0,0,0,0,2.40,2.4,2.40,2.40
22/01/2021,2.40,2.40,2.40,0.30 (14.29 %)," ","24,479","58,659,900",0,0,2.10,2.40,2.40,2.40
21/01/2021,2.10,2.10,2.10,0.00 (0.00 %)," ",0,0,0,0,2.10,2.1,2.10,2.10
20/01/2021,2.10,2.10,2.10,0.00 (0.00 %)," ",0,0,0,0,2.10,2.10,2.10,2.10
19/01/2021,2.10,2.10,2.10,0.00 (0.00 %)," ",0,0,0,0,2.10,2.1,2.10,2.10
18/01/2021,2.10,2.10,2.10,0.00 (0.00 %)," ",0,0,0,0,2.10,2.10,2.10,2.10
15/01/2021,2.10,2.10,2.10,0.20 (10.53 %)," ","53,780","111,374,000",0,0,1.90,1.9,2.10,1.90
14/01/2021,1.90,1.90,1.90,0.00 (0.00 %)," ",0,0,0,0,1.90,1.90,1.90,1.90
13/01/2021,1.90,1.90,1.90,0.00 (0.00 %)," ",0,0,0,0,1.90,1.9,1.90,1.90
12/01/2021,1.90,1.90,1.90,0.00 (0.00 %)," ",0,0,0,0,1.90,1.90,1.90,1.90
11/01/2021,1.90,1.90,1.90,0.00 (0.00 %)," ",0,0,0,0,1.90,1.9,1.90,1.90
08/01/2021,1.80,1.80,1.80,0.10 (5.88 %)," ","41,588","77,303,900",0,0,1.70,1.70,1.90,1.70
07/01/2021,1.70,1.70,1.70,0.00 (0.00 %)," ",0,0,0,0,1.70,1.7,1.70,1.70
06/01/2021,1.70,1.70,1.70,0.00 (0.00 %)," ",0,0,0,0,1.70,1.70,1.70,1.70
05/01/2021,1.70,1.70,1.70,0.00 (0.00 %)," ",0,0,0,0,1.70,1.7,1.70,1.70
04/01/2021,1.70,1.70,1.70,0.00 (0.00 %)," ",0,0,0,0,1.70,1.70,1.70,1.70
31/12/2020,1.70,1.70,1.70,0.00 (0.00 %)," ",0,0,0,0,1.70,1.7,1.70,1.70
30/12/2020,1.70,1.70,1.70,0.00 (0.00 %)," ",0,0,0,0,1.70,1.70,1.70,1.70
29/12/2020,1.70,1.70,1.70,0.00 (0.00 %)," ",0,0,0,0,1.70,1.7,1.70,1.70
28/12/2020,1.70,1.70,1.70,0.00 (0.00 %)," ",0,0,0,0,1.70,1.70,1.70,1.70
25/12/2020,1.80,1.80,1.80,0.10 (5.88 %)," ","4,630","7,770,000",0,0,1.70,1.7,1.80,1.60
24/12/2020,1.70,1.70,1.70,0.00 (0.00 %)," ",0,0,0,0,1.70,1.70,1.70,1.70
23/12/2020,1.70,1.70,1.70,0.00 (0.00 %)," ",0,0,0,0,1.70,1.7,1.70,1.70
22/12/2020,1.70,1.70,1.70,0.00 (0.00 %)," ",0,0,0,0,1.70,1.70,1.70,1.70
21/12/2020,1.70,1.70,1.70,0.00 (0.00 %)," ",0,0,0,0,1.70,1.7,1.70,1.70
18/12/2020,1.70,1.70,1.70,-0.10 (-5.56 %)," ","20,062","34,367,900",0,0,1.80,1.60,1.80,1.60
17/12/2020,1.80,1.80,1.80,0.00 (0.00 %)," ",0,0,0,0,1.80,1.8,1.80,1.80
16/12/2020,1.80,1.80,1.80,0.00 (0.00 %)," ",0,0,0,0,1.80,1.80,1.80,1.80
15/12/2020,1.80,1.80,1.80,0.00 (0.00 %)," ",0,0,0,0,1.80,1.8,1.80,1.80
14/12/2020,1.80,1.80,1.80,0.00 (0.00 %)," ",0,0,0,0,1.80,1.80,1.80,1.80
11/12/2020,1.80,1.80,1.80,0.00 (0.00 %)," ","30,700","54,010,000",0,0,1.80,1.7,1.90,1.60
10/12/2020,1.80,1.80,1.80,0.00 (0.00 %)," ",0,0,0,0,1.80,1.80,1.80,1.80
09/12/2020,1.80,1.80,1.80,0.00 (0.00 %)," ",0,0,0,0,1.80,1.8,1.80,1.80
08/12/2020,1.80,1.80,1.80,0.00 (0.00 %)," ",0,0,0,0,1.80,1.80,1.80,1.80
07/12/2020,1.80,1.80,1.80,0.00 (0.00 %)," ",0,0,0,0,1.80,1.8,1.80,1.80
04/12/2020,1.90,1.90,1.90,0.00 (0.00 %)," ","11,400","20,900,000",0,0,1.90,1.90,1.90,1.70
03/12/2020,1.90,1.90,1.90,0.00 (0.00 %)," ",0,0,0,0,1.90,1.9,1.90,1.90
02/12/2020,1.90,1.90,1.90,0.00 (0.00 %)," ",0,0,0,0,1.90,1.90,1.90,1.90
01/12/2020,1.90,1.90,1.90,0.00 (0.00 %)," ",0,0,0,0,1.90,1.9,1.90,1.90
30/11/2020,1.90,1.90,1.90,0.00 (0.00 %)," ",0,0,0,0,1.90,1.90,1.90,1.90
26/11/2020,1.90,1.90,1.90,0.00 (0.00 %)," ",0,0,0,0,1.90,1.9,1.90,1.90
25/11/2020,1.90,1.90,1.90,0.00 (0.00 %)," ",0,0,0,0,1.90,1.90,1.90,1.90
24/11/2020,1.90,1.90,1.90,0.00 (0.00 %)," ",0,0,0,0,1.90,1.9,1.90,1.90
20/11/2020,1.80,1.80,1.80,-0.10 (-5.26 %)," ","14,245","26,524,000",0,0,1.90,1.80,1.90,1.80
19/11/2020,1.90,1.90,1.90,0.00 (0.00 %)," ",0,0,0,0,1.90,1.9,1.90,1.90
18/11/2020,1.90,1.90,1.90,0.00 (0.00 %)," ",0,0,0,0,1.90,1.90,1.90,1.90
17/11/2020,1.90,1.90,1.90,0.00 (0.00 %)," ",0,0,0,0,1.90,1.9,1.90,1.90
16/11/2020,1.90,1.90,1.90,0.00 (0.00 %)," ",0,0,0,0,1.90,1.90,1.90,1.90
13/11/2020,1.90,1.90,1.90,0.00 (0.00 %)," ","4,010","7,490,000",0,0,1.90,1.7,2.00,1.70
12/11/2020,1.90,1.90,1.90,0.00 (0.00 %)," ",0,0,0,0,1.90,1.90,1.90,1.90
11/11/2020,1.90,1.90,1.90,0.00 (0.00 %)," ",0,0,0,0,1.90,1.9,1.90,1.90
10/11/2020,1.90,1.90,1.90,0.00 (0.00 %)," ",0,0,0,0,1.90,1.90,1.90,1.90
09/11/2020,1.90,1.90,1.90,0.00 (0.00 %)," ",0,0,0,0,1.90,1.9,1.90,1.90
06/11/2020,1.80,1.80,1.80,-0.10 (-5.26 %)," ","5,486","10,388,500",0,0,1.90,1.80,2.00,1.80
05/11/2020,1.90,1.90,1.90,0.00 (0.00 %)," ",0,0,0,0,1.90,1.9,1.90,1.90
04/11/2020,1.90,1.90,1.90,0.00 (0.00 %)," ",0,0,0,0,1.90,1.90,1.90,1.90
03/11/2020,1.90,1.90,1.90,0.00 (0.00 %)," ",0,0,0,0,1.90,1.9,1.90,1.90
02/11/2020,1.90,1.90,1.90,0.00 (0.00 %)," ",0,0,0,0,1.90,1.90,1.90,1.90
30/10/2020,1.90,1.90,1.90,0.00 (0.00 %)," ",7,"12,600",0,0,1.90,1.9,1.90,1.90
29/10/2020,1.90,1.90,1.90,0.00 (0.00 %)," ",0,0,0,0,1.90,1.90,1.90,1.90
28/10/2020,1.90,1.90,1.90,0.00 (0.00 %)," ",0,0,0,0,1.90,1.9,1.90,1.90
27/10/2020,1.90,1.90,1.90,0.00 (0.00 %)," ",0,0,0,0,1.90,1.90,1.90,1.90
26/10/2020,1.90,1.90,1.90,0.00 (0.00 %)," ",0,0,0,0,1.90,1.9,1.90,1.90
23/10/2020,2.00,2.00,2.00,0.00 (0.00 %)," ","3,245","6,225,500",0,0,2.00,1.90,2.00,1.90
22/10/2020,2.00,2.00,2.00,0.00 (0.00 %)," ",0,0,0,0,2.00,2.0,2.00,2.00
21/10/2020,2.00,2.00,2.00,0.00 (0.00 %)," ",0,0,0,0,2.00,2.00,2.00,2.00
20/10/2020,2.00,2.00,2.00,0.00 (0.00 %)," ",0,0,0,0,2.00,2.0,2.00,2.00
19/10/2020,2.00,2.00,2.00,0.00 (0.00 %)," ",0,0,0,0,2.00,2.00,2.00,2.00
16/10/2020,2.00,2.00,2.00,-0.10 (-4.76 %)," ","6,141","12,279,800",0,0,2.10,2.0,2.00,2.00
15/10/2020,2.10,2.10,2.10,0.00 (0.00 %)," ",0,0,0,0,2.10,2.10,2.10,2.10
14/10/2020,2.10,2.10,2.10,0.00 (0.00 %)," ",0,0,0,0,2.10,2.1,2.10,2.10
13/10/2020,2.10,2.10,2.10,0.00 (0.00 %)," ",0,0,0,0,2.10,2.10,2.10,2.10
12/10/2020,2.10,2.10,2.10,0.00 (0.00 %)," ",0,0,0,0,2.10,2.1,2.10,2.10
09/10/2020,2.10,2.10,2.10,0.00 (0.00 %)," ",510,"1,071,000",0,0,2.10,2.10,2.10,2.10
08/10/2020,2.10,2.10,2.10,0.00 (0.00 %)," ",0,0,0,0,2.10,2.1,2.10,2.10
07/10/2020,2.10,2.10,2.10,0.00 (0.00 %)," ",0,0,0,0,2.10,2.10,2.10,2.10
06/10/2020,2.10,2.10,2.10,0.00 (0.00 %)," ",0,0,0,0,2.10,2.1,2.10,2.10
05/10/2020,2.10,2.10,2.10,0.00 (0.00 %)," ",0,0,0,0,2.10,2.10,2.10,2.10
02/10/2020,2.10,2.10,2.10,0.10 (5.00 %)," ","5,600","11,900,000","1,800,000","3,600,000,000",2.00,2.1,2.30,2.00
01/10/2020,2.00,2.00,2.00,0.00 (0.00 %)," ",0,0,0,0,2.00,2.00,2.00,2.00
30/09/2020,2.00,2.00,2.00,0.00 (0.00 %)," ",0,0,0,0,2.00,2.0,2.00,2.00
29/09/2020,2.00,2.00,2.00,0.00 (0.00 %)," ",0,0,0,0,2.00,2.00,2.00,2.00
28/09/2020,2.00,2.00,2.00,0.00 (0.00 %)," ",0,0,0,0,2.00,2.0,2.00,2.00
25/09/2020,2.00,2.00,2.00,-0.30 (-13.04 %)," ","4,534","9,175,200",0,0,2.30,2.10,2.10,2.00
24/09/2020,2.30,2.30,2.30,0.00 (0.00 %)," ",0,0,0,0,2.30,2.3,2.30,2.30
23/09/2020,2.30,2.30,2.30,0.00 (0.00 %)," ",0,0,0,0,2.30,2.30,2.30,2.30
22/09/2020,2.30,2.30,2.30,0.00 (0.00 %)," ",0,0,0,0,2.30,2.3,2.30,2.30
21/09/2020,2.30,2.30,2.30,0.00 (0.00 %)," ",0,0,0,0,2.30,2.30,2.30,2.30
18/09/2020,2.30,2.30,2.30,-0.10 (-4.17 %)," ","4,375","10,093,500",0,0,2.40,2.4,2.50,2.30
17/09/2020,2.40,2.40,2.40,0.00 (0.00 %)," ",0,0,0,0,2.40,2.40,2.40,2.40
16/09/2020,2.40,2.40,2.40,0.00 (0.00 %)," ",0,0,0,0,2.40,2.4,2.40,2.40
15/09/2020,2.40,2.40,2.40,0.00 (0.00 %)," ",0,0,0,0,2.40,2.40,2.40,2.40
14/09/2020,2.40,2.40,2.40,0.00 (0.00 %)," ",0,0,0,0,2.40,2.4,2.40,2.40
11/09/2020,2.30,2.30,2.30,-0.10 (-4.17 %)," ","5,379","12,892,900",92,"220,800",2.40,2.50,2.50,2.30
10/09/2020,2.40,2.40,2.40,0.00 (0.00 %)," ",0,0,0,0,2.40,2.4,2.40,2.40
09/09/2020,2.40,2.40,2.40,0.00 (0.00 %)," ",0,0,0,0,2.40,2.40,2.40,2.40
08/09/2020,2.40,2.40,2.40,0.00 (0.00 %)," ",0,0,0,0,2.40,2.4,2.40,2.40
07/09/2020,2.40,2.40,2.40,0.00 (0.00 %)," ",0,0,0,0,2.40,2.40,2.40,2.40
04/09/2020,2.40,2.40,2.40,0.00 (0.00 %)," ","6,240","14,966,000",0,0,2.40,2.3,2.40,2.30
03/09/2020,2.40,2.40,2.40,0.00 (0.00 %)," ",0,0,0,0,2.40,2.40,2.40,2.40
01/09/2020,2.40,2.40,2.40,0.00 (0.00 %)," ",0,0,0,0,2.40,2.4,2.40,2.40
31/08/2020,2.40,2.40,2.40,0.00 (0.00 %)," ",0,0,0,0,2.40,2.40,2.40,2.40
28/08/2020,2.40,2.40,2.40,-0.10 (-4.00 %)," ","2,121","5,101,800",0,0,2.50,2.5,2.50,2.40
27/08/2020,2.50,2.50,2.50,0.00 (0.00 %)," ",0,0,0,0,2.50,2.50,2.50,2.50
26/08/2020,2.50,2.50,2.50,0.00 (0.00 %)," ",0,0,0,0,2.50,2.5,2.50,2.50
25/08/2020,2.50,2.50,2.50,0.00 (0.00 %)," ",0,0,0,0,2.50,2.50,2.50,2.50
24/08/2020,2.50,2.50,2.50,0.00 (0.00 %)," ",0,0,0,0,2.50,2.5,2.50,2.50
21/08/2020,2.50,2.50,2.50,0.00 (0.00 %)," ",380,"944,000",0,0,2.50,2.60,2.60,2.50
20/08/2020,2.50,2.50,2.50,0.00 (0.00 %)," ",0,0,0,0,2.50,2.5,2.50,2.50
19/08/2020,2.50,2.50,2.50,0.00 (0.00 %)," ",0,0,0,0,2.50,2.50,2.50,2.50
18/08/2020,2.50,2.50,2.50,0.00 (0.00 %)," ",0,0,0,0,2.50,2.5,2.50,2.50
17/08/2020,2.50,2.50,2.50,0.00 (0.00 %)," ",0,0,0,0,2.50,2.50,2.50,2.50
14/08/2020,2.50,2.50,2.50,0.20 (8.70 %)," ",110,"275,000",0,0,2.30,2.5,2.50,2.50
13/08/2020,2.30,2.30,2.30,0.00 (0.00 %)," ",0,0,0,0,2.30,2.30,2.30,2.30
12/08/2020,2.30,2.30,2.30,0.00 (0.00 %)," ",0,0,0,0,2.30,2.3,2.30,2.30
11/08/2020,2.30,2.30,2.30,0.00 (0.00 %)," ",0,0,0,0,2.30,2.30,2.30,2.30
10/08/2020,2.30,2.30,2.30,0.00 (0.00 %)," ",0,0,0,0,2.30,2.3,2.30,2.30
07/08/2020,2.60,2.60,2.60,0.10 (4.00 %)," ","5,880","13,554,000",0,0,2.50,2.30,2.60,2.30
06/08/2020,2.50,2.50,2.50,0.00 (0.00 %)," ",0,0,0,0,2.50,2.5,2.50,2.50
05/08/2020,2.50,2.50,2.50,0.00 (0.00 %)," ",0,0,0,0,2.50,2.50,2.50,2.50
04/08/2020,2.50,2.50,2.50,0.00 (0.00 %)," ",0,0,0,0,2.50,2.5,2.50,2.50
03/08/2020,2.50,2.50,2.50,0.00 (0.00 %)," ",0,0,0,0,2.50,2.50,2.50,2.50
31/07/2020,2.50,2.50,2.50,0.10 (4.17 %)," ","5,200","12,910,000",0,0,2.40,2.3,2.50,2.30
30/07/2020,2.40,2.40,2.40,0.00 (0.00 %)," ",0,0,0,0,2.40,2.40,2.40,2.40
29/07/2020,2.40,2.40,2.40,0.00 (0.00 %)," ",0,0,0,0,2.40,2.4,2.40,2.40
28/07/2020,2.40,2.40,2.40,0.00 (0.00 %)," ",0,0,0,0,2.40,2.40,2.40,2.40
27/07/2020,2.40,2.40,2.40,0.00 (0.00 %)," ",0,0,0,0,2.40,2.4,2.40,2.40
24/07/2020,2.30,2.30,2.30,-0.10 (-4.17 %)," ","10,193","24,539,200",0,0,2.40,2.40,2.50,2.30
23/07/2020,2.40,2.40,2.40,0.00 (0.00 %)," ",0,0,0,0,2.40,2.4,2.40,2.40
22/07/2020,2.40,2.40,2.40,0.00 (0.00 %)," ",0,0,0,0,2.40,2.40,2.40,2.40
21/07/2020,2.40,2.40,2.40,0.00 (0.00 %)," ",0,0,0,0,2.40,2.4,2.40,2.40
20/07/2020,2.40,2.40,2.40,0.00 (0.00 %)," ",0,0,0,0,2.40,2.40,2.40,2.40
17/07/2020,2.50,2.50,2.50,0.00 (0.00 %)," ","15,180","36,804,000",0,0,2.50,2.5,2.50,2.40
16/07/2020,2.50,2.50,2.50,0.00 (0.00 %)," ",0,0,0,0,2.50,2.50,2.50,2.50
15/07/2020,2.50,2.50,2.50,0.00 (0.00 %)," ",0,0,0,0,2.50,2.5,2.50,2.50
14/07/2020,2.50,2.50,2.50,0.00 (0.00 %)," ",0,0,0,0,2.50,2.50,2.50,2.50
13/07/2020,2.50,2.50,2.50,0.00 (0.00 %)," ",0,0,0,0,2.50,2.5,2.50,2.50
10/07/2020,2.30,2.30,2.30,0.00 (0.00 %)," ","19,180","47,778,000",0,0,2.30,2.50,2.50,2.30
09/07/2020,2.30,2.30,2.30,0.00 (0.00 %)," ",0,0,0,0,2.30,2.3,2.30,2.30
08/07/2020,2.30,2.30,2.30,0.00 (0.00 %)," ",0,0,0,0,2.30,2.30,2.30,2.30
07/07/2020,2.30,2.30,2.30,0.00 (0.00 %)," ",0,0,0,0,2.30,2.3,2.30,2.30
06/07/2020,2.30,2.30,2.30,0.00 (0.00 %)," ",0,0,0,0,2.30,2.30,2.30,2.30
03/07/2020,2.30,2.30,2.30,0.00 (0.00 %)," ","29,847","67,908,700",0,0,2.30,2.2,2.30,2.20
02/07/2020,2.30,2.30,2.30,0.00 (0.00 %)," ",0,0,0,0,2.30,2.30,2.30,2.30
01/07/2020,2.30,2.30,2.30,0.00 (0.00 %)," ",0,0,0,0,2.30,2.3,2.30,2.30
30/06/2020,2.30,2.30,2.30,0.00 (0.00 %)," ",0,0,0,0,2.30,2.30,2.30,2.30
29/06/2020,2.30,2.30,2.30,0.00 (0.00 %)," ",0,0,0,0,2.30,2.3,2.30,2.30
26/06/2020,2.30,2.30,2.30,0.10 (4.55 %)," ","18,300","42,066,000",0,0,2.20,2.30,2.30,2.30
25/06/2020,2.20,2.20,2.20,0.00 (0.00 %)," ",0,0,0,0,2.20,2.2,2.20,2.20
24/06/2020,2.20,2.20,2.20,0.00 (0.00 %)," ",0,0,0,0,2.20,2.20,2.20,2.20
23/06/2020,2.20,2.20,2.20,0.00 (0.00 %)," ",0,0,0,0,2.20,2.2,2.20,2.20
22/06/2020,2.20,2.20,2.20,0.00 (0.00 %)," ",0,0,0,0,2.20,2.20,2.20,2.20
19/06/2020,2.20,2.20,2.20,0.00 (0.00 %)," ","1,000","2,200,000",0,0,2.20,2.2,2.20,2.20
18/06/2020,2.20,2.20,2.20,0.00 (0.00 %)," ",0,0,0,0,2.20,2.20,2.20,2.20
17/06/2020,2.20,2.20,2.20,0.00 (0.00 %)," ",0,0,0,0,2.20,2.2,2.20,2.20
16/06/2020,2.20,2.20,2.20,0.00 (0.00 %)," ",0,0,0,0,2.20,2.20,2.20,2.20
15/06/2020,2.20,2.20,2.20,0.00 (0.00 %)," ",0,0,0,0,2.20,2.2,2.20,2.20
12/06/2020,2.20,2.20,2.20,0.00 (0.00 %)," ","15,000","32,900,000",0,0,2.20,2.10,2.20,2.10
11/06/2020,2.20,2.20,2.20,0.00 (0.00 %)," ",0,0,0,0,2.20,2.2,2.20,2.20
10/06/2020,2.20,2.20,2.20,0.00 (0.00 %)," ",0,0,0,0,2.20,2.20,2.20,2.20
09/06/2020,2.20,2.20,2.20,0.00 (0.00 %)," ",0,0,0,0,2.20,2.2,2.20,2.20
08/06/2020,2.20,2.20,2.20,0.00 (0.00 %)," ",0,0,0,0,2.20,2.20,2.20,2.20
05/06/2020,2.10,2.10,2.10,-0.20 (-8.70 %)," ","16,158","34,833,600",0,0,2.30,2.2,2.20,2.10
04/06/2020,2.30,2.30,2.30,0.00 (0.00 %)," ",0,0,0,0,2.30,2.30,2.30,2.30
03/06/2020,2.30,2.30,2.30,0.00 (0.00 %)," ",0,0,0,0,2.30,2.3,2.30,2.30
02/06/2020,2.30,2.30,2.30,0.00 (0.00 %)," ",0,0,0,0,2.30,2.30,2.30,2.30
01/06/2020,2.30,2.30,2.30,0.00 (0.00 %)," ",0,0,0,0,2.30,2.3,2.30,2.30
29/05/2020,2.30,2.30,2.30,0.20 (9.52 %)," ","11,640","26,584,000","30,859","55,546,200",2.10,2.30,2.30,1.80
28/05/2020,2.10,2.10,2.10,0.00 (0.00 %)," ",0,0,0,0,2.10,2.1,2.10,2.10
27/05/2020,2.10,2.10,2.10,0.00 (0.00 %)," ",0,0,0,0,2.10,2.10,2.10,2.10
26/05/2020,2.10,2.10,2.10,0.00 (0.00 %)," ",0,0,0,0,2.10,2.1,2.10,2.10
25/05/2020,2.10,2.10,2.10,0.00 (0.00 %)," ",0,0,0,0,2.10,2.10,2.10,2.10
22/05/2020,2.10,2.10,2.10,0.00 (0.00 %)," ",0,0,0,0,2.10,2.1,2.10,2.10
21/05/2020,2.10,2.10,2.10,0.00 (0.00 %)," ",0,0,0,0,2.10,2.10,2.10,2.10
20/05/2020,2.10,2.10,2.10,0.00 (0.00 %)," ",0,0,0,0,2.10,2.1,2.10,2.10
19/05/2020,2.10,2.10,2.10,0.00 (0.00 %)," ",0,0,0,0,2.10,2.10,2.10,2.10
18/05/2020,2.10,2.10,2.10,0.00 (0.00 %)," ",0,0,0,0,2.10,2.1,2.10,2.10
15/05/2020,2.10,2.10,2.10,0.10 (5.00 %)," ","3,160","6,730,000",0,0,2.00,2.10,2.20,2.10
14/05/2020,2.00,2.00,2.00,0.00 (0.00 %)," ",0,0,0,0,2.00,2.0,2.00,2.00
13/05/2020,2.00,2.00,2.00,0.00 (0.00 %)," ",0,0,0,0,2.00,2.00,2.00,2.00
12/05/2020,2.00,2.00,2.00,0.00 (0.00 %)," ",0,0,0,0,2.00,2.0,2.00,2.00
11/05/2020,2.00,2.00,2.00,0.00 (0.00 %)," ",0,0,0,0,2.00,2.00,2.00,2.00
08/05/2020,2.00,2.00,2.00,0.00 (0.00 %)," ","55,385","110,762,000",0,0,2.00,2.0,2.00,2.00
07/05/2020,2.00,2.00,2.00,0.00 (0.00 %)," ",0,0,0,0,2.00,2.00,2.00,2.00
06/05/2020,2.00,2.00,2.00,0.00 (0.00 %)," ",0,0,0,0,2.00,2.0,2.00,2.00
05/05/2020,2.00,2.00,2.00,0.00 (0.00 %)," ",0,0,0,0,2.00,2.00,2.00,2.00
04/05/2020,2.00,2.00,2.00,0.00 (0.00 %)," ",0,0,0,0,2.00,2.0,2.00,2.00
29/04/2020,2.00,2.00,2.00,0.00 (0.00 %)," ",0,0,0,0,2.00,2.00,2.00,2.00
28/04/2020,2.00,2.00,2.00,0.00 (0.00 %)," ",0,0,0,0,2.00,2.0,2.00,2.00
27/04/2020,2.00,2.00,2.00,0.00 (0.00 %)," ",0,0,0,0,2.00,2.00,2.00,2.00
24/04/2020,2.30,2.30,2.30,0.10 (4.55 %)," ","3,015","6,090,000",0,0,2.20,2.0,2.30,2.00
23/04/2020,2.20,2.20,2.20,0.00 (0.00 %)," ",0,0,0,0,2.20,2.20,2.20,2.20
22/04/2020,2.20,2.20,2.20,0.00 (0.00 %)," ",0,0,0,0,2.20,2.2,2.20,2.20
21/04/2020,2.20,2.20,2.20,0.00 (0.00 %)," ",0,0,0,0,2.20,2.20,2.20,2.20
20/04/2020,2.20,2.20,2.20,0.00 (0.00 %)," ",0,0,0,0,2.20,2.2,2.20,2.20
17/04/2020,2.30,2.30,2.30,0.20 (9.52 %)," ",400,"890,000",0,0,2.10,2.20,2.30,2.10
16/04/2020,2.10,2.10,2.10,0.00 (0.00 %)," ",0,0,0,0,2.10,2.1,2.10,2.10
15/04/2020,2.10,2.10,2.10,0.00 (0.00 %)," ",0,0,0,0,2.10,2.10,2.10,2.10
14/04/2020,2.10,2.10,2.10,0.00 (0.00 %)," ",0,0,0,0,2.10,2.1,2.10,2.10
13/04/2020,2.10,2.10,2.10,0.00 (0.00 %)," ",0,0,0,0,2.10,2.10,2.10,2.10
10/04/2020,2.10,2.10,2.10,0.00 (0.00 %)," ","6,180","12,970,000",0,0,2.10,2.1,2.10,2.10
09/04/2020,2.10,2.10,2.10,0.00 (0.00 %)," ",0,0,0,0,2.10,2.10,2.10,2.10
08/04/2020,2.10,2.10,2.10,0.00 (0.00 %)," ",0,0,0,0,2.10,2.1,2.10,2.10
07/04/2020,2.10,2.10,2.10,0.00 (0.00 %)," ",0,0,0,0,2.10,2.10,2.10,2.10
06/04/2020,2.10,2.10,2.10,0.00 (0.00 %)," ",0,0,0,0,2.10,2.1,2.10,2.10
03/04/2020,2.10,2.10,2.10,0.00 (0.00 %)," ",0,0,"57,700","115,400,000",2.10,2.10,2.10,2.10
01/04/2020,2.10,2.10,2.10,0.00 (0.00 %)," ",0,0,0,0,2.10,2.1,2.10,2.10
31/03/2020,2.10,2.10,2.10,0.00 (0.00 %)," ",0,0,0,0,2.10,2.10,2.10,2.10
30/03/2020,2.10,2.10,2.10,0.00 (0.00 %)," ",0,0,0,0,2.10,2.1,2.10,2.10
27/03/2020,2.10,2.10,2.10,0.00 (0.00 %)," ",0,0,0,0,2.10,2.10,2.10,2.10
26/03/2020,2.10,2.10,2.10,0.00 (0.00 %)," ",0,0,0,0,2.10,2.1,2.10,2.10
25/03/2020,2.10,2.10,2.10,0.00 (0.00 %)," ",0,0,0,0,2.10,2.10,2.10,2.10
24/03/2020,2.10,2.10,2.10,0.00 (0.00 %)," ",0,0,0,0,2.10,2.1,2.10,2.10
23/03/2020,2.10,2.10,2.10,0.00 (0.00 %)," ",0,0,0,0,2.10,2.10,2.10,2.10
20/03/2020,2.10,2.10,2.10,0.00 (0.00 %)," ","10,100","21,210,000",80,"144,000",2.10,2.1,2.10,2.10
19/03/2020,2.10,2.10,2.10,0.00 (0.00 %)," ",0,0,0,0,2.10,2.10,2.10,2.10
18/03/2020,2.10,2.10,2.10,0.00 (0.00 %)," ",0,0,0,0,2.10,2.1,2.10,2.10
17/03/2020,2.10,2.10,2.10,0.00 (0.00 %)," ",0,0,0,0,2.10,2.10,2.10,2.10
16/03/2020,2.10,2.10,2.10,0.00 (0.00 %)," ",0,0,0,0,2.10,2.1,2.10,2.10
13/03/2020,2.10,2.10,2.10,0.10 (5.00 %)," ","20,900","43,700,000",0,0,2.00,2.00,2.20,2.00
12/03/2020,2.00,2.00,2.00,0.00 (0.00 %)," ",0,0,0,0,2.00,2.0,2.00,2.00
10/03/2020,2.00,2.00,2.00,0.00 (0.00 %)," ",0,0,0,0,2.00,2.00,2.00,2.00
09/03/2020,2.00,2.00,2.00,0.00 (0.00 %)," ",0,0,0,0,2.00,2.0,2.00,2.00
06/03/2020,2.00,2.00,2.00,0.00 (0.00 %)," ","1,800","3,600,000",0,0,2.00,2.00,2.00,2.00
05/03/2020,2.00,2.00,2.00,0.00 (0.00 %)," ",0,0,0,0,2.00,2.0,2.00,2.00
04/03/2020,2.00,2.00,2.00,0.00 (0.00 %)," ",0,0,0,0,2.00,2.00,2.00,2.00
03/03/2020,2.00,2.00,2.00,0.00 (0.00 %)," ",0,0,0,0,2.00,2.0,2.00,2.00
02/03/2020,2.00,2.00,2.00,0.00 (0.00 %)," ",0,0,0,0,2.00,2.00,2.00,2.00
28/02/2020,2.20,2.20,2.20,0.20 (10.00 %)," ","7,550","15,200,000",0,0,2.00,2.0,2.20,2.00
27/02/2020,2.00,2.00,2.00,0.00 (0.00 %)," ",0,0,0,0,2.00,2.00,2.00,2.00
26/02/2020,2.00,2.00,2.00,0.00 (0.00 %)," ",0,0,0,0,2.00,2.0,2.00,2.00
25/02/2020,2.00,2.00,2.00,0.00 (0.00 %)," ",0,0,0,0,2.00,2.00,2.00,2.00
24/02/2020,2.00,2.00,2.00,0.00 (0.00 %)," ",0,0,0,0,2.00,2.0,2.00,2.00
21/02/2020,2.00,2.00,2.00,0.10 (5.26 %)," ","1,000","2,000,000",0,0,1.90,2.00,2.00,2.00
20/02/2020,1.90,1.90,1.90,0.00 (0.00 %)," ",0,0,0,0,1.90,1.9,1.90,1.90
19/02/2020,1.90,1.90,1.90,0.00 (0.00 %)," ",0,0,0,0,1.90,1.90,1.90,1.90
18/02/2020,1.90,1.90,1.90,0.00 (0.00 %)," ",0,0,0,0,1.90,1.9,1.90,1.90
17/02/2020,1.90,1.90,1.90,0.00 (0.00 %)," ",0,0,0,0,1.90,1.90,1.90,1.90
14/02/2020,1.90,1.90,1.90,-0.20 (-9.52 %)," ","52,085","99,861,500",0,0,2.10,2.1,2.10,1.90
13/02/2020,2.10,2.10,2.10,0.00 (0.00 %)," ",0,0,0,0,2.10,2.10,2.10,2.10
12/02/2020,2.10,2.10,2.10,0.00 (0.00 %)," ",0,0,0,0,2.10,2.1,2.10,2.10
11/02/2020,2.10,2.10,2.10,0.00 (0.00 %)," ",0,0,0,0,2.10,2.10,2.10,2.10
10/02/2020,2.10,2.10,2.10,0.00 (0.00 %)," ",0,0,0,0,2.10,2.1,2.10,2.10
07/02/2020,1.90,1.90,1.90,-0.30 (-13.64 %)," ","20,958","43,481,800",0,0,2.20,2.10,2.20,1.90
06/02/2020,2.20,2.20,2.20,0.00 (0.00 %)," ",0,0,0,0,2.20,2.2,2.20,2.20
05/02/2020,2.20,2.20,2.20,0.00 (0.00 %)," ",0,0,0,0,2.20,2.20,2.20,2.20
04/02/2020,2.20,2.20,2.20,0.00 (0.00 %)," ",0,0,0,0,2.20,2.2,2.20,2.20
03/02/2020,2.20,2.20,2.20,0.00 (0.00 %)," ",0,0,0,0,2.20,2.20,2.20,2.20
31/01/2020,2.10,2.10,2.10,0.10 (5.00 %)," ","17,605","38,602,600",0,0,2.00,2.0,2.30,2.00
30/01/2020,2.00,2.00,2.00,0.00 (0.00 %)," ",0,0,0,0,2.00,2.00,2.00,2.00
22/01/2020,2.00,2.00,2.00,0.00 (0.00 %)," ",0,0,0,0,2.00,2.0,2.00,2.00
21/01/2020,2.00,2.00,2.00,0.00 (0.00 %)," ",0,0,0,0,2.00,2.00,2.00,2.00
20/01/2020,2.00,2.00,2.00,0.00 (0.00 %)," ",0,0,0,0,2.00,2.0,2.00,2.00
17/01/2020,2.00,2.00,2.00,0.20 (11.11 %)," ","1,500","3,000,000",0,0,1.80,2.00,2.00,2.00
16/01/2020,1.80,1.80,1.80,0.00 (0.00 %)," ",0,0,0,0,1.80,1.8,1.80,1.80
15/01/2020,1.80,1.80,1.80,0.00 (0.00 %)," ",0,0,0,0,1.80,1.80,1.80,1.80
14/01/2020,1.80,1.80,1.80,0.00 (0.00 %)," ",0,0,0,0,1.80,1.8,1.80,1.80
13/01/2020,1.80,1.80,1.80,0.00 (0.00 %)," ",0,0,0,0,1.80,1.80,1.80,1.80
10/01/2020,1.90,1.90,1.90,0.00 (0.00 %)," ","4,680","8,416,000",0,0,1.90,1.8,1.90,1.70
09/01/2020,1.90,1.90,1.90,0.00 (0.00 %)," ",0,0,0,0,1.90,1.90,1.90,1.90
08/01/2020,1.90,1.90,1.90,0.00 (0.00 %)," ",0,0,0,0,1.90,1.9,1.90,1.90
07/01/2020,1.90,1.90,1.90,0.00 (0.00 %)," ",0,0,0,0,1.90,1.90,1.90,1.90
06/01/2020,1.90,1.90,1.90,0.00 (0.00 %)," ",0,0,0,0,1.90,1.9,1.90,1.90
03/01/2020,1.90,1.90,1.90,-0.20 (-9.52 %)," ","5,522","10,528,400",0,0,2.10,2.20,2.20,1.90
02/01/2020,2.10,2.10,2.10,0.00 (0.00 %)," ",0,0,0,0,2.10,2.1,2.10,2.10
31/12/2019,2.10,2.10,2.10,0.00 (0.00 %)," ",0,0,0,0,2.10,2.10,2.10,2.10
30/12/2019,2.10,2.10,2.10,0.00 (0.00 %)," ",0,0,0,0,2.10,2.1,2.10,2.10
27/12/2019,2.10,2.10,2.10,-0.20 (-8.70 %)," ",100,"210,000",60,"120,000",2.30,2.10,2.10,2.10
26/12/2019,2.30,2.30,2.30,0.00 (0.00 %)," ",0,0,0,0,2.30,2.3,2.30,2.30
25/12/2019,2.30,2.30,2.30,0.00 (0.00 %)," ",0,0,0,0,2.30,2.30,2.30,2.30
24/12/2019,2.30,2.30,2.30,0.00 (0.00 %)," ",0,0,0,0,2.30,2.3,2.30,2.30
23/12/2019,2.30,2.30,2.30,0.00 (0.00 %)," ",0,0,0,0,2.30,2.30,2.30,2.30
20/12/2019,2.30,2.30,2.30,0.20 (9.52 %)," ",113,"259,900",0,0,2.10,2.3,2.30,2.30
19/12/2019,2.10,2.10,2.10,0.00 (0.00 %)," ",0,0,0,0,2.10,2.10,2.10,2.10
18/12/2019,2.10,2.10,2.10,0.00 (0.00 %)," ",0,0,0,0,2.10,2.1,2.10,2.10
17/12/2019,2.10,2.10,2.10,0.00 (0.00 %)," ",0,0,0,0,2.10,2.10,2.10,2.10
16/12/2019,2.10,2.10,2.10,0.00 (0.00 %)," ",0,0,0,0,2.10,2.1,2.10,2.10
13/12/2019,2.00,2.00,2.00,-0.20 (-9.09 %)," ","1,010","2,072,000",0,0,2.20,2.30,2.30,2.00
12/12/2019,2.20,2.20,2.20,0.00 (0.00 %)," ",0,0,0,0,2.20,2.2,2.20,2.20
11/12/2019,2.20,2.20,2.20,0.00 (0.00 %)," ",0,0,0,0,2.20,2.20,2.20,2.20
10/12/2019,2.20,2.20,2.20,0.00 (0.00 %)," ",0,0,0,0,2.20,2.2,2.20,2.20
09/12/2019,2.20,2.20,2.20,0.00 (0.00 %)," ",0,0,0,0,2.20,2.20,2.20,2.20
06/12/2019,2.20,2.20,2.20,0.20 (10.00 %)," ","20,367","45,780,600",0,0,2.00,2.2,2.30,2.20
05/12/2019,2.00,2.00,2.00,0.00 (0.00 %)," ",0,0,0,0,2.00,2.00,2.00,2.00
04/12/2019,2.00,2.00,2.00,0.00 (0.00 %)," ",0,0,0,0,2.00,2.0,2.00,2.00
03/12/2019,2.00,2.00,2.00,0.00 (0.00 %)," ",0,0,0,0,2.00,2.00,2.00,2.00
02/12/2019,2.00,2.00,2.00,0.00 (0.00 %)," ",0,0,0,0,2.00,2.0,2.00,2.00
29/11/2019,2.10,2.10,2.10,0.20 (10.53 %)," ","19,625","40,170,400",0,0,1.90,1.90,2.10,1.90
28/11/2019,1.90,1.90,1.90,0.00 (0.00 %)," ",0,0,0,0,1.90,1.9,1.90,1.90
27/11/2019,1.90,1.90,1.90,0.00 (0.00 %)," ",0,0,0,0,1.90,1.90,1.90,1.90
26/11/2019,1.90,1.90,1.90,0.00 (0.00 %)," ",0,0,0,0,1.90,1.9,1.90,1.90
25/11/2019,1.90,1.90,1.90,0.00 (0.00 %)," ",0,0,0,0,1.90,1.90,1.90,1.90
22/11/2019,1.90,1.90,1.90,0.00 (0.00 %)," ","14,820","27,978,000",0,0,1.90,1.7,1.90,1.70
21/11/2019,1.90,1.90,1.90,0.00 (0.00 %)," ",0,0,0,0,1.90,1.90,1.90,1.90
20/11/2019,1.90,1.90,1.90,0.00 (0.00 %)," ",0,0,0,0,1.90,1.9,1.90,1.90
19/11/2019,1.90,1.90,1.90,0.00 (0.00 %)," ",0,0,0,0,1.90,1.90,1.90,1.90
18/11/2019,1.90,1.90,1.90,0.00 (0.00 %)," ",0,0,0,0,1.90,1.9,1.90,1.90
15/11/2019,1.90,1.90,1.90,0.10 (5.56 %)," ","2,400","4,560,000",0,0,1.80,1.90,1.90,1.90
14/11/2019,1.80,1.80,1.80,0.00 (0.00 %)," ",0,0,0,0,1.80,1.8,1.80,1.80
13/11/2019,1.80,1.80,1.80,0.00 (0.00 %)," ",0,0,0,0,1.80,1.80,1.80,1.80
12/11/2019,1.80,1.80,1.80,0.00 (0.00 %)," ",0,0,0,0,1.80,1.8,1.80,1.80
11/11/2019,1.80,1.80,1.80,0.00 (0.00 %)," ",0,0,0,0,1.80,1.80,1.80,1.80
08/11/2019,1.80,1.80,1.80,-0.20 (-10.00 %)," ","2,027","3,558,600",0,0,2.00,1.7,1.80,1.70
07/11/2019,2.00,2.00,2.00,0.00 (0.00 %)," ",0,0,0,0,2.00,2.00,2.00,2.00
06/11/2019,2.00,2.00,2.00,0.00 (0.00 %)," ",0,0,0,0,2.00,2.0,2.00,2.00
05/11/2019,2.00,2.00,2.00,0.00 (0.00 %)," ",0,0,0,0,2.00,2.00,2.00,2.00
04/11/2019,2.00,2.00,2.00,0.00 (0.00 %)," ",0,0,0,0,2.00,2.0,2.00,2.00
01/11/2019,2.00,2.00,2.00,0.10 (5.26 %)," ","2,860","5,650,000",0,0,1.90,1.90,2.00,1.90
31/10/2019,1.90,1.90,1.90,0.00 (0.00 %)," ",0,0,0,0,1.90,1.9,1.90,1.90
30/10/2019,1.90,1.90,1.90,0.00 (0.00 %)," ",0,0,0,0,1.90,1.90,1.90,1.90
29/10/2019,1.90,1.90,1.90,0.00 (0.00 %)," ",0,0,0,0,1.90,1.9,1.90,1.90
28/10/2019,1.90,1.90,1.90,0.00 (0.00 %)," ",0,0,0,0,1.90,1.90,1.90,1.90
25/10/2019,2.10,2.10,2.10,0.20 (10.53 %)," ","2,000","3,840,000",0,0,1.90,1.7,2.10,1.70
24/10/2019,1.90,1.90,1.90,0.00 (0.00 %)," ",0,0,0,0,1.90,1.90,1.90,1.90
23/10/2019,1.90,1.90,1.90,0.00 (0.00 %)," ",0,0,0,0,1.90,1.9,1.90,1.90
22/10/2019,1.90,1.90,1.90,0.00 (0.00 %)," ",0,0,0,0,1.90,1.90,1.90,1.90
21/10/2019,1.90,1.90,1.90,0.00 (0.00 %)," ",0,0,0,0,1.90,1.9,1.90,1.90
18/10/2019,1.90,1.90,1.90,-0.30 (-13.64 %)," ","12,013","22,825,700",0,0,2.20,1.90,1.90,1.90
17/10/2019,2.20,2.20,2.20,0.00 (0.00 %)," ",0,0,0,0,2.20,2.2,2.20,2.20
16/10/2019,2.20,2.20,2.20,0.00 (0.00 %)," ",0,0,0,0,2.20,2.20,2.20,2.20
15/10/2019,2.20,2.20,2.20,0.00 (0.00 %)," ",0,0,0,0,2.20,2.2,2.20,2.20
14/10/2019,2.20,2.20,2.20,0.00 (0.00 %)," ",0,0,0,0,2.20,2.20,2.20,2.20
11/10/2019,2.20,2.20,2.20,0.00 (0.00 %)," ",100,"220,000",0,0,2.20,2.2,2.20,2.20
10/10/2019,2.20,2.20,2.20,0.00 (0.00 %)," ",0,0,0,0,2.20,2.20,2.20,2.20
09/10/2019,2.20,2.20,2.20,0.00 (0.00 %)," ",0,0,0,0,2.20,2.2,2.20,2.20
08/10/2019,2.20,2.20,2.20,0.00 (0.00 %)," ",0,0,0,0,2.20,2.20,2.20,2.20
07/10/2019,2.20,2.20,2.20,0.00 (0.00 %)," ",0,0,0,0,2.20,2.2,2.20,2.20
04/10/2019,2.20,2.20,2.20,0.20 (10.00 %)," ","8,133","17,839,400",780,"1,326,000",2.00,2.20,2.20,1.70
03/10/2019,2.00,2.00,2.00,0.00 (0.00 %)," ",0,0,0,0,2.00,2.0,2.00,2.00
02/10/2019,2.00,2.00,2.00,0.00 (0.00 %)," ",0,0,0,0,2.00,2.00,2.00,2.00
01/10/2019,2.00,2.00,2.00,0.00 (0.00 %)," ",0,0,0,0,2.00,2.0,2.00,2.00
30/09/2019,2.00,2.00,2.00,0.00 (0.00 %)," ",0,0,0,0,2.00,2.00,2.00,2.00
27/09/2019,2.00,2.00,2.00,0.00 (0.00 %)," ","3,970","7,940,000",0,0,2.00,2.0,2.00,2.00
26/09/2019,2.00,2.00,2.00,0.00 (0.00 %)," ",0,0,0,0,2.00,2.00,2.00,2.00
25/09/2019,2.00,2.00,2.00,0.00 (0.00 %)," ",0,0,0,0,2.00,2.0,2.00,2.00
24/09/2019,2.00,2.00,2.00,0.00 (0.00 %)," ",0,0,0,0,2.00,2.00,2.00,2.00
23/09/2019,2.00,2.00,2.00,0.00 (0.00 %)," ",0,0,0,0,2.00,2.0,2.00,2.00
20/09/2019,2.20,2.20,2.20,0.20 (10.00 %)," ","1,102","2,156,200",0,0,2.00,1.90,2.20,1.90
19/09/2019,2.00,2.00,2.00,0.00 (0.00 %)," ",0,0,0,0,2.00,2.0,2.00,2.00
18/09/2019,2.00,2.00,2.00,0.00 (0.00 %)," ",0,0,0,0,2.00,2.00,2.00,2.00
17/09/2019,2.00,2.00,2.00,0.00 (0.00 %)," ",0,0,0,0,2.00,2.0,2.00,2.00
16/09/2019,2.00,2.00,2.00,0.00 (0.00 %)," ",0,0,0,0,2.00,2.00,2.00,2.00
13/09/2019,2.00,2.00,2.00,-0.20 (-9.09 %)," ","5,300","10,620,000",0,0,2.20,2.1,2.10,2.00
12/09/2019,2.20,2.20,2.20,0.00 (0.00 %)," ",0,0,0,0,2.20,2.20,2.20,2.20
11/09/2019,2.20,2.20,2.20,0.00 (0.00 %)," ",0,0,0,0,2.20,2.2,2.20,2.20
10/09/2019,2.20,2.20,2.20,0.00 (0.00 %)," ",0,0,0,0,2.20,2.20,2.20,2.20
09/09/2019,2.20,2.20,2.20,0.00 (0.00 %)," ",0,0,0,0,2.20,2.2,2.20,2.20
06/09/2019,2.20,2.20,2.20,0.00 (0.00 %)," ","8,140","17,870,000",0,0,2.20,2.10,2.20,2.10
05/09/2019,2.20,2.20,2.20,0.00 (0.00 %)," ",0,0,0,0,2.20,2.2,2.20,2.20
04/09/2019,2.20,2.20,2.20,0.00 (0.00 %)," ",0,0,0,0,2.20,2.20,2.20,2.20
03/09/2019,2.20,2.20,2.20,0.00 (0.00 %)," ",0,0,0,0,2.20,2.2,2.20,2.20
30/08/2019,2.20,2.20,2.20,0.00 (0.00 %)," ","8,000","17,420,000",0,0,2.20,2.00,2.20,2.00
29/08/2019,2.20,2.20,2.20,0.00 (0.00 %)," ",0,0,0,0,2.20,2.2,2.20,2.20
28/08/2019,2.20,2.20,2.20,0.00 (0.00 %)," ",0,0,0,0,2.20,2.20,2.20,2.20
27/08/2019,2.20,2.20,2.20,0.00 (0.00 %)," ",0,0,0,0,2.20,2.2,2.20,2.20
26/08/2019,2.20,2.20,2.20,0.00 (0.00 %)," ",0,0,0,0,2.20,2.20,2.20,2.20
23/08/2019,2.30,2.30,2.30,0.30 (15.00 %)," ","26,830","59,874,000",0,0,2.00,2.0,2.30,2.00
22/08/2019,2.00,2.00,2.00,0.00 (0.00 %)," ",0,0,0,0,2.00,2.00,2.00,2.00
21/08/2019,2.00,2.00,2.00,0.00 (0.00 %)," ",0,0,0,0,2.00,2.0,2.00,2.00
20/08/2019,2.00,2.00,2.00,0.00 (0.00 %)," ",0,0,0,0,2.00,2.00,2.00,2.00
19/08/2019,2.00,2.00,2.00,0.00 (0.00 %)," ",0,0,0,0,2.00,2.0,2.00,2.00
16/08/2019,2.00,2.00,2.00,0.10 (5.26 %)," ","3,000","5,910,000",0,0,1.90,1.90,2.00,1.90
15/08/2019,1.90,1.90,1.90,0.00 (0.00 %)," ",0,0,0,0,1.90,1.9,1.90,1.90
14/08/2019,1.90,1.90,1.90,0.00 (0.00 %)," ",0,0,0,0,1.90,1.90,1.90,1.90
13/08/2019,1.90,1.90,1.90,0.00 (0.00 %)," ",0,0,0,0,1.90,1.9,1.90,1.90
12/08/2019,1.90,1.90,1.90,0.00 (0.00 %)," ",0,0,0,0,1.90,1.90,1.90,1.90
09/08/2019,2.20,2.20,2.20,0.20 (10.00 %)," ",800,"1,550,000",0,0,2.00,1.9,2.20,1.90
08/08/2019,2.00,2.00,2.00,0.00 (0.00 %)," ",0,0,0,0,2.00,2.00,2.00,2.00
07/08/2019,2.00,2.00,2.00,0.00 (0.00 %)," ",0,0,0,0,2.00,2.0,2.00,2.00
06/08/2019,2.00,2.00,2.00,0.00 (0.00 %)," ",0,0,0,0,2.00,2.00,2.00,2.00
05/08/2019,2.00,2.00,2.00,0.00 (0.00 %)," ",0,0,0,0,2.00,2.0,2.00,2.00
02/08/2019,2.30,2.30,2.30,0.00 (0.00 %)," ","3,860","7,838,000","17,600","35,200,000",2.30,2.10,2.30,2.00
01/08/2019,2.30,2.30,2.30,0.00 (0.00 %)," ",0,0,0,0,2.30,2.3,2.30,2.30
31/07/2019,2.30,2.30,2.30,0.00 (0.00 %)," ",0,0,0,0,2.30,2.30,2.30,2.30
30/07/2019,2.30,2.30,2.30,0.00 (0.00 %)," ",0,0,0,0,2.30,2.3,2.30,2.30
29/07/2019,2.30,2.30,2.30,0.00 (0.00 %)," ",0,0,0,0,2.30,2.30,2.30,2.30
26/07/2019,2.20,2.20,2.20,-0.10 (-4.35 %)," ","16,072","36,334,500",0,0,2.30,2.3,2.30,2.00
25/07/2019,2.30,2.30,2.30,0.00 (0.00 %)," ",0,0,0,0,2.30,2.30,2.30,2.30
24/07/2019,2.30,2.30,2.30,0.00 (0.00 %)," ",0,0,0,0,2.30,2.3,2.30,2.30
23/07/2019,2.30,2.30,2.30,0.00 (0.00 %)," ",0,0,0,0,2.30,2.30,2.30,2.30
22/07/2019,2.30,2.30,2.30,0.00 (0.00 %)," ",0,0,0,0,2.30,2.3,2.30,2.30
19/07/2019,2.30,2.30,2.30,0.10 (4.55 %)," ","5,100","11,740,000",0,0,2.20,2.40,2.40,2.30
18/07/2019,2.20,2.20,2.20,0.00 (0.00 %)," ",0,0,0,0,2.20,2.2,2.20,2.20
17/07/2019,2.20,2.20,2.20,0.00 (0.00 %)," ",0,0,0,0,2.20,2.20,2.20,2.20
16/07/2019,2.20,2.20,2.20,0.00 (0.00 %)," ",0,0,0,0,2.20,2.2,2.20,2.20
15/07/2019,2.20,2.20,2.20,0.00 (0.00 %)," ",0,0,0,0,2.20,2.20,2.20,2.20
12/07/2019,2.30,2.30,2.30,0.30 (15.00 %)," ","13,480","29,806,000",0,0,2.00,1.9,2.30,1.90
11/07/2019,2.00,2.00,2.00,0.00 (0.00 %)," ",0,0,0,0,2.00,2.00,2.00,2.00
10/07/2019,2.00,2.00,2.00,0.00 (0.00 %)," ",0,0,0,0,2.00,2.0,2.00,2.00
09/07/2019,2.00,2.00,2.00,0.00 (0.00 %)," ",0,0,0,0,2.00,2.00,2.00,2.00
08/07/2019,2.00,2.00,2.00,0.00 (0.00 %)," ",0,0,0,0,2.00,2.0,2.00,2.00
05/07/2019,2.00,2.00,2.00,-0.20 (-9.09 %)," ","3,000","6,000,000",0,0,2.20,2.00,2.00,2.00
04/07/2019,2.20,2.20,2.20,0.00 (0.00 %)," ",0,0,0,0,2.20,2.2,2.20,2.20
03/07/2019,2.20,2.20,2.20,0.00 (0.00 %)," ",0,0,0,0,2.20,2.20,2.20,2.20
02/07/2019,2.20,2.20,2.20,0.00 (0.00 %)," ",0,0,0,0,2.20,2.2,2.20,2.20
01/07/2019,2.20,2.20,2.20,0.00 (0.00 %)," ",0,0,0,0,2.20,2.20,2.20,2.20
28/06/2019,2.20,2.20,2.20,0.00 (0.00 %)," ","34,900","76,780,000",0,0,2.20,2.2,2.20,2.20
27/06/2019,2.20,2.20,2.20,0.00 (0.00 %)," ",0,0,0,0,2.20,2.20,2.20,2.20
26/06/2019,2.20,2.20,2.20,0.00 (0.00 %)," ",0,0,0,0,2.20,2.2,2.20,2.20
25/06/2019,2.20,2.20,2.20,0.00 (0.00 %)," ",0,0,0,0,2.20,2.20,2.20,2.20
24/06/2019,2.20,2.20,2.20,0.00 (0.00 %)," ",0,0,0,0,2.20,2.2,2.20,2.20
21/06/2019,2.30,2.30,2.30,0.30 (15.00 %)," ","41,600","89,740,000",0,0,2.00,2.10,2.30,2.00
20/06/2019,2.00,2.00,2.00,0.00 (0.00 %)," ",0,0,0,0,2.00,2.0,2.00,2.00
19/06/2019,2.00,2.00,2.00,0.00 (0.00 %)," ",0,0,0,0,2.00,2.00,2.00,2.00
18/06/2019,2.00,2.00,2.00,0.00 (0.00 %)," ",0,0,0,0,2.00,2.0,2.00,2.00
17/06/2019,2.00,2.00,2.00,0.00 (0.00 %)," ",0,0,0,0,2.00,2.00,2.00,2.00
14/06/2019,2.00,2.00,2.00,-0.20 (-9.09 %)," ","3,542","7,084,000",0,0,2.20,2.0,2.00,2.00
13/06/2019,2.20,2.20,2.20,0.00 (0.00 %)," ",0,0,0,0,2.20,2.20,2.20,2.20
12/06/2019,2.20,2.20,2.20,0.00 (0.00 %)," ",0,0,0,0,2.20,2.2,2.20,2.20
11/06/2019,2.20,2.20,2.20,0.00 (0.00 %)," ",0,0,0,0,2.20,2.20,2.20,2.20
10/06/2019,2.20,2.20,2.20,0.00 (0.00 %)," ",0,0,0,0,2.20,2.2,2.20,2.20
07/06/2019,2.00,2.00,2.00,-0.10 (-4.76 %)," ","24,686","53,633,200",0,0,2.10,2.20,2.20,2.00
06/06/2019,2.10,2.10,2.10,0.00 (0.00 %)," ",0,0,0,0,2.10,2.1,2.10,2.10
05/06/2019,2.10,2.10,2.10,0.00 (0.00 %)," ",0,0,0,0,2.10,2.10,2.10,2.10
04/06/2019,2.10,2.10,2.10,0.00 (0.00 %)," ",0,0,0,0,2.10,2.1,2.10,2.10
03/06/2019,2.10,2.10,2.10,0.00 (0.00 %)," ",0,0,0,0,2.10,2.10,2.10,2.10
31/05/2019,2.00,2.00,2.00,0.00 (0.00 %)," ","5,755","11,991,000",0,0,2.00,2.2,2.20,2.00
30/05/2019,2.00,2.00,2.00,0.00 (0.00 %)," ",0,0,0,0,2.00,2.00,2.00,2.00
29/05/2019,2.00,2.00,2.00,0.00 (0.00 %)," ",0,0,0,0,2.00,2.0,2.00,2.00
28/05/2019,2.00,2.00,2.00,0.00 (0.00 %)," ",0,0,0,0,2.00,2.00,2.00,2.00
27/05/2019,2.00,2.00,2.00,0.00 (0.00 %)," ",0,0,0,0,2.00,2.0,2.00,2.00
24/05/2019,2.00,2.00,2.00,-0.10 (-4.76 %)," ","38,800","76,280,000",0,0,2.10,1.90,2.10,1.90
23/05/2019,2.10,2.10,2.10,0.00 (0.00 %)," ",0,0,0,0,2.10,2.1,2.10,2.10
22/05/2019,2.10,2.10,2.10,0.00 (0.00 %)," ",0,0,0,0,2.10,2.10,2.10,2.10
21/05/2019,2.10,2.10,2.10,0.00 (0.00 %)," ",0,0,0,0,2.10,2.1,2.10,2.10
20/05/2019,2.10,2.10,2.10,0.00 (0.00 %)," ",0,0,0,0,2.10,2.10,2.10,2.10
17/05/2019,1.90,1.90,1.90,-0.30 (-13.64 %)," ","20,307","42,113,400",0,0,2.20,2.2,2.20,1.90
16/05/2019,2.20,2.20,2.20,0.00 (0.00 %)," ",0,0,0,0,2.20,2.20,2.20,2.20
15/05/2019,2.20,2.20,2.20,0.00 (0.00 %)," ",0,0,0,0,2.20,2.2,2.20,2.20
14/05/2019,2.20,2.20,2.20,0.00 (0.00 %)," ",0,0,0,0,2.20,2.20,2.20,2.20
13/05/2019,2.20,2.20,2.20,0.00 (0.00 %)," ",0,0,0,0,2.20,2.2,2.20,2.20
10/05/2019,2.20,2.20,2.20,0.00 (0.00 %)," ","35,680","79,398,000",0,0,2.20,2.10,2.30,2.10
09/05/2019,2.20,2.20,2.20,0.00 (0.00 %)," ",0,0,0,0,2.20,2.2,2.20,2.20
08/05/2019,2.20,2.20,2.20,0.00 (0.00 %)," ",0,0,0,0,2.20,2.20,2.20,2.20
07/05/2019,2.20,2.20,2.20,0.00 (0.00 %)," ",0,0,0,0,2.20,2.2,2.20,2.20
06/05/2019,2.20,2.20,2.20,0.00 (0.00 %)," ",0,0,0,0,2.20,2.20,2.20,2.20
03/05/2019,2.30,2.30,2.30,0.10 (4.55 %)," ","17,000","37,920,000",0,0,2.20,2.2,2.30,2.20
02/05/2019,2.20,2.20,2.20,0.00 (0.00 %)," ",0,0,0,0,2.20,2.20,2.20,2.20
26/04/2019,2.30,2.30,2.30,0.00 (0.00 %)," ","54,500","121,360,000",0,0,2.30,2.2,2.30,2.20
25/04/2019,2.30,2.30,2.30,0.00 (0.00 %)," ",0,0,0,0,2.30,2.30,2.30,2.30
24/04/2019,2.30,2.30,2.30,0.00 (0.00 %)," ",0,0,0,0,2.30,2.3,2.30,2.30
23/04/2019,2.30,2.30,2.30,0.00 (0.00 %)," ",0,0,0,0,2.30,2.30,2.30,2.30
22/04/2019,2.30,2.30,2.30,0.00 (0.00 %)," ",0,0,0,0,2.30,2.3,2.30,2.30
19/04/2019,2.30,2.30,2.30,0.00 (0.00 %)," ","24,000","54,630,000",0,0,2.30,2.00,2.30,2.00
18/04/2019,2.30,2.30,2.30,0.00 (0.00 %)," ",0,0,0,0,2.30,2.3,2.30,2.30
17/04/2019,2.30,2.30,2.30,0.00 (0.00 %)," ",0,0,0,0,2.30,2.30,2.30,2.30
16/04/2019,2.30,2.30,2.30,0.00 (0.00 %)," ",0,0,0,0,2.30,2.3,2.30,2.30
12/04/2019,2.30,2.30,2.30,0.00 (0.00 %)," ","35,367","81,270,800",0,0,2.30,2.30,2.30,2.20
11/04/2019,2.30,2.30,2.30,0.00 (0.00 %)," ",0,0,0,0,2.30,2.3,2.30,2.30
10/04/2019,2.30,2.30,2.30,0.00 (0.00 %)," ",0,0,0,0,2.30,2.30,2.30,2.30
09/04/2019,2.30,2.30,2.30,0.00 (0.00 %)," ",0,0,0,0,2.30,2.3,2.30,2.30
08/04/2019,2.30,2.30,2.30,0.00 (0.00 %)," ",0,0,0,0,2.30,2.30,2.30,2.30
05/04/2019,2.30,2.30,2.30,0.10 (4.55 %)," ","29,123","66,959,500",0,0,2.20,2.2,2.40,2.20
04/04/2019,2.20,2.20,2.20,0.00 (0.00 %)," ",0,0,0,0,2.20,2.20,2.20,2.20
03/04/2019,2.20,2.20,2.20,0.00 (0.00 %)," ",0,0,0,0,2.20,2.2,2.20,2.20
02/04/2019,2.20,2.20,2.20,0.00 (0.00 %)," ",0,0,0,0,2.20,2.20,2.20,2.20
01/04/2019,2.20,2.20,2.20,0.00 (0.00 %)," ",0,0,0,0,2.20,2.2,2.20,2.20
29/03/2019,2.20,2.20,2.20,0.20 (10.00 %)," ","7,480","16,410,000",0,0,2.00,2.10,2.20,2.10
28/03/2019,2.00,2.00,2.00,0.00 (0.00 %)," ",0,0,0,0,2.00,2.0,2.00,2.00
27/03/2019,2.00,2.00,2.00,0.00 (0.00 %)," ",0,0,0,0,2.00,2.00,2.00,2.00
26/03/2019,2.00,2.00,2.00,0.00 (0.00 %)," ",0,0,0,0,2.00,2.0,2.00,2.00
25/03/2019,2.00,2.00,2.00,0.00 (0.00 %)," ",0,0,0,0,2.00,2.00,2.00,2.00
22/03/2019,2.00,2.00,2.00,-0.20 (-9.09 %)," ","7,480","15,282,000",0,0,2.20,2.1,2.20,2.00
21/03/2019,2.20,2.20,2.20,0.00 (0.00 %)," ",0,0,0,0,2.20,2.20,2.20,2.20
20/03/2019,2.20,2.20,2.20,0.00 (0.00 %)," ",0,0,0,0,2.20,2.2,2.20,2.20
19/03/2019,2.20,2.20,2.20,0.00 (0.00 %)," ",0,0,0,0,2.20,2.20,2.20,2.20
18/03/2019,2.20,2.20,2.20,0.00 (0.00 %)," ",0,0,0,0,2.20,2.2,2.20,2.20
15/03/2019,2.20,2.20,2.20,0.10 (4.76 %)," ","10,400","22,610,000",0,0,2.10,2.20,2.20,2.00
14/03/2019,2.10,2.10,2.10,0.00 (0.00 %)," ",0,0,0,0,2.10,2.1,2.10,2.10
13/03/2019,2.10,2.10,2.10,0.00 (0.00 %)," ",0,0,0,0,2.10,2.10,2.10,2.10
12/03/2019,2.10,2.10,2.10,0.00 (0.00 %)," ",0,0,0,0,2.10,2.1,2.10,2.10
11/03/2019,2.10,2.10,2.10,0.00 (0.00 %)," ",0,0,0,0,2.10,2.10,2.10,2.10
08/03/2019,2.10,2.10,2.10,-0.30 (-12.50 %)," ","49,902","106,581,300",0,0,2.40,2.2,2.40,2.10
07/03/2019,2.40,2.40,2.40,0.00 (0.00 %)," ",0,0,0,0,2.40,2.40,2.40,2.40
06/03/2019,2.40,2.40,2.40,0.00 (0.00 %)," ",0,0,0,0,2.40,2.4,2.40,2.40
05/03/2019,2.40,2.40,2.40,0.00 (0.00 %)," ",0,0,0,0,2.40,2.40,2.40,2.40
04/03/2019,2.40,2.40,2.40,0.00 (0.00 %)," ",0,0,0,0,2.40,2.4,2.40,2.40
01/03/2019,2.40,2.40,2.40,0.20 (9.09 %)," ","8,696","20,749,000",0,0,2.20,2.40,2.50,2.20
28/02/2019,2.20,2.20,2.20,0.00 (0.00 %)," ",0,0,0,0,2.20,2.2,2.20,2.20
27/02/2019,2.20,2.20,2.20,0.00 (0.00 %)," ",0,0,0,0,2.20,2.20,2.20,2.20
26/02/2019,2.20,2.20,2.20,0.00 (0.00 %)," ",0,0,0,0,2.20,2.2,2.20,2.20
25/02/2019,2.20,2.20,2.20,0.00 (0.00 %)," ",0,0,0,0,2.20,2.20,2.20,2.20
22/02/2019,2.20,2.20,2.20,-0.30 (-12.00 %)," ","21,905","48,291,000",0,0,2.50,2.3,2.30,2.20
21/02/2019,2.50,2.50,2.50,0.00 (0.00 %)," ",0,0,0,0,2.50,2.50,2.50,2.50
20/02/2019,2.50,2.50,2.50,0.00 (0.00 %)," ",0,0,0,0,2.50,2.5,2.50,2.50
19/02/2019,2.50,2.50,2.50,0.00 (0.00 %)," ",0,0,0,0,2.50,2.50,2.50,2.50
18/02/2019,2.50,2.50,2.50,0.00 (0.00 %)," ",0,0,0,0,2.50,2.5,2.50,2.50
15/02/2019,2.50,2.50,2.50,0.20 (8.70 %)," ","8,533","21,322,600",0,0,2.30,2.50,2.50,2.50
14/02/2019,2.30,2.30,2.30,0.00 (0.00 %)," ",0,0,0,0,2.30,2.3,2.30,2.30
13/02/2019,2.30,2.30,2.30,0.00 (0.00 %)," ",0,0,0,0,2.30,2.30,2.30,2.30
12/02/2019,2.30,2.30,2.30,0.00 (0.00 %)," ",0,0,0,0,2.30,2.3,2.30,2.30
11/02/2019,2.30,2.30,2.30,0.00 (0.00 %)," ",0,0,0,0,2.30,2.30,2.30,2.30
01/02/2019,2.40,2.40,2.40,0.20 (9.09 %)," ",700,"1,580,000",0,0,2.20,2.2,2.40,2.20
31/01/2019,2.20,2.20,2.20,0.00 (0.00 %)," ",0,0,0,0,2.20,2.20,2.20,2.20
30/01/2019,2.20,2.20,2.20,0.00 (0.00 %)," ",0,0,0,0,2.20,2.2,2.20,2.20
29/01/2019,2.20,2.20,2.20,0.00 (0.00 %)," ",0,0,0,0,2.20,2.20,2.20,2.20
28/01/2019,2.20,2.20,2.20,0.00 (0.00 %)," ",0,0,0,0,2.20,2.2,2.20,2.20
25/01/2019,2.20,2.20,2.20,0.20 (10.00 %)," ",600,"1,320,000",0,0,2.00,2.20,2.20,2.20
24/01/2019,2.00,2.00,2.00,0.00 (0.00 %)," ",0,0,0,0,2.00,2.0,2.00,2.00
23/01/2019,2.00,2.00,2.00,0.00 (0.00 %)," ",0,0,0,0,2.00,2.00,2.00,2.00
22/01/2019,2.00,2.00,2.00,0.00 (0.00 %)," ",0,0,0,0,2.00,2.0,2.00,2.00
21/01/2019,2.00,2.00,2.00,0.00 (0.00 %)," ",0,0,0,0,2.00,2.00,2.00,2.00
18/01/2019,2.00,2.00,2.00,0.10 (5.26 %)," ","1,133","2,236,000",0,0,1.90,1.7,2.00,1.70
17/01/2019,1.90,1.90,1.90,0.00 (0.00 %)," ",0,0,0,0,1.90,1.90,1.90,1.90
16/01/2019,1.90,1.90,1.90,0.00 (0.00 %)," ",0,0,0,0,1.90,1.9,1.90,1.90
15/01/2019,1.90,1.90,1.90,0.00 (0.00 %)," ",0,0,0,0,1.90,1.90,1.90,1.90
14/01/2019,1.90,1.90,1.90,0.00 (0.00 %)," ",0,0,0,0,1.90,1.9,1.90,1.90
11/01/2019,2.10,2.10,2.10,0.20 (10.53 %)," ","8,233","15,572,700",0,0,1.90,2.00,2.10,1.80
10/01/2019,1.90,1.90,1.90,0.00 (0.00 %)," ",0,0,0,0,1.90,1.9,1.90,1.90
09/01/2019,1.90,1.90,1.90,0.00 (0.00 %)," ",0,0,0,0,1.90,1.90,1.90,1.90
08/01/2019,1.90,1.90,1.90,0.00 (0.00 %)," ",0,0,0,0,1.90,1.9,1.90,1.90
07/01/2019,1.90,1.90,1.90,0.00 (0.00 %)," ",0,0,0,0,1.90,1.90,1.90,1.90
04/01/2019,2.10,2.10,2.10,0.20 (10.53 %)," ","2,920","5,638,000",0,0,1.90,1.9,2.10,1.80
03/01/2019,1.90,1.90,1.90,0.00 (0.00 %)," ",0,0,0,0,1.90,1.90,1.90,1.90
02/01/2019,1.90,1.90,1.90,0.00 (0.00 %)," ",0,0,0,0,1.90,1.9,1.90,1.90
28/12/2018,2.00,2.00,2.00,0.00 (0.00 %)," ","7,661","14,815,900",0,0,2.00,1.80,2.00,1.80
27/12/2018,2.00,2.00,2.00,0.00 (0.00 %)," ",0,0,0,0,2.00,2.0,2.00,2.00
26/12/2018,2.00,2.00,2.00,0.00 (0.00 %)," ",0,0,0,0,2.00,2.00,2.00,2.00
25/12/2018,2.00,2.00,2.00,0.00 (0.00 %)," ",0,0,0,0,2.00,2.0,2.00,2.00
24/12/2018,2.00,2.00,2.00,0.00 (0.00 %)," ",0,0,0,0,2.00,2.00,2.00,2.00
21/12/2018,2.00,2.00,2.00,0.00 (0.00 %)," ","3,067","6,053,900",0,0,2.00,1.7,2.00,1.70
20/12/2018,2.00,2.00,2.00,0.00 (0.00 %)," ",0,0,0,0,2.00,2.00,2.00,2.00
19/12/2018,2.00,2.00,2.00,0.00 (0.00 %)," ",0,0,0,0,2.00,2.0,2.00,2.00
18/12/2018,2.00,2.00,2.00,0.00 (0.00 %)," ",0,0,0,0,2.00,2.00,2.00,2.00
17/12/2018,2.00,2.00,2.00,0.00 (0.00 %)," ",0,0,0,0,2.00,2.0,2.00,2.00
14/12/2018,2.00,2.00,2.00,-0.20 (-9.09 %)," ","10,677","21,415,700",0,0,2.20,2.00,2.40,2.00
13/12/2018,2.20,2.20,2.20,0.00 (0.00 %)," ",0,0,0,0,2.20,2.2,2.20,2.20
12/12/2018,2.20,2.20,2.20,0.00 (0.00 %)," ",0,0,0,0,2.20,2.20,2.20,2.20
11/12/2018,2.20,2.20,2.20,0.00 (0.00 %)," ",0,0,0,0,2.20,2.2,2.20,2.20
10/12/2018,2.20,2.20,2.20,0.00 (0.00 %)," ",0,0,0,0,2.20,2.20,2.20,2.20
07/12/2018,2.20,2.20,2.20,0.20 (10.00 %)," ","14,000","30,800,000",0,0,2.00,2.0,2.30,2.00
06/12/2018,2.00,2.00,2.00,0.00 (0.00 %)," ",0,0,0,0,2.00,2.00,2.00,2.00
05/12/2018,2.00,2.00,2.00,0.00 (0.00 %)," ",0,0,0,0,2.00,2.0,2.00,2.00
04/12/2018,2.00,2.00,2.00,0.00 (0.00 %)," ",0,0,0,0,2.00,2.00,2.00,2.00
03/12/2018,2.00,2.00,2.00,0.00 (0.00 %)," ",0,0,0,0,2.00,2.0,2.00,2.00
30/11/2018,2.00,2.00,2.00,-0.20 (-9.09 %)," ","1,010","2,033,300",0,0,2.20,2.00,2.00,2.00
28/11/2018,2.20,2.20,2.20,0.00 (0.00 %)," ",0,0,0,0,2.20,2.2,2.20,2.20
27/11/2018,2.20,2.20,2.20,0.00 (0.00 %)," ",0,0,0,0,2.20,2.20,2.20,2.20
26/11/2018,2.20,2.20,2.20,0.00 (0.00 %)," ",0,0,0,0,2.20,2.2,2.20,2.20
23/11/2018,2.40,2.40,2.40,0.00 (0.00 %)," ","10,760","23,868,000",0,0,2.40,2.40,2.40,2.10
22/11/2018,2.40,2.40,2.40,0.00 (0.00 %)," ",0,0,0,0,2.40,2.4,2.40,2.40
21/11/2018,2.40,2.40,2.40,0.00 (0.00 %)," ",0,0,0,0,2.40,2.40,2.40,2.40
20/11/2018,2.40,2.40,2.40,0.00 (0.00 %)," ",0,0,0,0,2.40,2.4,2.40,2.40
19/11/2018,2.40,2.40,2.40,0.00 (0.00 %)," ",0,0,0,0,2.40,2.40,2.40,2.40
16/11/2018,2.40,2.40,2.40,-0.20 (-7.69 %)," ","5,140","12,444,000",0,0,2.60,2.5,2.50,2.40
15/11/2018,2.60,2.60,2.60,0.00 (0.00 %)," ",0,0,0,0,2.60,2.60,2.60,2.60
14/11/2018,2.60,2.60,2.60,0.00 (0.00 %)," ",0,0,0,0,2.60,2.6,2.60,2.60
13/11/2018,2.60,2.60,2.60,0.00 (0.00 %)," ",0,0,0,0,2.60,2.60,2.60,2.60
12/11/2018,2.60,2.60,2.60,0.00 (0.00 %)," ",0,0,0,0,2.60,2.6,2.60,2.60
09/11/2018,2.50,2.50,2.50,-0.10 (-3.85 %)," ","8,610","22,295,000",0,0,2.60,2.60,2.60,2.50
08/11/2018,2.60,2.60,2.60,0.00 (0.00 %)," ",0,0,0,0,2.60,2.6,2.60,2.60
07/11/2018,2.60,2.60,2.60,0.00 (0.00 %)," ",0,0,0,0,2.60,2.60,2.60,2.60
06/11/2018,2.60,2.60,2.60,0.00 (0.00 %)," ",0,0,0,0,2.60,2.6,2.60,2.60
05/11/2018,2.60,2.60,2.60,0.00 (0.00 %)," ",0,0,0,0,2.60,2.60,2.60,2.60
02/11/2018,2.60,2.60,2.60,0.20 (8.33 %)," ","21,250","54,320,000",0,0,2.40,2.5,2.70,2.40
01/11/2018,2.40,2.40,2.40,0.00 (0.00 %)," ",0,0,0,0,2.40,2.40,2.40,2.40
31/10/2018,2.40,2.40,2.40,0.00 (0.00 %)," ",0,0,0,0,2.40,2.4,2.40,2.40
30/10/2018,2.40,2.40,2.40,0.00 (0.00 %)," ",0,0,0,0,2.40,2.40,2.40,2.40
29/10/2018,2.40,2.40,2.40,0.00 (0.00 %)," ",0,0,0,0,2.40,2.4,2.40,2.40
26/10/2018,2.50,2.50,2.50,0.00 (0.00 %)," ","2,300","5,570,000",0,0,2.50,2.30,2.50,2.30
25/10/2018,2.50,2.50,2.50,0.00 (0.00 %)," ",0,0,0,0,2.50,2.5,2.50,2.50
24/10/2018,2.50,2.50,2.50,0.00 (0.00 %)," ",0,0,0,0,2.50,2.50,2.50,2.50
23/10/2018,2.50,2.50,2.50,0.00 (0.00 %)," ",0,0,0,0,2.50,2.5,2.50,2.50
22/10/2018,2.50,2.50,2.50,0.00 (0.00 %)," ",0,0,0,0,2.50,2.50,2.50,2.50
19/10/2018,2.70,2.70,2.70,0.10 (3.85 %)," ","5,608","14,060,000",0,0,2.60,2.5,2.70,2.50
18/10/2018,2.60,2.60,2.60,0.00 (0.00 %)," ",0,0,0,0,2.60,2.60,2.60,2.60
17/10/2018,2.60,2.60,2.60,0.00 (0.00 %)," ",0,0,0,0,2.60,2.6,2.60,2.60
16/10/2018,2.60,2.60,2.60,0.00 (0.00 %)," ",0,0,0,0,2.60,2.60,2.60,2.60
15/10/2018,2.60,2.60,2.60,0.00 (0.00 %)," ",0,0,0,0,2.60,2.6,2.60,2.60
12/10/2018,2.40,2.40,2.40,-0.10 (-4.00 %)," ","11,220","29,580,000",0,0,2.50,2.40,2.80,2.40
11/10/2018,2.50,2.50,2.50,0.00 (0.00 %)," ",0,0,0,0,2.50,2.5,2.50,2.50
10/10/2018,2.50,2.50,2.50,0.00 (0.00 %)," ",0,0,0,0,2.50,2.50,2.50,2.50
09/10/2018,2.50,2.50,2.50,0.00 (0.00 %)," ",0,0,0,0,2.50,2.5,2.50,2.50
08/10/2018,2.50,2.50,2.50,0.00 (0.00 %)," ",0,0,0,0,2.50,2.50,2.50,2.50
05/10/2018,2.50,2.50,2.50,0.10 (4.17 %)," ","8,206","20,113,800",0,0,2.40,2.3,2.50,2.30
04/10/2018,2.40,2.40,2.40,0.00 (0.00 %)," ",0,0,0,0,2.40,2.40,2.40,2.40
03/10/2018,2.40,2.40,2.40,0.00 (0.00 %)," ",0,0,0,0,2.40,2.4,2.40,2.40
02/10/2018,2.40,2.40,2.40,0.00 (0.00 %)," ",0,0,0,0,2.40,2.40,2.40,2.40
01/10/2018,2.40,2.40,2.40,0.00 (0.00 %)," ",0,0,0,0,2.40,2.4,2.40,2.40
28/09/2018,2.40,2.40,2.40,0.00 (0.00 %)," ","9,585","22,594,900",0,0,2.40,2.30,2.40,2.30
27/09/2018,2.40,2.40,2.40,0.00 (0.00 %)," ",0,0,0,0,2.40,2.4,2.40,2.40
26/09/2018,2.40,2.40,2.40,0.00 (0.00 %)," ",0,0,0,0,2.40,2.40,2.40,2.40
25/09/2018,2.40,2.40,2.40,0.00 (0.00 %)," ",0,0,0,0,2.40,2.4,2.40,2.40
24/09/2018,2.40,2.40,2.40,0.00 (0.00 %)," ",0,0,0,0,2.40,2.40,2.40,2.40
21/09/2018,2.60,2.60,2.60,0.30 (13.04 %)," ","7,400","17,470,000",0,0,2.30,2.6,2.60,2.30
20/09/2018,2.30,2.30,2.30,0.00 (0.00 %)," ",0,0,0,0,2.30,2.30,2.30,2.30
19/09/2018,2.30,2.30,2.30,0.00 (0.00 %)," ",0,0,0,0,2.30,2.3,2.30,2.30
18/09/2018,2.30,2.30,2.30,0.00 (0.00 %)," ",0,0,0,0,2.30,2.30,2.30,2.30
17/09/2018,2.30,2.30,2.30,0.00 (0.00 %)," ",0,0,0,0,2.30,2.3,2.30,2.30
14/09/2018,2.40,2.40,2.40,0.20 (9.09 %)," ","22,560","52,906,700",0,0,2.20,2.00,2.50,2.00
13/09/2018,2.20,2.20,2.20,0.00 (0.00 %)," ",0,0,0,0,2.20,2.2,2.20,2.20
12/09/2018,2.20,2.20,2.20,0.00 (0.00 %)," ",0,0,0,0,2.20,2.20,2.20,2.20
11/09/2018,2.20,2.20,2.20,0.00 (0.00 %)," ",0,0,0,0,2.20,2.2,2.20,2.20
10/09/2018,2.20,2.20,2.20,0.00 (0.00 %)," ",0,0,0,0,2.20,2.20,2.20,2.20
07/09/2018,2.20,2.20,2.20,-0.10 (-4.35 %)," ","6,010","13,221,900",0,0,2.30,2.2,2.20,2.20
06/09/2018,2.30,2.30,2.30,0.00 (0.00 %)," ",0,0,0,0,2.30,2.30,2.30,2.30
05/09/2018,2.30,2.30,2.30,0.00 (0.00 %)," ",0,0,0,0,2.30,2.3,2.30,2.30
04/09/2018,2.30,2.30,2.30,0.00 (0.00 %)," ",0,0,0,0,2.30,2.30,2.30,2.30
31/08/2018,2.40,2.40,2.40,0.20 (9.09 %)," ","9,453","21,886,600",0,0,2.20,2.2,2.40,2.20
30/08/2018,2.20,2.20,2.20,0.00 (0.00 %)," ",0,0,0,0,2.20,2.20,2.20,2.20
29/08/2018,2.20,2.20,2.20,0.00 (0.00 %)," ",0,0,0,0,2.20,2.2,2.20,2.20
28/08/2018,2.20,2.20,2.20,0.00 (0.00 %)," ",0,0,0,0,2.20,2.20,2.20,2.20
27/08/2018,2.20,2.20,2.20,0.00 (0.00 %)," ",0,0,0,0,2.20,2.2,2.20,2.20
24/08/2018,2.20,2.20,2.20,0.00 (0.00 %)," ","4,560","10,000,000",0,0,2.20,2.10,2.50,2.10
23/08/2018,2.20,2.20,2.20,0.00 (0.00 %)," ",0,0,0,0,2.20,2.2,2.20,2.20
22/08/2018,2.20,2.20,2.20,0.00 (0.00 %)," ",0,0,0,0,2.20,2.20,2.20,2.20
21/08/2018,2.20,2.20,2.20,0.00 (0.00 %)," ",0,0,0,0,2.20,2.2,2.20,2.20
20/08/2018,2.20,2.20,2.20,0.00 (0.00 %)," ",0,0,0,0,2.20,2.20,2.20,2.20
17/08/2018,2.40,2.40,2.40,0.30 (14.29 %)," ","51,320","111,852,000",0,0,2.10,2.1,2.40,2.00
16/08/2018,2.10,2.10,2.10,0.00 (0.00 %)," ",0,0,0,0,2.10,2.10,2.10,2.10
15/08/2018,2.10,2.10,2.10,0.00 (0.00 %)," ",0,0,0,0,2.10,2.1,2.10,2.10
14/08/2018,2.10,2.10,2.10,0.00 (0.00 %)," ",0,0,0,0,2.10,2.10,2.10,2.10
13/08/2018,2.10,2.10,2.10,0.00 (0.00 %)," ",0,0,0,0,2.10,2.1,2.10,2.10
10/08/2018,2.00,2.00,2.00,-0.20 (-9.09 %)," ","23,520","48,340,000",0,0,2.20,2.00,2.20,2.00
09/08/2018,2.20,2.20,2.20,0.00 (0.00 %)," ",0,0,0,0,2.20,2.2,2.20,2.20
08/08/2018,2.20,2.20,2.20,0.00 (0.00 %)," ",0,0,0,0,2.20,2.20,2.20,2.20
07/08/2018,2.20,2.20,2.20,0.00 (0.00 %)," ",0,0,0,0,2.20,2.2,2.20,2.20
06/08/2018,2.20,2.20,2.20,0.00 (0.00 %)," ",0,0,0,0,2.20,2.20,2.20,2.20
03/08/2018,2.20,2.20,2.20,0.10 (4.76 %)," ","16,330","35,694,300",0,0,2.10,2.2,2.20,2.10
02/08/2018,2.10,2.10,2.10,0.00 (0.00 %)," ",0,0,0,0,2.10,2.10,2.10,2.10
01/08/2018,2.10,2.10,2.10,0.00 (0.00 %)," ",0,0,0,0,2.10,2.1,2.10,2.10
31/07/2018,2.10,2.10,2.10,0.00 (0.00 %)," ",0,0,0,0,2.10,2.10,2.10,2.10
30/07/2018,2.10,2.10,2.10,0.00 (0.00 %)," ",0,0,0,0,2.10,2.1,2.10,2.10
27/07/2018,2.20,2.20,2.20,0.00 (0.00 %)," ","12,200","25,980,000",0,0,2.20,2.20,2.20,2.10
26/07/2018,2.20,2.20,2.20,0.00 (0.00 %)," ",0,0,0,0,2.20,2.2,2.20,2.20
25/07/2018,2.20,2.20,2.20,0.00 (0.00 %)," ",0,0,0,0,2.20,2.20,2.20,2.20
24/07/2018,2.20,2.20,2.20,0.00 (0.00 %)," ",0,0,0,0,2.20,2.2,2.20,2.20
23/07/2018,2.20,2.20,2.20,0.00 (0.00 %)," ",0,0,0,0,2.20,2.20,2.20,2.20
20/07/2018,2.20,2.20,2.20,-0.10 (-4.35 %)," ","2,094","4,590,000","12,500","25,000,000",2.30,2.2,2.20,2.20
19/07/2018,2.30,2.30,2.30,0.00 (0.00 %)," ",0,0,0,0,2.30,2.30,2.30,2.30
18/07/2018,2.30,2.30,2.30,0.00 (0.00 %)," ",0,0,0,0,2.30,2.3,2.30,2.30
17/07/2018,2.30,2.30,2.30,0.00 (0.00 %)," ",0,0,0,0,2.30,2.30,2.30,2.30
16/07/2018,2.30,2.30,2.30,0.00 (0.00 %)," ",0,0,0,0,2.30,2.3,2.30,2.30
13/07/2018,2.40,2.40,2.40,0.30 (14.29 %)," ","30,210","69,464,000",0,0,2.10,2.20,2.40,2.20
12/07/2018,2.10,2.10,2.10,0.00 (0.00 %)," ",0,0,0,0,2.10,2.1,2.10,2.10
11/07/2018,2.10,2.10,2.10,0.00 (0.00 %)," ",0,0,0,0,2.10,2.10,2.10,2.10
10/07/2018,2.10,2.10,2.10,0.00 (0.00 %)," ",0,0,0,0,2.10,2.1,2.10,2.10
09/07/2018,2.10,2.10,2.10,0.00 (0.00 %)," ",0,0,0,0,2.10,2.10,2.10,2.10
06/07/2018,2.30,2.30,2.30,0.10 (4.55 %)," ","35,190","74,884,000",0,0,2.20,2.1,2.30,1.90
05/07/2018,2.20,2.20,2.20,0.00 (0.00 %)," ",0,0,0,0,2.20,2.20,2.20,2.20
04/07/2018,2.20,2.20,2.20,0.00 (0.00 %)," ",0,0,0,0,2.20,2.2,2.20,2.20
03/07/2018,2.20,2.20,2.20,0.00 (0.00 %)," ",0,0,0,0,2.20,2.20,2.20,2.20
02/07/2018,2.20,2.20,2.20,0.00 (0.00 %)," ",0,0,0,0,2.20,2.2,2.20,2.20
29/06/2018,2.30,2.30,2.30,0.00 (0.00 %)," ","35,700","77,251,000",0,0,2.30,2.20,2.30,2.00
28/06/2018,2.30,2.30,2.30,0.00 (0.00 %)," ",0,0,0,0,2.30,2.3,2.30,2.30
27/06/2018,2.30,2.30,2.30,0.00 (0.00 %)," ",0,0,0,0,2.30,2.30,2.30,2.30
26/06/2018,2.30,2.30,2.30,0.00 (0.00 %)," ",0,0,0,0,2.30,2.3,2.30,2.30
25/06/2018,2.30,2.30,2.30,0.00 (0.00 %)," ",0,0,0,0,2.30,2.30,2.30,2.30
22/06/2018,2.40,2.40,2.40,0.30 (14.29 %)," ","28,480","64,670,600",0,0,2.10,2.0,2.40,2.00
21/06/2018,2.10,2.10,2.10,0.00 (0.00 %)," ",0,0,0,0,2.10,2.10,2.10,2.10
20/06/2018,2.10,2.10,2.10,0.00 (0.00 %)," ",0,0,0,0,2.10,2.1,2.10,2.10
19/06/2018,2.10,2.10,2.10,0.00 (0.00 %)," ",0,0,0,0,2.10,2.10,2.10,2.10
18/06/2018,2.10,2.10,2.10,0.00 (0.00 %)," ",0,0,0,0,2.10,2.1,2.10,2.10
15/06/2018,2.00,2.00,2.00,0.10 (5.26 %)," ","19,300","39,630,000",0,0,1.90,2.10,2.10,2.00
14/06/2018,1.90,1.90,1.90,0.00 (0.00 %)," ",0,0,0,0,1.90,1.9,1.90,1.90
13/06/2018,1.90,1.90,1.90,0.00 (0.00 %)," ",0,0,0,0,1.90,1.90,1.90,1.90
12/06/2018,1.90,1.90,1.90,0.00 (0.00 %)," ",0,0,0,0,1.90,1.9,1.90,1.90
11/06/2018,1.90,1.90,1.90,0.00 (0.00 %)," ",0,0,0,0,1.90,1.90,1.90,1.90
08/06/2018,2.00,2.00,2.00,0.20 (11.11 %)," ","5,607","10,461,200",0,0,1.80,1.8,2.00,1.80
07/06/2018,1.80,1.80,1.80,0.00 (0.00 %)," ",0,0,0,0,1.80,1.80,1.80,1.80
06/06/2018,1.80,1.80,1.80,0.00 (0.00 %)," ",0,0,0,0,1.80,1.8,1.80,1.80
05/06/2018,1.80,1.80,1.80,0.00 (0.00 %)," ",0,0,0,0,1.80,1.80,1.80,1.80
04/06/2018,1.80,1.80,1.80,0.00 (0.00 %)," ",0,0,0,0,1.80,1.8,1.80,1.80
01/06/2018,1.70,1.70,1.70,-0.20 (-10.53 %)," ","2,936","5,416,500",80,"136,000",1.90,1.80,2.10,1.70
31/05/2018,1.90,1.90,1.90,0.00 (0.00 %)," ",0,0,0,0,1.90,1.9,1.90,1.90
30/05/2018,1.90,1.90,1.90,0.00 (0.00 %)," ",0,0,0,0,1.90,1.90,1.90,1.90
29/05/2018,1.90,1.90,1.90,0.00 (0.00 %)," ",0,0,0,0,1.90,1.9,1.90,1.90
28/05/2018,1.90,1.90,1.90,0.00 (0.00 %)," ",0,0,0,0,1.90,1.90,1.90,1.90
25/05/2018,2.10,2.10,2.10,0.20 (10.53 %)," ","19,940","38,608,000",0,0,1.90,1.7,2.10,1.70
24/05/2018,1.90,1.90,1.90,0.00 (0.00 %)," ",0,0,0,0,1.90,1.90,1.90,1.90
23/05/2018,1.90,1.90,1.90,0.00 (0.00 %)," ",0,0,0,0,1.90,1.9,1.90,1.90
22/05/2018,1.90,1.90,1.90,0.00 (0.00 %)," ",0,0,0,0,1.90,1.90,1.90,1.90
21/05/2018,1.90,1.90,1.90,0.00 (0.00 %)," ",0,0,0,0,1.90,1.9,1.90,1.90
18/05/2018,1.70,1.70,1.70,-0.10 (-5.56 %)," ","5,490","10,168,000",0,0,1.80,1.80,1.90,1.70
17/05/2018,1.80,1.80,1.80,0.00 (0.00 %)," ",0,0,0,0,1.80,1.8,1.80,1.80
16/05/2018,1.80,1.80,1.80,0.00 (0.00 %)," ",0,0,0,0,1.80,1.80,1.80,1.80
15/05/2018,1.80,1.80,1.80,0.00 (0.00 %)," ",0,0,0,0,1.80,1.8,1.80,1.80
14/05/2018,1.80,1.80,1.80,0.00 (0.00 %)," ",0,0,0,0,1.80,1.80,1.80,1.80
11/05/2018,2.00,2.00,2.00,0.00 (0.00 %)," ","1,180","2,066,000",0,0,2.00,1.7,2.00,1.70
10/05/2018,2.00,2.00,2.00,0.00 (0.00 %)," ",0,0,0,0,2.00,2.00,2.00,2.00
09/05/2018,2.00,2.00,2.00,0.00 (0.00 %)," ",0,0,0,0,2.00,2.0,2.00,2.00
08/05/2018,2.00,2.00,2.00,0.00 (0.00 %)," ",0,0,0,0,2.00,2.00,2.00,2.00
07/05/2018,2.00,2.00,2.00,0.00 (0.00 %)," ",0,0,0,0,2.00,2.0,2.00,2.00
04/05/2018,2.10,2.10,2.10,0.00 (0.00 %)," ","8,547","17,480,600",0,0,2.10,1.80,2.10,1.80
03/05/2018,2.10,2.10,2.10,0.00 (0.00 %)," ",0,0,0,0,2.10,2.1,2.10,2.10
27/04/2018,2.10,2.10,2.10,0.20 (10.53 %)," ","10,080","21,036,000",0,0,1.90,2.10,2.10,2.00
26/04/2018,1.90,1.90,1.90,0.00 (0.00 %)," ",0,0,0,0,1.90,1.9,1.90,1.90
24/04/2018,1.90,1.90,1.90,0.00 (0.00 %)," ",0,0,0,0,1.90,1.90,1.90,1.90
23/04/2018,1.90,1.90,1.90,0.00 (0.00 %)," ",0,0,0,0,1.90,1.9,1.90,1.90
20/04/2018,2.30,2.30,2.30,0.30 (15.00 %)," ","15,900","29,470,000",0,0,2.00,1.80,2.30,1.80
19/04/2018,2.00,2.00,2.00,0.00 (0.00 %)," ",0,0,0,0,2.00,2.0,2.00,2.00
18/04/2018,2.00,2.00,2.00,0.00 (0.00 %)," ",0,0,0,0,2.00,2.00,2.00,2.00
17/04/2018,2.00,2.00,2.00,0.00 (0.00 %)," ",0,0,0,0,2.00,2.0,2.00,2.00
16/04/2018,2.00,2.00,2.00,0.00 (0.00 %)," ",0,0,0,0,2.00,2.00,2.00,2.00
13/04/2018,2.00,2.00,2.00,-0.30 (-13.04 %)," ","44,700","89,500,000",0,0,2.30,2.0,2.10,2.00
12/04/2018,2.30,2.30,2.30,0.00 (0.00 %)," ",0,0,0,0,2.30,2.30,2.30,2.30
11/04/2018,2.30,2.30,2.30,0.00 (0.00 %)," ",0,0,0,0,2.30,2.3,2.30,2.30
10/04/2018,2.30,2.30,2.30,0.00 (0.00 %)," ",0,0,0,0,2.30,2.30,2.30,2.30
09/04/2018,2.30,2.30,2.30,0.00 (0.00 %)," ",0,0,0,0,2.30,2.3,2.30,2.30
06/04/2018,2.30,2.30,2.30,-0.10 (-4.17 %)," ","13,582","30,592,200",80,"168,000",2.40,2.30,2.40,2.10
05/04/2018,2.40,2.40,2.40,0.00 (0.00 %)," ",0,0,0,0,2.40,2.4,2.40,2.40
04/04/2018,2.40,2.40,2.40,0.00 (0.00 %)," ",0,0,0,0,2.40,2.40,2.40,2.40
03/04/2018,2.40,2.40,2.40,0.00 (0.00 %)," ",0,0,0,0,2.40,2.4,2.40,2.40
02/04/2018,2.40,2.40,2.40,0.00 (0.00 %)," ",0,0,0,0,2.40,2.40,2.40,2.40
30/03/2018,2.40,2.40,2.40,-0.20 (-7.69 %)," ","2,147","5,082,800",0,0,2.60,2.3,2.40,2.30
29/03/2018,2.60,2.60,2.60,0.00 (0.00 %)," ",0,0,0,0,2.60,2.60,2.60,2.60
28/03/2018,2.60,2.60,2.60,0.00 (0.00 %)," ",0,0,0,0,2.60,2.6,2.60,2.60
27/03/2018,2.60,2.60,2.60,0.00 (0.00 %)," ",0,0,0,0,2.60,2.60,2.60,2.60
26/03/2018,2.60,2.60,2.60,0.00 (0.00 %)," ",0,0,0,0,2.60,2.6,2.60,2.60
23/03/2018,2.70,2.70,2.70,0.10 (3.85 %)," ","22,400","58,630,000",0,0,2.60,2.70,2.70,2.60
22/03/2018,2.60,2.60,2.60,0.00 (0.00 %)," ",0,0,0,0,2.60,2.6,2.60,2.60
18/04/2018,2.00,2.00,2.00,0.00 (0.00 %)," ",0,0,0,0,2.00,2.00,2.00,2.00
17/04/2018,2.00,2.00,2.00,0.00 (0.00 %)," ",0,0,0,0,2.00,2.0,2.00,2.00
16/04/2018,2.00,2.00,2.00,0.00 (0.00 %)," ",0,0,0,0,2.00,2.00,2.00,2.00
13/04/2018,2.00,2.00,2.00,-0.30 (-13.04 %)," ","44,700","89,500,000",0,0,2.30,2.0,2.10,2.00
12/04/2018,2.30,2.30,2.30,0.00 (0.00 %)," ",0,0,0,0,2.30,2.30,2.30,2.30
11/04/2018,2.30,2.30,2.30,0.00 (0.00 %)," ",0,0,0,0,2.30,2.3,2.30,2.30
10/04/2018,2.30,2.30,2.30,0.00 (0.00 %)," ",0,0,0,0,2.30,2.30,2.30,2.30
09/04/2018,2.30,2.30,2.30,0.00 (0.00 %)," ",0,0,0,0,2.30,2.3,2.30,2.30
06/04/2018,2.30,2.30,2.30,-0.10 (-4.17 %)," ","13,582","30,592,200",80,"168,000",2.40,2.30,2.40,2.10
05/04/2018,2.40,2.40,2.40,0.00 (0.00 %)," ",0,0,0,0,2.40,2.4,2.40,2.40
04/04/2018,2.40,2.40,2.40,0.00 (0.00 %)," ",0,0,0,0,2.40,2.40,2.40,2.40
03/04/2018,2.40,2.40,2.40,0.00 (0.00 %)," ",0,0,0,0,2.40,2.4,2.40,2.40
02/04/2018,2.40,2.40,2.40,0.00 (0.00 %)," ",0,0,0,0,2.40,2.40,2.40,2.40
30/03/2018,2.40,2.40,2.40,-0.20 (-7.69 %)," ","2,147","5,082,800",0,0,2.60,2.3,2.40,2.30
29/03/2018,2.60,2.60,2.60,0.00 (0.00 %)," ",0,0,0,0,2.60,2.60,2.60,2.60
28/03/2018,2.60,2.60,2.60,0.00 (0.00 %)," ",0,0,0,0,2.60,2.6,2.60,2.60
27/03/2018,2.60,2.60,2.60,0.00 (0.00 %)," ",0,0,0,0,2.60,2.60,2.60,2.60
26/03/2018,2.60,2.60,2.60,0.00 (0.00 %)," ",0,0,0,0,2.60,2.6,2.60,2.60
23/03/2018,2.70,2.70,2.70,0.10 (3.85 %)," ","22,400","58,630,000",0,0,2.60,2.70,2.70,2.60
22/03/2018,2.60,2.60,2.60,0.00 (0.00 %)," ",0,0,0,0,2.60,2.6,2.60,2.60
21/03/2018,2.60,2.60,2.60,0.00 (0.00 %)," ",0,0,0,0,2.60,2.60,2.60,2.60
20/03/2018,2.60,2.60,2.60,0.00 (0.00 %)," ",0,0,0,0,2.60,2.6,2.60,2.60
19/03/2018,2.60,2.60,2.60,0.00 (0.00 %)," ",0,0,0,0,2.60,2.60,2.60,2.60
16/03/2018,2.70,2.70,2.70,0.30 (12.50 %)," ","19,750","51,060,000",0,0,2.40,2.4,2.70,2.40
15/03/2018,2.40,2.40,2.40,0.00 (0.00 %)," ",0,0,0,0,2.40,2.40,2.40,2.40
14/03/2018,2.40,2.40,2.40,0.00 (0.00 %)," ",0,0,0,0,2.40,2.4,2.40,2.40
13/03/2018,2.40,2.40,2.40,0.00 (0.00 %)," ",0,0,0,0,2.40,2.40,2.40,2.40
12/03/2018,2.40,2.40,2.40,0.00 (0.00 %)," ",0,0,0,0,2.40,2.4,2.40,2.40
09/03/2018,2.60,2.60,2.60,0.20 (8.33 %)," ","5,536","13,422,800",0,0,2.40,2.20,2.60,2.20
08/03/2018,2.40,2.40,2.40,0.00 (0.00 %)," ",0,0,0,0,2.40,2.4,2.40,2.40
07/03/2018,2.40,2.40,2.40,0.00 (0.00 %)," ",0,0,0,0,2.40,2.40,2.40,2.40
06/03/2018,2.40,2.40,2.40,0.00 (0.00 %)," ",0,0,0,0,2.40,2.4,2.40,2.40
05/03/2018,2.40,2.40,2.40,0.00 (0.00 %)," ",0,0,0,0,2.40,2.40,2.40,2.40
02/03/2018,2.40,2.40,2.40,0.20 (9.09 %)," ","5,102","12,284,800",0,0,2.20,2.3,2.50,2.30
01/03/2018,2.20,2.20,2.20,0.00 (0.00 %)," ",0,0,0,0,2.20,2.20,2.20,2.20
28/02/2018,2.20,2.20,2.20,0.00 (0.00 %)," ",0,0,0,0,2.20,2.2,2.20,2.20
27/02/2018,2.20,2.20,2.20,0.00 (0.00 %)," ",0,0,0,0,2.20,2.20,2.20,2.20
26/02/2018,2.20,2.20,2.20,0.00 (0.00 %)," ",0,0,0,0,2.20,2.2,2.20,2.20
23/02/2018,2.30,2.30,2.30,0.30 (15.00 %)," ","25,940","58,188,000",0,0,2.00,2.10,2.30,2.10
22/02/2018,2.00,2.00,2.00,0.00 (0.00 %)," ",0,0,0,0,2.00,2.0,2.00,2.00
21/02/2018,2.00,2.00,2.00,0.00 (0.00 %)," ",0,0,0,0,2.00,2.00,2.00,2.00
13/02/2018,2.00,2.00,2.00,0.00 (0.00 %)," ",0,0,0,0,2.00,2.0,2.00,2.00
12/02/2018,2.00,2.00,2.00,0.00 (0.00 %)," ",0,0,0,0,2.00,2.00,2.00,2.00
09/02/2018,1.70,1.70,1.70,-0.30 (-15.00 %)," ","7,681","15,057,700",0,0,2.00,2.1,2.10,1.70
08/02/2018,2.00,2.00,2.00,0.00 (0.00 %)," ",0,0,0,0,2.00,2.00,2.00,2.00
07/02/2018,2.00,2.00,2.00,0.00 (0.00 %)," ",0,0,0,0,2.00,2.0,2.00,2.00
06/02/2018,2.00,2.00,2.00,0.00 (0.00 %)," ",0,0,0,0,2.00,2.00,2.00,2.00
05/02/2018,2.00,2.00,2.00,0.00 (0.00 %)," ",0,0,0,0,2.00,2.0,2.00,2.00
02/02/2018,2.00,2.00,2.00,0.20 (11.11 %)," ","11,747","23,445,200",0,0,1.80,1.90,2.00,1.90
01/02/2018,1.80,1.80,1.80,0.00 (0.00 %)," ",0,0,0,0,1.80,1.8,1.80,1.80
31/01/2018,1.80,1.80,1.80,0.00 (0.00 %)," ",0,0,0,0,1.80,1.80,1.80,1.80
30/01/2018,1.80,1.80,1.80,0.00 (0.00 %)," ",0,0,0,0,1.80,1.8,1.80,1.80
29/01/2018,1.80,1.80,1.80,0.00 (0.00 %)," ",0,0,0,0,1.80,1.80,1.80,1.80
26/01/2018,2.10,2.10,2.10,0.10 (5.00 %)," ","21,180","38,880,000",0,0,2.00,1.7,2.10,1.70
25/01/2018,2.00,2.00,2.00,0.00 (0.00 %)," ",0,0,0,0,2.00,2.00,2.00,2.00
24/01/2018,2.00,2.00,2.00,0.00 (0.00 %)," ",0,0,0,0,2.00,2.0,2.00,2.00
23/01/2018,2.00,2.00,2.00,0.00 (0.00 %)," ",0,0,0,0,2.00,2.00,2.00,2.00
22/01/2018,2.00,2.00,2.00,0.00 (0.00 %)," ",0,0,0,0,2.00,2.0,2.00,2.00
19/01/2018,2.00,2.00,2.00,-0.30 (-13.04 %)," ","38,720","77,440,000",0,0,2.30,2.00,2.00,2.00
18/01/2018,2.30,2.30,2.30,0.00 (0.00 %)," ",0,0,0,0,2.30,2.3,2.30,2.30
17/01/2018,2.30,2.30,2.30,0.00 (0.00 %)," ",0,0,0,0,2.30,2.30,2.30,2.30
16/01/2018,2.30,2.30,2.30,0.00 (0.00 %)," ",0,0,0,0,2.30,2.3,2.30,2.30
15/01/2018,2.30,2.30,2.30,0.00 (0.00 %)," ",0,0,0,0,2.30,2.30,2.30,2.30
12/01/2018,2.30,2.30,2.30,-0.30 (-11.54 %)," ","7,300","16,790,000",0,0,2.60,2.3,2.30,2.30
11/01/2018,2.60,2.60,2.60,0.00 (0.00 %)," ",0,0,0,0,2.60,2.60,2.60,2.60
10/01/2018,2.60,2.60,2.60,0.00 (0.00 %)," ",0,0,0,0,2.60,2.6,2.60,2.60
09/01/2018,2.60,2.60,2.60,0.00 (0.00 %)," ",0,0,0,0,2.60,2.60,2.60,2.60
08/01/2018,2.60,2.60,2.60,0.00 (0.00 %)," ",0,0,0,0,2.60,2.6,2.60,2.60
05/01/2018,2.60,2.60,2.60,-0.40 (-13.33 %)," ","33,099","86,097,400",0,0,3.00,3.00,3.00,2.60
04/01/2018,3.00,3.00,3.00,0.00 (0.00 %)," ",0,0,0,0,3.00,3.0,3.00,3.00
03/01/2018,3.00,3.00,3.00,0.00 (0.00 %)," ",0,0,0,0,3.00,3.00,3.00,3.00
02/01/2018,3.00,3.00,3.00,0.00 (0.00 %)," ",0,0,0,0,3.00,3.0,3.00,3.00
29/12/2017,3.00,3.00,3.00,-2.00 (-40.00 %)," ","35,900","108,050,000",0,0,5.00,3.50,3.50,3.00
