06/05/2022,110.00,110.00,110.00,-3.50 (-3.08 %)," ","12,020","1,304,936,000",0,0,113.50,116.00,116.00,105.00
05/05/2022,113.50,113.50,113.50,-4.20 (-3.57 %)," ","1,145","130,118,500",0,0,117.70,113.5,113.50,113.50
04/05/2022,117.90,117.90,117.90,1.10 (0.94 %)," ","16,800","1,976,910,000",0,0,116.80,120.00,120.00,115.00
29/04/2022,119.90,119.90,119.90,7.10 (6.29 %)," ","14,870","1,736,940,000",0,0,112.80,114.9,120.00,114.90
28/04/2022,115.00,115.00,115.00,0.80 (0.70 %)," ","59,600","6,720,820,000",0,0,114.20,114.20,116.00,111.50
27/04/2022,114.00,114.00,114.00,6.10 (5.65 %)," ","19,770","2,257,990,000",0,0,107.90,116.0,116.00,111.10
26/04/2022,114.00,114.00,114.00,0.50 (0.44 %)," ","23,005","2,482,917,500",0,0,113.50,106.20,114.00,100.00
25/04/2022,117.00,117.00,117.00,-1.80 (-1.52 %)," ","71,220","8,085,516,000",0,0,118.80,118.8,124.70,105.00
22/04/2022,118.50,118.50,118.50,-4.30 (-3.50 %)," ","40,680","4,833,050,000",0,0,122.80,118.10,122.80,117.10
21/04/2022,128.00,128.00,128.00,1.40 (1.11 %)," ","40,150","4,930,450,000",0,0,126.60,125.6,128.60,115.10
20/04/2022,128.80,128.80,128.80,-1.20 (-0.92 %)," ","5,700","721,540,000",0,0,130.00,130.00,130.00,126.00
19/04/2022,129.00,129.00,129.00,-0.20 (-0.15 %)," ","15,300","1,989,020,000",0,0,129.20,134.0,134.00,128.00
18/04/2022,133.00,133.00,133.00,0.70 (0.53 %)," ","5,865","758,185,000",0,0,132.30,132.30,135.90,113.00
14/04/2022,134.00,134.00,134.00,0.20 (0.15 %)," ","19,400","2,559,560,000",0,0,133.80,131.7,134.00,131.00
13/04/2022,135.60,135.60,135.60,1.70 (1.27 %)," ","5,298","708,044,100",0,0,133.90,133.90,135.70,132.50
12/04/2022,134.30,134.30,134.30,-1.30 (-0.96 %)," ","5,385","720,866,300",0,0,135.60,135.4,135.60,130.00
08/04/2022,135.20,135.20,135.20,-1.40 (-1.02 %)," ","10,900","1,478,360,000",0,0,136.60,135.00,137.00,135.00
07/04/2022,136.00,136.00,136.00,-2.60 (-1.88 %)," ","26,406","3,606,014,000",0,0,138.60,138.6,138.60,136.00
06/04/2022,139.60,139.60,139.60,0.00 (0.00 %)," ","13,300","1,843,000,000",0,0,139.60,139.00,140.00,138.10
05/04/2022,140.50,140.50,140.50,-2.00 (-1.40 %)," ","5,014","700,021,400",0,0,142.50,141.1,141.10,139.10
04/04/2022,141.60,141.60,141.60,2.60 (1.87 %)," ","30,050","4,281,960,000",0,0,139.00,140.00,144.00,140.00
01/04/2022,140.00,140.00,140.00,6.70 (5.03 %)," ","57,312","7,965,807,400","60,000","8,100,000,000",133.30,138.0,142.40,135.70
31/03/2022,138.00,138.00,138.00,3.10 (2.30 %)," ","72,000","9,600,120,000",0,0,134.90,135.50,138.00,132.00
30/03/2022,135.00,135.00,135.00,-0.60 (-0.44 %)," ","16,600","2,240,020,000",0,0,135.60,135.6,135.60,134.60
29/03/2022,136.00,136.00,136.00,0.80 (0.59 %)," ","5,500","745,880,000",0,0,135.20,136.50,136.50,135.20
28/03/2022,135.00,135.00,135.00,-1.10 (-0.81 %)," ","5,000","676,100,000",0,0,136.10,136.1,136.50,134.60
25/03/2022,136.60,136.60,136.60,0.00 (0.00 %)," ","16,650","2,266,300,000",0,0,136.60,136.60,137.00,135.00
24/03/2022,136.20,136.20,136.20,0.30 (0.22 %)," ","6,200","846,900,000","30,000","3,477,000,000",135.90,136.0,137.80,136.00
23/03/2022,136.00,136.00,136.00,-0.10 (-0.07 %)," ","2,900","394,130,000",0,0,136.10,136.10,136.10,135.70
22/03/2022,138.00,138.00,138.00,1.80 (1.32 %)," ","20,340","2,767,765,000",0,0,136.20,136.5,138.00,135.50
21/03/2022,136.00,136.00,136.00,-1.50 (-1.09 %)," ","26,660","3,632,213,000","38,175","5,680,657,500",137.50,137.00,137.00,136.00
18/03/2022,136.80,136.80,136.80,0.00 (0.00 %)," ","8,455","1,162,663,000",0,0,136.80,138.0,138.00,136.80
17/03/2022,136.40,136.40,136.40,-0.60 (-0.44 %)," ","16,160","2,210,285,000",0,0,137.00,137.10,137.10,136.40
16/03/2022,136.50,136.50,136.50,0.00 (0.00 %)," ","12,600","1,726,760,000",0,0,136.50,137.9,138.00,136.50
15/03/2022,137.00,137.00,137.00,1.30 (0.96 %)," ","16,150","2,203,730,000","19,000","2,204,000,000",135.70,137.90,138.00,136.00
14/03/2022,136.50,136.50,136.50,0.00 (0.00 %)," ","8,817","1,196,355,000",0,0,136.50,134.1,137.50,134.00
11/03/2022,137.60,137.60,137.60,-0.20 (-0.15 %)," ","29,445","4,019,105,000",0,0,137.80,137.80,137.80,136.00
10/03/2022,137.90,137.90,137.90,0.10 (0.07 %)," ","15,400","2,121,790,000",0,0,137.80,138.0,138.00,137.50
09/03/2022,138.00,138.00,138.00,0.00 (0.00 %)," ","41,600","5,732,760,000",0,0,138.00,138.00,138.00,137.60
08/03/2022,138.00,138.00,138.00,0.00 (0.00 %)," ","31,100","4,291,480,000","36,307","4,258,811,100",138.00,138.0,138.10,137.80
07/03/2022,138.00,138.00,138.00,-1.40 (-1.00 %)," ","40,645","5,610,756,200",0,0,139.40,139.00,139.00,137.60
04/03/2022,139.00,139.00,139.00,-0.50 (-0.36 %)," ","15,400","2,146,920,000",0,0,139.50,141.0,141.10,138.00
03/03/2022,139.00,139.00,139.00,-0.80 (-0.57 %)," ","12,178","1,699,451,200",0,0,139.80,139.10,142.00,138.50
02/03/2022,140.90,140.90,140.90,0.80 (0.57 %)," ","7,600","1,062,830,000",0,0,140.10,139.0,141.80,139.00
01/03/2022,140.50,140.50,140.50,-0.70 (-0.50 %)," ","20,905","2,928,846,100",0,0,141.20,139.60,141.00,139.00
28/02/2022,141.30,141.30,141.30,2.40 (1.73 %)," ","54,472","7,690,564,100",0,0,138.90,138.5,143.00,138.00
25/02/2022,139.90,139.90,139.90,1.00 (0.72 %)," ","34,321","4,768,256,900",0,0,138.90,138.30,140.00,138.10
24/02/2022,139.80,139.80,139.80,-0.90 (-0.64 %)," ","34,011","4,724,040,600",0,0,140.70,142.5,142.50,138.00
23/02/2022,140.90,140.90,140.90,0.90 (0.64 %)," ","20,050","2,821,400,000",0,0,140.00,139.10,142.00,139.10
22/02/2022,139.00,139.00,139.00,-3.00 (-2.11 %)," ","12,219","1,710,461,900",0,0,142.00,141.1,141.10,139.00
21/02/2022,141.20,141.20,141.20,2.60 (1.88 %)," ","33,319","4,731,192,600",0,0,138.60,141.00,143.00,139.00
18/02/2022,139.00,139.00,139.00,-0.20 (-0.14 %)," ","11,700","1,621,932,000",0,0,139.20,138.5,139.20,138.10
17/02/2022,139.50,139.50,139.50,1.20 (0.87 %)," ","8,300","1,155,110,000",0,0,138.30,139.40,139.80,138.30
16/02/2022,139.40,139.40,139.40,-0.10 (-0.07 %)," ","7,700","1,064,830,000",0,0,139.50,138.1,139.50,138.10
15/02/2022,140.00,140.00,140.00,2.20 (1.60 %)," ","9,835","1,372,285,000",0,0,137.80,138.00,140.00,138.00
14/02/2022,138.80,138.80,138.80,-0.10 (-0.07 %)," ","11,100","1,529,610,000",0,0,138.90,138.9,139.00,137.20
11/02/2022,139.00,139.00,139.00,-0.90 (-0.64 %)," ","15,881","2,205,360,200",0,0,139.90,144.00,144.00,138.50
10/02/2022,139.70,139.70,139.70,0.30 (0.22 %)," ","16,710","2,337,109,300",0,0,139.40,139.2,140.00,138.60
09/02/2022,138.50,138.50,138.50,-0.50 (-0.36 %)," ","15,475","2,156,573,000",0,0,139.00,138.40,139.80,138.40
08/02/2022,138.70,138.70,138.70,-0.20 (-0.14 %)," ","16,410","2,280,532,000",0,0,138.90,139.2,139.20,138.70
07/02/2022,139.50,139.50,139.50,-0.90 (-0.64 %)," ","44,300","6,153,340,000",0,0,140.40,141.00,141.00,138.00
28/01/2022,141.00,141.00,141.00,1.40 (1.00 %)," ","3,500","491,550,000",0,0,139.60,143.7,143.70,138.60
27/01/2022,140.00,140.00,140.00,-1.60 (-1.13 %)," ","16,020","2,236,780,000",0,0,141.60,139.20,141.40,139.00
26/01/2022,141.00,141.00,141.00,1.20 (0.86 %)," ","22,565","3,195,251,200",0,0,139.80,146.0,146.00,138.10
25/01/2022,142.00,142.00,142.00,3.10 (2.23 %)," ","49,991","6,990,586,200",0,0,138.90,140.10,142.00,138.70
24/01/2022,138.00,138.00,138.00,-4.80 (-3.36 %)," ","40,160","5,577,310,000",0,0,142.80,140.0,142.80,138.00
21/01/2022,142.50,142.50,142.50,0.40 (0.28 %)," ","50,242","7,172,911,000",0,0,142.10,142.00,145.00,141.00
20/01/2022,143.50,143.50,143.50,5.60 (4.06 %)," ","10,488","1,489,845,800",0,0,137.90,142.9,143.50,140.00
19/01/2022,140.00,140.00,140.00,1.50 (1.08 %)," ","17,700","2,441,150,000","2,000","235,600,000",138.50,138.00,144.50,137.00
18/01/2022,138.10,138.10,138.10,-3.80 (-2.68 %)," ","23,210","3,213,530,000",0,0,141.90,135.0,140.40,135.00
17/01/2022,144.00,144.00,144.00,-1.60 (-1.10 %)," ","43,527","6,177,496,300",0,0,145.60,145.60,147.00,138.00
14/01/2022,147.60,147.60,147.60,-1.20 (-0.81 %)," ","41,913","6,101,373,800","21,000","2,656,500,000",148.80,148.8,148.80,144.00
13/01/2022,147.20,147.20,147.20,-2.40 (-1.60 %)," ","50,933","7,576,756,000","130,000","20,800,000,000",149.60,150.00,151.00,147.00
12/01/2022,149.80,149.80,149.80,-0.30 (-0.20 %)," ","58,107","8,695,581,700","9,700","1,237,720,000",150.10,150.7,152.00,127.60
11/01/2022,150.90,150.90,150.90,3.50 (2.37 %)," ","99,460","14,931,340,000",0,0,147.40,146.00,151.60,146.00
10/01/2022,146.00,146.00,146.00,3.40 (2.38 %)," ","72,904","10,749,549,100","108,000","16,970,400,000",142.60,142.6,150.00,142.60
07/01/2022,141.00,141.00,141.00,-4.40 (-3.03 %)," ","33,231","4,740,227,800",0,0,145.40,145.40,146.90,140.00
06/01/2022,144.30,144.30,144.30,-3.50 (-2.37 %)," ","5,560","808,170,000","42,000","7,031,400,000",147.80,147.5,147.70,144.30
05/01/2022,147.00,147.00,147.00,-0.40 (-0.27 %)," ","5,233","773,299,700","86,905","12,445,496,500",147.40,147.50,148.10,146.00
04/01/2022,147.00,147.00,147.00,7.20 (5.15 %)," ","54,846","8,083,610,600",0,0,139.80,139.1,150.00,139.00
31/12/2021,140.00,140.00,140.00,-0.70 (-0.50 %)," ","19,101","2,669,719,500","20,000","2,400,000,000",140.70,142.00,142.00,138.00
30/12/2021,140.50,140.50,140.50,-2.80 (-1.95 %)," ","18,650","2,623,706,800",0,0,143.30,143.0,143.00,139.90
29/12/2021,141.70,141.70,141.70,-3.80 (-2.61 %)," ","83,024","11,894,983,400","20,000","2,910,000,000",145.50,144.00,145.50,140.00
28/12/2021,144.40,144.40,144.40,-1.70 (-1.16 %)," ","21,046","3,062,152,500","121,000","15,028,200,000",146.10,146.0,146.20,144.20
27/12/2021,145.00,145.00,145.00,1.00 (0.69 %)," ","7,060","1,031,552,100","36,800","4,508,000,000",144.00,146.30,149.50,122.50
24/12/2021,142.00,142.00,142.00,-3.60 (-2.47 %)," ","61,901","8,910,764,000",0,0,145.60,145.6,146.50,142.00
23/12/2021,145.60,145.60,145.60,-0.80 (-0.55 %)," ","24,167","3,518,285,000","19,200","2,392,320,000",146.40,145.00,146.60,144.20
21/12/2021,148.50,148.50,148.50,0.00 (0.00 %)," ","24,986","3,664,503,400",0,0,148.50,146.2,148.50,146.20
20/12/2021,148.20,148.20,148.20,-2.60 (-1.72 %)," ","15,730","2,335,560,000",0,0,150.80,149.00,150.00,148.00
17/12/2021,150.00,150.00,150.00,0.70 (0.47 %)," ","41,122","6,201,871,300","101,000","14,355,580,000",149.30,150.0,171.50,127.10
16/12/2021,151.00,151.00,151.00,6.00 (4.14 %)," ","37,500","5,600,460,000",0,0,145.00,146.10,151.00,146.10
15/12/2021,144.00,144.00,144.00,-3.10 (-2.11 %)," ","25,945","3,761,658,000",0,0,147.10,146.0,146.60,144.00
14/12/2021,146.10,146.10,146.10,-1.90 (-1.28 %)," ","34,777","5,116,826,100","66,800","11,356,000,000",148.00,150.00,170.00,146.10
13/12/2021,147.00,147.00,147.00,-3.20 (-2.13 %)," ","28,535","4,223,030,000","37,000","4,736,000,000",150.20,149.4,152.00,128.00
10/12/2021,150.00,150.00,150.00,5.70 (3.95 %)," ","97,691","14,673,264,000","551,000","67,607,700,000",144.30,152.00,157.00,122.70
09/12/2021,149.30,149.30,149.30,19.40 (14.93 %)," ","75,639","10,914,690,800","2,755,800","304,549,300,000",129.90,146.0,149.30,110.50
08/12/2021,146.00,146.00,146.00,-2.20 (-1.48 %)," ","219,261","28,493,089,000","37,000","6,290,000,000",148.20,149.90,170.00,126.00
07/12/2021,150.00,150.00,150.00,3.20 (2.18 %)," ","4,120","610,810,000","58,000","9,280,000,000",146.80,146.8,160.00,145.20
06/12/2021,146.78,147.90,146.11,-3.70 (-2.44 %)," ","26,630","3,956,295,500","66,800","11,623,200,000",151.60,154.00,174.00,145.00
03/12/2021,149.78,150.20,148.38,-1.40 (-0.92 %)," ","15,065","2,284,027,500","37,000","4,773,000,000",151.60,153.0,153.00,129.00
02/12/2021,149.78,152.00,150.16,0.20 (0.13 %)," ","7,150","1,084,032,400",0,0,151.80,151.50,152.80,151.50
01/12/2021,149.93,151.30,149.47,-4.30 (-2.76 %)," ","17,060","2,589,181,900",0,0,155.60,155.6,155.60,150.20
30/11/2021,153.69,155.70,153.82,4.90 (3.25 %)," ","25,596","3,981,549,000","103,800","14,982,540,000",150.80,155.00,173.30,128.30
29/11/2021,149.01,151.00,149.17,-2.30 (-1.50 %)," ","6,310","951,810,000",0,0,153.30,148.5,152.30,148.50
26/11/2021,151.45,153.00,151.15,-0.30 (-0.20 %)," ","15,422","2,364,833,000",0,0,153.30,154.50,154.50,152.00
25/11/2021,151.44,155.00,153.12,-0.20 (-0.13 %)," ","55,300","8,477,140,000","36,800","6,550,400,000",155.20,156.0,178.00,152.00
24/11/2021,153.32,157.80,155.89,4.90 (3.20 %)," ","34,828","5,404,624,600","67,000","10,096,500,000",152.90,160.00,175.60,130.50
23/11/2021,151.09,157.40,155.50,2.60 (1.68 %)," ","26,773","4,094,442,900",0,0,154.80,148.3,159.50,148.30
22/11/2021,152.89,154.90,153.03,-5.30 (-3.31 %)," ","68,724","10,635,921,900","36,800","5,023,200,000",160.20,160.20,160.20,136.50
19/11/2021,158.24,160.90,158.95,-2.60 (-1.59 %)," ","15,430","2,471,670,000","37,000","6,937,500,000",163.50,162.0,187.50,157.00
18/11/2021,161.48,164.00,162.02,0.00 (0.00 %)," ","30,870","5,045,280,200",0,0,164.00,155.50,173.00,155.50
17/11/2021,162.06,163.80,161.82,3.00 (1.87 %)," ","47,538","7,797,304,000","8,000","1,320,000,000",160.80,163.0,166.00,161.00
16/11/2021,158.84,163.00,161.03,5.40 (3.43 %)," ","89,796","14,436,839,400",0,0,157.60,155.60,180.00,155.00
15/11/2021,155.68,157.00,155.10,2.20 (1.42 %)," ","53,655","8,455,313,300",0,0,154.80,165.0,165.00,155.00
12/11/2021,152.96,156.90,155.00,3.10 (2.02 %)," ","18,368","2,843,807,700","4,900","640,920,000",153.80,157.50,157.50,130.80
11/11/2021,151.94,154.00,152.14,-0.50 (-0.32 %)," ","32,422","4,986,521,000",0,0,154.50,155.2,158.00,152.00
10/11/2021,152.61,155.10,153.22,-1.30 (-0.83 %)," ","33,102","5,113,397,900","12,000","1,920,000,000",156.40,154.00,158.00,154.00
09/11/2021,154.48,155.00,153.12,-3.00 (-1.90 %)," ","26,156","4,089,939,000",0,0,158.00,157.0,158.00,155.00
08/11/2021,156.09,156.00,154.11,4.40 (2.90 %)," ","78,786","12,448,286,700","86,000","13,760,000,000",151.60,153.60,161.00,153.60
05/11/2021,149.72,154.00,152.14,14.20 (10.16 %)," ","191,984","29,096,438,000","165,170","19,638,713,000",139.80,139.5,157.20,118.90
04/11/2021,138.11,140.00,138.31,-0.40 (-0.28 %)," ","58,015","8,110,674,000","169,900","20,463,300,000",140.40,140.00,161.40,119.40
03/11/2021,138.72,139.50,137.81,-2.10 (-1.48 %)," ","10,935","1,535,615,000",0,0,141.60,139.0,142.00,139.00
02/11/2021,139.86,142.00,140.28,1.20 (0.85 %)," ","55,595","7,870,863,000",0,0,140.80,140.80,142.50,140.00
01/11/2021,139.09,140.70,139.00,-1.10 (-0.78 %)," ","39,444","5,553,338,200","24,000","2,904,000,000",141.80,143.0,144.00,121.00
29/10/2021,140.07,142.30,140.58,1.10 (0.78 %)," ","19,925","2,825,037,500",0,0,141.20,142.00,142.50,141.50
28/10/2021,139.48,142.00,140.28,4.70 (3.42 %)," ","87,691","12,380,121,900","1,400","163,520,000",137.30,137.0,144.80,116.80
27/10/2021,135.64,139.00,137.32,1.00 (0.72 %)," ","28,353","3,892,780,100","24,000","3,804,000,000",138.00,137.00,158.50,136.50
26/10/2021,136.37,138.00,136.33,-3.80 (-2.68 %)," ","7,859","1,084,585,800",0,0,141.80,139.3,139.30,137.00
25/10/2021,140.04,140.00,138.31,2.40 (1.74 %)," ","63,296","8,968,472,000",0,0,137.60,138.00,143.10,138.00
22/10/2021,135.89,139.10,137.42,7.20 (5.46 %)," ","49,089","6,751,844,300",0,0,131.90,132.0,143.00,131.90
21/10/2021,130.34,131.80,130.21,0.80 (0.61 %)," ","30,658","4,043,325,200","24,000","2,676,000,000",131.00,130.00,132.80,111.50
20/10/2021,129.42,130.80,129.22,-1.80 (-1.36 %)," ","19,304","2,528,801,500",0,0,132.60,131.5,131.50,130.70
19/10/2021,130.95,132.00,130.40,-1.50 (-1.12 %)," ","20,800","2,757,130,000",0,0,133.50,133.50,133.50,131.00
18/10/2021,131.84,133.30,131.69,-0.50 (-0.37 %)," ","8,200","1,094,320,000","24,000","3,684,000,000",133.80,133.6,153.50,133.10
15/10/2021,132.16,133.60,131.98,-1.40 (-1.04 %)," ","12,200","1,632,120,000",0,0,135.00,134.00,134.50,133.50
14/10/2021,133.34,135.00,133.37,0.00 (0.00 %)," ","11,300","1,525,190,000",0,0,135.00,134.1,135.30,134.00
13/10/2021,133.32,135.00,133.37,-0.90 (-0.66 %)," ","17,500","2,361,710,000",0,0,135.90,136.00,136.00,134.00
12/10/2021,134.26,135.50,133.86,-0.90 (-0.66 %)," ","24,800","3,370,450,000","24,000","2,808,000,000",136.40,136.0,136.30,117.00
11/10/2021,134.70,136.50,134.85,0.00 (0.00 %)," ","5,300","722,660,000",0,0,136.50,136.30,136.80,136.00
08/10/2021,134.88,136.90,135.24,0.20 (0.15 %)," ","15,920","2,173,680,000","148,200","17,458,840,000",136.70,136.3,140.00,116.20
07/10/2021,135.01,136.90,135.24,0.60 (0.44 %)," ","11,500","1,571,590,000","24,000","3,756,000,000",136.30,136.30,156.50,136.30
06/10/2021,134.67,136.50,134.85,0.50 (0.37 %)," ","11,000","1,499,540,000",0,0,136.00,136.1,136.50,136.00
05/10/2021,134.39,136.10,134.45,0.00 (0.00 %)," ","15,031","2,044,746,000",0,0,136.10,136.10,136.90,135.70
04/10/2021,134.49,136.20,134.55,0.10 (0.07 %)," ","3,210","437,010,000",0,0,136.10,135.5,137.00,135.50
01/10/2021,134.46,136.00,134.35,-0.80 (-0.58 %)," ","2,618","356,332,400",0,0,136.80,136.80,136.80,136.00
30/09/2021,135.11,136.50,134.85,0.90 (0.66 %)," ","27,122","3,709,253,800",0,0,135.60,136.0,138.50,136.00
29/09/2021,133.93,135.60,133.96,0.30 (0.22 %)," ","4,900","664,310,000",0,0,135.30,135.30,136.00,135.30
28/09/2021,133.62,135.90,134.26,0.70 (0.52 %)," ","4,600","622,170,000",0,0,135.20,134.5,136.00,134.50
27/09/2021,133.55,135.00,133.37,-0.50 (-0.37 %)," ","7,502","1,014,142,600",0,0,135.50,136.30,136.30,134.90
24/09/2021,133.84,135.50,133.86,-0.70 (-0.51 %)," ","10,700","1,449,610,000",0,0,136.20,135.8,136.00,135.00
23/09/2021,134.58,136.00,134.35,-0.20 (-0.15 %)," ","10,200","1,389,500,000",0,0,136.20,136.20,136.80,136.00
22/09/2021,134.56,136.90,135.24,1.70 (1.26 %)," ","4,020","547,547,000",0,0,135.20,137.5,137.50,135.50
21/09/2021,133.53,135.00,133.37,-0.80 (-0.59 %)," ","25,700","3,473,850,000",0,0,135.80,135.00,138.70,134.70
20/09/2021,134.16,135.30,133.66,-1.20 (-0.88 %)," ","18,700","2,539,530,000",0,0,136.50,139.8,139.80,135.30
17/09/2021,134.81,136.00,134.35,0.20 (0.15 %)," ","12,530","1,709,926,000",0,0,135.80,140.00,140.00,135.90
16/09/2021,134.13,139.00,137.32,1.90 (1.39 %)," ","10,100","1,371,280,000",0,0,137.10,135.1,140.00,135.00
15/09/2021,135.40,136.00,134.35,-3.50 (-2.51 %)," ","43,100","5,907,060,000",0,0,139.50,138.60,138.60,135.20
14/09/2021,137.81,139.00,137.32,-3.70 (-2.59 %)," ","17,861","2,491,674,700",0,0,142.70,140.5,142.00,139.00
13/09/2021,140.99,141.50,139.79,-1.30 (-0.91 %)," ","108,900","15,542,180,000",0,0,142.80,142.80,142.80,141.00
10/09/2021,141.11,143.90,142.16,0.00 (0.00 %)," ","41,845","5,977,207,500",0,0,143.90,142.0,144.00,141.00
09/09/2021,142.17,144.40,142.65,-1.90 (-1.30 %)," ","25,050","3,605,110,400","84,000","13,020,000,000",146.30,146.00,155.00,141.70
08/09/2021,144.58,146.60,144.83,1.20 (0.83 %)," ","2,609","381,814,000",0,0,145.40,146.0,147.00,144.00
07/09/2021,143.65,144.70,142.95,2.30 (1.62 %)," ","36,730","5,340,816,000",0,0,142.40,145.00,149.00,143.10
06/09/2021,140.68,164.00,140.89,4.10 (2.56 %)," ","113,862","18,644,852,500","49,500","6,732,000,000",159.90,160.0,166.90,136.00
01/09/2021,137.34,160.00,137.45,-1.50 (-0.93 %)," ","12,900","2,062,300,000",0,0,161.50,161.50,165.00,146.00
31/08/2021,138.76,162.00,139.17,0.10 (0.06 %)," ","9,500","1,534,440,000",0,0,161.90,160.5,163.80,160.00
30/08/2021,139.06,161.00,138.31,1.90 (1.19 %)," ","39,000","6,313,060,000",0,0,159.10,159.50,162.90,159.50
27/08/2021,136.65,159.70,137.19,0.00 (0.00 %)," ","4,600","731,680,000",0,0,159.70,160.0,160.00,158.00
26/08/2021,137.24,159.00,136.59,-0.90 (-0.56 %)," ","10,000","1,597,470,000",0,0,159.90,160.00,160.10,159.00
25/08/2021,137.33,158.20,135.91,-2.70 (-1.68 %)," ","22,400","3,580,760,000",0,0,160.90,160.1,162.50,158.00
24/08/2021,138.21,162.00,139.17,-3.30 (-2.00 %)," ","17,600","2,831,510,000",0,0,165.30,161.00,163.00,160.00
23/08/2021,141.97,164.80,141.58,-1.40 (-0.84 %)," ","13,833","2,286,052,000",0,0,166.20,165.9,166.10,164.00
20/08/2021,142.77,165.80,142.44,-0.10 (-0.06 %)," ","65,500","10,885,470,000",0,0,165.90,166.00,167.90,165.30
19/08/2021,142.52,167.50,143.90,2.30 (1.39 %)," ","22,900","3,799,000,000",0,0,165.20,165.3,167.50,165.00
18/08/2021,141.89,165.00,141.75,-1.70 (-1.02 %)," ","38,037","6,282,144,000",0,0,166.70,167.00,167.00,165.00
17/08/2021,143.22,167.30,143.72,-0.40 (-0.24 %)," ","65,500","10,919,940,000",0,0,167.70,167.9,168.90,164.10
16/08/2021,144.08,168.00,144.33,2.50 (1.51 %)," ","15,213","2,551,357,500",0,0,165.50,167.90,168.00,166.00
13/08/2021,142.15,167.90,144.24,-0.40 (-0.24 %)," ","52,707","8,721,293,000",0,0,168.30,168.0,168.50,164.00
12/08/2021,144.62,168.30,144.58,-0.10 (-0.06 %)," ","14,400","2,424,180,000",0,0,168.40,168.50,168.70,168.00
11/08/2021,144.63,168.90,145.10,-0.60 (-0.35 %)," ","31,100","5,235,720,000",0,0,169.50,170.0,170.00,165.00
10/08/2021,145.64,170.00,146.04,0.80 (0.47 %)," ","26,114","4,426,982,000",0,0,169.20,169.50,170.80,169.00
09/08/2021,145.36,170.00,146.04,1.60 (0.95 %)," ","56,806","9,611,858,000",0,0,168.40,169.0,170.00,168.00
06/08/2021,144.67,169.00,145.18,-1.30 (-0.76 %)," ","99,521","16,759,696,000",0,0,170.30,169.10,174.50,167.00
05/08/2021,146.27,171.00,146.90,-2.10 (-1.21 %)," ","10,300","1,753,680,000","5,000","875,000,000",173.10,171.5,175.00,169.50
04/08/2021,148.67,171.00,146.90,-2.10 (-1.21 %)," ","12,530","2,167,889,500",0,0,173.10,173.00,175.80,171.00
03/08/2021,148.71,173.50,149.05,-4.50 (-2.53 %)," ","15,200","2,631,110,000",0,0,178.00,174.5,176.00,172.00
02/08/2021,152.93,175.00,150.34,-3.90 (-2.18 %)," ","39,105","6,961,357,000",0,0,178.90,179.00,180.00,175.00
30/07/2021,153.69,178.00,152.92,2.00 (1.14 %)," ","27,022","4,834,358,600",0,0,176.00,179.9,179.90,176.20
29/07/2021,151.24,178.00,152.92,4.10 (2.36 %)," ","34,450","6,064,750,000",0,0,173.90,175.00,178.00,175.00
28/07/2021,149.35,175.00,150.34,5.30 (3.12 %)," ","57,367","9,973,011,400",0,0,169.70,172.5,175.00,172.50
27/07/2021,145.77,172.00,147.76,3.00 (1.78 %)," ","24,800","4,208,140,000","22,500","4,050,000,000",169.00,169.50,180.00,168.10
26/07/2021,145.18,170.20,146.22,-0.20 (-0.12 %)," ","9,900","1,673,030,000","22,000","3,960,000,000",170.40,171.0,180.00,155.00
23/07/2021,146.36,171.50,147.33,0.50 (0.29 %)," ","19,010","3,238,640,000",0,0,171.00,173.00,173.00,169.10
22/07/2021,146.93,172.00,146.90,1.10 (0.64 %)," ","19,400","3,337,280,000",0,0,170.90,171.0,173.00,171.00
21/07/2021,145.96,171.00,146.05,2.10 (1.24 %)," ","30,350","5,186,826,000",0,0,168.90,169.10,175.00,169.00
20/07/2021,144.24,167.90,143.40,-1.50 (-0.89 %)," ","16,205","2,736,725,000",0,0,169.40,169.0,169.90,166.80
19/07/2021,144.65,169.00,144.34,-0.50 (-0.29 %)," ","34,504","5,843,776,000",0,0,169.50,169.00,169.90,168.00
16/07/2021,144.78,171.00,146.05,3.40 (2.03 %)," ","26,110","4,425,990,000","32,000","5,504,000,000",167.60,168.0,172.00,168.00
15/07/2021,143.14,167.30,142.89,-0.90 (-0.54 %)," ","11,600","1,944,040,000",0,0,168.20,168.00,168.00,166.50
14/07/2021,143.67,168.00,143.49,-1.30 (-0.77 %)," ","29,417","4,948,445,500",0,0,169.30,169.0,169.00,167.00
13/07/2021,144.59,169.90,145.11,4.60 (2.78 %)," ","19,704","3,335,589,600",0,0,165.30,165.00,169.90,165.00
12/07/2021,141.17,167.50,143.06,0.10 (0.06 %)," ","43,505","7,190,935,000",0,0,167.40,165.0,167.50,163.50
09/07/2021,142.94,165.00,140.93,-0.20 (-0.12 %)," ","5,000","836,810,000",0,0,165.20,170.90,170.90,165.00
08/07/2021,141.12,164.60,140.58,-2.10 (-1.26 %)," ","18,245","3,014,499,200",0,0,166.70,165.1,170.00,164.60
07/07/2021,142.42,169.00,144.34,0.30 (0.18 %)," ","30,850","5,144,320,000",0,0,168.70,167.00,170.00,165.00
06/07/2021,144.12,167.50,143.06,-2.10 (-1.24 %)," ","16,426","2,771,678,000",0,0,169.60,169.5,171.00,167.50
05/07/2021,144.87,169.20,144.51,-1.10 (-0.65 %)," ","8,801","1,492,850,000",0,0,170.30,170.00,170.00,169.20
02/07/2021,145.45,170.00,145.20,-0.80 (-0.47 %)," ","17,147","2,920,075,300",0,0,170.80,170.6,171.00,169.90
01/07/2021,145.88,170.60,145.71,-0.60 (-0.35 %)," ","6,807","1,162,665,200",0,0,171.20,171.00,171.00,170.60
30/06/2021,146.21,171.00,146.05,-0.10 (-0.06 %)," ","9,300","1,592,080,000",0,0,171.10,171.0,173.00,171.00
29/06/2021,146.16,170.50,145.62,-1.60 (-0.93 %)," ","38,000","6,503,030,000",0,0,172.10,172.10,172.10,170.00
28/06/2021,147.02,173.00,147.76,0.70 (0.41 %)," ","7,800","1,342,620,000",0,0,172.30,172.1,173.00,171.00
25/06/2021,147.15,172.50,147.33,-0.80 (-0.46 %)," ","13,978","2,407,613,200",0,0,173.30,173.00,173.00,171.00
24/06/2021,148.04,172.90,147.67,-2.10 (-1.20 %)," ","26,100","4,523,810,000",0,0,175.00,174.0,174.00,172.90
23/06/2021,149.44,174.00,148.61,-4.00 (-2.25 %)," ","35,300","6,176,510,000","5,000","1,000,000,000",178.00,177.10,200.00,173.50
22/06/2021,152.04,178.00,152.03,-1.50 (-0.84 %)," ","21,600","3,845,030,000",0,0,179.50,179.0,179.00,177.00
18/06/2021,154.19,180.00,153.74,1.70 (0.95 %)," ","15,743","2,842,038,600",0,0,178.30,183.00,183.00,178.00
17/06/2021,152.29,184.00,157.15,4.40 (2.45 %)," ","15,910","2,836,910,000","2,000","360,000,000",179.60,177.0,184.00,177.00
16/06/2021,153.43,178.00,152.03,0.70 (0.39 %)," ","15,410","2,768,221,300",0,0,177.30,182.00,185.00,177.00
15/06/2021,151.42,180.10,153.82,8.50 (4.95 %)," ","38,447","6,816,321,000","181,500","26,499,000,000",171.60,174.0,183.00,146.00
14/06/2021,146.58,172.00,146.90,1.30 (0.76 %)," ","15,023","2,578,063,500",0,0,170.70,172.90,173.40,170.00
11/06/2021,145.80,172.90,147.67,3.00 (1.77 %)," ","58,574","9,998,875,000",0,0,169.90,170.0,173.00,169.00
10/06/2021,145.13,171.00,146.05,2.00 (1.18 %)," ","220,300","37,434,570,000",0,0,169.00,168.50,172.00,168.10
09/06/2021,144.36,170.00,145.20,-0.30 (-0.18 %)," ","5,430","917,788,500",0,0,170.30,170.0,170.00,167.60
08/06/2021,145.48,170.00,145.20,0.20 (0.12 %)," ","39,856","6,788,970,100","92,000","17,628,000,000",169.80,170.00,194.60,167.50
07/06/2021,144.99,169.80,145.03,-1.00 (-0.59 %)," ","22,900","3,887,460,000",0,0,170.80,170.1,170.90,168.90
04/06/2021,145.88,171.50,146.48,2.30 (1.36 %)," ","56,635","9,672,885,000",0,0,169.20,169.00,172.00,168.50
03/06/2021,144.55,168.00,143.49,-2.00 (-1.18 %)," ","25,006","4,232,172,400","100,000","19,500,000,000",170.00,168.5,195.00,168.00
02/06/2021,145.19,170.00,145.20,0.40 (0.24 %)," ","13,233","2,249,517,000",0,0,169.60,169.00,171.50,168.50
01/06/2021,144.83,170.50,145.62,0.50 (0.29 %)," ","52,261","8,860,191,000",0,0,170.00,170.0,170.50,168.40
31/05/2021,145.16,170.30,145.45,0.00 (0.00 %)," ","36,652","6,229,060,800","49,000","9,579,500,000",170.30,174.00,195.50,169.00
28/05/2021,145.42,170.00,145.20,3.30 (1.98 %)," ","9,815","1,671,118,500",0,0,166.70,168.9,172.00,168.90
27/05/2021,142.36,169.00,144.34,4.70 (2.86 %)," ","37,640","6,273,600,000","102,000","16,080,000,000",164.30,164.30,170.00,140.00
26/05/2021,140.35,164.20,140.24,-2.00 (-1.20 %)," ","15,700","2,579,840,000",0,0,166.20,165.0,165.00,163.40
25/05/2021,141.98,164.50,140.50,-1.30 (-0.78 %)," ","14,700","2,443,690,000","11,000","2,035,000,000",165.80,169.00,185.00,163.50
24/05/2021,141.63,165.00,140.93,7.10 (4.50 %)," ","19,863","3,293,671,500","37,000","4,976,500,000",157.90,158.1,168.80,134.50
21/05/2021,134.87,165.10,141.01,4.60 (2.87 %)," ","59,660","9,420,452,000","15,000","2,415,000,000",160.50,160.00,170.00,155.00
20/05/2021,137.05,158.90,135.72,-5.00 (-3.05 %)," ","54,521","8,748,902,000","15,000","2,400,000,000",163.90,162.5,163.50,153.10
19/05/2021,139.95,163.50,139.64,-2.10 (-1.27 %)," ","27,943","4,578,737,500","30,300","5,757,000,000",165.60,164.00,190.00,162.20
18/05/2021,141.42,164.00,140.07,-1.80 (-1.09 %)," ","186,600","30,897,550,000",0,0,165.80,165.0,166.80,163.80
17/05/2021,141.63,167.20,142.80,-0.10 (-0.06 %)," ","37,700","6,251,790,000",0,0,167.30,167.00,168.50,165.20
14/05/2021,142.88,166.40,142.12,-0.90 (-0.54 %)," ","121,900","20,392,140,000",0,0,167.30,167.3,168.50,166.30
13/05/2021,142.87,166.00,141.78,-2.90 (-1.72 %)," ","27,538","4,606,531,200",0,0,168.90,168.10,169.50,166.00
12/05/2021,144.23,169.00,144.34,0.10 (0.06 %)," ","22,955","3,876,334,000","11,100","2,014,650,000",168.90,169.5,181.50,168.00
11/05/2021,144.24,171.00,146.05,3.50 (2.09 %)," ","31,902","5,387,657,800","11,000","1,991,000,000",167.50,167.40,181.00,164.60
07/05/2021,147.25,173.80,148.44,-2.70 (-1.53 %)," ","14,600","2,517,050,000",0,0,176.50,176.9,176.90,171.10
06/05/2021,150.74,173.00,147.76,-3.20 (-1.82 %)," ","36,168","6,383,343,000",0,0,176.20,177.00,177.90,173.00
05/05/2021,150.52,177.10,151.26,2.20 (1.26 %)," ","38,550","6,793,510,000","20,000","3,560,000,000",174.90,176.0,178.00,175.00
04/05/2021,149.41,176.00,150.32,0.10 (0.06 %)," ","25,000","4,373,240,000",0,0,175.90,176.00,176.00,171.80
29/04/2021,150.27,176.30,150.58,4.10 (2.38 %)," ","37,210","6,546,740,000","107,000","16,572,000,000",172.20,173.1,180.00,146.40
28/04/2021,147.08,175.80,150.15,7.00 (4.15 %)," ","41,030","7,065,440,000","218,000","37,000,000,000",168.80,167.00,180.00,167.00
27/04/2021,144.18,169.70,144.94,4.00 (2.41 %)," ","24,030","4,056,600,000","100,000","17,000,000,000",165.70,163.1,175.90,163.00
26/04/2021,141.52,166.00,141.78,-1.60 (-0.95 %)," ","19,100","3,164,760,000",0,0,167.60,167.60,167.60,163.00
23/04/2021,143.19,168.00,143.49,-0.20 (-0.12 %)," ","16,769","2,810,485,000","30,000","5,790,000,000",168.20,166.0,193.00,166.00
22/04/2021,143.68,166.00,141.78,-5.10 (-2.98 %)," ","61,420","10,332,530,000","80,000","15,680,000,000",171.10,170.00,196.00,166.00
20/04/2021,146.11,170.00,145.20,-1.50 (-0.87 %)," ","26,550","4,541,910,000","30,300","4,417,740,000",171.50,173.0,173.00,145.80
19/04/2021,146.50,174.00,148.61,-0.40 (-0.23 %)," ","31,100","5,334,630,000",0,0,174.40,172.00,174.00,170.00
16/04/2021,148.96,174.90,149.38,-2.20 (-1.24 %)," ","30,951","5,397,978,000",0,0,177.10,176.0,176.00,171.00
15/04/2021,151.25,178.00,152.03,1.80 (1.02 %)," ","41,450","7,340,385,000",0,0,176.20,180.50,180.50,175.00
14/04/2021,150.47,179.50,153.31,3.50 (1.99 %)," ","39,600","6,976,310,000",0,0,176.00,174.5,179.50,174.50
13/04/2021,150.31,176.90,151.09,1.00 (0.57 %)," ","40,601","7,145,425,500",0,0,175.90,178.90,179.00,174.00
12/04/2021,150.26,175.90,150.24,1.20 (0.69 %)," ","41,436","7,289,507,500",0,0,174.70,175.0,179.50,173.00
08/04/2021,153.61,179.90,153.65,-2.70 (-1.48 %)," ","120,900","21,744,550,000",0,0,182.60,185.00,188.90,176.00
07/04/2021,155.96,183.90,157.07,-1.70 (-0.92 %)," ","28,029","5,117,820,000",0,0,185.60,185.0,185.50,182.00
06/04/2021,158.51,186.00,158.86,-1.60 (-0.85 %)," ","33,111","6,145,116,500","8,000","1,574,000,000",187.60,187.10,209.00,182.00
05/04/2021,160.27,188.00,160.57,0.40 (0.21 %)," ","19,703","3,697,214,000",0,0,187.60,187.6,189.80,187.00
02/04/2021,160.20,189.90,162.19,-5.20 (-2.67 %)," ","39,015","7,317,925,000",0,0,195.10,189.00,191.00,185.00
01/04/2021,166.62,190.50,162.71,0.80 (0.42 %)," ","22,565","4,401,360,000",0,0,189.70,193.0,199.90,188.10
31/03/2021,162.05,193.00,164.84,2.40 (1.26 %)," ","22,528","4,274,182,000",0,0,190.60,192.50,193.30,186.50
30/03/2021,162.82,191.80,163.82,-1.60 (-0.83 %)," ","19,925","3,798,585,000",0,0,193.40,195.7,195.70,186.00
29/03/2021,165.17,190.80,162.96,6.60 (3.58 %)," ","41,248","7,976,734,000",0,0,184.20,189.00,197.90,185.10
25/03/2021,158.57,187.80,160.40,0.70 (0.37 %)," ","52,400","9,728,660,000",0,0,187.10,190.0,190.90,180.90
24/03/2021,159.84,186.80,159.55,-6.20 (-3.21 %)," ","42,478","7,949,198,500",0,0,193.00,190.00,190.00,180.00
23/03/2021,164.83,190.00,162.28,-3.20 (-1.66 %)," ","90,855","17,533,827,800","13,800","2,622,000,000",193.20,192.0,197.90,189.50
22/03/2021,165.05,193.60,165.35,0.00 (0.00 %)," ","25,500","4,927,740,000","40,000","8,160,000,000",193.60,193.00,204.00,192.00
19/03/2021,165.36,194.00,165.69,-3.80 (-1.92 %)," ","82,715","16,014,062,500","65,000","12,870,000,000",197.80,197.0,198.00,192.50
18/03/2021,168.97,198.00,169.11,-3.00 (-1.49 %)," ","116,742","23,095,276,000",0,0,201.00,201.00,201.00,195.00
17/03/2021,171.68,202.00,172.53,-0.70 (-0.35 %)," ","70,130","14,096,418,800",0,0,202.70,204.0,204.90,199.90
16/03/2021,173.10,203.90,174.15,0.70 (0.34 %)," ","65,418","13,257,947,600",50,"10,160,000",203.20,203.00,206.80,200.70
15/03/2021,173.57,204.80,174.92,0.00 (0.00 %)," ","61,140","12,424,976,400",15,"3,072,000",204.80,207.8,208.90,202.00
12/03/2021,174.90,205.00,175.09,-2.30 (-1.11 %)," ","62,197","12,735,528,600","17,100","4,074,930,000",207.30,208.00,238.30,202.60
11/03/2021,177.09,207.60,177.31,1.10 (0.53 %)," ","41,205","8,543,560,000",0,0,206.50,209.0,209.90,205.70
10/03/2021,176.36,207.90,177.57,1.10 (0.53 %)," ","40,000","8,259,300,000",0,0,206.80,209.40,209.40,205.00
09/03/2021,176.59,206.90,176.71,0.70 (0.34 %)," ","64,170","13,267,982,500",0,0,206.20,206.3,210.00,205.50
08/03/2021,176.12,209.00,178.51,7.00 (3.47 %)," ","96,790","19,958,010,000",0,0,202.00,204.00,214.00,203.10
05/03/2021,172.56,205.00,175.09,2.40 (1.18 %)," ","35,970","7,267,320,000",0,0,202.60,202.5,205.00,200.00
04/03/2021,173.08,203.90,174.15,-0.10 (-0.05 %)," ","43,520","8,819,062,000",0,0,204.00,203.60,204.80,200.00
03/03/2021,174.27,203.60,173.89,-1.80 (-0.88 %)," ","25,880","5,280,007,500",0,0,205.40,203.1,205.00,203.00
02/03/2021,175.42,204.10,174.32,1.60 (0.79 %)," ","20,829","4,277,886,000",0,0,202.50,204.00,206.70,202.60
01/03/2021,172.96,204.90,175.00,0.00 (0.00 %)," ","36,400","7,371,110,000",0,0,204.90,204.0,206.80,200.00
26/02/2021,175.02,206.50,176.37,0.50 (0.24 %)," ","22,907","4,694,150,000","13,000","2,678,000,000",206.00,206.00,209.90,202.10
25/02/2021,175.94,206.90,176.71,-2.50 (-1.19 %)," ","36,075","7,431,110,000",0,0,209.40,209.0,209.50,203.00
24/02/2021,178.87,209.00,178.51,-1.30 (-0.62 %)," ","36,329","7,608,170,800",0,0,210.30,210.00,213.90,206.80
23/02/2021,179.62,210.40,179.70,0.90 (0.43 %)," ","93,550","19,673,730,000",0,0,209.50,208.6,213.00,207.90
22/02/2021,178.92,209.80,179.19,-0.90 (-0.43 %)," ","51,230","10,732,070,000","15,000","2,686,500,000",210.70,208.00,212.90,179.10
19/02/2021,179.97,210.40,179.70,4.80 (2.33 %)," ","68,268","14,384,731,000",0,0,205.60,209.0,214.00,207.00
18/02/2021,175.61,207.00,176.80,6.10 (3.04 %)," ","54,270","11,158,427,500",0,0,200.90,220.30,220.30,202.30
17/02/2021,171.62,204.00,174.24,1.40 (0.69 %)," ","65,000","13,060,860,000",0,0,202.60,204.5,204.50,199.00
09/02/2021,173.08,204.80,174.92,-0.70 (-0.34 %)," ","101,751","20,618,978,000",0,0,205.50,205.90,207.00,199.00
05/02/2021,177.75,207.80,177.48,-2.50 (-1.19 %)," ","57,405","11,946,955,500",0,0,210.30,221.0,221.00,204.00
04/02/2021,179.63,212.00,181.07,0.70 (0.33 %)," ","42,910","9,024,760,000",0,0,211.30,218.00,221.90,204.00
03/02/2021,180.48,215.00,183.63,7.70 (3.71 %)," ","55,130","11,649,983,800",0,0,207.30,210.0,220.00,203.00
02/02/2021,177.06,207.80,177.48,-6.20 (-2.90 %)," ","38,905","8,065,422,000","15,000","2,728,500,000",214.00,193.70,214.90,181.90
01/02/2021,182.79,208.90,178.42,9.20 (4.61 %)," ","75,175","16,088,971,800",0,0,199.70,213.0,225.00,200.00
29/01/2021,170.53,211.90,180.98,19.60 (10.19 %)," ","87,562","17,482,405,200",0,0,192.30,165.20,214.80,165.20
28/01/2021,164.21,182.60,155.96,-32.20 (-14.99 %)," ","105,860","20,351,607,000",0,0,214.80,200.0,217.00,182.60
27/01/2021,183.44,210.00,179.36,-6.80 (-3.14 %)," ","76,112","16,346,508,000",0,0,216.80,220.00,236.00,205.00
26/01/2021,185.17,223.90,191.23,-0.70 (-0.31 %)," ","70,610","15,308,020,000",0,0,224.60,223.0,226.00,205.00
25/01/2021,191.80,223.50,190.89,-2.60 (-1.15 %)," ","12,448","2,793,491,000",0,0,226.10,227.00,227.00,222.00
22/01/2021,193.09,228.70,195.33,23.80 (11.62 %)," ","37,689","8,520,035,000","20,000","4,712,000,000",204.90,209.0,235.60,209.00
21/01/2021,174.99,209.30,178.76,27.30 (15.00 %)," ","258,897","53,040,511,600",0,0,182.00,189.90,209.30,189.90
20/01/2021,155.47,189.90,162.19,5.00 (2.70 %)," ","153,350","27,913,850,000","230,000","36,156,000,000",184.90,185.0,189.90,157.20
19/01/2021,157.93,185.00,158.01,-9.90 (-5.08 %)," ","69,322","12,818,843,000",0,0,194.90,190.00,196.00,172.00
18/01/2021,166.42,195.00,166.55,1.10 (0.57 %)," ","52,580","10,244,770,000",0,0,193.90,196.0,199.90,186.00
15/01/2021,165.61,199.00,169.96,4.40 (2.26 %)," ","173,541","33,650,116,000","1,500","248,250,000",194.60,194.60,199.00,165.50
14/01/2021,166.18,195.00,166.55,-3.00 (-1.52 %)," ","36,097","7,023,277,000",0,0,198.00,196.0,197.90,193.50
13/01/2021,169.12,197.70,168.85,1.00 (0.51 %)," ","62,629","12,400,600,100","5,000","840,000,000",196.70,197.50,200.00,168.00
12/01/2021,168.00,199.60,170.48,3.60 (1.84 %)," ","106,815","21,010,065,000",0,0,196.00,191.0,200.00,191.00
11/01/2021,167.41,197.00,168.26,2.10 (1.08 %)," ","78,142","15,316,380,000",0,0,194.90,197.00,199.00,194.00
08/01/2021,166.45,195.00,166.55,13.80 (7.62 %)," ","253,857","49,471,382,300",0,0,181.20,185.0,200.00,185.00
07/01/2021,154.76,185.00,158.01,7.60 (4.28 %)," ","163,486","29,622,892,600",0,0,177.40,177.40,186.00,176.00
06/01/2021,151.54,177.50,151.60,-0.30 (-0.17 %)," ","69,870","12,396,957,600","18,000","3,240,000,000",177.80,177.8,180.00,176.00
05/01/2021,151.89,178.00,152.03,5.10 (2.95 %)," ","221,107","39,320,929,400",0,0,172.90,172.50,180.00,171.00
04/01/2021,147.65,172.50,147.33,0.40 (0.23 %)," ","82,717","14,299,304,400",0,0,172.10,172.1,174.00,171.80
31/12/2020,146.98,174.90,149.38,2.70 (1.57 %)," ","69,433","11,948,727,700","18,000","3,114,000,000",172.20,170.30,174.90,170.00
30/12/2020,147.08,174.90,149.38,5.20 (3.06 %)," ","163,048","28,077,840,100",0,0,169.70,169.2,176.90,168.00
29/12/2020,144.95,168.90,144.26,-7.30 (-4.14 %)," ","139,446","23,666,739,000",0,0,176.20,172.00,174.00,168.30
28/12/2020,150.45,175.00,149.47,5.40 (3.18 %)," ","109,577","19,302,466,000",0,0,169.60,178.0,179.00,171.10
25/12/2020,144.88,178.00,152.03,21.70 (13.88 %)," ","243,111","41,241,424,700","12,900","1,715,700,000",156.30,162.00,179.00,133.00
24/12/2020,133.53,162.00,138.36,-7.40 (-4.37 %)," ","638,120","99,764,408,000","35,000","5,600,000,000",169.40,172.0,172.00,146.00
23/12/2020,144.70,174.50,149.04,-9.90 (-5.37 %)," ","653,420","110,708,786,300",0,0,184.40,185.50,185.50,160.00
22/12/2020,157.52,186.50,159.29,0.10 (0.05 %)," ","136,590","25,190,568,100","2,000","360,000,000",186.40,186.0,186.50,180.00
21/12/2020,159.21,186.00,158.86,-0.80 (-0.43 %)," ","164,708","30,702,085,500","6,800","1,242,240,000",186.80,190.00,214.80,158.80
18/12/2020,159.50,187.00,159.72,12.80 (7.35 %)," ","136,482","25,487,829,000","123,165","21,455,343,000",174.20,178.5,190.00,174.20
17/12/2020,148.75,179.00,152.88,11.10 (6.61 %)," ","300,047","52,255,509,500",0,0,167.90,168.90,183.00,164.50
16/12/2020,143.37,170.00,145.20,8.50 (5.26 %)," ","539,849","90,622,290,800",0,0,161.50,168.0,171.00,162.00
15/12/2020,137.93,161.60,138.02,21.00 (14.94 %)," ","390,958","63,135,316,600","4,600","550,160,000",140.60,160.50,161.60,119.60
14/12/2020,120.06,145.20,124.01,18.90 (14.96 %)," ","10,353,047","1,455,261,435,400","5,000","726,000,000",126.30,134.0,145.20,126.30
11/12/2020,107.84,132.00,112.74,-3.80 (-2.80 %)," ","1,487,651","187,836,883,400","5,000","765,000,000",135.80,132.00,153.00,120.00
10/12/2020,115.99,136.00,116.16,-9.60 (-6.59 %)," ","843,979","114,619,963,000",0,0,145.60,144.0,149.90,130.00
09/12/2020,124.34,145.00,123.84,-9.80 (-6.33 %)," ","418,245","60,892,281,000","9,000","1,184,400,000",154.80,153.10,156.50,131.60
08/12/2020,132.18,155.00,132.38,-1.10 (-0.70 %)," ","103,930","16,084,407,000",0,0,156.10,154.0,157.00,153.00
07/12/2020,133.31,154.80,132.21,-4.20 (-2.64 %)," ","193,091","30,140,223,500",0,0,159.00,164.00,165.00,151.00
04/12/2020,135.79,160.80,137.34,10.10 (6.70 %)," ","194,669","30,949,039,800",0,0,150.70,154.5,161.50,154.50
03/12/2020,128.71,154.90,132.30,13.80 (9.78 %)," ","195,693","29,491,484,500",0,0,141.10,144.00,155.50,144.00
02/12/2020,120.54,144.00,122.99,10.40 (7.78 %)," ","193,346","27,286,014,400",0,0,133.60,134.0,145.00,134.00
01/12/2020,114.07,134.90,115.22,3.50 (2.66 %)," ","196,307","26,217,326,800",0,0,131.40,131.00,136.50,131.00
30/11/2020,112.19,133.00,112.74,2.50 (1.92 %)," ","77,494","10,256,392,200","19,000","2,109,000,000",130.50,130.5,134.90,111.00
26/11/2020,109.62,129.40,109.69,-20.00 (-13.39 %)," ","385,978","49,917,902,200",0,0,149.40,142.50,142.50,127.00
25/11/2020,126.68,146.00,123.76,-2.30 (-1.55 %)," ","127,170","19,004,167,000",0,0,148.30,148.3,159.90,142.50
24/11/2020,125.70,150.00,127.15,-2.20 (-1.45 %)," ","199,858","29,634,550,200",0,0,152.20,150.90,153.00,146.00
19/11/2020,118.93,142.00,120.37,2.00 (1.43 %)," ","195,342","27,406,600,600","5,750","684,250,000",140.00,140.0,142.90,119.00
18/11/2020,118.64,139.00,117.83,7.10 (5.38 %)," ","195,628","27,379,955,200","34,030","3,897,960,000",131.90,135.00,143.00,112.20
17/11/2020,111.80,135.00,114.44,11.80 (9.58 %)," ","177,462","23,401,724,800",0,0,123.20,126.0,136.00,126.00
16/11/2020,104.41,125.00,105.96,8.30 (7.11 %)," ","108,302","13,337,385,500","8,100","803,520,000",116.70,119.00,126.00,99.20
13/11/2020,98.90,119.00,100.88,4.80 (4.20 %)," ","156,286","18,232,024,400",0,0,114.20,112.8,119.80,112.80
12/11/2020,96.78,114.80,97.31,1.20 (1.06 %)," ","95,679","10,923,301,100",0,0,113.60,113.60,116.90,111.00
11/11/2020,96.27,113.90,96.55,0.30 (0.26 %)," ","104,593","11,874,921,200","6,400","669,440,000",113.60,111.0,116.00,104.60
10/11/2020,96.33,112.00,94.94,2.10 (1.91 %)," ","191,520","21,757,118,500","235,320","25,064,580,000",109.90,110.00,119.90,93.50
09/11/2020,93.17,110.00,93.25,6.20 (5.97 %)," ","194,440","21,370,618,200","20,000","1,766,000,000",103.80,105.0,111.50,88.30
06/11/2020,88.01,105.00,89.01,5.40 (5.42 %)," ","80,176","8,324,466,000",0,0,99.60,100.00,106.00,100.00
05/11/2020,84.40,99.70,84.51,0.70 (0.71 %)," ","119,155","11,864,236,000",0,0,99.00,99.0,100.00,99.00
04/11/2020,83.94,100.00,84.77,3.90 (4.06 %)," ","127,931","12,668,299,500","30,000","2,451,000,000",96.10,96.00,100.00,81.70
03/11/2020,81.44,95.60,81.04,2.80 (3.02 %)," ","69,497","6,676,522,200","16,200","1,419,180,000",92.80,95.0,97.00,78.90
02/11/2020,78.63,93.30,79.09,5.70 (6.51 %)," ","107,660","9,986,234,000",0,0,87.60,89.70,94.90,89.70
30/10/2020,74.27,89.60,75.95,1.40 (1.59 %)," ","120,010","10,514,216,000","14,000","1,050,000,000",88.20,88.0,89.70,75.00
29/10/2020,74.80,88.00,74.60,-0.60 (-0.68 %)," ","13,835","1,220,493,000","572,800","50,406,400,000",88.60,88.60,89.90,86.00
28/10/2020,75.09,87.60,74.26,-2.00 (-2.23 %)," ","44,300","3,924,300,000","10,000","896,000,000",89.60,89.4,89.80,85.40
27/10/2020,75.95,89.40,75.78,0.40 (0.45 %)," ","47,085","4,218,807,000","10,000","757,000,000",89.00,89.10,90.10,75.70
26/10/2020,75.43,89.70,76.04,1.70 (1.93 %)," ","45,682","4,064,803,800",0,0,88.00,88.5,90.00,88.00
23/10/2020,74.57,88.50,75.02,1.90 (2.19 %)," ","72,550","6,381,693,000","20,000","1,474,000,000",86.60,88.00,88.90,73.70
22/10/2020,73.37,87.50,74.17,1.30 (1.51 %)," ","74,750","6,469,742,000",0,0,86.20,86.3,87.50,86.00
21/10/2020,73.09,86.60,73.41,-0.70 (-0.80 %)," ","83,221","7,175,847,000","6,400","547,200,000",87.30,87.00,87.50,85.50
20/10/2020,74.01,86.80,73.58,0.30 (0.35 %)," ","24,920","2,175,570,000",0,0,86.50,87.2,88.40,86.20
19/10/2020,73.36,86.10,72.99,1.00 (1.18 %)," ","42,251","3,656,530,000",0,0,85.10,85.90,89.90,85.20
16/10/2020,72.17,85.90,72.82,1.30 (1.54 %)," ","61,507","5,236,140,100",0,0,84.60,84.6,86.00,84.10
15/10/2020,71.70,84.80,71.88,1.00 (1.19 %)," ","26,490","2,240,485,000",0,0,83.80,84.40,85.00,84.00
14/10/2020,71.01,84.00,71.21,1.20 (1.45 %)," ","62,540","5,239,022,800",0,0,82.80,82.6,84.60,82.60
13/10/2020,70.15,83.50,70.78,0.90 (1.09 %)," ","34,510","2,855,799,000",0,0,82.60,82.30,83.50,82.00
12/10/2020,70.05,82.60,70.02,-0.60 (-0.72 %)," ","44,437","3,672,111,600",0,0,83.20,83.2,83.70,81.50
09/10/2020,70.49,83.60,70.87,0.50 (0.60 %)," ","48,060","3,996,225,000",0,0,83.10,84.00,84.00,83.00
08/10/2020,70.44,83.50,70.78,0.40 (0.48 %)," ","32,872","2,731,632,800",0,0,83.10,83.5,83.50,82.80
07/10/2020,70.43,83.40,70.70,2.60 (3.22 %)," ","60,845","5,055,126,600","25,400","1,744,980,000",80.80,80.50,84.90,68.70
06/10/2020,68.47,80.90,68.58,0.50 (0.62 %)," ","18,318","1,479,618,000",0,0,80.40,81.0,81.20,80.30
05/10/2020,68.18,80.40,68.15,0.50 (0.63 %)," ","18,182","1,462,470,400",0,0,79.90,80.70,81.20,80.00
02/10/2020,67.76,80.70,68.41,1.30 (1.64 %)," ","61,265","4,896,926,000",0,0,79.40,79.4,80.70,78.80
01/10/2020,67.31,79.80,67.65,0.70 (0.88 %)," ","23,987","1,904,653,900",0,0,79.10,80.40,80.50,79.00
30/09/2020,67.05,79.50,67.39,0.30 (0.38 %)," ","23,803","1,882,846,600","3,700","249,380,000",79.20,79.0,79.50,67.40
29/09/2020,67.14,78.90,66.88,-1.00 (-1.25 %)," ","27,164","2,151,412,800",0,0,79.90,79.30,80.40,78.00
28/09/2020,67.72,79.90,67.73,-0.70 (-0.87 %)," ","29,938","2,391,655,800",0,0,80.60,80.6,81.00,79.50
25/09/2020,68.31,80.70,68.41,-0.70 (-0.86 %)," ","24,705","1,990,853,500","3,700","346,320,000",81.40,81.40,93.60,80.00
24/09/2020,69.01,81.10,68.75,1.80 (2.27 %)," ","63,054","5,133,689,600",0,0,79.30,82.0,85.00,80.00
23/09/2020,67.26,91.00,67.08,0.30 (0.33 %)," ","54,151","4,940,928,200","20,000","1,542,000,000",90.70,91.30,91.80,77.10
22/09/2020,66.84,91.20,67.23,0.20 (0.22 %)," ","30,190","2,737,567,000","15,900","1,230,660,000",91.00,90.1,91.20,77.40
21/09/2020,67.09,91.20,67.23,0.00 (0.00 %)," ","23,512","2,140,018,400",0,0,91.20,91.20,91.30,90.60
18/09/2020,67.20,91.50,67.45,-0.30 (-0.33 %)," ","43,975","4,008,978,000","3,000","234,300,000",91.80,91.5,91.50,78.10
17/09/2020,67.70,91.40,67.38,2.40 (2.70 %)," ","98,022","9,002,272,000",0,0,89.00,90.80,94.00,90.70
16/09/2020,65.61,89.50,65.98,1.50 (1.70 %)," ","38,710","3,445,329,800",0,0,88.00,88.9,89.90,88.00
15/09/2020,64.90,88.30,65.09,-0.20 (-0.23 %)," ","29,528","2,599,824,000",0,0,88.50,88.00,88.50,87.90
14/09/2020,65.27,88.00,64.87,-1.00 (-1.12 %)," ","24,731","2,189,904,000",0,0,89.00,91.0,91.00,88.00
11/09/2020,65.57,89.20,65.75,-0.10 (-0.11 %)," ","6,710","596,903,000",0,0,89.30,89.30,89.70,88.60
10/09/2020,65.86,89.00,65.61,0.70 (0.79 %)," ","14,638","1,307,810,400",0,0,88.30,91.0,91.00,88.80
09/09/2020,65.07,89.50,65.98,0.70 (0.79 %)," ","90,721","8,007,778,700","5,000","500,000,000",88.80,87.00,100.00,87.00
08/09/2020,65.46,89.30,65.83,0.00 (0.00 %)," ","9,905","879,545,000",0,0,89.30,89.0,89.40,88.10
07/09/2020,65.82,89.40,65.90,0.10 (0.11 %)," ","29,842","2,664,715,900",0,0,89.30,89.30,91.40,88.00
04/09/2020,65.83,89.80,66.20,0.20 (0.22 %)," ","53,120","4,743,804,000",0,0,89.60,89.0,89.80,88.10
03/09/2020,66.04,89.50,65.98,0.10 (0.11 %)," ","32,558","2,916,801,400",0,0,89.40,90.00,90.80,88.60
01/09/2020,65.93,91.00,67.08,0.10 (0.11 %)," ","26,537","2,372,995,900",0,0,90.90,89.9,91.00,88.50
31/08/2020,67.01,90.90,67.01,-2.70 (-2.88 %)," ","55,039","5,003,126,500","20,000","1,592,000,000",93.60,93.70,93.70,79.60
28/08/2020,69.00,92.00,67.82,-0.80 (-0.86 %)," ","33,290","3,115,999,000",0,0,92.80,94.5,95.10,92.00
27/08/2020,68.44,95.00,70.03,3.40 (3.71 %)," ","50,213","4,662,009,500",0,0,91.60,92.30,95.90,91.10
26/08/2020,67.54,92.00,67.82,0.00 (0.00 %)," ","52,355","4,797,089,100",0,0,92.00,92.0,92.30,91.00
25/08/2020,67.85,91.80,67.67,0.30 (0.33 %)," ","55,835","5,139,316,000",0,0,91.50,91.50,93.40,91.30
24/08/2020,67.43,91.90,67.74,0.20 (0.22 %)," ","85,678","7,837,303,100",0,0,91.70,91.7,92.60,90.80
21/08/2020,67.63,92.30,68.04,-1.00 (-1.07 %)," ","42,800","3,926,710,400","10,000","794,000,000",93.30,92.90,93.10,79.40
20/08/2020,68.81,92.50,68.19,0.70 (0.76 %)," ","64,360","6,008,004,000",0,0,91.80,93.0,94.60,91.90
19/08/2020,67.66,93.00,68.56,3.40 (3.79 %)," ","150,747","13,836,575,800","20,000","1,560,000,000",89.60,90.00,93.50,78.00
18/08/2020,66.06,90.00,66.34,1.20 (1.35 %)," ","38,048","3,409,931,900",0,0,88.80,89.0,90.00,88.90
17/08/2020,65.47,89.30,65.83,2.30 (2.64 %)," ","38,580","3,426,532,000","34,000","3,060,000,000",87.00,87.40,90.00,87.00
14/08/2020,64.13,87.60,64.57,-0.80 (-0.90 %)," ","63,476","5,522,148,000",0,0,88.40,88.4,88.70,86.00
13/08/2020,65.13,88.00,64.87,-3.20 (-3.51 %)," ","90,710","8,015,060,000",0,0,91.20,91.30,91.90,87.00
12/08/2020,67.26,91.00,67.08,0.80 (0.89 %)," ","33,445","3,051,795,500",0,0,90.20,92.0,92.50,90.00
11/08/2020,66.47,90.50,66.71,2.40 (2.72 %)," ","98,787","8,907,332,700",0,0,88.10,88.80,92.10,87.20
10/08/2020,64.91,88.40,65.16,0.00 (0.00 %)," ","75,013","6,605,653,000",0,0,88.40,88.0,89.40,86.10
07/08/2020,65.14,88.00,64.87,-0.80 (-0.90 %)," ","15,721","1,389,187,000",0,0,88.80,88.00,89.80,87.00
06/08/2020,65.44,88.30,65.09,2.20 (2.56 %)," ","48,728","4,326,053,400",0,0,86.10,86.0,90.50,86.00
05/08/2020,63.46,87.50,64.50,3.00 (3.55 %)," ","64,377","5,542,279,800",0,0,84.50,84.50,88.00,84.00
04/08/2020,62.30,84.50,62.29,0.90 (1.08 %)," ","32,431","2,741,076,900",0,0,83.60,85.0,85.10,83.50
03/08/2020,61.66,84.10,61.99,0.80 (0.96 %)," ","15,060","1,259,586,000","80,000","6,640,000,000",83.30,81.00,84.10,81.00
31/07/2020,61.38,82.80,61.04,3.20 (4.02 %)," ","54,660","4,551,375,000",0,0,79.60,83.0,86.00,80.60
30/07/2020,58.66,80.00,58.97,4.80 (6.38 %)," ","33,851","2,693,475,300","250,000","16,000,000,000",75.20,75.00,81.90,64.00
29/07/2020,55.44,75.40,55.58,-1.90 (-2.46 %)," ","18,200","1,368,679,000",0,0,77.30,78.0,78.00,74.50
28/07/2020,57.01,78.40,57.79,1.80 (2.35 %)," ","13,020","1,006,811,000",0,0,76.60,76.60,78.50,75.00
27/07/2020,56.45,74.30,54.77,-7.50 (-9.17 %)," ","57,774","4,424,601,600",0,0,81.80,78.0,79.00,74.20
24/07/2020,60.30,81.00,59.71,-2.60 (-3.11 %)," ","95,065","7,776,720,000",0,0,83.60,83.00,84.00,79.00
23/07/2020,61.62,83.20,61.33,-0.20 (-0.24 %)," ","13,700","1,145,123,000",0,0,83.40,83.3,84.40,82.90
22/07/2020,61.45,84.50,61.62,-0.20 (-0.24 %)," ","9,200","775,210,000",0,0,84.70,84.70,84.70,84.00
21/07/2020,61.75,85.30,62.21,-0.10 (-0.12 %)," ","18,712","1,584,394,800",0,0,85.40,85.4,85.40,84.00
20/07/2020,62.31,85.60,62.42,1.50 (1.78 %)," ","44,442","3,797,304,600",0,0,84.10,84.50,86.70,84.50
17/07/2020,61.33,84.60,61.70,0.30 (0.36 %)," ","22,600","1,900,510,000",0,0,84.30,85.0,85.00,83.80
13/08/2020,65.13,88.00,64.87,-3.20 (-3.51 %)," ","90,710","8,015,060,000",0,0,91.20,91.30,91.90,87.00
12/08/2020,67.26,91.00,67.08,0.80 (0.89 %)," ","33,445","3,051,795,500",0,0,90.20,92.0,92.50,90.00
11/08/2020,66.47,90.50,66.71,2.40 (2.72 %)," ","98,787","8,907,332,700",0,0,88.10,88.80,92.10,87.20
10/08/2020,64.91,88.40,65.16,0.00 (0.00 %)," ","75,013","6,605,653,000",0,0,88.40,88.0,89.40,86.10
07/08/2020,65.14,88.00,64.87,-0.80 (-0.90 %)," ","15,721","1,389,187,000",0,0,88.80,88.00,89.80,87.00
06/08/2020,65.44,88.30,65.09,2.20 (2.56 %)," ","48,728","4,326,053,400",0,0,86.10,86.0,90.50,86.00
05/08/2020,63.46,87.50,64.50,3.00 (3.55 %)," ","64,377","5,542,279,800",0,0,84.50,84.50,88.00,84.00
04/08/2020,62.30,84.50,62.29,0.90 (1.08 %)," ","32,431","2,741,076,900",0,0,83.60,85.0,85.10,83.50
03/08/2020,61.66,84.10,61.99,0.80 (0.96 %)," ","15,060","1,259,586,000","80,000","6,640,000,000",83.30,81.00,84.10,81.00
31/07/2020,61.38,82.80,61.04,3.20 (4.02 %)," ","54,660","4,551,375,000",0,0,79.60,83.0,86.00,80.60
30/07/2020,58.66,80.00,58.97,4.80 (6.38 %)," ","33,851","2,693,475,300","250,000","16,000,000,000",75.20,75.00,81.90,64.00
29/07/2020,55.44,75.40,55.58,-1.90 (-2.46 %)," ","18,200","1,368,679,000",0,0,77.30,78.0,78.00,74.50
28/07/2020,57.01,78.40,57.79,1.80 (2.35 %)," ","13,020","1,006,811,000",0,0,76.60,76.60,78.50,75.00
27/07/2020,56.45,74.30,54.77,-7.50 (-9.17 %)," ","57,774","4,424,601,600",0,0,81.80,78.0,79.00,74.20
24/07/2020,60.30,81.00,59.71,-2.60 (-3.11 %)," ","95,065","7,776,720,000",0,0,83.60,83.00,84.00,79.00
23/07/2020,61.62,83.20,61.33,-0.20 (-0.24 %)," ","13,700","1,145,123,000",0,0,83.40,83.3,84.40,82.90
22/07/2020,61.45,84.50,61.62,-0.20 (-0.24 %)," ","9,200","775,210,000",0,0,84.70,84.70,84.70,84.00
21/07/2020,61.75,85.30,62.21,-0.10 (-0.12 %)," ","18,712","1,584,394,800",0,0,85.40,85.4,85.40,84.00
20/07/2020,62.31,85.60,62.42,1.50 (1.78 %)," ","44,442","3,797,304,600",0,0,84.10,84.50,86.70,84.50
17/07/2020,61.33,84.60,61.70,0.30 (0.36 %)," ","22,600","1,900,510,000",0,0,84.30,85.0,85.00,83.80
16/07/2020,61.50,85.40,62.28,0.30 (0.35 %)," ","19,110","1,611,511,000",0,0,85.10,85.10,85.70,83.00
15/07/2020,62.07,85.10,62.06,0.00 (0.00 %)," ","12,967","1,103,660,700",0,0,85.10,85.3,85.30,85.00
14/07/2020,62.06,85.60,62.42,-0.10 (-0.12 %)," ","4,160","354,084,000",0,0,85.70,85.70,86.00,84.50
13/07/2020,62.47,85.90,62.64,0.00 (0.00 %)," ","1,250","107,140,500",0,0,85.90,86.0,86.90,85.10
10/07/2020,62.63,86.00,62.72,-0.40 (-0.46 %)," ","4,661","400,356,500",0,0,86.40,86.40,87.00,85.00
09/07/2020,62.98,86.00,62.72,1.50 (1.78 %)," ","23,950","2,068,231,500",0,0,84.50,84.9,87.00,84.50
08/07/2020,61.62,84.90,61.91,0.40 (0.47 %)," ","31,470","2,659,284,000",0,0,84.50,85.10,85.10,84.00
07/07/2020,61.65,84.50,61.62,0.00 (0.00 %)," ","22,139","1,871,520,500",0,0,84.50,84.6,85.50,84.50
06/07/2020,61.61,84.50,61.62,-0.40 (-0.47 %)," ","11,200","946,190,000",0,0,84.90,81.90,86.80,81.90
03/07/2020,61.92,83.50,60.89,-0.40 (-0.48 %)," ","41,718","3,542,345,600","23,000","2,132,100,000",83.90,84.0,92.70,83.50
02/07/2020,61.20,83.70,61.04,0.10 (0.12 %)," ","5,271","442,300,600",0,0,83.60,85.80,85.80,83.60
01/07/2020,60.96,84.00,61.26,0.80 (0.96 %)," ","10,900","910,930,000",0,0,83.20,82.0,86.00,82.00
30/06/2020,60.67,83.00,60.53,-0.40 (-0.48 %)," ","12,011","999,267,000","50,000","3,545,000,000",83.40,84.40,84.40,70.90
29/06/2020,60.84,82.90,60.46,-4.20 (-4.82 %)," ","37,610","3,137,603,000",0,0,87.10,87.1,87.10,81.10
26/06/2020,63.52,86.00,62.72,3.20 (3.86 %)," ","64,289","5,599,899,600",0,0,82.80,84.90,89.80,83.00
25/06/2020,60.40,84.30,61.48,1.30 (1.57 %)," ","31,808","2,634,414,800",0,0,83.00,82.0,85.00,81.80
24/06/2020,60.52,83.00,60.53,-0.90 (-1.07 %)," ","27,130","2,251,525,000",0,0,83.90,83.00,84.00,82.60
23/06/2020,61.16,83.40,60.82,-1.10 (-1.30 %)," ","29,605","2,483,051,000",0,0,84.50,84.0,85.00,83.40
22/06/2020,61.60,84.00,61.26,0.70 (0.84 %)," ","21,103","1,782,425,000",0,0,83.30,85.30,85.30,83.80
19/06/2020,60.74,84.60,61.70,2.60 (3.17 %)," ","51,106","4,256,822,800","3,000","270,000,000",82.00,83.0,90.00,80.50
18/06/2020,59.84,83.00,60.53,0.20 (0.24 %)," ","67,705","5,555,015,000",0,0,82.80,81.10,84.00,79.50
17/06/2020,60.35,81.70,59.58,-2.90 (-3.43 %)," ","60,931","5,042,524,100",0,0,84.60,84.5,84.50,81.70
16/06/2020,61.67,84.50,61.62,-5.70 (-6.32 %)," ","154,170","13,036,833,000",0,0,90.20,88.00,92.00,82.00
15/06/2020,65.82,89.90,65.56,0.10 (0.11 %)," ","45,301","4,088,337,000",0,0,89.80,90.9,92.30,87.00
11/06/2020,70.45,91.00,66.36,-8.80 (-8.82 %)," ","89,282","8,624,873,000",0,0,99.80,99.60,101.00,91.00
10/06/2020,72.79,99.50,72.56,-0.20 (-0.20 %)," ","35,000","3,493,490,000",0,0,99.70,101.0,101.90,96.00
09/06/2020,72.69,100.00,72.93,0.40 (0.40 %)," ","54,680","5,450,170,000","10,000","1,000,000,000",99.60,101.00,101.50,97.10
08/06/2020,72.60,99.80,72.78,-0.60 (-0.60 %)," ","76,743","7,640,359,600",0,0,100.40,102.0,102.80,96.80
05/06/2020,73.19,101.00,73.66,2.00 (2.02 %)," ","63,310","6,353,468,000",0,0,99.00,99.00,102.00,99.00
04/06/2020,72.20,99.00,72.20,2.40 (2.48 %)," ","58,781","5,819,545,000",0,0,96.60,97.0,101.00,97.00
03/06/2020,70.44,98.90,72.12,4.20 (4.44 %)," ","75,744","7,315,953,200",0,0,94.70,94.80,99.30,93.60
02/06/2020,69.04,95.00,69.28,0.30 (0.32 %)," ","90,998","8,615,415,000","5,000","402,500,000",94.70,95.5,96.90,80.50
01/06/2020,69.04,96.00,70.01,4.80 (5.26 %)," ","102,917","9,742,858,500",0,0,91.20,92.00,96.90,92.00
29/05/2020,66.53,91.70,66.87,4.30 (4.92 %)," ","57,254","5,222,854,500",0,0,87.40,88.8,92.60,88.80
28/05/2020,63.73,88.50,64.54,-0.10 (-0.11 %)," ","42,460","3,710,727,000",0,0,88.60,87.50,88.80,86.00
27/05/2020,64.61,87.10,63.52,-2.60 (-2.90 %)," ","54,890","4,862,916,000",0,0,89.70,90.0,90.50,86.10
26/05/2020,65.38,89.50,65.27,2.80 (3.23 %)," ","42,227","3,786,117,100",0,0,86.70,91.50,92.00,88.00
25/05/2020,63.24,91.50,66.73,9.60 (11.72 %)," ","155,230","13,461,241,000","180,000","14,742,000,000",81.90,82.8,91.50,81.90
22/05/2020,59.76,82.50,60.16,0.00 (0.00 %)," ","45,420","3,721,915,000",0,0,82.50,81.00,83.00,81.00
21/05/2020,60.13,82.80,60.38,0.60 (0.73 %)," ","52,328","4,314,481,600",0,0,82.20,82.0,83.00,82.00
20/05/2020,59.94,82.60,60.24,2.10 (2.61 %)," ","77,410","6,362,495,000",0,0,80.50,80.50,84.50,80.50
19/05/2020,58.73,80.80,58.92,3.20 (4.12 %)," ","52,400","4,220,362,000",0,0,77.60,78.0,82.00,77.00
18/05/2020,56.61,77.70,56.66,1.40 (1.83 %)," ","14,900","1,156,560,000","3,372,672","218,886,412,800",76.30,76.20,78.00,64.90
15/05/2020,55.64,76.00,55.42,-2.00 (-2.56 %)," ","20,610","1,572,420,000",0,0,78.00,78.0,78.00,76.00
14/05/2020,56.88,77.50,56.52,-0.80 (-1.02 %)," ","14,708","1,147,002,000",0,0,78.30,77.00,78.20,77.00
13/05/2020,57.11,78.10,56.96,0.60 (0.77 %)," ","15,382","1,204,684,000",0,0,77.50,77.6,79.00,77.00
12/05/2020,56.51,77.50,56.52,0.20 (0.26 %)," ","16,728","1,296,320,400","8,000","710,400,000",77.30,76.60,88.80,76.50
11/05/2020,56.40,77.00,56.15,-1.70 (-2.16 %)," ","7,320","566,194,000",0,0,78.70,75.2,78.80,75.20
08/05/2020,57.42,79.50,57.98,0.10 (0.13 %)," ","24,870","1,958,312,000",0,0,79.40,68.00,80.00,68.00
07/05/2020,57.91,79.60,58.05,1.10 (1.40 %)," ","20,422","1,621,600,000",0,0,78.50,78.5,80.10,78.10
06/05/2020,57.28,80.00,58.34,4.40 (5.82 %)," ","18,000","1,413,760,000",0,0,75.60,76.00,80.00,76.00
05/05/2020,55.10,77.00,56.15,1.10 (1.45 %)," ","34,710","2,622,390,000",0,0,75.90,74.5,77.00,74.10
04/05/2020,55.35,75.00,54.69,-4.70 (-5.90 %)," ","57,480","4,363,023,000","78,500","5,730,500,000",79.70,73.10,79.70,73.00
29/04/2020,58.13,79.00,57.61,-3.50 (-4.24 %)," ","15,100","1,203,620,000",0,0,82.50,82.0,82.50,78.00
28/04/2020,60.19,80.50,58.71,-0.90 (-1.11 %)," ","61,440","5,071,052,000",0,0,81.40,85.00,85.50,80.00
27/04/2020,59.33,83.90,61.19,10.00 (13.53 %)," ","76,405","6,215,127,500",0,0,73.90,75.5,84.80,74.60
24/04/2020,53.88,75.00,54.69,-0.60 (-0.79 %)," ","9,710","717,420,000",0,0,75.60,75.10,75.40,71.00
23/04/2020,55.12,75.00,54.69,0.00 (0.00 %)," ","10,720","810,196,000","500,000","36,500,000,000",75.00,77.0,77.00,73.00
22/04/2020,54.69,75.60,55.13,-0.10 (-0.13 %)," ","9,710","728,250,000","163,900","11,964,700,000",75.70,75.00,75.60,73.00
21/04/2020,55.18,76.00,55.42,-1.80 (-2.31 %)," ","26,270","1,987,950,000",0,0,77.80,79.0,79.00,73.00
20/04/2020,56.73,80.00,58.34,4.10 (5.40 %)," ","45,550","3,543,190,000",0,0,75.90,75.50,80.00,75.50
17/04/2020,55.35,74.60,54.40,0.00 (0.00 %)," ","55,040","4,177,572,000","67,300","5,767,610,000",74.60,74.6,85.70,74.60
16/04/2020,54.40,75.00,54.69,0.10 (0.13 %)," ","13,150","981,000,000","133,000","9,961,700,000",74.90,73.50,75.00,73.50
15/04/2020,54.64,76.00,55.42,4.00 (5.56 %)," ","6,900","517,000,000",0,0,72.00,73.0,76.00,73.00
14/04/2020,52.50,72.90,53.16,-1.80 (-2.41 %)," ","18,920","1,362,095,000",0,0,74.70,73.00,73.00,71.00
13/04/2020,54.45,73.90,53.89,-3.70 (-4.77 %)," ","29,225","2,182,122,500",0,0,77.60,77.0,77.00,73.00
10/04/2020,56.56,76.10,55.50,1.20 (1.60 %)," ","17,700","1,372,700,000",0,0,74.90,78.10,78.50,76.10
09/04/2020,54.63,77.40,56.45,9.10 (13.32 %)," ","47,790","3,579,905,000",0,0,68.30,71.0,77.50,71.00
08/04/2020,49.82,70.00,51.05,1.50 (2.19 %)," ","30,200","2,063,110,000",0,0,68.50,68.00,72.00,67.00
07/04/2020,49.93,68.00,49.59,-0.10 (-0.15 %)," ","11,500","787,300,000",0,0,68.10,69.5,69.50,68.00
06/04/2020,49.66,70.00,51.05,4.40 (6.71 %)," ","15,220","1,036,296,000",0,0,65.60,67.00,70.00,67.00
03/04/2020,47.88,66.00,48.13,1.10 (1.69 %)," ","10,300","676,180,000",0,0,64.90,64.0,66.50,63.50
01/04/2020,47.30,65.00,47.40,0.70 (1.09 %)," ","5,500","356,760,000",0,0,64.30,64.50,65.00,64.50
31/03/2020,46.88,64.00,46.67,0.00 (0.00 %)," ","17,700","1,137,760,000",0,0,64.00,65.0,66.00,63.50
30/03/2020,46.65,64.00,46.67,-2.30 (-3.47 %)," ","16,400","1,049,030,000",0,0,66.30,63.00,65.00,62.50
27/03/2020,48.34,66.40,48.42,0.00 (0.00 %)," ","17,420","1,154,738,000",0,0,66.40,66.2,67.00,65.90
26/03/2020,48.40,66.70,48.64,0.00 (0.00 %)," ","38,600","2,561,860,000",0,0,66.70,66.70,67.00,65.50
25/03/2020,48.62,67.00,48.86,3.40 (5.35 %)," ","18,645","1,243,037,700",0,0,63.60,66.0,67.20,66.00
24/03/2020,46.41,65.00,47.40,1.30 (2.04 %)," ","32,910","2,094,185,000","150,000","10,950,000,000",63.70,61.80,73.00,61.80
23/03/2020,46.46,62.30,45.43,-5.40 (-7.98 %)," ","93,430","5,951,804,000",0,0,67.70,67.5,67.50,61.10
20/03/2020,49.37,68.40,49.88,1.00 (1.48 %)," ","13,700","927,500,000",0,0,67.40,68.00,68.40,67.20
19/03/2020,49.12,68.50,49.95,-0.20 (-0.29 %)," ","23,000","1,549,120,000",0,0,68.70,66.0,68.50,66.00
18/03/2020,50.10,68.30,49.81,1.70 (2.55 %)," ","22,714","1,560,444,000",0,0,66.60,69.00,70.00,68.00
17/03/2020,48.57,67.50,49.23,2.90 (4.49 %)," ","17,282","1,150,896,200",0,0,64.60,64.9,68.00,64.90
16/03/2020,47.12,63.80,46.53,0.50 (0.79 %)," ","29,710","1,919,680,000",0,0,63.30,63.50,66.00,63.30
13/03/2020,46.19,65.50,47.77,0.10 (0.15 %)," ","67,070","4,247,911,600",0,0,65.40,60.4,66.00,58.50
11/03/2020,51.49,71.00,51.78,1.00 (1.43 %)," ","35,880","2,533,530,000",0,0,70.00,73.00,73.00,67.10
10/03/2020,51.06,71.50,52.14,2.40 (3.47 %)," ","21,395","1,498,005,000",0,0,69.10,67.0,71.80,67.00
09/03/2020,50.36,67.10,48.93,-10.10 (-13.08 %)," ","88,278","6,095,698,900",0,0,77.20,70.50,71.00,67.00
06/03/2020,56.27,77.00,56.15,-0.80 (-1.03 %)," ","9,500","732,990,000",0,0,77.80,77.7,77.70,76.00
05/03/2020,56.76,77.80,56.74,1.10 (1.43 %)," ","10,000","778,260,000",0,0,76.70,77.20,78.50,77.20
04/03/2020,55.95,77.50,56.52,0.60 (0.78 %)," ","9,649","740,224,000",0,0,76.90,76.8,77.50,76.30
03/03/2020,56.11,77.00,56.15,1.00 (1.32 %)," ","15,800","1,215,650,000",0,0,76.00,76.00,77.90,76.00
02/03/2020,55.41,76.00,55.42,0.90 (1.20 %)," ","21,810","1,657,054,000",0,0,75.10,75.0,76.40,75.00
28/02/2020,54.74,76.50,55.79,-0.70 (-0.91 %)," ","9,250","694,380,000",0,0,77.20,75.10,76.50,74.00
27/02/2020,56.29,77.50,56.52,1.20 (1.57 %)," ","13,144","1,014,628,000",0,0,76.30,76.5,77.50,76.50
26/02/2020,55.67,76.50,55.79,-1.10 (-1.42 %)," ","33,220","2,535,790,000",0,0,77.60,77.60,77.60,75.50
25/02/2020,56.61,79.00,57.61,1.60 (2.07 %)," ","13,307","1,032,986,900",0,0,77.40,76.9,79.00,76.90
24/02/2020,56.46,76.20,55.57,-6.40 (-7.75 %)," ","22,700","1,757,505,000",0,0,82.60,80.00,80.00,76.00
21/02/2020,60.24,82.40,60.09,-1.10 (-1.32 %)," ","9,800","809,460,000",0,0,83.50,83.0,83.00,82.00
20/02/2020,60.90,83.40,60.82,0.50 (0.60 %)," ","25,110","2,096,880,000",0,0,82.90,84.70,85.00,82.50
19/02/2020,60.44,84.70,61.77,5.30 (6.68 %)," ","42,245","3,500,859,200","23,000","2,070,000,000",79.40,79.4,90.00,79.40
18/02/2020,57.90,79.50,57.98,0.30 (0.38 %)," ","2,610","207,200,000",0,0,79.20,78.50,80.50,78.50
17/02/2020,57.74,79.00,57.61,-1.00 (-1.25 %)," ","9,720","769,550,000",500,"34,000,000",80.00,80.0,80.50,68.00
14/02/2020,58.35,80.40,58.63,0.20 (0.25 %)," ","4,073","325,834,000",0,0,80.20,80.00,80.40,80.00
13/02/2020,58.50,80.00,58.34,3.30 (4.30 %)," ","15,151","1,215,435,900","1,096,000","80,008,000,000",76.70,77.2,81.00,73.00
12/02/2020,55.93,78.00,56.88,4.80 (6.56 %)," ","23,617","1,810,685,300","274,000","20,002,000,000",73.20,74.00,78.00,73.00
11/02/2020,53.39,74.00,53.97,0.60 (0.82 %)," ","5,220","382,110,000",0,0,73.40,72.0,74.00,72.00
10/02/2020,53.53,75.00,54.69,-0.70 (-0.92 %)," ",520,"38,132,000",0,0,75.70,72.00,75.00,72.00
07/02/2020,55.20,75.50,55.06,0.00 (0.00 %)," ","4,850","367,086,000",0,0,75.50,75.6,76.00,75.50
06/02/2020,55.06,78.40,57.17,4.20 (5.66 %)," ","15,520","1,171,650,000",0,0,74.20,74.00,78.40,74.00
05/02/2020,54.09,74.00,53.97,1.40 (1.93 %)," ","33,376","2,475,612,000","1,370,000","100,010,000,000",72.60,73.0,74.50,72.30
04/02/2020,52.92,71.00,51.78,-1.30 (-1.80 %)," ","11,596","841,414,000",0,0,72.30,74.00,74.00,71.00
03/02/2020,52.74,75.00,54.69,-4.80 (-6.02 %)," ","84,376","6,101,536,000",0,0,79.80,77.0,77.00,69.00
31/01/2020,58.19,77.00,56.15,-6.60 (-7.89 %)," ","101,976","8,136,124,000",0,0,83.60,85.00,85.00,75.50
30/01/2020,60.99,84.00,61.26,-0.80 (-0.94 %)," ","3,910","327,005,000",0,0,84.80,82.3,85.00,82.10
22/01/2020,61.85,85.70,62.50,-0.20 (-0.23 %)," ","8,965","760,353,500",0,0,85.90,85.30,85.70,84.30
21/01/2020,62.65,86.40,63.01,0.70 (0.82 %)," ","2,407","206,777,100",0,0,85.70,90.5,90.50,85.20
20/01/2020,62.49,86.00,62.72,-1.30 (-1.49 %)," ","10,656","913,117,600",0,0,87.30,87.00,87.00,85.00
17/01/2020,63.63,87.70,63.96,0.00 (0.00 %)," ","1,860","162,266,000",0,0,87.70,87.7,87.70,86.70
16/01/2020,63.98,87.70,63.96,0.90 (1.04 %)," ","2,470","216,639,000","122,000","10,101,600,000",86.80,87.00,88.00,87.00
15/01/2020,63.27,87.00,63.45,-1.40 (-1.58 %)," ","7,930","687,968,000",0,0,88.40,88.0,88.00,85.60
14/01/2020,64.46,89.50,65.27,-3.90 (-4.18 %)," ","1,497","132,573,700",0,0,93.40,88.00,90.00,87.90
13/01/2020,68.12,88.00,64.18,0.10 (0.11 %)," ","2,438","227,544,800","116,000","10,277,600,000",87.90,98.0,98.00,87.90
10/01/2020,64.07,88.60,64.61,0.70 (0.80 %)," ","16,726","1,469,419,500",0,0,87.90,87.50,89.00,87.00
09/01/2020,64.13,87.10,63.52,-1.10 (-1.25 %)," ","21,800","1,916,950,000",0,0,88.20,89.0,89.00,86.00
08/01/2020,64.35,87.90,64.10,-3.60 (-3.93 %)," ","52,420","4,625,392,000",0,0,91.50,90.20,91.00,85.20
07/01/2020,66.76,90.50,66.00,-1.20 (-1.31 %)," ","9,163","838,775,000",0,0,91.70,91.8,91.90,90.50
06/01/2020,66.85,90.30,65.85,-4.10 (-4.34 %)," ","39,631","3,632,865,000",0,0,94.40,94.10,94.10,90.20
03/01/2020,68.84,94.50,68.92,-0.30 (-0.32 %)," ","27,618","2,606,900,400",0,0,94.80,94.0,94.80,93.80
02/01/2020,69.13,95.00,69.28,-0.20 (-0.21 %)," ","23,500","2,227,520,000",0,0,95.20,95.20,95.20,94.00
31/12/2019,69.46,95.50,69.64,0.60 (0.63 %)," ","4,902","466,871,600",0,0,94.90,95.0,95.80,94.50
30/12/2019,69.19,95.50,68.92,-0.80 (-0.83 %)," ","5,661","542,736,000",0,0,96.30,96.00,96.20,95.50
27/12/2019,69.48,96.30,69.50,0.70 (0.73 %)," ","12,155","1,170,242,000",0,0,95.60,95.6,97.00,95.60
26/12/2019,69.02,95.60,68.99,-0.10 (-0.10 %)," ","4,460","426,640,000",0,0,95.70,95.20,95.70,95.20
25/12/2019,69.08,95.70,69.06,0.90 (0.95 %)," ","7,130","682,560,000","150,000","14,550,000,000",94.80,94.9,97.00,94.90
24/12/2019,68.40,95.00,68.56,-1.10 (-1.14 %)," ","29,667","2,811,730,000",0,0,96.10,95.00,95.40,93.50
23/12/2019,69.38,95.60,68.99,-1.30 (-1.34 %)," ","11,540","1,109,367,000",0,0,96.90,97.0,97.00,95.50
20/12/2019,69.92,97.00,70.00,-0.60 (-0.61 %)," ","7,900","765,410,000",0,0,97.60,97.10,97.10,96.50
19/12/2019,70.41,97.40,70.29,-0.10 (-0.10 %)," ","5,130","500,533,000","1,852,342","157,834,151,800",97.50,100.0,100.00,82.90
18/12/2019,70.38,97.30,70.22,0.20 (0.21 %)," ","21,560","2,102,509,000",0,0,97.10,97.10,98.00,97.00
17/12/2019,70.08,97.60,70.44,-2.30 (-2.30 %)," ","34,415","3,341,934,000",0,0,99.90,99.3,99.50,95.00
16/12/2019,72.07,99.50,71.81,-1.70 (-1.68 %)," ","20,300","2,027,140,000","961,500","82,785,150,000",101.20,105.00,105.00,86.10
13/12/2019,73.01,100.40,72.46,-0.10 (-0.10 %)," ","6,490","656,605,000",0,0,100.50,102.0,102.00,100.40
12/12/2019,72.55,101.90,73.54,2.80 (2.83 %)," ","11,730","1,179,109,000",0,0,99.10,98.70,101.90,98.70
11/12/2019,71.48,99.90,72.10,2.40 (2.46 %)," ","10,400","1,030,120,000",0,0,97.50,97.8,100.00,97.80
10/12/2019,70.39,97.40,70.29,0.10 (0.10 %)," ","16,863","1,644,691,500",0,0,97.30,97.50,97.80,97.30
09/12/2019,70.19,97.50,70.36,0.20 (0.21 %)," ","8,605","836,975,000","320,900","26,570,520,000",97.30,97.0,98.00,82.80
06/12/2019,70.18,98.00,70.72,-0.20 (-0.20 %)," ","18,600","1,808,870,000",0,0,98.20,99.00,99.00,97.00
05/12/2019,70.85,98.00,70.72,1.00 (1.03 %)," ","8,561","840,451,500",0,0,97.00,97.0,98.50,97.00
04/12/2019,69.97,97.10,70.08,-0.10 (-0.10 %)," ","14,567","1,412,272,400",0,0,97.20,97.50,97.90,96.00
03/12/2019,70.17,96.50,69.64,-1.60 (-1.63 %)," ","23,763","2,310,480,000",0,0,98.10,97.0,98.00,96.20
29/11/2019,72.20,99.70,71.95,-1.10 (-1.09 %)," ","24,400","2,441,050,000",0,0,100.80,101.00,101.50,99.00
28/11/2019,72.71,101.90,73.54,0.30 (0.30 %)," ","14,823","1,493,542,000",0,0,101.60,101.1,101.90,100.30
27/11/2019,73.34,101.80,73.47,0.00 (0.00 %)," ","3,610","366,885,900",0,0,101.80,103.30,103.30,101.00
26/11/2019,73.44,101.60,73.32,1.10 (1.09 %)," ","9,760","993,213,000",0,0,100.50,103.0,103.00,100.60
25/11/2019,72.54,100.20,72.31,-2.90 (-2.81 %)," ","17,660","1,775,200,000",0,0,103.10,102.10,102.10,97.00
22/11/2019,74.38,103.10,74.41,-1.60 (-1.53 %)," ","38,320","3,949,715,000","236,471","21,045,919,000",104.70,104.5,104.60,89.00
21/11/2019,75.54,104.50,75.42,-0.20 (-0.19 %)," ","9,100","952,485,000","14,000","1,470,000,000",104.70,105.00,105.50,104.00
20/11/2019,75.57,105.00,75.78,2.60 (2.54 %)," ","33,619","3,520,386,000",0,0,102.40,102.7,106.00,102.70
19/11/2019,73.92,103.00,74.33,1.90 (1.88 %)," ","17,592","1,801,913,000","69,000","5,934,000,000",101.10,101.00,103.50,86.00
18/11/2019,72.93,101.70,73.39,0.50 (0.49 %)," ","20,200","2,041,189,000",0,0,101.20,100.7,102.00,100.70
15/11/2019,73.01,101.00,72.89,-0.70 (-0.69 %)," ","12,670","1,281,714,000",0,0,101.70,101.00,102.00,101.00
14/11/2019,73.38,101.50,73.25,-0.70 (-0.68 %)," ","22,200","2,257,380,000","35,000","3,570,000,000",102.20,102.2,102.30,101.00
13/11/2019,73.75,102.90,74.26,0.50 (0.49 %)," ","27,094","2,768,930,000",0,0,102.40,102.00,102.90,101.90
12/11/2019,73.93,102.90,74.26,0.00 (0.00 %)," ","25,887","2,651,763,500",0,0,102.90,102.5,103.00,102.00
11/11/2019,74.27,102.10,73.68,-0.90 (-0.87 %)," ","39,293","4,044,009,000",0,0,103.00,104.90,105.00,102.00
08/11/2019,74.32,102.80,74.19,-0.30 (-0.29 %)," ","22,280","2,294,300,000",0,0,103.10,103.5,103.50,102.50
07/11/2019,74.39,103.50,74.69,-1.60 (-1.52 %)," ","47,107","4,855,750,100",0,0,105.10,104.00,104.00,102.60
06/11/2019,75.81,104.50,75.42,2.50 (2.45 %)," ","35,850","3,766,110,000",0,0,102.00,103.0,106.00,103.00
05/11/2019,73.61,103.00,74.33,-0.10 (-0.10 %)," ","55,730","5,684,348,000",0,0,103.10,104.00,104.00,101.00
04/11/2019,74.42,103.50,74.69,0.20 (0.19 %)," ","54,370","5,607,045,000",0,0,103.30,104.2,106.00,101.20
01/11/2019,74.53,104.20,75.20,-4.10 (-3.79 %)," ","23,396","2,416,154,000",0,0,108.30,106.80,107.00,102.40
31/10/2019,78.19,106.90,77.15,3.00 (2.89 %)," ","141,456","15,325,880,100","14,000","1,540,000,000",103.90,105.0,111.50,101.00
30/10/2019,75.01,97.00,70.00,-10.30 (-9.60 %)," ","193,549","20,118,845,300",0,0,107.30,108.00,111.30,97.00
29/10/2019,77.46,108.50,78.30,-0.20 (-0.18 %)," ","24,750","2,656,676,000",0,0,108.70,107.6,108.50,106.60
28/10/2019,78.43,109.00,78.66,-1.20 (-1.09 %)," ","52,348","5,688,962,000",0,0,110.20,110.00,111.00,107.10
25/10/2019,79.52,109.80,79.24,2.40 (2.23 %)," ","44,521","4,905,953,600",0,0,107.40,109.0,112.00,109.00
24/10/2019,77.50,108.40,78.23,5.50 (5.34 %)," ","65,286","7,011,421,900",0,0,102.90,104.00,109.50,104.00
23/10/2019,74.25,103.10,74.41,2.40 (2.38 %)," ","72,184","7,426,887,800",0,0,100.70,98.0,104.30,98.00
22/10/2019,72.70,100.90,72.82,0.20 (0.20 %)," ","26,695","2,689,026,500",0,0,100.70,102.00,102.00,99.70
21/10/2019,72.67,100.20,72.31,1.90 (1.93 %)," ","76,060","7,658,675,000","20,000","2,000,000,000",98.30,99.9,103.00,98.00
18/10/2019,70.97,98.00,70.72,2.20 (2.30 %)," ","39,525","3,887,095,500",0,0,95.80,96.00,99.90,96.00
17/10/2019,69.16,95.50,68.92,1.60 (1.70 %)," ","34,675","3,322,770,000",0,0,93.90,92.0,97.50,92.00
16/10/2019,67.76,94.00,67.84,-0.20 (-0.21 %)," ","30,350","2,849,605,000",0,0,94.20,95.00,96.00,93.00
14/10/2019,69.98,95.70,69.06,-4.30 (-4.30 %)," ","71,077","6,892,351,000",0,0,100.00,100.0,100.00,95.60
11/10/2019,72.14,99.50,71.81,-0.50 (-0.50 %)," ","20,732","2,072,529,000",0,0,100.00,100.50,100.50,99.00
10/10/2019,72.19,100.50,72.53,3.70 (3.82 %)," ","58,071","5,809,142,800",0,0,96.80,97.5,102.70,97.50
09/10/2019,69.83,97.20,70.15,1.50 (1.57 %)," ","290,950","28,154,364,000",0,0,95.70,95.50,100.00,95.00
08/10/2019,69.10,95.50,68.92,-1.60 (-1.65 %)," ","110,200","10,551,550,500",0,0,97.10,97.1,97.10,95.50
07/10/2019,70.11,96.00,69.28,-3.10 (-3.13 %)," ","27,860","2,706,820,000",0,0,99.10,99.80,100.00,95.80
04/10/2019,71.50,98.00,70.72,-0.50 (-0.51 %)," ","21,668","2,146,676,000",0,0,98.50,100.4,100.40,97.80
03/10/2019,71.11,99.00,71.45,1.50 (1.54 %)," ","57,704","5,685,945,000",0,0,97.50,96.00,99.70,95.00
02/10/2019,70.36,98.30,70.94,3.50 (3.69 %)," ","60,751","5,922,989,000","155,000","14,027,500,000",94.80,93.6,100.00,90.50
01/10/2019,68.42,94.80,68.42,0.70 (0.74 %)," ","41,200","3,905,953,000","1,500,000","120,000,000,000",94.10,93.60,96.00,80.00
30/09/2019,67.91,92.30,66.61,-3.10 (-3.25 %)," ","27,600","2,597,140,000",0,0,95.40,94.2,95.00,92.20
27/09/2019,68.84,95.00,68.56,-0.90 (-0.94 %)," ","35,560","3,392,029,000",0,0,95.90,97.20,97.80,93.90
26/09/2019,69.19,97.20,70.15,4.40 (4.74 %)," ","46,785","4,485,295,000","140,000","11,046,000,000",92.80,93.0,98.00,78.90
25/09/2019,66.95,93.50,67.48,-0.80 (-0.85 %)," ","42,909","3,980,956,000",0,0,94.30,93.40,93.80,91.00
24/09/2019,68.07,93.60,67.55,-7.30 (-7.23 %)," ","78,470","7,401,371,000",0,0,100.90,98.1,98.20,92.00
23/09/2019,72.80,98.20,70.87,-3.10 (-3.06 %)," ","24,921","2,514,350,000",0,0,101.30,102.00,103.40,97.00
20/09/2019,73.08,101.60,73.32,-0.90 (-0.88 %)," ","28,136","2,849,064,000",0,0,102.50,102.5,102.50,100.00
19/09/2019,73.97,102.00,73.61,-6.40 (-5.90 %)," ","67,130","6,882,306,000",0,0,108.40,108.00,108.00,100.00
18/09/2019,78.25,108.00,77.94,-1.00 (-0.92 %)," ","19,132","2,074,398,000",0,0,109.00,109.0,110.00,108.00
17/09/2019,78.68,109.00,78.66,-0.70 (-0.64 %)," ","24,799","2,703,624,900",0,0,109.70,108.10,109.90,107.70
16/09/2019,79.15,109.80,79.24,-0.10 (-0.09 %)," ","21,846","2,396,560,000",0,0,109.90,112.0,112.00,108.60
13/09/2019,79.32,112.00,80.83,2.10 (1.91 %)," ","44,790","4,922,902,500",0,0,109.90,110.00,115.00,106.80
12/09/2019,79.30,109.60,79.10,3.70 (3.49 %)," ","32,180","3,536,418,500",0,0,105.90,109.0,111.50,108.50
11/09/2019,76.41,109.00,78.66,7.30 (7.18 %)," ","31,720","3,358,384,000","2,499,908","224,991,720,000",101.70,100.00,109.00,90.00
10/09/2019,73.37,102.00,73.61,-9.60 (-8.60 %)," ","100,336","10,200,736,000",0,0,111.60,108.0,108.00,98.00
09/09/2019,80.52,110.90,80.03,-6.40 (-5.46 %)," ","48,507","5,412,864,000","73,700","7,370,000,000",117.30,117.00,117.30,100.00
06/09/2019,84.63,117.00,84.44,-1.10 (-0.93 %)," ","15,499","1,817,728,200",0,0,118.10,116.5,118.50,116.40
05/09/2019,85.23,117.00,84.44,6.40 (5.79 %)," ","40,802","4,818,743,000",0,0,110.60,115.00,121.90,115.00
04/09/2019,79.78,115.80,83.57,-2.80 (-2.36 %)," ","101,685","11,241,756,600","756,000","76,356,000,000",118.60,112.0,119.00,101.00
03/09/2019,85.58,117.00,84.44,-7.20 (-5.80 %)," ","60,317","7,152,508,000","1,000,000","105,600,000,000",124.20,124.20,124.20,105.60
30/08/2019,89.66,123.00,88.77,-8.40 (-6.39 %)," ","158,595","19,704,545,000","9,800","1,176,000,000",131.40,130.0,130.00,118.00
29/08/2019,94.81,131.00,94.54,-4.20 (-3.11 %)," ","67,861","8,915,361,200",0,0,135.20,133.00,134.00,128.00
28/08/2019,97.60,133.50,96.34,-2.70 (-1.98 %)," ","240,279","32,496,138,500","40,000","5,440,000,000",136.20,137.0,137.00,133.00
27/08/2019,98.33,136.00,98.15,-1.40 (-1.02 %)," ","38,961","5,308,332,700",0,0,137.40,136.50,137.10,135.50
26/08/2019,99.16,137.40,99.16,-0.50 (-0.36 %)," ","25,030","3,439,196,000","2,000,000","234,600,000,000",137.90,138.0,138.00,117.30
23/08/2019,99.49,136.40,98.44,-0.50 (-0.37 %)," ","32,506","4,481,028,200","39,000","5,382,000,000",136.90,136.90,140.00,136.10
22/08/2019,98.77,137.80,99.45,0.10 (0.07 %)," ","46,212","6,324,802,500",0,0,137.70,136.9,138.30,136.00
21/08/2019,99.38,136.00,98.15,-2.40 (-1.73 %)," ","77,451","10,666,071,400","50,000","6,900,000,000",138.40,139.00,140.00,135.60
20/08/2019,99.86,139.00,100.31,2.60 (1.91 %)," ","53,152","7,354,691,800","2,614,342","303,263,672,000",136.40,137.0,140.00,116.00
19/08/2019,98.45,137.00,98.87,2.00 (1.48 %)," ","53,336","7,275,994,000","2,200,000","253,000,000,000",135.00,132.10,140.00,115.00
16/08/2019,97.44,132.00,95.26,4.80 (3.77 %)," ","67,206","9,074,518,500","10,000","1,350,000,000",127.20,132.0,138.50,132.00
15/08/2019,91.77,132.00,95.26,11.40 (9.45 %)," ","135,269","17,201,812,600",0,0,120.60,125.00,132.00,115.00
14/08/2019,87.05,120.00,86.60,-2.30 (-1.88 %)," ","44,930","5,419,861,000","2,002,800","210,324,800,000",122.30,121.0,123.00,105.00
13/08/2019,88.28,122.00,88.04,-1.80 (-1.45 %)," ","34,480","4,217,745,000",0,0,123.80,126.00,126.00,119.00
12/08/2019,89.38,124.70,89.99,9.40 (8.15 %)," ","36,742","4,550,604,000","2,047,000","203,824,000,000",115.30,120.0,125.00,99.00
09/08/2019,83.22,118.00,85.16,0.00 (0.00 %)," ","168,497","19,431,717,500","1,505,600","157,879,600,000",118.00,115.10,125.00,100.50
08/08/2019,85.18,118.00,85.16,-7.90 (-6.27 %)," ","154,297","18,212,619,500",0,0,125.90,107.1,126.00,107.10
07/08/2019,90.86,123.30,88.98,-6.20 (-4.79 %)," ","96,931","12,203,338,200",0,0,129.50,129.50,132.00,122.00
06/08/2019,93.47,129.00,93.10,1.00 (0.78 %)," ","120,906","15,659,174,000","150,000","19,500,000,000",128.00,130.0,131.90,125.00
05/08/2019,92.40,131.40,94.83,2.20 (1.70 %)," ","91,230","11,680,579,000",0,0,129.20,126.00,133.00,118.00
02/08/2019,93.22,126.00,90.93,10.30 (8.90 %)," ","131,781","17,021,602,800",0,0,115.70,120.0,132.90,120.00
01/08/2019,83.49,117.70,84.94,15.30 (14.94 %)," ","184,092","21,297,214,200",0,0,102.40,110.00,117.70,107.50
31/07/2019,73.87,105.10,75.85,13.70 (14.99 %)," ","259,373","26,547,932,300",0,0,91.40,94.0,105.10,94.00
30/07/2019,65.99,92.00,66.39,3.50 (3.95 %)," ","34,455","3,150,830,000",0,0,88.50,88.50,92.40,88.50
29/07/2019,63.89,89.00,64.23,0.00 (0.00 %)," ","33,341","2,951,462,500","177,900","16,011,000,000",89.00,89.0,90.00,87.80
26/07/2019,64.21,89.00,64.23,-2.00 (-2.20 %)," ","119,352","10,618,940,000","56,000","5,055,000,000",91.00,90.10,91.00,88.20
25/07/2019,65.65,91.00,65.67,-2.00 (-2.15 %)," ","56,420","5,132,320,000","160,000","14,560,000,000",93.00,91.1,92.00,90.00
24/07/2019,67.15,92.00,66.39,-2.20 (-2.34 %)," ","32,103","2,987,142,000","167,555","13,674,725,000",94.20,94.00,95.00,80.10
23/07/2019,67.97,93.50,67.48,1.20 (1.30 %)," ","119,577","11,262,259,800","51,000","4,785,000,000",92.30,92.5,95.80,92.30
22/07/2019,66.63,92.50,66.76,-0.10 (-0.11 %)," ","54,055","4,990,793,000","20,000","1,576,000,000",92.60,92.00,93.30,78.80
19/07/2019,66.86,92.00,66.39,4.50 (5.14 %)," ","104,370","9,668,801,300",0,0,87.50,90.5,96.00,90.50
18/07/2019,63.17,89.90,64.88,4.40 (5.15 %)," ","62,700","5,488,150,000",0,0,85.50,85.50,91.00,82.00
17/07/2019,61.73,84.00,60.62,-4.50 (-5.08 %)," ","104,502","8,938,989,000","12,000","1,062,000,000",88.50,88.5,88.50,82.30
16/07/2019,63.89,88.00,63.51,-1.80 (-2.00 %)," ","66,600","5,896,385,000",0,0,89.80,87.20,89.00,87.20
15/07/2019,64.82,90.00,64.95,-0.60 (-0.66 %)," ","33,795","3,035,433,000","78,000","7,066,800,000",90.60,90.0,91.00,88.00
12/07/2019,65.35,89.80,64.81,-1.00 (-1.10 %)," ","77,760","7,041,955,000",0,0,90.80,89.00,92.90,88.50
11/07/2019,65.52,90.00,64.95,-1.40 (-1.53 %)," ","218,461","19,834,413,600","254,000","24,130,000,000",91.40,92.0,98.90,78.70
10/07/2019,65.94,94.80,68.42,9.10 (10.62 %)," ","303,850","27,762,300,000","40,000","2,916,000,000",85.70,85.50,95.80,72.90
09/07/2019,61.88,87.30,63.00,5.50 (6.72 %)," ","95,410","8,180,360,000","3,000","232,000,000",81.80,81.2,87.40,69.60
08/07/2019,59.05,82.30,59.39,0.00 (0.00 %)," ","65,908","5,392,597,200","7,500","525,000,000",82.30,83.00,84.50,70.00
05/07/2019,59.38,83.40,60.19,8.90 (11.95 %)," ","44,964","3,699,546,100","57,400","3,639,160,000",74.50,77.9,85.40,77.90
04/07/2019,44.26,70.60,50.95,0.00 (0.00 %)," ","110,219","8,209,705,000","1,186,550","71,311,655,000",70.60,71.00,78.00,71.00
03/07/2019,50.97,71.00,51.24,1.40 (2.01 %)," ","98,859","6,982,494,000",0,0,69.60,69.7,72.00,69.60
02/07/2019,50.22,69.00,49.80,4.50 (6.98 %)," ","61,599","4,286,126,900",0,0,64.50,68.00,72.00,67.00
01/07/2019,46.56,64.00,46.19,-4.00 (-5.88 %)," ","23,436","1,511,957,600",0,0,68.00,66.0,66.00,62.00
28/06/2019,49.05,66.60,48.06,-5.40 (-7.50 %)," ","330,300","22,451,420,000",0,0,72.00,68.50,68.50,66.60
27/06/2019,51.96,71.80,51.82,-0.90 (-1.24 %)," ","247,500","17,818,280,000",0,0,72.70,72.0,72.50,71.50
26/06/2019,52.45,72.00,51.96,-0.90 (-1.23 %)," ","26,330","1,915,835,700",0,0,72.90,83.00,83.00,70.00
25/06/2019,52.61,72.90,52.61,9.50 (14.98 %)," ","78,444","5,718,377,600",0,0,63.40,72.9,72.90,72.00
24/06/2019,45.75,63.40,45.75,8.20 (14.86 %)," ","5,200","329,680,000",0,0,55.20,63.40,63.40,63.40
21/06/2019,39.84,55.20,39.84,7.20 (15.00 %)," ","25,377","1,400,810,400",0,0,48.00,55.2,55.20,55.20
20/06/2019,34.64,48.00,34.64,6.20 (14.83 %)," ",110,"5,280,000",0,0,41.80,48.00,48.00,48.00
19/06/2019,30.17,41.80,30.17,5.40 (14.84 %)," ",200,"8,360,000",0,0,36.40,41.8,41.80,41.80
18/06/2019,26.27,36.40,26.27,4.70 (14.83 %)," ",100,"3,640,000",0,0,31.70,36.40,36.40,36.40
17/06/2019,22.88,31.70,22.88,4.10 (14.86 %)," ",100,"3,170,000",0,0,27.60,31.7,31.70,31.70
14/06/2019,19.92,27.60,19.92,3.60 (15.00 %)," ",100,"2,760,000",0,0,24.00,27.60,27.60,27.60
13/06/2019,17.32,24.00,17.32,6.80 (39.53 %)," ",100,"2,400,000",0,0,17.20,24.0,24.00,24.00
12/06/2019,17.20,17.20,12.41,0.00 (0.00 %)," ",0,0,0,0,17.20,17.20,17.20,17.20
11/06/2019,17.20,17.20,12.41,0.00 (0.00 %)," ",0,0,0,0,17.20,17.2,17.20,17.20
10/06/2019,17.20,17.20,12.41,0.00 (0.00 %)," ",0,0,0,0,17.20,17.20,17.20,17.20
07/06/2019,17.20,17.20,12.41,0.00 (0.00 %)," ",0,0,0,0,17.20,17.2,17.20,17.20
06/06/2019,17.20,17.20,12.41,0.00 (0.00 %)," ",0,0,0,0,17.20,17.20,17.20,17.20
