06/05/2022,0.00,14.40,0.00 (0.00 %)," ","740,200","10,784,000,000",0,0,14.00,15.10,13.90
05/05/2022,0.00,14.40,0.00 (0.00 %)," ","465,500","6,648,000,000",0,0,14.50,14.70,13.90
04/05/2022,14.40,14.40,-0.70 (-4.64 %)," ","494,600","7,264,000,000",0,0,15.00,15.00,14.35
29/04/2022,15.10,15.10,0.10 (0.67 %)," ","547,800","8,211,000,000",0,0,14.65,15.10,14.65
28/04/2022,15.00,15.00,0.00 (0.00 %)," ","529,600","7,950,000,000",0,0,14.90,15.35,14.70
27/04/2022,15.00,15.00,0.40 (2.74 %)," ","526,600","7,637,000,000",0,0,14.50,15.00,14.10
26/04/2022,14.60,14.60,0.70 (5.04 %)," ","623,500","8,607,000,000",0,0,13.15,14.60,13.00
25/04/2022,13.90,13.90,-0.60 (-4.14 %)," ","719,100","9,951,000,000",0,0,14.20,14.60,13.50
22/04/2022,14.50,14.50,0.40 (2.84 %)," ","606,100","8,701,000,000",0,0,14.00,14.80,14.00
21/04/2022,14.10,14.10,-0.70 (-4.73 %)," ","739,100","10,488,000,000",0,0,14.05,14.70,13.80
20/04/2022,14.80,14.80,-0.40 (-2.63 %)," ","791,700","11,923,000,000",0,0,14.85,15.50,14.80
19/04/2022,15.20,15.20,-0.90 (-5.59 %)," ","747,300","12,168,000,000",0,0,16.20,16.70,15.20
18/04/2022,16.10,16.10,-1.00 (-5.85 %)," ","942,300","15,352,000,000",0,0,17.00,17.00,15.95
15/04/2022,17.10,17.10,-0.50 (-2.84 %)," ","540,600","9,291,000,000",0,0,17.60,17.70,17.00
14/04/2022,17.60,17.60,0.00 (0.00 %)," ","397,600","7,042,000,000",0,0,18.00,18.00,17.55
13/04/2022,17.60,17.60,0.10 (0.57 %)," ","901,800","15,439,000,000",0,0,17.15,17.60,16.75
12/04/2022,17.50,17.50,-1.30 (-6.91 %)," ","1,038,300","18,602,000,000",0,0,18.75,18.80,17.50
08/04/2022,18.75,18.75,-0.65 (-3.35 %)," ","892,700","16,978,000,000",0,0,19.60,19.60,18.75
07/04/2022,19.40,19.40,-0.60 (-3.00 %)," ","898,300","17,665,000,000",0,0,20.00,20.00,19.40
06/04/2022,19.95,19.95,-0.05 (-0.25 %)," ","791,900","15,880,000,000",0,0,19.80,20.30,19.80
05/04/2022,20.00,20.00,-0.10 (-0.50 %)," ","535,600","10,751,000,000",0,0,20.30,20.30,19.85
04/04/2022,20.05,20.05,0.25 (1.26 %)," ","943,100","18,931,000,000",0,0,20.00,20.25,19.90
01/04/2022,19.80,19.80,0.00 (0.00 %)," ","1,237,500","24,362,000,000",0,0,19.70,19.90,19.40
31/03/2022,19.80,19.80,-0.20 (-1.00 %)," ","1,257,000","25,141,000,000",0,0,20.00,20.25,19.80
30/03/2022,20.00,20.00,-0.60 (-2.91 %)," ","1,384,500","28,096,000,000",0,0,20.50,20.80,19.95
29/03/2022,20.55,20.55,-0.05 (-0.24 %)," ","1,135,300","23,504,000,000",0,0,20.60,21.00,20.55
28/03/2022,20.60,20.60,0.30 (1.48 %)," ","1,763,600","35,879,000,000",0,0,20.20,20.65,20.00
25/03/2022,20.30,20.30,-0.30 (-1.46 %)," ","1,471,200","29,987,000,000",0,0,20.40,20.70,20.10
24/03/2022,20.55,20.55,-0.05 (-0.24 %)," ","1,005,600","20,728,000,000",0,0,20.60,20.80,20.50
23/03/2022,20.60,20.60,0.10 (0.49 %)," ","2,064,900","42,807,000,000",0,0,20.55,20.90,20.50
22/03/2022,20.50,20.50,0.50 (2.50 %)," ","1,236,700","24,848,000,000",0,0,19.90,20.50,19.90
21/03/2022,20.00,20.00,0.00 (0.00 %)," ","724,900","14,633,000,000",0,0,20.15,20.35,20.00
18/03/2022,19.95,19.95,0.05 (0.25 %)," ","957,100","19,114,000,000",0,0,19.90,20.15,19.80
17/03/2022,19.85,19.85,-0.15 (-0.75 %)," ","797,300","15,917,000,000",0,0,20.30,20.30,19.80
16/03/2022,20.00,20.00,0.10 (0.50 %)," ","683,800","13,683,000,000",0,0,20.30,20.30,19.90
15/03/2022,19.90,19.90,0.20 (1.02 %)," ","1,074,900","21,163,000,000",0,0,19.70,20.00,19.45
14/03/2022,19.70,19.70,-0.50 (-2.48 %)," ","1,308,700","26,151,000,000",0,0,19.90,20.55,19.50
11/03/2022,20.20,20.20,-0.50 (-2.42 %)," ","1,597,500","32,598,000,000",0,0,20.70,20.90,19.80
10/03/2022,20.70,20.70,-0.30 (-1.43 %)," ","1,402,500","29,143,000,000",0,0,20.85,21.25,20.40
09/03/2022,20.95,20.95,0.35 (1.70 %)," ","1,736,300","35,753,000,000",0,0,20.90,21.25,19.90
08/03/2022,20.55,20.55,-0.95 (-4.42 %)," ","1,898,300","39,637,000,000",0,0,21.00,21.40,20.50
07/03/2022,21.50,21.50,0.60 (2.87 %)," ","2,698,100","58,309,000,000",0,0,20.95,22.05,20.95
04/03/2022,20.85,20.85,-0.55 (-2.57 %)," ","1,966,000","41,326,000,000",0,0,21.60,21.60,20.70
03/03/2022,21.40,21.40,1.10 (5.42 %)," ","4,604,800","96,668,000,000",0,0,20.35,21.45,20.20
02/03/2022,20.30,20.30,0.30 (1.50 %)," ","1,671,600","33,572,000,000",0,0,20.00,20.40,19.80
01/03/2022,20.00,20.00,-0.10 (-0.50 %)," ","2,817,100","57,923,000,000",0,0,20.95,21.00,20.00
28/02/2022,20.05,20.05,1.25 (6.65 %)," ","4,188,100","82,425,000,000",0,0,19.00,20.05,18.95
25/02/2022,18.75,18.75,0.35 (1.90 %)," ","739,800","13,847,000,000",0,0,18.80,18.85,18.60
24/02/2022,18.40,18.40,-0.50 (-2.65 %)," ","1,696,600","31,420,000,000",0,0,18.80,19.20,17.80
23/02/2022,18.90,18.90,0.10 (0.53 %)," ","760,900","14,389,000,000",0,0,18.60,19.20,18.60
22/02/2022,18.75,18.75,-0.45 (-2.34 %)," ","1,222,700","23,053,000,000",0,0,18.95,19.10,18.65
21/02/2022,19.20,19.20,0.00 (0.00 %)," ","656,000","12,541,000,000",0,0,19.30,19.45,19.00
18/02/2022,19.15,19.15,0.15 (0.79 %)," ","1,681,500","32,179,000,000",0,0,18.95,19.50,18.90
17/02/2022,18.95,18.95,0.05 (0.26 %)," ","478,400","9,085,000,000",0,0,18.90,19.20,18.85
16/02/2022,18.85,18.85,-0.15 (-0.79 %)," ","768,200","14,508,000,000",0,0,18.95,19.10,18.80
15/02/2022,18.95,18.95,0.05 (0.26 %)," ","528,100","9,967,000,000",0,0,19.00,19.20,18.70
14/02/2022,18.90,18.90,-0.40 (-2.07 %)," ","828,900","15,825,000,000",0,0,18.50,19.65,18.50
11/02/2022,19.30,19.30,0.10 (0.52 %)," ","1,161,700","22,088,000,000",0,0,18.90,19.80,18.70
10/02/2022,19.20,19.20,-0.60 (-3.03 %)," ","965,700","18,791,000,000",0,0,19.80,19.90,19.20
09/02/2022,19.80,19.80,0.70 (3.66 %)," ","1,835,600","36,533,000,000",0,0,19.20,20.20,19.15
08/02/2022,19.05,19.05,1.15 (6.42 %)," ","1,633,200","30,580,000,000",0,0,18.00,19.05,17.90
07/02/2022,17.85,17.85,1.15 (6.89 %)," ","1,279,700","22,298,000,000",0,0,17.00,17.85,16.70
28/01/2022,16.70,16.70,0.00 (0.00 %)," ","457,400","7,651,000,000",0,0,16.85,17.00,16.60
27/01/2022,16.70,16.70,-0.10 (-0.60 %)," ","281,300","4,697,000,000",0,0,16.35,16.90,16.35
26/01/2022,16.80,16.80,0.10 (0.60 %)," ","467,000","7,891,000,000",0,0,16.75,17.40,16.75
25/01/2022,16.65,16.65,0.55 (3.42 %)," ","564,000","9,167,000,000",0,0,15.80,16.70,15.60
24/01/2022,16.05,16.05,-1.15 (-6.69 %)," ","1,498,500","24,455,000,000",0,0,17.10,17.10,16.00
21/01/2022,17.20,17.20,0.00 (0.00 %)," ","742,000","12,776,000,000",0,0,17.45,17.45,17.10
20/01/2022,17.20,17.20,0.70 (4.24 %)," ","523,500","8,856,000,000",0,0,16.70,17.30,16.65
19/01/2022,16.30,16.30,-0.70 (-4.12 %)," ","840,800","13,990,000,000",0,0,16.50,17.00,16.30
18/01/2022,17.00,17.00,-1.25 (-6.85 %)," ","1,723,900","29,687,000,000",0,0,17.50,17.90,17.00
17/01/2022,18.25,18.25,-1.35 (-6.89 %)," ","1,873,500","35,139,000,000",0,0,19.40,19.60,18.25
14/01/2022,19.60,19.60,-0.20 (-1.01 %)," ","784,200","15,370,000,000",0,0,19.85,19.85,19.40
13/01/2022,19.75,19.75,0.35 (1.80 %)," ","1,806,200","35,634,000,000",0,0,19.50,20.25,19.30
12/01/2022,19.40,19.40,0.00 (0.00 %)," ","1,361,600","26,377,000,000",0,0,19.25,19.70,19.00
11/01/2022,19.35,19.35,-0.35 (-1.78 %)," ","1,262,800","24,687,000,000",0,0,19.75,19.75,19.35
10/01/2022,19.65,19.65,-0.35 (-1.75 %)," ","2,279,900","45,251,000,000",0,0,20.00,20.10,19.60
07/01/2022,19.95,19.95,-0.05 (-0.25 %)," ","1,343,900","26,803,000,000",0,0,19.80,20.15,19.80
06/01/2022,19.95,19.95,-0.35 (-1.72 %)," ","1,837,900","36,858,000,000",0,0,20.10,20.30,19.90
05/01/2022,20.30,20.30,-0.20 (-0.98 %)," ","1,319,400","26,887,000,000",0,0,20.50,20.55,20.25
04/01/2022,20.45,20.45,0.05 (0.25 %)," ","1,208,800","24,846,000,000",0,0,20.55,20.75,20.40
31/12/2021,20.40,20.40,0.40 (2.00 %)," ","2,049,000","41,699,000,000",0,0,20.00,20.80,19.90
30/12/2021,20.00,20.00,-0.20 (-0.99 %)," ","938,700","18,770,000,000",0,0,20.15,20.30,19.90
29/12/2021,20.15,20.15,0.05 (0.25 %)," ","1,403,000","28,220,000,000",0,0,20.10,20.50,19.80
28/12/2021,20.05,20.05,-0.05 (-0.25 %)," ","1,444,900","28,887,000,000",0,0,20.10,20.50,19.75
27/12/2021,20.10,20.10,-0.30 (-1.47 %)," ","694,900","14,009,000,000",0,0,20.70,20.80,19.90
24/12/2021,20.35,20.35,0.35 (1.75 %)," ","1,109,100","22,674,000,000",0,0,20.30,20.75,20.10
23/12/2021,19.95,19.95,-0.15 (-0.75 %)," ","2,653,800","52,094,000,000",0,0,19.80,20.15,19.30
22/12/2021,20.10,20.10,-0.50 (-2.43 %)," ","2,694,900","54,393,000,000",0,0,20.65,20.90,20.00
21/12/2021,20.55,20.55,-0.45 (-2.14 %)," ","1,528,500","31,493,000,000",0,0,21.00,21.00,20.45
20/12/2021,21.00,21.00,0.15 (0.72 %)," ","1,689,000","35,400,000,000",0,0,20.50,21.45,20.50
17/12/2021,20.85,20.85,-0.45 (-2.11 %)," ","3,338,700","69,312,000,000",0,0,21.10,21.30,20.50
16/12/2021,21.30,21.30,-0.45 (-2.07 %)," ","1,250,900","26,682,000,000",0,0,21.85,21.90,21.15
15/12/2021,21.75,21.75,-0.75 (-3.33 %)," ","1,628,500","35,932,000,000",0,0,22.60,22.70,21.50
14/12/2021,22.50,22.50,1.00 (4.65 %)," ","4,454,400","100,753,000,000",0,0,21.50,23.00,21.30
13/12/2021,21.50,21.50,1.20 (5.91 %)," ","1,797,100","37,960,000,000",0,0,20.30,21.50,20.30
10/12/2021,20.30,20.30,-0.40 (-1.93 %)," ","1,630,000","33,187,000,000",0,0,20.40,20.70,20.20
09/12/2021,20.70,20.70,-0.10 (-0.48 %)," ","974,300","20,243,000,000",0,0,20.50,21.00,20.50
08/12/2021,20.80,20.80,0.05 (0.24 %)," ","1,507,300","32,466,000,000",0,0,22.20,22.20,20.80
07/12/2021,20.75,20.75,1.35 (6.96 %)," ","1,837,300","36,769,000,000",0,0,19.80,20.75,19.60
06/12/2021,19.40,19.40,-1.35 (-6.51 %)," ","2,782,500","56,023,000,000",0,0,20.50,21.40,19.40
03/12/2021,20.75,20.75,-1.50 (-6.74 %)," ","3,168,800","68,153,000,000",0,0,21.70,22.25,20.75
02/12/2021,22.25,22.25,-0.65 (-2.84 %)," ","3,379,300","75,128,000,000",0,0,22.60,22.80,22.00
01/12/2021,22.90,22.90,-1.10 (-4.58 %)," ","3,493,200","80,692,000,000",0,0,23.30,23.60,22.65
30/11/2021,24.00,24.00,0.70 (3.00 %)," ","8,163,600","200,294,000,000",0,0,24.90,24.90,23.60
29/11/2021,23.30,23.30,1.50 (6.88 %)," ","8,256,300","190,108,000,000",0,0,22.30,23.30,22.20
26/11/2021,21.80,21.80,1.40 (6.86 %)," ","4,468,600","96,363,000,000",0,0,20.80,21.80,20.60
25/11/2021,20.40,20.40,0.40 (2.00 %)," ","1,755,500","35,536,000,000",0,0,20.00,20.60,19.90
24/11/2021,20.00,20.00,-0.20 (-0.99 %)," ","1,922,600","38,212,000,000",0,0,20.30,20.30,19.50
23/11/2021,20.20,20.20,0.90 (4.66 %)," ","1,149,900","22,821,000,000",0,0,19.30,20.20,19.30
22/11/2021,19.30,19.30,-0.30 (-1.53 %)," ","1,867,000","37,085,000,000",0,0,19.60,20.25,19.30
19/11/2021,19.60,19.60,-0.95 (-4.62 %)," ","2,915,000","58,045,000,000",0,0,20.10,20.40,19.60
18/11/2021,20.55,20.55,-1.10 (-5.08 %)," ","3,930,900","81,571,000,000",0,0,21.50,21.55,20.35
17/11/2021,21.65,21.65,-0.30 (-1.37 %)," ","2,018,900","44,089,000,000",0,0,21.80,22.10,21.65
16/11/2021,21.95,21.95,-0.30 (-1.35 %)," ","2,004,000","44,286,000,000",0,0,22.25,22.55,21.85
15/11/2021,22.25,22.25,-0.50 (-2.20 %)," ","2,763,800","61,762,000,000",0,0,23.00,23.00,22.00
12/11/2021,22.75,22.75,0.90 (4.12 %)," ","1,876,500","42,075,000,000",0,0,22.10,22.80,22.00
11/11/2021,21.85,21.85,-0.75 (-3.32 %)," ","3,786,100","83,355,000,000",0,0,22.45,22.50,21.55
10/11/2021,22.60,22.60,-0.30 (-1.31 %)," ","2,514,800","57,089,000,000",0,0,22.80,22.90,22.60
09/11/2021,22.90,22.90,0.05 (0.22 %)," ","1,759,600","40,387,000,000",0,0,23.20,23.20,22.75
08/11/2021,22.85,22.85,-0.15 (-0.65 %)," ","1,920,200","44,160,000,000",0,0,23.20,23.30,22.85
05/11/2021,23.00,23.00,0.20 (0.88 %)," ","2,447,800","55,890,000,000",0,0,22.90,23.25,22.50
04/11/2021,22.80,22.80,0.30 (1.33 %)," ","1,834,300","41,785,000,000",0,0,22.50,23.30,22.35
03/11/2021,22.50,22.50,-0.85 (-3.64 %)," ","4,246,000","97,339,000,000",0,0,23.35,23.50,22.50
02/11/2021,23.35,23.35,0.00 (0.00 %)," ","3,256,600","76,032,000,000",0,0,23.05,23.70,22.90
01/11/2021,23.35,23.35,-0.65 (-2.71 %)," ","3,884,900","91,239,000,000",0,0,24.20,24.20,23.15
29/10/2021,24.00,24.00,-0.20 (-0.83 %)," ","3,556,600","86,332,000,000",0,0,24.40,24.75,23.80
28/10/2021,24.20,24.20,0.60 (2.54 %)," ","4,647,700","111,207,000,000",0,0,23.80,24.25,23.45
27/10/2021,23.60,23.60,0.10 (0.43 %)," ","2,330,000","54,917,000,000",0,0,23.70,23.80,23.20
26/10/2021,23.50,23.50,0.50 (2.17 %)," ","2,518,600","57,585,000,000",0,0,22.50,23.50,22.50
25/10/2021,23.00,23.00,-0.75 (-3.16 %)," ","3,661,100","85,021,000,000",0,0,23.75,23.75,23.00
22/10/2021,23.75,23.75,0.00 (0.00 %)," ","2,148,500","51,138,000,000",0,0,24.00,24.15,23.55
21/10/2021,23.75,23.75,0.30 (1.28 %)," ","2,488,400","59,002,000,000",0,0,23.45,23.95,23.30
20/10/2021,23.45,23.45,-0.15 (-0.64 %)," ","2,639,300","61,837,000,000","146,000","3,460,200,000",23.50,23.80,22.90
19/10/2021,23.60,23.60,-0.40 (-1.67 %)," ","2,107,900","50,088,000,000",0,0,23.80,24.00,23.20
18/10/2021,24.00,24.00,1.00 (4.35 %)," ","4,595,500","109,879,000,000","106,500","2,556,000,000",23.30,24.45,23.20
15/10/2021,23.00,23.00,0.55 (2.45 %)," ","4,726,700","108,840,000,000","146,000","3,285,000,000",22.90,23.55,22.65
14/10/2021,22.45,22.45,0.30 (1.35 %)," ","2,487,000","55,856,000,000","146,000","3,241,200,000",22.10,22.80,22.10
13/10/2021,22.15,22.15,-0.45 (-1.99 %)," ","2,605,400","58,157,000,000","146,000","3,270,400,000",22.70,22.70,22.10
12/10/2021,22.60,22.60,-0.20 (-0.88 %)," ","2,644,400","59,934,000,000",0,0,22.80,23.00,22.40
11/10/2021,22.80,22.80,-0.10 (-0.44 %)," ","3,176,900","73,176,000,000",0,0,23.10,23.35,22.60
08/10/2021,22.90,22.90,0.35 (1.55 %)," ","4,375,100","100,635,000,000",0,0,22.70,23.40,22.65
07/10/2021,22.55,22.55,0.25 (1.12 %)," ","4,304,200","98,052,000,000",0,0,23.00,23.20,22.50
06/10/2021,22.30,22.30,0.50 (2.29 %)," ","2,496,800","55,575,000,000",0,0,21.85,22.50,21.85
05/10/2021,21.80,21.80,-0.40 (-1.80 %)," ","2,416,600","52,933,000,000",0,0,22.20,22.25,21.70
04/10/2021,22.20,22.20,0.70 (3.26 %)," ","3,918,200","86,320,000,000",0,0,21.90,22.50,21.55
01/10/2021,21.50,21.50,0.15 (0.70 %)," ","2,561,700","54,868,000,000","65,095","1,295,390,500",21.10,21.90,20.70
30/09/2021,21.35,21.35,-0.15 (-0.70 %)," ","1,466,900","31,603,000,000",0,0,21.45,22.00,21.30
29/09/2021,21.50,21.50,0.70 (3.37 %)," ","2,259,800","47,976,000,000",0,0,20.90,21.70,20.80
28/09/2021,20.80,20.80,1.35 (6.94 %)," ","3,168,600","63,518,000,000",0,0,19.45,20.80,19.00
27/09/2021,19.45,19.45,-1.45 (-6.94 %)," ","3,374,700","68,333,000,000",0,0,20.80,21.30,19.45
24/09/2021,20.90,20.90,-0.80 (-3.69 %)," ","3,473,000","73,541,000,000",0,0,21.50,22.00,20.70
23/09/2021,21.70,21.70,-0.40 (-1.81 %)," ","2,458,300","54,240,000,000",0,0,22.20,22.50,21.70
22/09/2021,22.10,22.10,-0.30 (-1.34 %)," ","2,651,800","58,364,000,000",0,0,22.50,22.50,21.70
21/09/2021,22.40,22.40,0.20 (0.90 %)," ","4,673,900","102,250,000,000",0,0,21.35,22.75,21.30
20/09/2021,22.20,22.20,-1.15 (-4.93 %)," ","5,274,700","118,928,000,000",0,0,23.35,23.35,21.90
17/09/2021,23.35,23.35,0.75 (3.32 %)," ","4,312,400","99,180,000,000",0,0,22.35,23.70,22.20
16/09/2021,22.60,22.60,0.55 (2.49 %)," ","4,639,400","104,693,000,000",0,0,22.70,22.85,22.15
15/09/2021,22.05,22.05,1.40 (6.78 %)," ","4,778,900","102,506,000,000",0,0,20.70,22.05,20.35
14/09/2021,20.65,20.65,0.45 (2.23 %)," ","2,679,700","55,148,000,000",0,0,20.20,20.90,20.20
13/09/2021,20.20,20.20,-0.90 (-4.27 %)," ","3,774,700","77,375,000,000",0,0,21.00,21.20,19.95
10/09/2021,21.10,21.10,-0.30 (-1.40 %)," ","3,356,100","71,009,000,000",0,0,21.50,21.55,20.80
09/09/2021,21.40,21.40,0.40 (1.90 %)," ","2,842,500","60,932,000,000",0,0,21.00,21.85,21.00
08/09/2021,21.00,21.00,0.70 (3.45 %)," ","4,175,600","86,459,000,000",0,0,20.30,21.20,20.00
07/09/2021,20.30,20.30,-1.10 (-5.14 %)," ","5,996,400","124,799,000,000",0,0,21.50,21.95,20.20
06/09/2021,21.40,21.40,1.40 (7.00 %)," ","5,565,800","117,624,000,000",0,0,20.40,21.40,20.30
01/09/2021,20.00,20.00,0.60 (3.09 %)," ","3,455,700","68,021,000,000",0,0,19.30,20.00,19.30
31/08/2021,19.40,19.40,0.50 (2.65 %)," ","5,476,000","108,709,000,000",0,0,20.10,20.20,19.30
30/08/2021,18.90,18.90,1.20 (6.78 %)," ","8,343,900","155,194,000,000",0,0,18.10,18.90,17.80
27/08/2021,17.70,17.70,0.30 (1.72 %)," ","1,950,000","33,725,000,000",0,0,17.05,17.80,16.70
26/08/2021,17.40,17.40,-0.10 (-0.57 %)," ","1,832,100","32,376,000,000",0,0,18.00,18.00,17.00
25/08/2021,17.50,17.50,1.10 (6.71 %)," ","3,241,200","54,276,000,000",0,0,16.30,17.50,15.80
24/08/2021,16.40,16.40,-0.60 (-3.53 %)," ","2,362,800","38,983,000,000",0,0,17.00,17.30,16.00
23/08/2021,17.00,17.00,-0.40 (-2.30 %)," ","2,194,100","38,103,000,000",0,0,17.40,17.75,17.00
20/08/2021,17.40,17.40,-0.65 (-3.60 %)," ","6,336,200","115,147,000,000",0,0,18.30,18.80,17.00
19/08/2021,18.05,18.05,0.35 (1.98 %)," ","2,305,100","41,198,000,000",0,0,17.40,18.15,17.40
18/08/2021,17.70,17.70,-0.20 (-1.12 %)," ","1,846,000","32,929,000,000",0,0,17.90,18.20,17.45
17/08/2021,17.90,17.90,0.70 (4.07 %)," ","4,496,000","80,107,000,000",0,0,17.50,18.20,17.50
16/08/2021,17.20,17.20,1.10 (6.83 %)," ","3,975,600","66,647,000,000",0,0,16.40,17.20,16.30
13/08/2021,16.10,16.10,0.00 (0.00 %)," ","1,602,000","25,600,000,000",0,0,16.05,16.40,15.70
12/08/2021,16.10,16.10,0.10 (0.63 %)," ","1,884,700","30,333,000,000",0,0,15.85,16.70,15.80
11/08/2021,16.00,16.00,-0.30 (-1.84 %)," ","1,662,500","26,872,000,000",0,0,16.30,16.40,16.00
10/08/2021,16.30,16.30,0.10 (0.62 %)," ","1,865,300","30,418,000,000",0,0,16.35,16.50,16.20
09/08/2021,16.20,16.20,0.15 (0.93 %)," ","1,275,200","20,446,000,000",0,0,15.70,16.20,15.70
06/08/2021,16.05,16.05,0.25 (1.58 %)," ","1,840,200","29,695,000,000","36,000","604,800,000",15.90,16.40,15.90
05/08/2021,15.80,15.80,0.70 (4.64 %)," ","2,250,500","35,036,000,000",0,0,15.10,15.80,14.90
04/08/2021,15.10,15.10,0.20 (1.34 %)," ","1,474,700","22,227,000,000",0,0,15.00,15.20,14.90
03/08/2021,14.90,14.90,-0.25 (-1.65 %)," ","1,073,800","16,099,000,000","500,000","7,300,000,000",15.30,15.30,14.75
02/08/2021,15.15,15.15,0.45 (3.06 %)," ","1,700,900","25,586,000,000","800,000","11,680,000,000",14.70,15.45,14.55
30/07/2021,14.70,14.70,0.10 (0.68 %)," ","1,314,700","19,247,000,000","234,000","3,416,400,000",14.70,14.95,14.45
29/07/2021,14.60,14.60,0.20 (1.39 %)," ","834,100","12,116,000,000",0,0,14.50,14.75,14.40
28/07/2021,14.40,14.40,0.05 (0.35 %)," ","748,700","10,863,000,000",0,0,14.50,14.65,14.35
27/07/2021,14.35,14.35,0.15 (1.06 %)," ","806,300","11,649,000,000",0,0,14.50,14.65,14.25
26/07/2021,14.20,14.20,-0.05 (-0.35 %)," ","869,000","12,194,000,000","1,376,975","19,484,196,250",13.95,14.35,13.85
23/07/2021,14.25,14.25,-0.50 (-3.39 %)," ","1,142,100","16,442,000,000",0,0,14.50,14.70,14.20
22/07/2021,14.75,14.75,0.05 (0.34 %)," ","886,400","13,021,000,000",0,0,14.65,15.15,14.30
21/07/2021,14.70,14.70,-0.20 (-1.34 %)," ","565,500","8,428,000,000","1,218,797","17,245,977,550",15.25,15.25,14.60
20/07/2021,14.90,14.90,0.75 (5.30 %)," ","1,086,600","15,449,000,000",0,0,14.15,14.95,13.80
19/07/2021,14.15,14.15,-1.05 (-6.91 %)," ","1,671,000","24,292,000,000",0,0,15.20,15.20,14.15
16/07/2021,15.20,15.20,0.55 (3.75 %)," ","1,497,100","22,747,000,000",0,0,14.95,15.40,14.90
15/07/2021,14.65,14.65,0.50 (3.53 %)," ","989,700","14,359,000,000",0,0,14.15,14.80,14.15
14/07/2021,14.15,14.15,0.15 (1.07 %)," ","1,575,300","22,579,000,000",0,0,14.50,14.70,13.80
13/07/2021,14.00,14.00,-0.15 (-1.06 %)," ","1,813,800","25,364,000,000",0,0,14.15,14.50,13.50
12/07/2021,14.15,14.15,-1.05 (-6.91 %)," ","1,761,700","25,033,000,000",0,0,14.60,14.60,14.15
09/07/2021,15.20,15.20,-1.10 (-6.75 %)," ","4,437,200","68,722,000,000",0,0,15.95,16.00,15.20
08/07/2021,16.30,16.30,-1.10 (-6.32 %)," ","4,354,800","72,017,000,000",0,0,17.00,17.40,16.20
07/07/2021,17.40,17.40,-0.25 (-1.42 %)," ","2,341,400","39,417,000,000",0,0,17.55,17.60,16.45
06/07/2021,17.65,17.65,-1.30 (-6.86 %)," ","2,197,200","40,637,000,000",0,0,18.95,19.10,17.65
05/07/2021,18.95,18.95,0.85 (4.70 %)," ","5,174,000","96,981,000,000",0,0,18.20,19.20,18.20
02/07/2021,18.10,18.10,0.65 (3.72 %)," ","5,860,100","105,774,000,000",0,0,17.70,18.35,17.50
01/07/2021,17.45,17.45,0.05 (0.29 %)," ","1,806,100","31,469,000,000",0,0,17.40,17.80,17.00
30/06/2021,17.40,17.40,-0.15 (-0.85 %)," ","1,308,600","22,915,000,000",0,0,17.50,17.75,17.30
29/06/2021,17.55,17.55,-0.25 (-1.40 %)," ","2,143,100","38,246,000,000",0,0,18.00,18.20,17.50
28/06/2021,17.80,17.80,0.70 (4.09 %)," ","2,659,300","47,082,000,000",0,0,17.50,18.00,17.20
25/06/2021,17.10,17.10,0.10 (0.59 %)," ","1,150,500","19,447,000,000",0,0,17.10,17.30,16.70
24/06/2021,17.00,17.00,-0.10 (-0.58 %)," ","997,500","16,879,000,000",0,0,16.90,17.10,16.80
23/06/2021,17.10,17.10,-0.50 (-2.84 %)," ","1,783,800","30,496,000,000",0,0,17.50,17.50,16.85
22/06/2021,17.60,17.60,-0.45 (-2.49 %)," ","1,178,300","21,007,000,000",0,0,18.30,18.35,17.40
21/06/2021,18.05,18.05,0.05 (0.28 %)," ","2,314,400","42,113,000,000",0,0,18.00,18.50,17.70
18/06/2021,18.00,18.00,1.15 (6.82 %)," ","3,991,500","70,281,000,000",0,0,16.90,18.00,16.75
17/06/2021,16.85,16.85,0.30 (1.81 %)," ","974,500","16,119,000,000",0,0,16.10,17.00,16.10
16/06/2021,16.55,16.55,-0.35 (-2.07 %)," ","1,362,300","22,643,000,000",0,0,16.80,16.90,16.50
15/06/2021,16.90,16.90,-0.05 (-0.29 %)," ","1,036,100","17,498,000,000",0,0,17.00,17.00,16.80
14/06/2021,16.95,16.95,-0.05 (-0.29 %)," ","908,000","15,470,000,000",0,0,17.00,17.30,16.90
11/06/2021,17.00,17.00,0.20 (1.19 %)," ","1,037,400","17,615,000,000",0,0,17.00,17.20,16.75
10/06/2021,16.80,16.80,-0.40 (-2.33 %)," ","911,000","15,422,000,000",0,0,17.00,17.20,16.70
09/06/2021,17.20,17.20,0.30 (1.78 %)," ","1,186,000","20,031,000,000",0,0,16.80,17.50,16.50
08/06/2021,16.90,16.90,-1.20 (-6.63 %)," ","1,789,700","31,187,000,000",0,0,17.70,17.90,16.90
07/06/2021,18.10,18.10,0.40 (2.26 %)," ","2,592,800","47,222,000,000",0,0,18.10,18.50,17.70
04/06/2021,17.70,17.70,0.60 (3.51 %)," ","1,868,100","32,955,000,000",0,0,17.20,17.95,17.20
03/06/2021,17.10,17.10,0.15 (0.88 %)," ","2,835,500","48,080,000,000",0,0,16.70,17.40,16.65
02/06/2021,16.95,16.95,-0.50 (-2.87 %)," ","2,415,400","41,166,000,000",0,0,17.00,17.35,16.70
01/06/2021,17.45,17.45,-0.40 (-2.24 %)," ","1,471,200","25,921,000,000",0,0,18.00,18.00,17.45
31/05/2021,17.85,17.85,0.55 (3.18 %)," ","1,784,300","31,741,000,000",0,0,17.80,18.00,17.50
28/05/2021,17.30,17.30,0.05 (0.29 %)," ","2,228,100","38,543,000,000",0,0,17.30,17.60,17.20
27/05/2021,17.25,17.25,-0.55 (-3.09 %)," ","3,006,000","52,570,000,000",0,0,17.60,18.00,17.10
26/05/2021,17.80,17.80,-0.60 (-3.26 %)," ","1,820,300","33,069,000,000",0,0,18.50,18.50,17.80
25/05/2021,18.40,18.40,0.70 (3.95 %)," ","3,692,500","66,960,000,000",0,0,17.50,18.70,17.35
24/05/2021,17.70,17.70,-0.15 (-0.84 %)," ","2,006,400","35,901,000,000",0,0,18.00,18.40,17.70
21/05/2021,17.85,17.85,-0.45 (-2.46 %)," ","2,631,800","46,693,000,000",0,0,17.70,18.30,17.45
20/05/2021,18.30,18.30,-0.70 (-3.68 %)," ","3,026,100","55,519,000,000",0,0,18.50,18.65,18.10
19/05/2021,19.00,19.00,-0.25 (-1.30 %)," ","3,957,800","75,910,000,000",0,0,19.40,19.60,18.90
18/05/2021,19.25,19.25,0.80 (4.34 %)," ","3,053,500","58,881,000,000",0,0,18.85,19.65,18.70
17/05/2021,18.45,18.45,-0.75 (-3.91 %)," ","4,511,400","82,308,000,000",0,0,18.80,18.80,17.90
14/05/2021,19.20,19.20,-1.05 (-5.19 %)," ","4,701,800","92,677,000,000",0,0,20.00,20.70,19.10
13/05/2021,20.25,20.25,1.25 (6.58 %)," ","4,218,200","84,543,000,000",0,0,19.80,20.30,19.10
12/05/2021,19.00,19.00,0.90 (4.97 %)," ","4,406,700","81,882,000,000",0,0,18.10,19.00,18.05
11/05/2021,18.10,18.10,-0.40 (-2.16 %)," ","5,421,700","102,791,000,000",0,0,19.30,19.45,18.10
10/05/2021,18.50,18.50,1.20 (6.94 %)," ","2,071,900","38,062,000,000",0,0,17.40,18.50,17.40
07/05/2021,17.30,17.30,0.95 (5.81 %)," ","6,002,800","101,913,000,000",0,0,16.20,17.45,15.85
06/05/2021,16.35,16.35,-0.20 (-1.21 %)," ","2,373,300","39,008,000,000",0,0,16.50,16.75,16.10
05/05/2021,16.55,16.55,0.25 (1.53 %)," ","2,349,900","39,175,000,000",0,0,16.45,17.00,16.25
04/05/2021,16.30,16.30,0.95 (6.19 %)," ","3,592,000","56,464,000,000",0,0,14.70,16.30,14.60
29/04/2021,15.35,15.35,0.25 (1.66 %)," ","1,831,900","28,314,000,000","150,000","2,107,500,000",15.20,15.80,15.10
28/04/2021,15.10,15.10,0.00 (0.00 %)," ","1,318,300","19,806,000,000",0,0,15.10,15.40,14.75
27/04/2021,15.10,15.10,0.00 (0.00 %)," ","1,051,000","15,782,000,000",0,0,15.10,15.35,14.40
26/04/2021,15.10,15.10,-0.35 (-2.27 %)," ","1,711,200","26,447,000,000",0,0,15.60,15.95,15.10
23/04/2021,15.45,15.45,1.00 (6.92 %)," ","2,587,000","37,999,000,000","110,000","1,479,500,000",14.10,15.45,14.00
22/04/2021,14.45,14.45,-1.05 (-6.77 %)," ","2,343,500","34,792,000,000","264,628","3,823,874,600",15.10,15.50,14.45
20/04/2021,15.50,15.50,-0.85 (-5.20 %)," ","3,299,500","52,119,000,000",0,0,16.35,16.35,15.30
19/04/2021,16.35,16.35,0.25 (1.55 %)," ","3,584,000","58,306,000,000",0,0,16.50,16.80,15.40
16/04/2021,16.10,16.10,0.35 (2.22 %)," ","3,595,800","57,397,000,000",0,0,15.80,16.70,15.15
15/04/2021,15.75,15.75,1.00 (6.78 %)," ","3,941,900","61,131,000,000","250,000","3,437,500,000",14.85,15.75,14.80
14/04/2021,14.75,14.75,0.95 (6.88 %)," ","4,982,200","70,561,000,000",0,0,13.50,14.75,13.30
13/04/2021,13.80,13.80,0.40 (2.99 %)," ","3,759,900","52,429,000,000",0,0,14.25,14.25,13.50
12/04/2021,13.40,13.40,0.35 (2.68 %)," ","3,863,900","52,175,000,000",0,0,13.20,13.85,13.00
09/04/2021,13.05,13.05,0.80 (6.53 %)," ","3,112,900","39,409,000,000",0,0,12.15,13.10,11.95
08/04/2021,12.25,12.25,0.00 (0.00 %)," ","1,428,500","17,494,000,000",0,0,12.45,12.45,12.00
07/04/2021,12.25,12.25,0.70 (6.06 %)," ","2,502,200","30,171,000,000",0,0,11.55,12.35,11.55
06/04/2021,11.55,11.55,-0.30 (-2.53 %)," ","1,779,800","20,673,000,000",0,0,11.85,11.85,11.45
05/04/2021,11.85,11.85,-0.15 (-1.25 %)," ","1,495,800","17,808,000,000",0,0,12.05,12.20,11.70
02/04/2021,12.00,12.00,-0.20 (-1.64 %)," ","1,511,100","18,234,000,000",0,0,12.20,12.25,11.90
01/04/2021,12.20,12.20,-0.10 (-0.81 %)," ","1,360,400","16,761,000,000",0,0,12.80,12.80,12.00
31/03/2021,12.30,12.30,0.80 (6.96 %)," ","4,943,900","59,911,000,000",0,0,11.60,12.30,11.60
30/03/2021,11.50,11.50,0.50 (4.55 %)," ","2,165,400","24,069,000,000",0,0,11.00,11.50,10.80
29/03/2021,11.00,11.00,0.45 (4.27 %)," ","2,617,300","28,511,000,000",0,0,10.55,11.25,10.35
26/03/2021,10.55,10.55,-0.30 (-2.76 %)," ","1,564,200","16,108,000,000",0,0,10.80,10.80,10.10
25/03/2021,10.85,10.85,-0.15 (-1.36 %)," ","843,000","9,120,000,000",0,0,11.00,11.00,10.65
24/03/2021,11.00,11.00,-0.30 (-2.65 %)," ","2,013,700","22,148,000,000",0,0,10.90,11.15,10.70
23/03/2021,10.80,11.30,-0.05 (-0.44 %)," ","973,300","10,980,000,000",0,0,11.35,11.35,11.20
22/03/2021,10.85,11.35,-0.05 (-0.44 %)," ","1,285,100","14,406,000,000",0,0,11.40,11.50,11.00
19/03/2021,10.90,11.40,0.15 (1.33 %)," ","1,654,400","18,756,000,000",0,0,11.25,11.55,11.10
18/03/2021,10.75,11.25,-0.20 (-1.75 %)," ","1,114,800","12,660,000,000","50,000","565,000,000",11.50,11.55,11.10
17/03/2021,10.94,11.45,-0.05 (-0.43 %)," ","2,645,100","30,379,000,000",0,0,11.50,11.75,11.35
16/03/2021,10.90,11.40,0.25 (2.24 %)," ","2,338,700","25,853,000,000",0,0,11.20,11.45,10.80
15/03/2021,10.66,11.15,-0.05 (-0.45 %)," ","1,253,600","13,873,000,000",0,0,11.10,11.25,10.90
12/03/2021,10.71,11.20,-0.30 (-2.61 %)," ","1,227,200","13,971,000,000",0,0,11.60,11.60,11.15
11/03/2021,10.99,11.50,0.30 (2.68 %)," ","4,983,200","53,649,000,000",0,0,10.45,11.50,10.45
10/03/2021,10.71,11.20,-0.80 (-6.67 %)," ","1,557,300","17,493,000,000",0,0,11.20,11.70,11.20
09/03/2021,11.47,12.00,-0.15 (-1.23 %)," ","1,617,300","19,462,000,000",0,0,11.90,12.35,11.70
08/03/2021,11.61,12.15,0.35 (2.97 %)," ","3,244,100","38,867,000,000",0,0,12.40,12.40,11.40
05/03/2021,11.28,11.80,0.75 (6.79 %)," ","3,784,800","42,985,000,000",0,0,10.70,11.80,10.40
04/03/2021,10.56,11.05,0.70 (6.76 %)," ","2,838,100","31,301,000,000",0,0,11.05,11.05,10.50
03/03/2021,9.89,10.35,0.67 (6.92 %)," ","4,919,300","49,782,000,000",0,0,10.00,10.35,9.67
02/03/2021,9.25,9.68,0.63 (6.96 %)," ","4,786,200","46,277,000,000",0,0,9.68,9.68,9.15
01/03/2021,8.65,9.05,0.59 (6.97 %)," ","784,800","7,102,000,000",0,0,9.05,9.05,9.05
26/02/2021,8.09,8.46,0.55 (6.95 %)," ","1,396,100","11,811,000,000",0,0,8.46,8.46,8.46
25/02/2021,7.56,7.91,0.51 (6.89 %)," ","1,074,200","8,417,000,000",0,0,7.65,7.91,7.65
24/02/2021,7.07,7.40,-0.09 (-1.20 %)," ","392,600","2,929,000,000",0,0,7.49,7.63,7.15
23/02/2021,7.16,7.49,0.00 (0.00 %)," ","315,800","2,371,000,000",0,0,7.41,7.58,7.41
22/02/2021,7.16,7.49,0.23 (3.17 %)," ","615,500","4,597,000,000",0,0,7.27,7.55,7.27
19/02/2021,6.94,7.26,0.06 (0.83 %)," ","377,000","2,736,000,000",0,0,7.30,7.35,7.15
18/02/2021,6.88,7.20,0.02 (0.28 %)," ","192,600","1,386,000,000",0,0,7.17,7.31,7.00
17/02/2021,6.86,7.18,0.28 (4.06 %)," ","316,300","2,214,000,000",0,0,6.91,7.18,6.91
09/02/2021,6.60,6.90,0.15 (2.22 %)," ","291,300","1,962,000,000",0,0,6.90,6.99,6.65
08/02/2021,6.45,6.75,-0.12 (-1.75 %)," ","307,900","2,078,000,000",0,0,6.75,6.87,6.41
05/02/2021,6.57,6.87,-0.08 (-1.15 %)," ","304,600","2,092,000,000",0,0,6.85,6.95,6.82
04/02/2021,6.64,6.95,-0.05 (-0.71 %)," ","277,900","1,908,000,000",0,0,7.10,7.19,6.60
03/02/2021,6.69,7.00,0.30 (4.48 %)," ","346,100","2,345,000,000",0,0,6.70,7.00,6.70
02/02/2021,6.40,6.70,0.00 (0.00 %)," ","245,300","1,645,000,000",0,0,6.32,6.85,6.32
01/02/2021,6.40,6.70,-0.50 (-6.94 %)," ","766,200","5,211,000,000",0,0,7.35,7.35,6.70
29/01/2021,6.88,7.20,0.03 (0.42 %)," ","521,900","3,562,000,000",0,0,6.68,7.38,6.67
28/01/2021,6.85,7.17,-0.53 (-6.88 %)," ","355,500","2,550,000,000","7,018,549","50,322,996,330",7.17,7.28,7.17
27/01/2021,7.36,7.70,-0.06 (-0.77 %)," ","508,100","3,848,000,000",0,0,7.61,7.90,7.22
26/01/2021,7.42,7.76,-0.24 (-3.00 %)," ","393,000","3,056,000,000",0,0,8.00,8.00,7.55
25/01/2021,7.65,8.00,0.25 (3.23 %)," ","507,700","4,046,000,000",0,0,7.75,8.15,7.75
22/01/2021,7.41,7.75,-0.25 (-3.13 %)," ","515,300","4,074,000,000",0,0,8.00,8.00,7.75
21/01/2021,7.65,8.00,0.12 (1.52 %)," ","472,000","3,744,000,000",0,0,7.88,8.20,7.50
20/01/2021,7.53,7.88,0.14 (1.81 %)," ","282,700","2,143,000,000",0,0,7.99,7.99,7.21
19/01/2021,7.40,7.74,-0.58 (-6.97 %)," ","669,700","5,424,000,000",0,0,8.35,8.38,7.74
18/01/2021,7.95,8.32,0.25 (3.10 %)," ","1,021,500","8,391,000,000",0,0,8.09,8.37,8.00
15/01/2021,7.71,8.07,-0.10 (-1.22 %)," ","787,800","6,359,000,000",0,0,8.10,8.16,7.91
14/01/2021,7.81,8.17,-0.07 (-0.85 %)," ","466,900","3,809,000,000",0,0,8.24,8.26,8.10
13/01/2021,7.88,8.24,-0.01 (-0.12 %)," ","768,700","6,394,000,000",0,0,8.35,8.41,8.20
12/01/2021,7.89,8.25,0.37 (4.70 %)," ","1,460,300","11,831,000,000",0,0,7.93,8.28,7.87
11/01/2021,7.53,7.88,-0.03 (-0.38 %)," ","432,800","3,392,000,000",0,0,7.91,7.95,7.70
08/01/2021,7.56,7.91,0.27 (3.53 %)," ","780,800","6,131,000,000",0,0,7.70,7.99,7.70
07/01/2021,7.30,7.64,-0.11 (-1.42 %)," ","858,300","6,602,000,000",0,0,7.76,7.80,7.62
06/01/2021,7.41,7.75,-0.13 (-1.65 %)," ","468,300","3,638,000,000",0,0,7.80,7.89,7.74
05/01/2021,7.53,7.88,-0.09 (-1.13 %)," ","243,500","1,920,000,000",0,0,7.60,7.97,7.60
04/01/2021,7.62,7.97,0.37 (4.87 %)," ","692,000","5,465,000,000",0,0,7.60,8.00,7.60
31/12/2020,7.26,7.60,-0.02 (-0.26 %)," ","535,910","4,087,000,000",0,0,7.79,7.80,7.55
30/12/2020,7.28,7.62,-0.12 (-1.55 %)," ","649,430","5,003,000,000",0,0,7.62,7.74,7.62
29/12/2020,7.40,7.74,-0.11 (-1.40 %)," ","608,970","4,718,000,000",0,0,7.85,7.85,7.71
28/12/2020,7.50,7.85,-0.15 (-1.88 %)," ","471,210","3,736,000,000",0,0,8.00,8.20,7.74
25/12/2020,7.65,8.00,0.19 (2.43 %)," ","458,390","3,591,000,000",0,0,7.70,8.00,7.59
24/12/2020,7.46,7.81,-0.19 (-2.38 %)," ","630,820","4,855,000,000",0,0,7.80,7.99,7.52
23/12/2020,7.65,8.00,0.27 (3.49 %)," ","737,310","5,875,000,000",0,0,7.60,8.20,7.60
22/12/2020,7.39,7.73,0.36 (4.88 %)," ","878,320","6,652,000,000",0,0,7.37,7.78,7.30
21/12/2020,7.04,7.37,0.00 (0.00 %)," ","764,770","5,630,000,000",0,0,7.31,7.48,7.30
18/12/2020,7.04,7.37,0.16 (2.22 %)," ","593,430","4,298,000,000",0,0,7.15,7.37,7.15
17/12/2020,6.89,7.21,-0.18 (-2.44 %)," ","973,260","7,058,000,000",0,0,7.30,7.39,7.15
16/12/2020,7.06,7.39,0.30 (4.23 %)," ","1,668,530","12,342,000,000",0,0,7.55,7.55,7.10
15/12/2020,6.78,7.09,0.46 (6.94 %)," ","485,290","3,441,000,000",0,0,7.09,7.09,7.09
14/12/2020,6.34,6.63,0.43 (6.94 %)," ","437,040","2,898,000,000",0,0,6.63,6.63,6.63
11/12/2020,5.93,6.20,0.01 (0.16 %)," ","703,750","4,295,000,000",0,0,6.26,6.27,5.92
10/12/2020,5.92,6.19,-0.13 (-2.06 %)," ","860,880","5,337,000,000",0,0,6.30,6.30,6.10
09/12/2020,6.04,6.32,-0.16 (-2.47 %)," ","540,110","3,440,000,000",0,0,6.46,6.47,6.32
08/12/2020,6.19,6.48,-0.01 (-0.15 %)," ","1,022,820","6,691,000,000",0,0,6.60,6.65,6.46
07/12/2020,6.20,6.49,0.34 (5.53 %)," ","1,404,500","8,848,000,000",0,0,6.49,6.52,6.05
04/12/2020,5.88,6.15,0.23 (3.89 %)," ","828,360","4,996,000,000",0,0,5.98,6.20,5.90
03/12/2020,5.66,5.92,0.14 (2.42 %)," ","383,610","2,270,000,000",0,0,5.78,5.99,5.78
02/12/2020,5.52,5.78,-0.11 (-1.87 %)," ","454,520","2,649,000,000",0,0,5.87,5.90,5.78
01/12/2020,5.63,5.89,-0.04 (-0.67 %)," ","386,760","2,247,000,000",0,0,5.70,5.89,5.60
30/11/2020,5.67,5.93,-0.02 (-0.34 %)," ","402,160","2,385,000,000",0,0,5.90,6.01,5.90
27/11/2020,5.69,5.95,-0.17 (-2.78 %)," ","750,790","4,587,000,000",0,0,6.20,6.25,5.95
26/11/2020,5.85,6.12,0.11 (1.83 %)," ","859,210","5,123,000,000",0,0,6.01,6.12,5.80
25/11/2020,5.74,6.01,-0.11 (-1.80 %)," ","1,047,120","6,286,000,000",0,0,6.01,6.11,5.90
24/11/2020,5.85,6.12,0.01 (0.16 %)," ","415,910","2,544,000,000",0,0,6.19,6.19,6.01
23/11/2020,5.84,6.11,0.11 (1.83 %)," ","886,250","5,315,000,000",0,0,5.70,6.20,5.70
20/11/2020,5.73,6.00,0.16 (2.74 %)," ","2,643,770","15,983,000,000",0,0,6.24,6.24,5.65
19/11/2020,5.58,5.84,0.38 (6.96 %)," ","152,440","890,000,000",0,0,5.84,5.84,5.84
18/11/2020,5.22,5.46,0.35 (6.85 %)," ","536,910","2,932,000,000",0,0,5.46,5.46,5.46
17/11/2020,4.88,5.11,0.33 (6.90 %)," ","858,700","4,336,000,000",0,0,4.80,5.11,4.80
16/11/2020,4.57,4.78,0.13 (2.80 %)," ","832,200","3,911,000,000",0,0,4.65,4.89,4.45
13/11/2020,4.44,4.65,0.00 (0.00 %)," ","375,580","1,772,000,000",0,0,4.84,4.84,4.60
12/11/2020,4.44,4.65,0.30 (6.90 %)," ","906,030","4,203,000,000",0,0,4.45,4.65,4.45
11/11/2020,4.16,4.35,0.28 (6.88 %)," ","740,690","3,183,000,000",0,0,4.06,4.35,4.06
10/11/2020,3.89,4.07,0.00 (0.00 %)," ","212,470","864,000,000",0,0,4.10,4.10,4.06
09/11/2020,3.89,4.07,0.02 (0.49 %)," ","116,420","472,000,000",0,0,4.10,4.10,4.04
06/11/2020,3.87,4.05,-0.04 (-0.98 %)," ","77,440","315,000,000",0,0,4.11,4.11,4.04
05/11/2020,3.91,4.09,-0.01 (-0.24 %)," ","89,020","363,000,000",0,0,4.10,4.11,4.05
04/11/2020,3.92,4.10,0.00 (0.00 %)," ","172,570","704,000,000",0,0,4.15,4.15,4.03
03/11/2020,3.92,4.10,0.00 (0.00 %)," ","125,460","511,000,000",0,0,4.08,4.15,4.02
02/11/2020,3.92,4.10,0.00 (0.00 %)," ","174,180","712,000,000",0,0,4.20,4.20,4.04
30/10/2020,3.92,4.10,-0.02 (-0.49 %)," ","243,910","981,000,000",0,0,4.12,4.12,3.96
29/10/2020,3.94,4.12,0.00 (0.00 %)," ","72,260","292,000,000",0,0,3.87,4.12,3.87
28/10/2020,3.94,4.12,-0.14 (-3.29 %)," ","412,900","1,722,000,000",0,0,4.26,4.27,3.99
27/10/2020,4.07,4.26,0.20 (4.93 %)," ","1,067,320","4,571,000,000",0,0,4.06,4.33,4.06
26/10/2020,3.88,4.06,0.00 (0.00 %)," ","265,670","1,081,000,000",0,0,4.06,4.10,4.05
23/10/2020,3.88,4.06,0.06 (1.50 %)," ","347,750","1,407,000,000",0,0,4.00,4.11,4.00
22/10/2020,3.82,4.00,-0.03 (-0.74 %)," ","66,030","264,000,000",0,0,4.00,4.04,3.99
21/10/2020,3.85,4.03,-0.02 (-0.49 %)," ","68,600","277,000,000",0,0,4.10,4.10,4.03
20/10/2020,3.87,4.05,0.01 (0.25 %)," ","186,640","749,000,000",0,0,4.03,4.20,3.99
19/10/2020,3.86,4.04,0.01 (0.25 %)," ","45,390","185,000,000",0,0,4.11,4.20,4.04
16/10/2020,3.85,4.03,0.08 (2.03 %)," ","136,450","545,000,000",0,0,3.94,4.09,3.94
15/10/2020,3.78,3.95,-0.16 (-3.89 %)," ","311,090","1,235,000,000",0,0,3.95,4.11,3.95
14/10/2020,3.93,4.11,0.00 (0.00 %)," ","124,730","520,000,000",0,0,4.10,4.27,4.10
13/10/2020,3.93,4.11,-0.19 (-4.42 %)," ","59,010","246,000,000",0,0,4.30,4.30,4.10
12/10/2020,4.11,4.30,0.17 (4.12 %)," ","356,380","1,551,000,000","7,228,832","28,192,444,800",4.41,4.41,4.30
09/10/2020,3.95,4.13,0.27 (6.99 %)," ","342,260","1,385,000,000","576,107","2,252,578,370",3.92,4.13,3.90
08/10/2020,3.69,3.86,-0.04 (-1.03 %)," ","92,790","361,000,000","454,800","1,778,268,000",3.90,3.92,3.86
07/10/2020,3.73,3.90,0.00 (0.00 %)," ","122,300","477,000,000","1,395,200","5,455,232,000",3.90,3.93,3.89
06/10/2020,3.73,3.90,-0.02 (-0.51 %)," ","100,190","392,000,000",0,0,3.95,3.95,3.90
05/10/2020,3.75,3.92,0.07 (1.82 %)," ","132,890","520,000,000",0,0,3.85,3.95,3.85
02/10/2020,3.68,3.85,-0.06 (-1.53 %)," ","227,610","885,000,000",0,0,4.00,4.00,3.85
01/10/2020,3.74,3.91,0.03 (0.77 %)," ","78,720","308,000,000",0,0,3.88,4.00,3.88
30/09/2020,3.71,3.88,0.00 (0.00 %)," ","61,820","240,000,000",0,0,3.88,3.90,3.87
29/09/2020,3.71,3.88,0.00 (0.00 %)," ","167,660","654,000,000",0,0,3.92,3.95,3.88
28/09/2020,3.71,3.88,0.06 (1.57 %)," ","214,420","836,000,000",0,0,3.88,3.95,3.87
25/09/2020,3.65,3.82,0.00 (0.00 %)," ","77,620","297,000,000",0,0,3.82,3.91,3.82
24/09/2020,3.65,3.82,-0.01 (-0.26 %)," ","235,960","905,000,000",0,0,3.88,3.90,3.82
23/09/2020,3.66,3.83,0.00 (0.00 %)," ","205,290","791,000,000",0,0,3.85,3.90,3.83
22/09/2020,3.66,3.83,-0.03 (-0.78 %)," ","124,350","478,000,000",0,0,3.89,3.89,3.83
21/09/2020,3.69,3.86,0.00 (0.00 %)," ","139,720","541,000,000",0,0,3.92,3.92,3.83
18/09/2020,3.69,3.86,0.01 (0.26 %)," ","94,410","365,000,000",0,0,3.85,3.90,3.80
17/09/2020,3.68,3.85,-0.03 (-0.77 %)," ","295,320","1,149,000,000",0,0,3.90,3.94,3.85
16/09/2020,3.71,3.88,0.03 (0.78 %)," ","257,370","1,002,000,000",0,0,3.85,3.95,3.80
15/09/2020,3.68,3.85,0.00 (0.00 %)," ","261,030","1,014,000,000",0,0,3.94,3.95,3.85
14/09/2020,3.68,3.85,0.25 (6.94 %)," ","571,980","2,174,000,000",0,0,3.63,3.85,3.60
11/09/2020,3.44,3.60,0.00 (0.00 %)," ","36,010","130,000,000",0,0,3.59,3.64,3.59
10/09/2020,3.44,3.60,0.00 (0.00 %)," ","154,730","559,000,000",0,0,3.66,3.66,3.60
09/09/2020,3.44,3.60,0.05 (1.41 %)," ","182,190","652,000,000",0,0,3.53,3.62,3.53
08/09/2020,3.39,3.55,-0.01 (-0.28 %)," ","20,770","74,000,000",0,0,3.56,3.60,3.55
07/09/2020,3.40,3.56,-0.02 (-0.56 %)," ","89,300","319,000,000",0,0,3.60,3.60,3.56
04/09/2020,3.42,3.58,0.00 (0.00 %)," ","185,250","659,000,000",0,0,3.57,3.62,3.53
03/09/2020,3.42,3.58,0.00 (0.00 %)," ","71,580","258,000,000",0,0,3.58,3.63,3.58
01/09/2020,3.42,3.58,0.01 (0.28 %)," ","96,120","345,000,000",0,0,3.57,3.64,3.56
31/08/2020,3.41,3.57,-0.01 (-0.28 %)," ","187,630","671,000,000",0,0,3.64,3.64,3.56
28/08/2020,3.42,3.58,0.01 (0.28 %)," ","83,310","300,000,000",0,0,3.65,3.65,3.57
27/08/2020,3.41,3.57,0.07 (2.00 %)," ","394,290","1,415,000,000",0,0,3.50,3.62,3.50
26/08/2020,3.35,3.50,0.05 (1.45 %)," ","144,660","505,000,000",0,0,3.44,3.52,3.43
25/08/2020,3.30,3.45,0.03 (0.88 %)," ","83,640","287,000,000",0,0,3.43,3.48,3.42
24/08/2020,3.27,3.42,-0.10 (-2.84 %)," ","235,280","814,000,000",0,0,3.50,3.55,3.41
21/08/2020,3.36,3.52,0.14 (4.14 %)," ","254,160","886,000,000",0,0,3.44,3.56,3.41
20/08/2020,3.23,3.38,0.07 (2.11 %)," ","380,510","1,296,000,000",0,0,3.36,3.43,3.36
19/08/2020,3.16,3.31,0.01 (0.30 %)," ","53,400","180,000,000",0,0,3.40,3.40,3.30
18/08/2020,3.15,3.30,0.02 (0.61 %)," ","57,580","190,000,000",0,0,3.30,3.38,3.30
17/08/2020,3.14,3.28,-0.01 (-0.30 %)," ","180,080","591,000,000",0,0,3.28,3.32,3.27
14/08/2020,3.14,3.29,-0.01 (-0.30 %)," ","354,320","1,172,000,000",0,0,3.40,3.40,3.20
13/08/2020,3.15,3.30,0.00 (0.00 %)," ","63,630","213,000,000",0,0,3.40,3.43,3.29
12/08/2020,3.15,3.30,-0.02 (-0.60 %)," ","203,600","686,000,000",0,0,3.38,3.47,3.30
11/08/2020,3.17,3.32,0.00 (0.00 %)," ","38,890","129,000,000",0,0,3.31,3.39,3.31
10/08/2020,3.17,3.32,0.17 (5.40 %)," ","218,780","724,000,000",0,0,3.20,3.37,3.20
07/08/2020,3.01,3.15,-0.09 (-2.78 %)," ","36,420","117,000,000",0,0,3.21,3.25,3.15
06/08/2020,3.10,3.24,0.04 (1.25 %)," ","127,580","409,000,000",0,0,3.20,3.24,3.20
05/08/2020,3.06,3.20,0.08 (2.56 %)," ","95,430","306,000,000",0,0,3.18,3.30,3.10
04/08/2020,2.98,3.12,0.05 (1.63 %)," ","228,940","713,000,000","366,503","1,117,834,150",3.14,3.15,3.10
03/08/2020,2.93,3.07,0.08 (2.68 %)," ","152,900","459,000,000",0,0,2.86,3.18,2.86
31/07/2020,2.86,2.99,0.00 (0.00 %)," ","161,930","491,000,000",0,0,2.95,3.17,2.95
30/07/2020,2.86,2.99,-0.05 (-1.64 %)," ","190,040","571,000,000",0,0,3.00,3.10,2.98
29/07/2020,2.91,3.04,0.02 (0.66 %)," ","70,410","211,000,000",0,0,3.18,3.18,2.99
28/07/2020,2.89,3.02,0.01 (0.33 %)," ","55,690","169,000,000",0,0,3.01,3.10,2.99
27/07/2020,2.88,3.01,-0.22 (-6.81 %)," ","305,410","931,000,000",0,0,3.19,3.19,3.01
24/07/2020,3.09,3.23,-0.15 (-4.44 %)," ","280,490","917,000,000",0,0,3.34,3.40,3.21
23/07/2020,3.23,3.38,0.00 (0.00 %)," ","144,270","487,000,000",0,0,3.38,3.39,3.36
22/07/2020,3.23,3.38,0.00 (0.00 %)," ","114,300","388,000,000",0,0,3.38,3.41,3.38
21/07/2020,3.23,3.38,-0.03 (-0.88 %)," ","121,210","410,000,000",0,0,3.44,3.44,3.37
20/07/2020,3.26,3.41,0.01 (0.29 %)," ","140,830","477,000,000",0,0,3.41,3.48,3.36
17/07/2020,3.25,3.40,0.00 (0.00 %)," ","137,200","469,000,000",0,0,3.51,3.51,3.40
16/07/2020,3.25,3.40,-0.09 (-2.58 %)," ","257,700","880,000,000",0,0,3.49,3.50,3.39
15/07/2020,3.34,3.49,-0.09 (-2.51 %)," ","131,870","466,000,000",0,0,3.55,3.67,3.49
14/07/2020,3.42,3.58,-0.01 (-0.28 %)," ","437,800","1,561,000,000",0,0,3.59,3.59,3.53
13/07/2020,3.43,3.59,0.18 (5.28 %)," ","632,760","2,178,000,000",0,0,3.45,3.60,3.41
10/07/2020,3.26,3.41,0.01 (0.29 %)," ","477,460","1,628,000,000",0,0,3.43,3.44,3.40
09/07/2020,3.25,3.40,0.07 (2.10 %)," ","630,030","2,142,000,000",0,0,3.35,3.47,3.35
08/07/2020,3.18,3.33,-0.02 (-0.60 %)," ","39,950","134,000,000",0,0,3.38,3.40,3.31
07/07/2020,3.20,3.35,-0.06 (-1.76 %)," ","163,390","552,000,000",0,0,3.45,3.45,3.35
06/07/2020,3.26,3.41,0.01 (0.29 %)," ","22,980","78,000,000",0,0,3.40,3.49,3.40
03/07/2020,3.25,3.40,0.04 (1.19 %)," ","43,500","147,000,000",0,0,3.35,3.40,3.35
02/07/2020,3.21,3.36,-0.01 (-0.30 %)," ","22,560","76,000,000",0,0,3.30,3.50,3.30
01/07/2020,3.22,3.37,0.02 (0.60 %)," ","66,710","225,000,000",0,0,3.35,3.47,3.32
30/06/2020,3.20,3.35,-0.05 (-1.47 %)," ","33,720","113,000,000",0,0,3.60,3.60,3.35
29/06/2020,3.25,3.40,-0.08 (-2.30 %)," ","76,960","257,000,000",0,0,3.48,3.48,3.28
26/06/2020,3.33,3.48,-0.02 (-0.57 %)," ","36,880","127,000,000",0,0,3.50,3.59,3.41
25/06/2020,3.35,3.50,-0.07 (-1.96 %)," ","158,010","534,000,000",0,0,3.50,3.57,3.33
24/06/2020,3.41,3.57,0.00 (0.00 %)," ","207,240","742,000,000",0,0,3.60,3.68,3.50
23/06/2020,3.41,3.57,0.00 (0.00 %)," ","68,020","243,000,000",0,0,3.58,3.64,3.55
22/06/2020,3.41,3.57,0.12 (3.48 %)," ","212,800","758,000,000",0,0,3.45,3.65,3.45
19/06/2020,3.30,3.45,0.12 (3.60 %)," ","64,740","221,000,000",0,0,3.38,3.49,3.35
18/06/2020,3.18,3.33,-0.18 (-5.13 %)," ","134,720","455,000,000",0,0,3.45,3.51,3.33
17/06/2020,3.35,3.51,-0.07 (-1.96 %)," ","20,270","72,000,000",0,0,3.58,3.58,3.51
16/06/2020,3.42,3.58,0.22 (6.55 %)," ","537,920","1,844,000,000",0,0,3.36,3.58,3.33
15/06/2020,3.21,3.36,-0.24 (-6.67 %)," ","407,110","1,399,000,000",0,0,3.60,3.60,3.35
12/06/2020,3.44,3.60,-0.08 (-2.17 %)," ","225,890","796,000,000",0,0,3.52,3.65,3.43
11/06/2020,3.52,3.68,-0.21 (-5.40 %)," ","383,000","1,461,000,000",0,0,3.90,3.93,3.68
10/06/2020,3.72,3.89,0.00 (0.00 %)," ","332,480","1,251,000,000",0,0,3.90,3.94,3.66
09/06/2020,3.72,3.89,-0.11 (-2.75 %)," ","287,770","1,132,000,000",0,0,4.00,4.04,3.89
08/06/2020,3.82,4.00,0.19 (4.99 %)," ","365,690","1,458,000,000",0,0,3.81,4.06,3.81
05/06/2020,3.64,3.81,0.19 (5.25 %)," ","567,740","2,137,000,000",0,0,3.68,3.86,3.60
04/06/2020,3.46,3.62,0.22 (6.47 %)," ","812,020","2,873,000,000",0,0,3.50,3.63,3.40
03/06/2020,3.25,3.40,-0.05 (-1.45 %)," ","71,260","244,000,000",0,0,3.36,3.45,3.36
02/06/2020,3.30,3.45,-0.05 (-1.43 %)," ","399,300","1,397,000,000",0,0,3.55,3.56,3.45
01/06/2020,3.35,3.50,0.17 (5.11 %)," ","887,850","3,085,000,000",0,0,3.38,3.56,3.31
29/05/2020,3.18,3.33,0.00 (0.00 %)," ","186,940","616,000,000",0,0,3.33,3.34,3.25
28/05/2020,3.18,3.33,0.03 (0.91 %)," ","130,140","426,000,000",0,0,3.30,3.34,3.26
27/05/2020,3.15,3.30,0.06 (1.85 %)," ","169,360","564,000,000",0,0,3.25,3.45,3.25
26/05/2020,3.10,3.24,0.01 (0.31 %)," ","244,870","795,000,000",0,0,3.23,3.32,3.23
25/05/2020,3.09,3.23,0.00 (0.00 %)," ","185,220","595,000,000",0,0,3.23,3.24,3.17
22/05/2020,3.09,3.23,-0.04 (-1.22 %)," ","177,540","577,000,000",0,0,3.28,3.28,3.20
21/05/2020,3.13,3.27,0.05 (1.55 %)," ","280,530","915,000,000",0,0,3.28,3.30,3.16
20/05/2020,3.08,3.22,-0.08 (-2.42 %)," ","120,690","389,000,000",0,0,3.30,3.30,3.18
19/05/2020,3.15,3.30,0.03 (0.92 %)," ","344,990","1,130,000,000",0,0,3.27,3.33,3.26
18/05/2020,3.13,3.27,-0.01 (-0.30 %)," ","296,450","969,000,000",0,0,3.25,3.42,3.14
15/05/2020,3.14,3.28,-0.17 (-4.93 %)," ","338,810","1,151,000,000",0,0,3.45,3.49,3.28
14/05/2020,3.30,3.45,0.22 (6.81 %)," ","1,557,770","5,357,000,000",0,0,3.30,3.45,3.24
13/05/2020,3.09,3.23,0.21 (6.95 %)," ","728,450","2,295,000,000",0,0,3.04,3.23,3.04
12/05/2020,2.89,3.02,0.05 (1.68 %)," ","420,820","1,259,000,000",0,0,3.00,3.02,2.95
11/05/2020,2.84,2.97,0.01 (0.34 %)," ","45,330","135,000,000",0,0,2.97,3.00,2.93
08/05/2020,2.83,2.96,0.06 (2.07 %)," ","796,570","2,355,000,000",0,0,2.90,2.99,2.90
07/05/2020,2.77,2.90,0.00 (0.00 %)," ","267,480","776,000,000",0,0,2.90,2.94,2.89
06/05/2020,2.77,2.90,-0.04 (-1.36 %)," ","404,990","1,175,000,000",0,0,2.97,2.97,2.89
05/05/2020,2.81,2.94,0.03 (1.03 %)," ","65,670","191,000,000",0,0,2.98,3.00,2.88
04/05/2020,2.78,2.91,-0.04 (-1.36 %)," ","195,090","572,000,000",0,0,3.00,3.00,2.90
29/04/2020,2.82,2.95,-0.06 (-1.99 %)," ","372,800","1,102,000,000",0,0,2.95,3.01,2.90
28/04/2020,2.88,3.01,0.02 (0.67 %)," ","82,930","248,000,000",0,0,3.04,3.04,2.98
27/04/2020,2.86,2.99,0.05 (1.70 %)," ","118,360","354,000,000",0,0,2.97,3.03,2.95
24/04/2020,2.81,2.94,0.01 (0.34 %)," ","124,070","364,000,000",0,0,2.93,2.96,2.86
23/04/2020,2.80,2.93,0.00 (0.00 %)," ","108,760","314,000,000",0,0,2.80,2.98,2.80
22/04/2020,2.80,2.93,0.05 (1.74 %)," ","219,050","613,000,000",0,0,2.68,2.93,2.68
21/04/2020,2.75,2.88,-0.17 (-5.57 %)," ","322,020","955,000,000",0,0,3.05,3.05,2.88
20/04/2020,2.92,3.05,0.17 (5.90 %)," ","358,600","1,079,000,000",0,0,2.98,3.05,2.95
17/04/2020,2.75,2.88,0.18 (6.67 %)," ","629,030","1,807,000,000",0,0,2.88,2.88,2.81
16/04/2020,2.58,2.70,0.17 (6.72 %)," ","527,620","1,418,000,000",0,0,2.53,2.70,2.53
15/04/2020,2.42,2.53,0.03 (1.20 %)," ","309,150","753,000,000",0,0,2.46,2.59,2.39
14/04/2020,2.39,2.50,-0.04 (-1.57 %)," ","65,600","163,000,000",0,0,2.50,2.53,2.37
13/04/2020,2.43,2.54,0.04 (1.60 %)," ","10,720","27,000,000",0,0,2.50,2.55,2.46
10/04/2020,2.39,2.50,-0.03 (-1.19 %)," ","129,800","313,000,000",0,0,2.58,2.58,2.39
09/04/2020,2.42,2.53,0.04 (1.61 %)," ","115,470","290,000,000",0,0,2.54,2.54,2.46
08/04/2020,2.38,2.49,-0.04 (-1.58 %)," ","54,770","135,000,000",0,0,2.50,2.53,2.45
07/04/2020,2.42,2.53,-0.03 (-1.17 %)," ","27,090","69,000,000",0,0,2.68,2.68,2.50
06/04/2020,2.45,2.56,0.06 (2.40 %)," ","44,500","112,000,000",0,0,2.64,2.64,2.43
03/04/2020,2.39,2.50,0.08 (3.31 %)," ","129,250","312,000,000",0,0,2.50,2.50,2.40
01/04/2020,2.31,2.42,-0.13 (-5.10 %)," ","116,610","285,000,000",0,0,2.49,2.54,2.39
31/03/2020,2.44,2.55,-0.04 (-1.54 %)," ","63,420","158,000,000",0,0,2.50,2.59,2.47
30/03/2020,2.48,2.59,-0.06 (-2.26 %)," ","33,560","84,000,000",0,0,2.65,2.65,2.47
27/03/2020,2.53,2.65,-0.02 (-0.75 %)," ","25,100","67,000,000",0,0,2.84,2.84,2.65
26/03/2020,2.55,2.67,-0.05 (-1.84 %)," ","8,860","24,000,000",0,0,2.77,2.77,2.67
25/03/2020,2.60,2.72,0.07 (2.64 %)," ","98,060","264,000,000",0,0,2.66,2.75,2.65
24/03/2020,2.53,2.65,-0.15 (-5.36 %)," ","35,740","97,000,000",0,0,2.70,2.80,2.65
23/03/2020,2.68,2.80,-0.13 (-4.44 %)," ","171,240","469,000,000",0,0,2.93,2.93,2.73
20/03/2020,2.80,2.93,0.00 (0.00 %)," ","8,670","25,000,000",0,0,2.93,2.93,2.93
19/03/2020,2.80,2.93,-0.06 (-2.01 %)," ","198,920","561,000,000",0,0,2.99,2.99,2.80
18/03/2020,2.86,2.99,0.00 (0.00 %)," ","27,880","83,000,000",0,0,2.96,3.09,2.96
17/03/2020,2.86,2.99,0.00 (0.00 %)," ","36,210","105,000,000",0,0,2.99,2.99,2.80
16/03/2020,2.86,2.99,-0.11 (-3.55 %)," ","142,820","423,000,000",0,0,3.10,3.10,2.89
13/03/2020,2.96,3.10,0.17 (5.80 %)," ","102,540","298,000,000",0,0,2.74,3.10,2.74
12/03/2020,2.80,2.93,-0.12 (-3.93 %)," ","479,200","1,365,000,000",0,0,2.84,2.98,2.84
11/03/2020,2.92,3.05,-0.07 (-2.24 %)," ","144,410","438,000,000",0,0,3.19,3.19,3.00
10/03/2020,2.98,3.12,0.10 (3.31 %)," ","29,130","90,000,000",0,0,2.90,3.19,2.90
09/03/2020,2.89,3.02,-0.22 (-6.79 %)," ","446,540","1,356,000,000","727,000","2,195,540,000",3.18,3.18,3.02
06/03/2020,3.10,3.24,-0.03 (-0.92 %)," ","21,510","69,000,000",0,0,3.19,3.25,3.19
05/03/2020,3.13,3.27,0.07 (2.19 %)," ","6,160","20,000,000",0,0,3.25,3.29,3.23
04/03/2020,3.06,3.20,0.00 (0.00 %)," ","76,880","246,000,000",0,0,3.21,3.25,3.17
03/03/2020,3.06,3.20,0.03 (0.95 %)," ","55,890","178,000,000",0,0,3.17,3.20,3.17
02/03/2020,3.03,3.17,0.00 (0.00 %)," ","60,800","192,000,000",0,0,3.16,3.17,3.15
28/02/2020,3.03,3.17,-0.01 (-0.31 %)," ","14,260","45,000,000",0,0,3.15,3.17,3.15
27/02/2020,3.04,3.18,-0.07 (-2.15 %)," ","240,090","765,000,000",0,0,3.23,3.23,3.15
26/02/2020,3.11,3.25,0.05 (1.56 %)," ","48,470","156,000,000",0,0,3.25,3.25,3.20
25/02/2020,3.06,3.20,-0.16 (-4.76 %)," ","244,300","789,000,000",0,0,3.36,3.36,3.20
24/02/2020,3.21,3.36,-0.03 (-0.88 %)," ","37,780","127,000,000",0,0,3.50,3.50,3.35
21/02/2020,3.24,3.39,-0.09 (-2.59 %)," ","5,900","20,000,000",0,0,3.40,3.41,3.39
20/02/2020,3.33,3.48,0.03 (0.87 %)," ","173,710","592,000,000",0,0,3.40,3.48,3.22
19/02/2020,3.30,3.45,-0.01 (-0.29 %)," ","17,720","61,000,000",0,0,3.49,3.49,3.41
18/02/2020,3.31,3.46,0.05 (1.47 %)," ","93,320","322,000,000",0,0,3.41,3.52,3.41
17/02/2020,3.26,3.41,0.00 (0.00 %)," ","90,210","307,000,000",0,0,3.40,3.41,3.39
14/02/2020,3.26,3.41,0.01 (0.29 %)," ","86,610","293,000,000",0,0,3.40,3.41,3.33
13/02/2020,3.25,3.40,-0.03 (-0.87 %)," ","99,990","340,000,000",0,0,3.41,3.41,3.40
12/02/2020,3.28,3.43,0.02 (0.59 %)," ","85,830","293,000,000",0,0,3.41,3.44,3.40
11/02/2020,3.26,3.41,-0.03 (-0.87 %)," ","76,490","262,000,000",0,0,3.39,3.49,3.39
10/02/2020,3.29,3.44,-0.02 (-0.58 %)," ","25,530","87,000,000",0,0,3.46,3.46,3.39
07/02/2020,3.31,3.46,0.00 (0.00 %)," ","77,900","267,000,000",0,0,3.49,3.50,3.35
06/02/2020,3.31,3.46,0.00 (0.00 %)," ","218,500","738,000,000",0,0,3.46,3.50,3.28
05/02/2020,3.31,3.46,-0.04 (-1.14 %)," ","117,010","409,000,000",0,0,3.52,3.56,3.46
04/02/2020,3.35,3.50,0.00 (0.00 %)," ","66,090","229,000,000",0,0,3.50,3.54,3.40
03/02/2020,3.35,3.50,-0.12 (-3.31 %)," ","174,130","610,000,000",0,0,3.50,3.61,3.38
31/01/2020,3.46,3.62,-0.15 (-3.98 %)," ","328,960","1,224,000,000",0,0,3.77,3.77,3.62
30/01/2020,3.60,3.77,-0.28 (-6.91 %)," ","510,650","1,927,000,000",0,0,3.77,3.99,3.77
22/01/2020,3.87,4.05,0.01 (0.25 %)," ","30,210","121,000,000",0,0,3.99,4.05,3.99
21/01/2020,3.86,4.04,0.02 (0.50 %)," ","149,990","600,000,000",0,0,4.05,4.05,3.99
20/01/2020,3.84,4.02,0.02 (0.50 %)," ","171,550","688,000,000",0,0,4.05,4.05,3.95
17/01/2020,3.82,4.00,-0.06 (-1.48 %)," ","144,090","574,000,000",0,0,4.08,4.09,3.94
16/01/2020,3.88,4.06,0.06 (1.50 %)," ","225,340","908,000,000",0,0,4.00,4.20,4.00
15/01/2020,3.82,4.00,-0.03 (-0.74 %)," ","23,410","95,000,000",0,0,4.03,4.08,3.97
14/01/2020,3.85,4.03,-0.01 (-0.25 %)," ","55,880","223,000,000","100,000","430,000,000",4.10,4.10,3.98
13/01/2020,3.86,4.04,-0.11 (-2.65 %)," ","103,260","410,000,000","154,000","624,800,000",4.15,4.15,3.90
10/01/2020,3.97,4.15,0.10 (2.47 %)," ","41,580","165,000,000","186,890","747,560,000",4.27,4.27,3.91
09/01/2020,3.87,4.05,-0.28 (-6.47 %)," ","299,070","1,200,000,000",0,0,4.07,4.07,3.95
08/01/2020,3.66,4.33,-0.17 (-3.78 %)," ","545,080","2,481,000,000","134,000","605,680,000",4.50,4.70,4.33
07/01/2020,3.80,4.50,-0.02 (-0.44 %)," ","43,960","196,000,000","186,890","844,742,800",4.52,4.60,4.44
06/01/2020,3.82,4.52,0.10 (2.26 %)," ","113,440","508,000,000",0,0,4.45,4.59,4.42
03/01/2020,3.74,4.42,-0.04 (-0.90 %)," ","133,760","596,000,000",0,0,4.41,4.49,4.41
02/01/2020,3.77,4.46,-0.03 (-0.67 %)," ","123,310","552,000,000",0,0,4.31,4.50,4.31
31/12/2019,3.80,4.49,0.00 (0.00 %)," ","180,460","810,000,000",0,0,4.70,4.70,4.47
30/12/2019,3.80,4.49,-0.01 (-0.22 %)," ","203,400","916,000,000",0,0,4.48,4.79,4.48
27/12/2019,3.80,4.50,-0.03 (-0.66 %)," ","223,010","1,005,000,000",0,0,4.49,4.53,4.49
26/12/2019,3.83,4.53,-0.01 (-0.22 %)," ","217,750","980,000,000",0,0,4.50,4.54,4.43
25/12/2019,3.84,4.54,-0.06 (-1.30 %)," ","291,190","1,310,000,000",0,0,4.64,4.64,4.48
24/12/2019,3.89,4.60,-0.07 (-1.50 %)," ","228,880","1,041,000,000",0,0,4.70,4.70,4.47
23/12/2019,3.95,4.67,0.19 (4.24 %)," ","435,010","2,042,000,000",0,0,4.50,4.78,4.50
20/12/2019,3.79,4.48,0.29 (6.92 %)," ","479,750","2,115,000,000",0,0,4.20,4.48,4.20
19/12/2019,3.54,4.19,0.04 (0.96 %)," ","103,360","437,000,000",0,0,4.33,4.33,4.16
18/12/2019,3.51,4.15,-0.05 (-1.19 %)," ","299,870","1,249,000,000",0,0,4.25,4.25,4.15
17/12/2019,3.55,4.20,0.00 (0.00 %)," ","112,250","465,000,000",0,0,4.18,4.28,4.10
16/12/2019,3.55,4.20,-0.09 (-2.10 %)," ","35,590","152,000,000",0,0,4.29,4.35,4.15
13/12/2019,3.63,4.29,0.03 (0.70 %)," ","54,770","230,000,000",0,0,4.26,4.29,4.18
12/12/2019,3.60,4.26,0.02 (0.47 %)," ","66,750","278,000,000",0,0,4.28,4.28,4.15
11/12/2019,3.58,4.24,-0.05 (-1.17 %)," ","79,870","333,000,000",0,0,4.29,4.30,4.15
10/12/2019,3.63,4.29,-0.01 (-0.23 %)," ","10,390","43,000,000",0,0,4.33,4.33,4.07
09/12/2019,3.64,4.30,-0.04 (-0.92 %)," ","19,740","85,000,000",0,0,4.34,4.34,4.29
06/12/2019,3.67,4.34,0.06 (1.40 %)," ","34,090","145,000,000",0,0,4.20,4.40,4.15
05/12/2019,3.62,4.28,-0.02 (-0.47 %)," ","15,070","64,000,000",0,0,4.29,4.29,4.14
04/12/2019,3.64,4.30,0.00 (0.00 %)," ","18,670","78,000,000",0,0,4.30,4.30,4.06
03/12/2019,3.64,4.30,0.02 (0.47 %)," ","11,150","47,000,000",0,0,4.28,4.32,4.21
02/12/2019,3.62,4.28,-0.02 (-0.47 %)," ","49,500","209,000,000",0,0,4.07,4.30,4.07
29/11/2019,3.64,4.30,0.00 (0.00 %)," ","6,350","27,000,000",0,0,4.49,4.49,4.29
28/11/2019,3.64,4.30,-0.15 (-3.37 %)," ","45,000","194,000,000",0,0,4.45,4.45,4.15
27/11/2019,3.76,4.45,0.00 (0.00 %)," ","9,040","40,000,000",0,0,4.50,4.50,4.35
26/11/2019,3.76,4.45,0.13 (3.01 %)," ","21,280","94,000,000",0,0,4.34,4.50,4.34
25/11/2019,3.65,4.32,0.02 (0.47 %)," ","64,650","279,000,000",0,0,4.30,4.50,4.30
22/11/2019,3.64,4.30,-0.21 (-4.66 %)," ","53,700","232,000,000",0,0,4.20,4.52,4.20
21/11/2019,3.81,4.51,-0.03 (-0.66 %)," ","89,480","401,000,000",0,0,4.25,4.60,4.25
20/11/2019,3.84,4.54,0.20 (4.61 %)," ","76,580","336,000,000",0,0,4.57,4.57,4.31
19/11/2019,3.67,4.34,0.28 (6.90 %)," ","270,380","1,153,000,000",0,0,4.06,4.34,4.06
18/11/2019,3.43,4.06,0.01 (0.25 %)," ","128,250","523,000,000",0,0,4.05,4.17,4.04
15/11/2019,3.42,4.05,0.12 (3.05 %)," ","137,230","540,000,000",0,0,3.93,4.07,3.90
14/11/2019,3.32,3.93,0.00 (0.00 %)," ","63,470","248,000,000",0,0,3.80,3.93,3.80
13/11/2019,3.32,3.93,0.03 (0.77 %)," ","17,870","70,000,000",0,0,3.95,3.95,3.90
12/11/2019,3.30,3.90,0.01 (0.26 %)," ","86,560","327,000,000",0,0,3.80,3.97,3.70
11/11/2019,3.29,3.89,-0.09 (-2.26 %)," ","20,830","81,000,000",0,0,3.98,3.98,3.72
06/12/2019,3.67,4.34,0.06 (1.40 %)," ","34,090","145,000,000",0,0,4.20,4.40,4.15
05/12/2019,3.62,4.28,-0.02 (-0.47 %)," ","15,070","64,000,000",0,0,4.29,4.29,4.14
04/12/2019,3.64,4.30,0.00 (0.00 %)," ","18,670","78,000,000",0,0,4.30,4.30,4.06
03/12/2019,3.64,4.30,0.02 (0.47 %)," ","11,150","47,000,000",0,0,4.28,4.32,4.21
02/12/2019,3.62,4.28,-0.02 (-0.47 %)," ","49,500","209,000,000",0,0,4.07,4.30,4.07
29/11/2019,3.64,4.30,0.00 (0.00 %)," ","6,350","27,000,000",0,0,4.49,4.49,4.29
28/11/2019,3.64,4.30,-0.15 (-3.37 %)," ","45,000","194,000,000",0,0,4.45,4.45,4.15
27/11/2019,3.76,4.45,0.00 (0.00 %)," ","9,040","40,000,000",0,0,4.50,4.50,4.35
26/11/2019,3.76,4.45,0.13 (3.01 %)," ","21,280","94,000,000",0,0,4.34,4.50,4.34
25/11/2019,3.65,4.32,0.02 (0.47 %)," ","64,650","279,000,000",0,0,4.30,4.50,4.30
22/11/2019,3.64,4.30,-0.21 (-4.66 %)," ","53,700","232,000,000",0,0,4.20,4.52,4.20
21/11/2019,3.81,4.51,-0.03 (-0.66 %)," ","89,480","401,000,000",0,0,4.25,4.60,4.25
20/11/2019,3.84,4.54,0.20 (4.61 %)," ","76,580","336,000,000",0,0,4.57,4.57,4.31
19/11/2019,3.67,4.34,0.28 (6.90 %)," ","270,380","1,153,000,000",0,0,4.06,4.34,4.06
18/11/2019,3.43,4.06,0.01 (0.25 %)," ","128,250","523,000,000",0,0,4.05,4.17,4.04
15/11/2019,3.42,4.05,0.12 (3.05 %)," ","137,230","540,000,000",0,0,3.93,4.07,3.90
14/11/2019,3.32,3.93,0.00 (0.00 %)," ","63,470","248,000,000",0,0,3.80,3.93,3.80
13/11/2019,3.32,3.93,0.03 (0.77 %)," ","17,870","70,000,000",0,0,3.95,3.95,3.90
12/11/2019,3.30,3.90,0.01 (0.26 %)," ","86,560","327,000,000",0,0,3.80,3.97,3.70
11/11/2019,3.29,3.89,-0.09 (-2.26 %)," ","20,830","81,000,000",0,0,3.98,3.98,3.72
08/11/2019,3.36,3.98,0.00 (0.00 %)," ","9,170","36,000,000",0,0,3.93,4.04,3.91
07/11/2019,3.36,3.98,-0.01 (-0.25 %)," ","4,810","19,000,000",0,0,3.99,3.99,3.95
06/11/2019,3.37,3.99,-0.07 (-1.72 %)," ","53,940","213,000,000",0,0,4.06,4.06,3.90
05/11/2019,3.43,4.06,0.23 (6.01 %)," ","90,490","355,000,000",0,0,3.88,4.07,3.81
04/11/2019,3.24,3.83,0.18 (4.93 %)," ","116,190","436,000,000",0,0,3.61,3.90,3.61
01/11/2019,3.09,3.65,-0.18 (-4.70 %)," ","128,370","470,000,000",0,0,3.67,3.70,3.64
31/10/2019,3.24,3.83,-0.17 (-4.25 %)," ","200,940","782,000,000",0,0,4.00,4.00,3.80
30/10/2019,3.38,4.00,-0.09 (-2.20 %)," ","91,960","365,000,000",0,0,4.00,4.00,3.93
29/10/2019,3.46,4.09,-0.08 (-1.92 %)," ","143,190","584,000,000",0,0,4.15,4.15,4.02
28/10/2019,3.53,4.17,-0.01 (-0.24 %)," ","141,760","586,000,000",0,0,4.18,4.20,4.10
25/10/2019,3.53,4.18,0.08 (1.95 %)," ","65,500","272,000,000",0,0,4.22,4.22,4.10
24/10/2019,3.47,4.10,-0.14 (-3.30 %)," ","66,460","273,000,000",0,0,4.11,4.22,4.10
23/10/2019,3.58,4.24,-0.06 (-1.40 %)," ","106,210","441,000,000",0,0,4.20,4.30,4.10
22/10/2019,3.64,4.30,0.06 (1.42 %)," ","50,900","219,000,000",0,0,4.40,4.40,4.20
21/10/2019,3.58,4.24,0.14 (3.41 %)," ","41,970","173,000,000",0,0,4.37,4.37,4.10
18/10/2019,3.47,4.10,-0.28 (-6.39 %)," ","300,340","1,273,000,000",0,0,4.38,4.38,4.10
17/10/2019,3.70,4.38,0.00 (0.00 %)," ","166,470","720,000,000",0,0,4.38,4.38,4.30
16/10/2019,3.70,4.38,-0.01 (-0.23 %)," ","158,080","685,000,000",0,0,4.38,4.39,4.30
15/10/2019,3.71,4.39,0.00 (0.00 %)," ","77,980","340,000,000",0,0,4.40,4.40,4.35
14/10/2019,3.71,4.39,-0.02 (-0.45 %)," ","357,170","1,575,000,000",0,0,4.44,4.44,4.39
11/10/2019,3.73,4.41,0.00 (0.00 %)," ","51,980","229,000,000",0,0,4.41,4.41,4.39
10/10/2019,3.73,4.41,-0.02 (-0.45 %)," ","27,790","122,000,000",0,0,4.41,4.43,4.40
09/10/2019,3.75,4.43,0.00 (0.00 %)," ","85,670","379,000,000",0,0,4.43,4.44,4.40
08/10/2019,3.75,4.43,0.00 (0.00 %)," ","94,970","418,000,000",0,0,4.45,4.43,4.37
07/10/2019,3.75,4.43,-0.03 (-0.67 %)," ","150,720","665,000,000",0,0,4.45,4.46,4.40
04/10/2019,3.77,4.46,0.00 (0.00 %)," ","148,240","655,000,000",0,0,4.47,4.47,4.39
03/10/2019,3.77,4.46,-0.01 (-0.22 %)," ","68,440","306,000,000",0,0,4.47,4.48,4.41
02/10/2019,3.78,4.47,0.01 (0.22 %)," ","177,520","785,000,000",0,0,4.48,4.48,4.38
01/10/2019,3.77,4.46,-0.02 (-0.45 %)," ","118,310","526,000,000",0,0,4.48,4.48,4.38
30/09/2019,3.79,4.48,0.00 (0.00 %)," ","88,310","396,000,000",0,0,4.50,4.51,4.41
27/09/2019,3.79,4.48,0.00 (0.00 %)," ","346,150","1,533,000,000",0,0,4.49,4.49,4.40
26/09/2019,3.79,4.48,0.00 (0.00 %)," ","77,570","347,000,000",0,0,4.49,4.49,4.47
25/09/2019,3.79,4.48,-0.02 (-0.44 %)," ","100,130","448,000,000",0,0,4.50,4.50,4.39
24/09/2019,3.80,4.50,0.06 (1.35 %)," ","159,670","709,000,000",0,0,4.49,4.50,4.36
23/09/2019,3.75,4.44,-0.10 (-2.20 %)," ","158,020","710,000,000",0,0,4.56,4.56,4.44
20/09/2019,3.84,4.54,0.00 (0.00 %)," ","136,800","618,000,000",0,0,4.57,4.57,4.45
19/09/2019,3.84,4.54,-0.01 (-0.22 %)," ","368,800","1,659,000,000",0,0,4.55,4.55,4.45
18/09/2019,3.85,4.55,-0.02 (-0.44 %)," ","131,750","595,000,000",0,0,4.50,4.57,4.44
17/09/2019,3.86,4.57,0.02 (0.44 %)," ","96,880","443,000,000",0,0,4.50,4.60,4.55
16/09/2019,3.85,4.55,-0.01 (-0.22 %)," ","174,220","784,000,000",0,0,4.50,4.56,4.43
11/10/2019,3.73,4.41,0.00 (0.00 %)," ","51,980","229,000,000",0,0,4.41,4.41,4.39
10/10/2019,3.73,4.41,-0.02 (-0.45 %)," ","27,790","122,000,000",0,0,4.41,4.43,4.40
09/10/2019,3.75,4.43,0.00 (0.00 %)," ","85,670","379,000,000",0,0,4.43,4.44,4.40
08/10/2019,3.75,4.43,0.00 (0.00 %)," ","94,970","418,000,000",0,0,4.45,4.43,4.37
07/10/2019,3.75,4.43,-0.03 (-0.67 %)," ","150,720","665,000,000",0,0,4.45,4.46,4.40
04/10/2019,3.77,4.46,0.00 (0.00 %)," ","148,240","655,000,000",0,0,4.47,4.47,4.39
03/10/2019,3.77,4.46,-0.01 (-0.22 %)," ","68,440","306,000,000",0,0,4.47,4.48,4.41
02/10/2019,3.78,4.47,0.01 (0.22 %)," ","177,520","785,000,000",0,0,4.48,4.48,4.38
01/10/2019,3.77,4.46,-0.02 (-0.45 %)," ","118,310","526,000,000",0,0,4.48,4.48,4.38
30/09/2019,3.79,4.48,0.00 (0.00 %)," ","88,310","396,000,000",0,0,4.50,4.51,4.41
27/09/2019,3.79,4.48,0.00 (0.00 %)," ","346,150","1,533,000,000",0,0,4.49,4.49,4.40
26/09/2019,3.79,4.48,0.00 (0.00 %)," ","77,570","347,000,000",0,0,4.49,4.49,4.47
25/09/2019,3.79,4.48,-0.02 (-0.44 %)," ","100,130","448,000,000",0,0,4.50,4.50,4.39
24/09/2019,3.80,4.50,0.06 (1.35 %)," ","159,670","709,000,000",0,0,4.49,4.50,4.36
23/09/2019,3.75,4.44,-0.10 (-2.20 %)," ","158,020","710,000,000",0,0,4.56,4.56,4.44
20/09/2019,3.84,4.54,0.00 (0.00 %)," ","136,800","618,000,000",0,0,4.57,4.57,4.45
19/09/2019,3.84,4.54,-0.01 (-0.22 %)," ","368,800","1,659,000,000",0,0,4.55,4.55,4.45
18/09/2019,3.85,4.55,-0.02 (-0.44 %)," ","131,750","595,000,000",0,0,4.50,4.57,4.44
17/09/2019,3.86,4.57,0.02 (0.44 %)," ","96,880","443,000,000",0,0,4.50,4.60,4.55
16/09/2019,3.85,4.55,-0.01 (-0.22 %)," ","174,220","784,000,000",0,0,4.50,4.56,4.43
13/09/2019,3.86,4.56,-0.01 (-0.22 %)," ","122,310","553,000,000",0,0,4.50,4.57,4.45
12/09/2019,3.86,4.57,0.00 (0.00 %)," ","87,960","401,000,000",0,0,4.58,4.58,4.50
11/09/2019,3.86,4.57,0.12 (2.70 %)," ","130,590","592,000,000","313,000","1,298,950,000",4.50,4.60,4.45
10/09/2019,3.76,4.45,-0.16 (-3.47 %)," ","98,330","449,000,000",0,0,4.61,4.65,4.45
09/09/2019,3.90,4.61,-0.02 (-0.43 %)," ","89,350","411,000,000",0,0,4.63,4.63,4.53
06/09/2019,3.91,4.63,0.07 (1.54 %)," ","112,630","522,000,000",0,0,4.69,4.69,4.53
05/09/2019,3.86,4.56,-0.14 (-2.98 %)," ","118,580","552,000,000",0,0,4.70,4.74,4.55
04/09/2019,3.97,4.70,0.00 (0.00 %)," ","58,180","274,000,000",0,0,4.62,4.74,4.60
03/09/2019,3.97,4.70,0.10 (2.17 %)," ","81,360","381,000,000",0,0,4.62,4.88,4.52
30/08/2019,3.89,4.60,0.02 (0.44 %)," ","141,540","660,000,000",0,0,4.59,4.90,4.50
29/08/2019,3.87,4.58,-0.01 (-0.22 %)," ","87,900","401,000,000",0,0,4.59,4.60,4.50
28/08/2019,3.88,4.59,0.00 (0.00 %)," ","123,220","561,000,000",0,0,4.55,4.59,4.42
27/08/2019,3.88,4.59,-0.01 (-0.22 %)," ","94,870","434,000,000",0,0,4.55,4.60,4.54
26/08/2019,3.89,4.60,-0.01 (-0.22 %)," ","81,520","375,000,000","330,005","1,415,721,450",4.61,4.62,4.56
23/08/2019,3.90,4.61,0.01 (0.22 %)," ","92,250","424,000,000",0,0,4.61,4.62,4.52
22/08/2019,3.89,4.60,0.02 (0.44 %)," ","81,840","376,000,000",0,0,4.58,4.65,4.57
21/08/2019,3.87,4.58,-0.02 (-0.43 %)," ","183,170","839,000,000",0,0,4.60,4.60,4.53
20/08/2019,3.89,4.60,0.07 (1.55 %)," ","70,070","324,000,000",0,0,4.68,4.70,4.56
19/08/2019,3.83,4.53,-0.09 (-1.95 %)," ","56,140","258,000,000",0,0,4.50,4.62,4.50
16/08/2019,3.91,4.62,0.02 (0.43 %)," ","244,170","1,127,000,000",0,0,4.63,4.64,4.60
15/08/2019,3.89,4.60,-0.05 (-1.08 %)," ","154,370","713,000,000",0,0,4.61,4.66,4.60
14/08/2019,3.93,4.65,0.00 (0.00 %)," ","154,770","718,000,000",0,0,4.66,4.68,4.60
13/08/2019,3.93,4.65,0.00 (0.00 %)," ","97,610","453,000,000",0,0,4.65,4.65,4.60
12/08/2019,3.93,4.65,0.00 (0.00 %)," ","50,620","235,000,000",0,0,4.66,4.66,4.52
09/08/2019,3.93,4.65,0.02 (0.43 %)," ","127,660","594,000,000",0,0,4.69,4.69,4.63
08/08/2019,3.91,4.63,0.03 (0.65 %)," ","60,590","288,000,000",0,0,4.90,4.90,4.60
07/08/2019,3.89,4.60,0.00 (0.00 %)," ","99,670","459,000,000",0,0,4.50,4.64,4.56
06/08/2019,3.89,4.60,-0.10 (-2.13 %)," ","229,990","1,061,000,000",0,0,4.50,4.71,4.50
05/08/2019,3.97,4.70,-0.05 (-1.05 %)," ","172,430","814,000,000",0,0,4.70,4.76,4.70
02/08/2019,4.02,4.75,0.22 (4.86 %)," ","134,880","614,000,000",0,0,4.50,4.75,4.32
01/08/2019,3.83,4.53,0.01 (0.22 %)," ","75,390","341,000,000",0,0,4.50,4.57,4.50
31/07/2019,3.82,4.52,-0.17 (-3.62 %)," ","66,730","303,000,000",0,0,4.62,4.63,4.50
30/07/2019,3.96,4.69,-0.16 (-3.30 %)," ","185,100","861,000,000",0,0,4.80,4.80,4.60
29/07/2019,4.10,4.85,-0.08 (-1.62 %)," ","70,670","345,000,000",0,0,4.93,4.93,4.85
26/07/2019,4.17,4.93,-0.02 (-0.40 %)," ","93,930","465,000,000",0,0,4.97,5.10,4.92
25/07/2019,4.18,4.95,-0.02 (-0.40 %)," ","21,160","105,000,000",0,0,4.97,4.97,4.94
24/07/2019,4.20,4.97,0.03 (0.61 %)," ","8,600","42,000,000",0,0,4.95,4.98,4.92
23/07/2019,4.18,4.94,0.01 (0.20 %)," ","157,020","772,000,000",0,0,4.95,4.98,4.90
22/07/2019,4.17,4.93,-0.05 (-1.00 %)," ","69,600","343,000,000",0,0,4.98,4.98,4.91
19/07/2019,4.21,4.98,0.00 (0.00 %)," ","96,500","480,000,000",0,0,4.96,5.00,4.95
18/07/2019,4.21,4.98,0.02 (0.40 %)," ","38,990","193,000,000",0,0,4.96,4.98,4.94
17/07/2019,4.19,4.96,-0.04 (-0.80 %)," ","99,850","496,000,000",0,0,5.00,5.00,4.95
16/07/2019,4.23,5.00,-0.03 (-0.60 %)," ","72,170","361,000,000",0,0,5.05,5.05,4.98
15/07/2019,4.25,5.03,0.00 (0.00 %)," ","178,840","894,000,000",0,0,4.99,5.03,4.99
12/07/2019,4.25,5.03,0.03 (0.60 %)," ","83,170","418,000,000",0,0,4.99,5.35,4.99
11/07/2019,4.23,5.00,0.00 (0.00 %)," ","64,170","321,000,000",0,0,5.01,5.01,5.00
10/07/2019,4.23,5.00,0.01 (0.20 %)," ","40,240","201,000,000",0,0,5.00,5.00,4.99
09/07/2019,4.22,4.99,-0.04 (-0.80 %)," ","63,150","316,000,000",0,0,5.04,5.04,4.99
08/07/2019,4.25,5.03,-0.01 (-0.20 %)," ",360,"2,000,000",0,0,5.04,5.04,4.99
05/07/2019,4.26,5.04,-0.03 (-0.59 %)," ","83,050","417,000,000",0,0,5.05,5.07,5.01
04/07/2019,4.29,5.07,-0.01 (-0.20 %)," ","93,720","474,000,000",0,0,5.06,5.08,5.00
03/07/2019,4.29,5.08,0.02 (0.40 %)," ","79,210","400,000,000",0,0,5.06,5.08,5.04
02/07/2019,4.28,5.06,0.03 (0.60 %)," ","43,710","220,000,000",0,0,5.06,5.09,5.03
01/07/2019,4.25,5.03,0.04 (0.80 %)," ","212,370","1,068,000,000",0,0,5.03,5.05,5.00
28/06/2019,4.22,4.99,0.01 (0.20 %)," ","11,930","59,000,000",0,0,4.99,4.99,4.97
27/06/2019,4.21,4.98,-0.02 (-0.40 %)," ","64,350","321,000,000",0,0,4.98,5.00,4.98
26/06/2019,4.23,5.00,0.00 (0.00 %)," ","57,590","288,000,000",0,0,5.00,5.02,4.97
25/06/2019,4.23,5.00,0.01 (0.20 %)," ","63,140","315,000,000",0,0,4.99,5.00,4.97
24/06/2019,4.22,4.99,-0.04 (-0.80 %)," ","45,290","226,000,000",0,0,5.00,5.00,4.98
21/06/2019,4.25,5.03,0.00 (0.00 %)," ","27,620","138,000,000",0,0,5.03,5.03,4.98
20/06/2019,4.25,5.03,0.04 (0.80 %)," ","158,450","793,000,000",0,0,4.99,5.03,4.99
19/06/2019,4.22,4.99,0.00 (0.00 %)," ","133,690","668,000,000",0,0,4.99,5.03,4.96
18/06/2019,4.22,4.99,0.00 (0.00 %)," ","166,100","828,000,000",0,0,5.03,5.05,4.95
17/06/2019,4.22,4.99,-0.04 (-0.80 %)," ","57,980","291,000,000",0,0,4.99,5.04,4.99
14/06/2019,4.25,5.03,0.00 (0.00 %)," ","50,870","254,000,000",0,0,5.04,5.04,5.00
13/06/2019,4.25,5.03,-0.01 (-0.20 %)," ","49,090","246,000,000",0,0,5.05,5.05,4.98
12/06/2019,4.26,5.04,0.04 (0.80 %)," ","38,340","192,000,000",0,0,5.00,5.04,4.99
11/06/2019,4.23,5.00,0.01 (0.20 %)," ","61,290","307,000,000",0,0,5.00,5.04,5.00
10/06/2019,4.22,4.99,0.01 (0.20 %)," ","104,540","521,000,000",0,0,5.00,5.00,4.96
07/06/2019,4.21,4.98,0.01 (0.20 %)," ","49,880","248,000,000",0,0,4.96,4.99,4.96
06/06/2019,4.20,4.97,-0.02 (-0.40 %)," ","40,750","203,000,000",0,0,5.03,5.03,4.96
05/06/2019,4.22,4.99,-0.01 (-0.20 %)," ","95,350","477,000,000",0,0,5.00,5.05,4.98
04/06/2019,4.23,5.00,0.03 (0.60 %)," ","54,410","271,000,000",0,0,4.97,5.02,4.97
03/06/2019,4.20,4.97,-0.08 (-1.58 %)," ","114,900","574,000,000",0,0,5.05,5.05,4.97
31/05/2019,4.27,5.05,0.00 (0.00 %)," ","144,900","731,000,000",0,0,5.05,5.07,5.02
30/05/2019,4.27,5.05,-0.03 (-0.59 %)," ","28,790","145,000,000",0,0,5.08,5.08,5.02
29/05/2019,4.29,5.08,0.03 (0.59 %)," ","48,870","247,000,000",0,0,5.05,5.08,5.05
28/05/2019,4.27,5.05,0.00 (0.00 %)," ","36,310","184,000,000",0,0,5.23,5.23,5.04
27/05/2019,4.27,5.05,-0.02 (-0.39 %)," ","48,050","243,000,000",0,0,5.07,5.07,5.04
24/05/2019,4.29,5.07,-0.01 (-0.20 %)," ","116,090","585,000,000",0,0,5.08,5.08,5.01
23/05/2019,4.29,5.08,-0.02 (-0.39 %)," ","7,810","40,000,000",0,0,5.06,5.10,5.06
22/05/2019,4.31,5.10,0.08 (1.59 %)," ","37,410","189,000,000",0,0,5.10,5.10,5.04
21/05/2019,4.24,5.02,0.00 (0.00 %)," ","79,890","402,000,000",0,0,5.10,5.10,5.01
20/05/2019,4.24,5.02,-0.05 (-0.99 %)," ","101,330","509,000,000",0,0,5.05,5.06,5.00
17/05/2019,4.29,5.07,-0.03 (-0.59 %)," ","47,450","241,000,000",0,0,5.15,5.15,5.07
16/05/2019,4.31,5.10,0.00 (0.00 %)," ","75,620","386,000,000",0,0,5.12,5.13,5.07
15/05/2019,4.31,5.10,0.05 (0.99 %)," ","86,310","436,000,000",0,0,5.05,5.10,5.01
14/05/2019,4.27,5.05,-0.07 (-1.37 %)," ","219,450","1,100,000,000",0,0,5.12,5.12,4.98
13/05/2019,4.33,5.12,-0.04 (-0.78 %)," ","170,750","875,000,000",0,0,5.16,5.18,5.10
10/05/2019,4.36,5.16,0.00 (0.00 %)," ","90,690","466,000,000","1,700,000","8,245,000,000",5.16,5.17,5.11
09/05/2019,4.36,5.16,-0.03 (-0.58 %)," ","47,460","244,000,000",0,0,5.14,5.18,5.13
08/05/2019,4.39,5.19,-0.01 (-0.19 %)," ","112,450","579,000,000",0,0,5.13,5.19,5.11
07/05/2019,4.40,5.20,0.00 (0.00 %)," ","22,650","117,000,000",0,0,5.17,5.20,5.17
06/05/2019,4.40,5.20,-0.01 (-0.19 %)," ","117,340","609,000,000",0,0,5.21,5.21,5.13
03/05/2019,4.40,5.21,-0.03 (-0.57 %)," ","587,200","3,089,000,000",0,0,5.12,5.38,5.12
02/05/2019,4.43,5.24,-0.15 (-2.78 %)," ","360,450","1,915,000,000",0,0,5.39,5.45,5.20
26/04/2019,4.56,5.39,-0.06 (-1.10 %)," ","105,080","569,000,000",0,0,5.40,5.56,5.38
25/04/2019,4.61,5.45,-0.03 (-0.55 %)," ","48,240","265,000,000",0,0,5.51,5.52,5.45
24/04/2019,4.63,5.48,0.03 (0.55 %)," ","173,360","945,000,000",0,0,5.45,5.54,5.44
23/04/2019,4.61,5.45,-0.05 (-0.91 %)," ","123,950","676,000,000",0,0,5.41,5.60,5.41
23/05/2019,4.29,5.08,-0.02 (-0.39 %)," ","7,810","40,000,000",0,0,5.06,5.10,5.06
22/05/2019,4.31,5.10,0.08 (1.59 %)," ","37,410","189,000,000",0,0,5.10,5.10,5.04
21/05/2019,4.24,5.02,0.00 (0.00 %)," ","79,890","402,000,000",0,0,5.10,5.10,5.01
20/05/2019,4.24,5.02,-0.05 (-0.99 %)," ","101,330","509,000,000",0,0,5.05,5.06,5.00
17/05/2019,4.29,5.07,-0.03 (-0.59 %)," ","47,450","241,000,000",0,0,5.15,5.15,5.07
16/05/2019,4.31,5.10,0.00 (0.00 %)," ","75,620","386,000,000",0,0,5.12,5.13,5.07
15/05/2019,4.31,5.10,0.05 (0.99 %)," ","86,310","436,000,000",0,0,5.05,5.10,5.01
14/05/2019,4.27,5.05,-0.07 (-1.37 %)," ","219,450","1,100,000,000",0,0,5.12,5.12,4.98
13/05/2019,4.33,5.12,-0.04 (-0.78 %)," ","170,750","875,000,000",0,0,5.16,5.18,5.10
10/05/2019,4.36,5.16,0.00 (0.00 %)," ","90,690","466,000,000","1,700,000","8,245,000,000",5.16,5.17,5.11
09/05/2019,4.36,5.16,-0.03 (-0.58 %)," ","47,460","244,000,000",0,0,5.14,5.18,5.13
08/05/2019,4.39,5.19,-0.01 (-0.19 %)," ","112,450","579,000,000",0,0,5.13,5.19,5.11
07/05/2019,4.40,5.20,0.00 (0.00 %)," ","22,650","117,000,000",0,0,5.17,5.20,5.17
06/05/2019,4.40,5.20,-0.01 (-0.19 %)," ","117,340","609,000,000",0,0,5.21,5.21,5.13
03/05/2019,4.40,5.21,-0.03 (-0.57 %)," ","587,200","3,089,000,000",0,0,5.12,5.38,5.12
02/05/2019,4.43,5.24,-0.15 (-2.78 %)," ","360,450","1,915,000,000",0,0,5.39,5.45,5.20
26/04/2019,4.56,5.39,-0.06 (-1.10 %)," ","105,080","569,000,000",0,0,5.40,5.56,5.38
25/04/2019,4.61,5.45,-0.03 (-0.55 %)," ","48,240","265,000,000",0,0,5.51,5.52,5.45
24/04/2019,4.63,5.48,0.03 (0.55 %)," ","173,360","945,000,000",0,0,5.45,5.54,5.44
23/04/2019,4.61,5.45,-0.05 (-0.91 %)," ","123,950","676,000,000",0,0,5.41,5.60,5.41
22/03/2019,4.51,5.33,-0.02 (-0.37 %)," ","241,950","1,293,000,000",0,0,5.31,5.40,5.30
21/03/2019,4.52,5.35,-0.09 (-1.65 %)," ","273,360","1,469,000,000",0,0,5.40,5.42,5.35
20/03/2019,4.60,5.44,-0.02 (-0.37 %)," ","231,930","1,245,000,000",0,0,5.31,5.45,5.31
19/03/2019,4.62,5.46,0.00 (0.00 %)," ","322,800","1,749,000,000",0,0,5.43,5.46,5.37
18/03/2019,4.62,5.46,0.03 (0.55 %)," ","147,980","809,000,000",0,0,5.68,5.68,5.44
15/03/2019,4.59,5.43,-0.13 (-2.34 %)," ","318,590","1,744,000,000",0,0,5.56,5.70,5.40
14/03/2019,4.70,5.56,0.17 (3.15 %)," ","527,450","2,930,000,000",0,0,5.40,5.70,5.39
13/03/2019,4.56,5.39,-0.13 (-2.36 %)," ","465,890","2,539,000,000",0,0,5.52,5.54,5.39
12/03/2019,4.67,5.52,0.16 (2.99 %)," ","303,120","1,661,000,000",0,0,5.50,5.52,5.40
11/03/2019,4.53,5.36,0.04 (0.75 %)," ","177,200","952,000,000",0,0,5.32,5.40,5.32
08/03/2019,4.50,5.32,0.01 (0.19 %)," ","237,890","1,261,000,000",0,0,5.25,5.35,5.25
07/03/2019,4.49,5.31,-0.14 (-2.57 %)," ","832,320","4,447,000,000",0,0,5.31,5.47,5.30
06/03/2019,4.61,5.45,-0.12 (-2.15 %)," ","729,670","3,975,000,000",0,0,5.51,5.62,5.39
05/03/2019,4.71,5.57,0.00 (0.00 %)," ","945,200","5,287,000,000",0,0,5.57,5.70,5.49
04/03/2019,4.71,5.57,0.14 (2.58 %)," ","844,740","4,688,000,000",0,0,5.43,5.60,5.43
01/03/2019,4.59,5.43,0.31 (6.05 %)," ","1,256,620","6,774,000,000",0,0,5.12,5.47,5.12
28/02/2019,4.33,5.12,-0.13 (-2.48 %)," ","1,003,120","5,200,000,000",0,0,5.12,5.30,5.11
27/02/2019,4.44,5.25,-0.05 (-0.94 %)," ","553,520","2,908,000,000",0,0,5.35,5.35,5.10
26/02/2019,4.48,5.30,0.28 (5.58 %)," ","1,371,280","7,332,000,000",0,0,5.25,5.37,5.24
25/02/2019,4.24,5.02,0.32 (6.81 %)," ","2,389,660","11,584,000,000",0,0,4.70,5.02,4.70
22/03/2019,4.51,5.33,-0.02 (-0.37 %)," ","241,950","1,293,000,000",0,0,5.31,5.40,5.30
21/03/2019,4.52,5.35,-0.09 (-1.65 %)," ","273,360","1,469,000,000",0,0,5.40,5.42,5.35
20/03/2019,4.60,5.44,-0.02 (-0.37 %)," ","231,930","1,245,000,000",0,0,5.31,5.45,5.31
19/03/2019,4.62,5.46,0.00 (0.00 %)," ","322,800","1,749,000,000",0,0,5.43,5.46,5.37
18/03/2019,4.62,5.46,0.03 (0.55 %)," ","147,980","809,000,000",0,0,5.68,5.68,5.44
15/03/2019,4.59,5.43,-0.13 (-2.34 %)," ","318,590","1,744,000,000",0,0,5.56,5.70,5.40
14/03/2019,4.70,5.56,0.17 (3.15 %)," ","527,450","2,930,000,000",0,0,5.40,5.70,5.39
13/03/2019,4.56,5.39,-0.13 (-2.36 %)," ","465,890","2,539,000,000",0,0,5.52,5.54,5.39
12/03/2019,4.67,5.52,0.16 (2.99 %)," ","303,120","1,661,000,000",0,0,5.50,5.52,5.40
11/03/2019,4.53,5.36,0.04 (0.75 %)," ","177,200","952,000,000",0,0,5.32,5.40,5.32
08/03/2019,4.50,5.32,0.01 (0.19 %)," ","237,890","1,261,000,000",0,0,5.25,5.35,5.25
07/03/2019,4.49,5.31,-0.14 (-2.57 %)," ","832,320","4,447,000,000",0,0,5.31,5.47,5.30
06/03/2019,4.61,5.45,-0.12 (-2.15 %)," ","729,670","3,975,000,000",0,0,5.51,5.62,5.39
05/03/2019,4.71,5.57,0.00 (0.00 %)," ","945,200","5,287,000,000",0,0,5.57,5.70,5.49
04/03/2019,4.71,5.57,0.14 (2.58 %)," ","844,740","4,688,000,000",0,0,5.43,5.60,5.43
01/03/2019,4.59,5.43,0.31 (6.05 %)," ","1,256,620","6,774,000,000",0,0,5.12,5.47,5.12
28/02/2019,4.33,5.12,-0.13 (-2.48 %)," ","1,003,120","5,200,000,000",0,0,5.12,5.30,5.11
27/02/2019,4.44,5.25,-0.05 (-0.94 %)," ","553,520","2,908,000,000",0,0,5.35,5.35,5.10
26/02/2019,4.48,5.30,0.28 (5.58 %)," ","1,371,280","7,332,000,000",0,0,5.25,5.37,5.24
25/02/2019,4.24,5.02,0.32 (6.81 %)," ","2,389,660","11,584,000,000",0,0,4.70,5.02,4.70
